method,entity_id,has_text,x1,x2,z_norm,beta_text
Zero Padding,8,0,-0.22735615074634552,-0.18273736536502838,0.43118739128112793,0.5264474749565125
Zero Padding,16,0,-0.31960034370422363,0.047243185341358185,0.48572540283203125,0.5668349862098694
Zero Padding,28,0,-0.20418529212474823,0.019436432048678398,0.4368719160556793,0.5203143954277039
Zero Padding,34,0,-0.22680075466632843,-0.18791912496089935,0.46116235852241516,0.522987961769104
Zero Padding,37,0,-0.314128041267395,-0.1076827347278595,0.4360393285751343,0.37977567315101624
Zero Padding,39,0,-0.23749828338623047,0.17586669325828552,0.4229540228843689,0.530251145362854
Zero Padding,42,0,-0.20649650692939758,0.01719615049660206,0.42437005043029785,0.5117852091789246
Zero Padding,45,0,-0.17853865027427673,0.007365574594587088,0.44792935252189636,0.5053756237030029
Zero Padding,49,0,-0.22931154072284698,-0.05495081841945648,0.3986479341983795,0.5284186005592346
Zero Padding,52,0,-0.21371892094612122,-0.20070752501487732,0.4618512988090515,0.5246401429176331
Zero Padding,66,0,-0.2506221532821655,0.13171593844890594,0.45536717772483826,0.519999623298645
Zero Padding,67,0,-0.3080224394798279,-0.13559511303901672,0.4413752555847168,0.5778101682662964
Zero Padding,77,0,-0.20658999681472778,-0.03252683952450752,0.46078482270240784,0.510926365852356
Zero Padding,81,0,-0.2890956997871399,-0.1272571086883545,0.47149932384490967,0.5523576140403748
Zero Padding,86,0,-0.20487864315509796,-0.10640820860862732,0.4207392930984497,0.5176716446876526
Zero Padding,98,0,-0.28474587202072144,0.2113870531320572,0.39901202917099,0.5511370301246643
Zero Padding,114,0,-0.311805784702301,-0.01738785207271576,0.41853296756744385,0.5641044974327087
Zero Padding,128,0,-0.24760082364082336,-0.04411930963397026,0.4065409004688263,0.5295552611351013
Zero Padding,133,0,-0.1791335791349411,-0.06999847292900085,0.4183736741542816,0.5076999068260193
Zero Padding,151,0,-0.2852509021759033,0.03560594841837883,0.4404889941215515,0.5622708201408386
Zero Padding,157,0,-0.291269987821579,0.02656039595603943,0.43435147404670715,0.5579042434692383
Zero Padding,169,0,-0.2533632218837738,-0.046387698501348495,0.4311940670013428,0.5354496836662292
Zero Padding,172,0,-0.2276020348072052,0.13315331935882568,0.434998482465744,0.5149377584457397
Zero Padding,175,0,-0.21726089715957642,-0.031736671924591064,0.3608570396900177,0.5258663892745972
Zero Padding,188,0,-0.1440407782793045,-0.16927340626716614,0.4770539700984955,0.49360567331314087
Zero Padding,192,0,-0.2160670906305313,0.020894765853881836,0.3916398882865906,0.5302039384841919
Zero Padding,193,0,-0.230491042137146,0.2465791255235672,0.4074093699455261,0.524848997592926
Zero Padding,194,0,-0.22484809160232544,-0.07493802905082703,0.4387948513031006,0.5236873030662537
Zero Padding,198,0,-0.2527933418750763,-0.20127111673355103,0.48248669505119324,0.5385643839836121
Zero Padding,205,0,-0.14503894746303558,-0.03334169089794159,0.4387652277946472,0.48225805163383484
Zero Padding,210,0,-0.3711218237876892,0.00887473113834858,0.5092090964317322,0.5999991297721863
Zero Padding,215,0,-0.19649910926818848,3.336160443723202e-05,0.3848956227302551,0.5169877409934998
Zero Padding,221,0,-0.24135014414787292,0.225475013256073,0.40540051460266113,0.5358709692955017
Zero Padding,234,0,-0.20997987687587738,0.029343772679567337,0.4560302793979645,0.5294703245162964
Zero Padding,238,0,-0.24171586334705353,-0.12338362634181976,0.4410560727119446,0.5268436074256897
Zero Padding,250,0,-0.3190852403640747,-0.002252856967970729,0.39467981457710266,0.559198260307312
Zero Padding,277,0,-0.26178520917892456,-0.07958052307367325,0.47055289149284363,0.3921337425708771
Zero Padding,280,0,-0.2664334177970886,0.1679951399564743,0.43715256452560425,0.5443016886711121
Zero Padding,285,0,-0.2984369099140167,0.019039886072278023,0.4483020007610321,0.5529054403305054
Zero Padding,304,0,-0.28089991211891174,-0.12861034274101257,0.4502100646495819,0.550076425075531
Zero Padding,308,0,-0.24473343789577484,-0.0011087418533861637,0.4291311204433441,0.5217947959899902
Zero Padding,309,0,-0.26838961243629456,0.032908156514167786,0.4360293447971344,0.5327440500259399
Zero Padding,318,0,-0.1932331770658493,-0.012411448173224926,0.42886561155319214,0.5181092619895935
Zero Padding,327,0,-0.24144133925437927,0.12273692339658737,0.3963214159011841,0.5327532887458801
Zero Padding,328,0,-0.17793947458267212,0.013040071353316307,0.4356921315193176,0.5089133977890015
Zero Padding,335,0,-0.24584895372390747,-0.009846651926636696,0.4317917227745056,0.5279596447944641
Zero Padding,342,0,-0.27374234795570374,-0.05494849383831024,0.4646383821964264,0.5508824586868286
Zero Padding,343,0,-0.21522298455238342,0.017830057069659233,0.4448260962963104,0.5209951400756836
Zero Padding,347,0,-0.2749941349029541,-0.04186445474624634,0.4165149927139282,0.5434334874153137
Zero Padding,356,0,-0.20037806034088135,-0.15453338623046875,0.4485708177089691,0.5155260562896729
Zero Padding,361,0,-0.21816414594650269,0.040882788598537445,0.43068456649780273,0.5147227644920349
Zero Padding,363,0,-0.2731790542602539,-0.12173640727996826,0.43121758103370667,0.5487569570541382
Zero Padding,377,0,-0.2553800642490387,0.16263741254806519,0.4075944125652313,0.5327157378196716
Zero Padding,392,0,-0.2628573179244995,0.004384624306112528,0.4617373049259186,0.5330731272697449
Zero Padding,398,0,-0.316758394241333,-0.08224356174468994,0.48013246059417725,0.5510329008102417
Zero Padding,420,0,-0.24090957641601562,0.016803938895463943,0.47387367486953735,0.5276457667350769
Zero Padding,426,0,-0.2469784915447235,-0.19957661628723145,0.45668473839759827,0.5490365624427795
Zero Padding,427,0,-0.19184955954551697,-0.11837968975305557,0.42206573486328125,0.5118669867515564
Zero Padding,435,0,-0.06081053242087364,-0.03084353171288967,0.4727936089038849,0.46394461393356323
Zero Padding,443,0,-0.22746875882148743,-0.1732412874698639,0.4768456518650055,0.5238752365112305
Zero Padding,448,0,-0.28421393036842346,0.13510209321975708,0.41796255111694336,0.5492656230926514
Zero Padding,449,0,-0.1870262324810028,-0.03267138451337814,0.42341792583465576,0.5246514081954956
Zero Padding,451,0,-0.21945710480213165,-0.17899036407470703,0.45765402913093567,0.5215684771537781
Zero Padding,463,0,-0.024495089426636696,-0.05935852229595184,0.45637401938438416,0.4412318170070648
Zero Padding,484,0,-0.2616986930370331,0.22165647149085999,0.4381296634674072,0.5520361065864563
Zero Padding,500,0,-0.2927915155887604,-0.122042216360569,0.4343019425868988,0.5598222613334656
Zero Padding,514,0,-0.22332797944545746,0.026994599029421806,0.4268496036529541,0.523735761642456
Zero Padding,547,0,-0.23409010469913483,-0.14775396883487701,0.47178593277931213,0.5306150913238525
Zero Padding,559,0,-0.24480856955051422,-0.1785506010055542,0.5062984228134155,0.43350186944007874
Zero Padding,564,0,-0.2172802984714508,0.015093406662344933,0.4141997992992401,0.5123858451843262
Zero Padding,567,0,-0.17779654264450073,-0.1032000333070755,0.4799090027809143,0.5066418647766113
Zero Padding,568,0,-0.2071172147989273,-0.009965041652321815,0.49906277656555176,0.512632429599762
Zero Padding,591,0,-0.27537909150123596,-0.046122726052999496,0.4589097499847412,0.5279273390769958
Zero Padding,595,0,-0.2647742033004761,0.15503022074699402,0.4427418112754822,0.5353650450706482
Zero Padding,601,0,-0.2646051049232483,0.11461704969406128,0.4706229567527771,0.5223800539970398
Zero Padding,603,0,-0.31185150146484375,-0.09751176089048386,0.4685930013656616,0.574049711227417
Zero Padding,606,0,-0.19187821447849274,-0.029294218868017197,0.4643755853176117,0.5121369957923889
Zero Padding,610,0,-0.10105063021183014,-0.1575331687927246,0.47219929099082947,0.4744959771633148
Zero Padding,612,0,-0.2538984715938568,0.009454947896301746,0.4534461498260498,0.5358114838600159
Zero Padding,613,0,-0.27385687828063965,0.1585177332162857,0.45022204518318176,0.5218554735183716
Zero Padding,615,0,-0.20147883892059326,0.13142424821853638,0.396467387676239,0.5189169645309448
Zero Padding,619,0,-0.29577457904815674,0.1664939820766449,0.3981783390045166,0.5536786913871765
Zero Padding,627,0,-0.23491469025611877,0.033097945153713226,0.4442386031150818,0.5160685777664185
Zero Padding,629,0,-0.30608487129211426,0.006434963084757328,0.4319736659526825,0.5460245609283447
Zero Padding,634,0,-0.31281575560569763,0.05305270478129387,0.459835022687912,0.5640809535980225
Zero Padding,642,0,-0.1991431564092636,0.20328977704048157,0.40867963433265686,0.5137289762496948
Zero Padding,667,0,-0.21014991402626038,0.14328934252262115,0.40533652901649475,0.5170243978500366
Zero Padding,668,0,-0.2744467556476593,0.03051638975739479,0.4662233889102936,0.5583362579345703
Zero Padding,669,0,-0.2808574140071869,0.18666565418243408,0.45960184931755066,0.5455628633499146
Zero Padding,682,0,-0.30091774463653564,-0.06936217844486237,0.40871429443359375,0.566628098487854
Zero Padding,686,0,-0.2371026873588562,-0.027532506734132767,0.39935675263404846,0.5298991203308105
Zero Padding,735,0,-0.27294448018074036,0.14920882880687714,0.41690340638160706,0.5470278859138489
Zero Padding,739,0,-0.24130573868751526,-0.10160662978887558,0.4399493932723999,0.5419714450836182
Zero Padding,770,0,-0.280993789434433,-0.032282084226608276,0.4464006721973419,0.5533127188682556
Zero Padding,774,0,-0.276183158159256,-0.011647355742752552,0.47125256061553955,0.544617235660553
Zero Padding,794,0,-0.251526802778244,-0.17595498263835907,0.4783807694911957,0.3705238699913025
Zero Padding,799,0,-0.29726237058639526,-0.08210107684135437,0.4788004159927368,0.5644288659095764
Zero Padding,816,0,-0.2838667035102844,-0.12140917778015137,0.43418559432029724,0.5530995726585388
Zero Padding,817,0,-0.22537247836589813,-0.1493123173713684,0.4532319903373718,0.5331258773803711
Zero Padding,827,0,-0.18293964862823486,-0.11566963791847229,0.48550745844841003,0.4600949287414551
Zero Padding,831,0,-0.26636365056037903,-0.05255956947803497,0.43779614567756653,0.5412876009941101
Zero Padding,839,0,-0.3022003173828125,-0.06517503410577774,0.447258323431015,0.5550974607467651
Zero Padding,841,0,-0.4205304682254791,-0.12706203758716583,0.5450366735458374,0.42403095960617065
Zero Padding,843,0,-0.13663464784622192,-0.020443974062800407,0.453788161277771,0.4631422162055969
Zero Padding,856,0,-0.24525046348571777,0.23348140716552734,0.43716102838516235,0.534320592880249
Zero Padding,862,0,-0.24827039241790771,0.008021133951842785,0.439031720161438,0.5379183888435364
Zero Padding,868,0,-0.2537136673927307,0.12533695995807648,0.4097554683685303,0.5399392247200012
Zero Padding,876,0,-0.22456924617290497,0.021748322993516922,0.42254072427749634,0.5313642621040344
Zero Padding,878,0,0.09184053540229797,-0.07334073632955551,0.468642920255661,0.40752390027046204
Zero Padding,883,0,-0.023426685482263565,-0.04222165420651436,0.4541579484939575,0.4362354576587677
Zero Padding,884,0,-0.27934086322784424,-0.02754678763449192,0.4294198751449585,0.5550014972686768
Zero Padding,891,0,-0.21427135169506073,0.03145744651556015,0.4384555220603943,0.5201546549797058
Zero Padding,893,0,-0.1841336339712143,0.024567319080233574,0.5081816911697388,0.49305492639541626
Zero Padding,898,0,-0.2757346034049988,-0.025062168017029762,0.4262559711933136,0.5351357460021973
Zero Padding,900,0,-0.29707059264183044,-0.14519654214382172,0.49065250158309937,0.3809182345867157
Zero Padding,904,0,-0.3367343246936798,-0.12169778347015381,0.4594111442565918,0.5594902634620667
Zero Padding,911,0,-0.28404945135116577,-0.01111587043851614,0.4325920343399048,0.5439106225967407
Zero Padding,916,0,-0.123634472489357,0.04173426330089569,0.44192254543304443,0.4788840711116791
Zero Padding,922,0,-0.25802701711654663,0.22211167216300964,0.43397390842437744,0.5322939157485962
Zero Padding,923,0,-0.23289012908935547,0.16776560246944427,0.3983307182788849,0.526141345500946
Zero Padding,939,0,-0.38007840514183044,-0.05892448127269745,0.4348136782646179,0.6022377610206604
Zero Padding,941,0,-0.2586089074611664,0.1574738621711731,0.39293748140335083,0.5395153164863586
Zero Padding,946,0,-0.28208351135253906,-0.05364216864109039,0.4644259810447693,0.567310631275177
Zero Padding,952,0,-0.23916038870811462,0.07205618917942047,0.4849778115749359,0.5060314536094666
Zero Padding,968,0,-0.23956802487373352,-0.024847403168678284,0.4573369026184082,0.5402421355247498
Zero Padding,989,0,-0.27317166328430176,-0.044447124004364014,0.4394737184047699,0.5341717600822449
Zero Padding,991,0,-0.21902933716773987,-0.04081641882658005,0.4592231810092926,0.5359356999397278
Zero Padding,1004,0,-0.2863786816596985,-0.14438080787658691,0.4215048849582672,0.5574713945388794
Zero Padding,1005,0,-0.2888105511665344,-0.12219628691673279,0.43492433428764343,0.5405977964401245
Zero Padding,1012,0,-0.21782836318016052,-0.026264984160661697,0.3879132866859436,0.5331053137779236
Zero Padding,1030,0,-0.28532761335372925,-0.10569880157709122,0.4589039981365204,0.5484530925750732
Zero Padding,1054,0,-0.2168235182762146,-0.08765537291765213,0.4370672404766083,0.5051990747451782
Zero Padding,1059,0,-0.2202398031949997,-0.11076156049966812,0.4399927854537964,0.5155014991760254
Zero Padding,1060,0,-0.2030971646308899,-0.029210463166236877,0.40931040048599243,0.5195876359939575
Zero Padding,1066,0,-0.28276216983795166,-0.09765549749135971,0.3860445022583008,0.5721254348754883
Zero Padding,1068,0,-0.05969090387225151,-0.02658488228917122,0.4517458975315094,0.4495646357536316
Zero Padding,1073,0,-0.2564704716205597,0.19228295981884003,0.48798635601997375,0.5404165387153625
Zero Padding,1077,0,-0.24697105586528778,-0.056527622044086456,0.4300009608268738,0.5289195775985718
Zero Padding,1078,0,-0.252764493227005,-0.025461891666054726,0.43523141741752625,0.5262144804000854
Zero Padding,1082,0,-0.204350084066391,-0.16491082310676575,0.4776572585105896,0.5245271325111389
Zero Padding,1089,0,-0.24366655945777893,-0.04512656107544899,0.3762974441051483,0.5325570702552795
Zero Padding,1101,0,-0.2707606554031372,0.12631183862686157,0.416536808013916,0.5446771383285522
Zero Padding,1104,0,-0.32027512788772583,-0.18588024377822876,0.42539164423942566,0.5672177076339722
Zero Padding,1110,0,-0.28221938014030457,-0.1177653968334198,0.4016363024711609,0.5451653599739075
Zero Padding,1116,0,-0.12443521618843079,0.04172885790467262,0.4424428939819336,0.47811973094940186
Zero Padding,1128,0,-0.2378123551607132,-0.10493502020835876,0.4451558589935303,0.5289377570152283
Zero Padding,1132,0,-0.2595059275627136,0.04900743439793587,0.40541648864746094,0.5317456126213074
Zero Padding,1140,0,-0.43532487750053406,0.02087302878499031,0.41982904076576233,0.6284598112106323
Zero Padding,1141,0,-0.4386891722679138,-0.05430951714515686,0.4189487397670746,0.62293541431427
Zero Padding,1143,0,-0.2535649240016937,0.2041797786951065,0.4211776554584503,0.5333082675933838
Zero Padding,1151,0,-0.2097528874874115,-0.1218099296092987,0.3856237828731537,0.5210264325141907
Zero Padding,1156,0,-0.20354148745536804,-0.11505357176065445,0.46021518111228943,0.5280475616455078
Zero Padding,1165,0,-0.2478865683078766,0.04664120450615883,0.4247129261493683,0.5333002805709839
Zero Padding,1171,0,-0.32114377617836,-0.05032123625278473,0.44374510645866394,0.5429079532623291
Zero Padding,1188,0,-0.23195187747478485,-0.09323413670063019,0.4396483600139618,0.5291378498077393
Zero Padding,1190,0,-0.2375844269990921,-0.02006828971207142,0.39591601490974426,0.5350940823554993
Zero Padding,1191,0,-0.463786780834198,-0.0243381317704916,0.42508935928344727,0.6612728834152222
Zero Padding,1192,0,-0.4641246199607849,-0.02292080968618393,0.4263918697834015,0.6637871861457825
Zero Padding,1196,0,-0.2502118945121765,0.06210114061832428,0.4499414265155792,0.5327664017677307
Zero Padding,1199,0,-0.26722240447998047,-0.04940754920244217,0.44866639375686646,0.5507004857063293
Zero Padding,1200,0,-0.25558218359947205,0.15686292946338654,0.42133960127830505,0.5403083562850952
Zero Padding,1201,0,-0.2845298945903778,0.0004705963656306267,0.43667447566986084,0.5520403385162354
Zero Padding,1202,0,-0.2944978177547455,0.11298704892396927,0.45317527651786804,0.5591995120048523
Zero Padding,1206,0,-0.32635220885276794,-0.003748683724552393,0.4871760606765747,0.39239272475242615
Zero Padding,1224,0,-0.2801339626312256,0.042924050241708755,0.44418612122535706,0.562448263168335
Zero Padding,1225,0,-0.3689172565937042,-0.11712194979190826,0.5056741237640381,0.5879516005516052
Zero Padding,1229,0,-0.2409343123435974,-0.1432068645954132,0.4465802013874054,0.5251182913780212
Zero Padding,1236,0,-0.2468797266483307,-0.08635853230953217,0.4527614116668701,0.5134419202804565
Zero Padding,1246,0,-0.22649365663528442,-0.03405976668000221,0.45279937982559204,0.5163235068321228
Zero Padding,1249,0,-0.2957584261894226,0.05229613557457924,0.4109915792942047,0.5584814548492432
Zero Padding,1251,0,-0.2675379812717438,-0.028804104775190353,0.4797176122665405,0.5465147495269775
Zero Padding,1261,0,-0.2993369698524475,-0.051286593079566956,0.5145023465156555,0.5661434531211853
Zero Padding,1274,0,-0.44419729709625244,-0.009486762806773186,0.37346258759498596,0.6724344491958618
Zero Padding,1277,0,-0.3404594361782074,-0.08743460476398468,0.47336938977241516,0.5724143981933594
Zero Padding,1278,0,-0.3144649565219879,-0.07322201877832413,0.4688399136066437,0.5633339285850525
Zero Padding,1281,0,-0.24402108788490295,0.2222435474395752,0.44067075848579407,0.5338154435157776
Zero Padding,1285,0,-0.1983327567577362,-0.03600173071026802,0.38323572278022766,0.5233033895492554
Zero Padding,1289,0,-0.2511425018310547,-0.03301358222961426,0.42144930362701416,0.5316440463066101
Zero Padding,1296,0,-0.18217423558235168,-0.12553827464580536,0.42134594917297363,0.5095798969268799
Zero Padding,1297,0,-0.2246568500995636,-0.048702530562877655,0.44292697310447693,0.5261271595954895
Zero Padding,1303,0,-0.21670031547546387,-0.16610920429229736,0.4476247727870941,0.44980305433273315
Zero Padding,1304,0,-0.174178346991539,0.015955569222569466,0.46096688508987427,0.4994960129261017
Zero Padding,1316,0,-0.23456913232803345,-0.010167074389755726,0.43636444211006165,0.5021299719810486
Zero Padding,1317,0,-0.2025902420282364,-0.058366142213344574,0.43317943811416626,0.48932385444641113
Zero Padding,1343,0,-0.18398916721343994,-0.050376832485198975,0.4771294593811035,0.5022575855255127
Zero Padding,1346,0,-0.21393506228923798,0.2186761200428009,0.39500775933265686,0.5195625424385071
Zero Padding,1359,0,-0.21201393008232117,0.21570274233818054,0.44382143020629883,0.5225716829299927
Zero Padding,1360,0,-0.2545037567615509,-0.15314006805419922,0.4436397850513458,0.5459397435188293
Zero Padding,1363,0,-0.1997225135564804,-0.031050700694322586,0.4644027352333069,0.509516179561615
Zero Padding,1382,0,-0.2748030722141266,-0.1441052407026291,0.42762815952301025,0.550873875617981
Zero Padding,1405,0,-0.17123597860336304,-0.0021746335551142693,0.43123337626457214,0.4919506907463074
Zero Padding,1411,0,-0.2321823388338089,0.007888900116086006,0.41113051772117615,0.5319943428039551
Zero Padding,1432,0,-0.25950130820274353,-0.12860529124736786,0.41103431582450867,0.5423765778541565
Zero Padding,1447,0,-0.1971305012702942,0.06768899410963058,0.4572511315345764,0.515860915184021
Zero Padding,1465,0,-0.16445977985858917,0.07498721033334732,0.46401292085647583,0.5035609602928162
Zero Padding,1468,0,-0.3100239932537079,-0.12039215862751007,0.5063021183013916,0.541795015335083
Zero Padding,1482,0,-0.1964559555053711,-0.032278433442115784,0.45602360367774963,0.3496994078159332
Zero Padding,1486,0,-0.2943865954875946,-0.0449143685400486,0.4546201527118683,0.5485303401947021
Zero Padding,1487,0,-0.24740412831306458,-0.1961294263601303,0.3924814462661743,0.5410295724868774
Zero Padding,1504,0,-0.3589538335800171,-0.13220259547233582,0.46526142954826355,0.5801213979721069
Zero Padding,1513,0,-0.3078794777393341,-0.07338268309831619,0.36087489128112793,0.5730707049369812
Zero Padding,1514,0,-0.24475303292274475,-0.1313418298959732,0.4668911397457123,0.5288984179496765
Zero Padding,1516,0,-0.26094353199005127,0.10575006157159805,0.40886572003364563,0.5380868911743164
Zero Padding,1517,0,-0.2181365042924881,0.023522818461060524,0.4471719563007355,0.5186811089515686
Zero Padding,1532,0,-0.37053385376930237,-0.12803839147090912,0.44365304708480835,0.5221413969993591
Zero Padding,1535,0,-0.23927511274814606,-0.1366923302412033,0.4558688998222351,0.5376313924789429
Zero Padding,1541,0,-0.33842572569847107,-0.017020773142576218,0.42768394947052,0.5857349038124084
Zero Padding,1553,0,-0.26094186305999756,0.13343198597431183,0.4228697419166565,0.5473552346229553
Zero Padding,1570,0,-0.22337017953395844,-0.09041783213615417,0.45157259702682495,0.5323050618171692
Zero Padding,1579,0,-0.27075254917144775,0.1272794008255005,0.46894407272338867,0.5564820766448975
Zero Padding,1583,0,-0.4811452627182007,-0.034477658569812775,0.418281227350235,0.7181774973869324
Zero Padding,1584,0,-0.2856321632862091,-0.07447835057973862,0.370233952999115,0.5515027046203613
Zero Padding,1587,0,-0.34525203704833984,-0.04448946565389633,0.5117911100387573,0.604464590549469
Zero Padding,1595,0,-0.1990438997745514,-0.04890396445989609,0.42017367482185364,0.5250723958015442
Zero Padding,1611,0,-0.2699553966522217,-0.06057468056678772,0.495357871055603,0.5564917325973511
Zero Padding,1623,0,-0.2627640962600708,0.1112869381904602,0.43840473890304565,0.5474960803985596
Zero Padding,1624,0,-0.2461628019809723,0.04055272415280342,0.45420971512794495,0.5223201513290405
Zero Padding,1633,0,-0.2712162137031555,0.136539027094841,0.41077157855033875,0.5489854216575623
Zero Padding,1650,0,-0.22197449207305908,-0.0069977715611457825,0.3721136748790741,0.5239757895469666
Zero Padding,1653,0,-0.30168846249580383,-0.04823562875390053,0.45789164304733276,0.5661887526512146
Zero Padding,1662,0,-0.26948368549346924,-0.09141881763935089,0.47271740436553955,0.369285523891449
Zero Padding,1663,0,-0.24541215598583221,-0.04248183220624924,0.40696531534194946,0.53666090965271
Zero Padding,1670,0,-0.26271432638168335,-0.0274643674492836,0.4651262164115906,0.5493255853652954
Zero Padding,1675,0,-0.2890039384365082,-0.028085364028811455,0.36314672231674194,0.5706950426101685
Zero Padding,1676,0,-0.22094710171222687,0.039557717740535736,0.4417165219783783,0.5223785042762756
Zero Padding,1677,0,-0.23404955863952637,0.2184315323829651,0.4673883020877838,0.5210723280906677
Zero Padding,1678,0,-0.19497734308242798,-0.053721215575933456,0.4360171854496002,0.5150023102760315
Zero Padding,1683,0,-0.2549104690551758,-0.11006300151348114,0.473427414894104,0.4187738597393036
Zero Padding,1691,0,-0.22866199910640717,-0.07403351366519928,0.47114965319633484,0.5182709097862244
Zero Padding,1704,0,-0.2436944842338562,-0.13333316147327423,0.4815245568752289,0.5278847217559814
Zero Padding,1709,0,0.06084147095680237,-0.0018961289897561073,0.4517539143562317,0.4214576482772827
Zero Padding,1713,0,-0.2773128151893616,0.20269422233104706,0.4480738937854767,0.5457309484481812
Zero Padding,1716,0,-0.26486504077911377,0.18139612674713135,0.4126395285129547,0.5405393838882446
Zero Padding,1722,0,-0.24855417013168335,0.0010953983291983604,0.45334088802337646,0.5441854596138
Zero Padding,1723,0,-0.2984853982925415,0.22350859642028809,0.45656874775886536,0.5637134313583374
Zero Padding,1727,0,-0.4532116651535034,-0.024338683113455772,0.4541800320148468,0.49045413732528687
Zero Padding,1729,0,-0.22669515013694763,-0.17353594303131104,0.44176480174064636,0.525337815284729
Zero Padding,1758,0,-0.24882228672504425,-0.06077359616756439,0.3999401032924652,0.5355005860328674
Zero Padding,1766,0,-0.38251808285713196,0.11010339856147766,0.4345989525318146,0.6201089024543762
Zero Padding,1769,0,-0.2609451115131378,-0.08074210584163666,0.45637431740760803,0.5468711853027344
Zero Padding,1772,0,-0.25846102833747864,0.07251594215631485,0.430112361907959,0.5350191593170166
Zero Padding,1775,0,-0.37473759055137634,-0.15152180194854736,0.4753734767436981,0.5836105346679688
Zero Padding,1777,0,-0.21263673901557922,-0.027961784973740578,0.44343289732933044,0.532364010810852
Zero Padding,1781,0,-0.21947035193443298,-0.16784434020519257,0.4850759506225586,0.5398772358894348
Zero Padding,1784,0,-0.3015652298927307,0.021735932677984238,0.44833672046661377,0.5582614541053772
Zero Padding,1790,0,-0.31636399030685425,-0.10029233992099762,0.4966532289981842,0.5649292469024658
Zero Padding,1791,0,-0.24840563535690308,-0.027064286172389984,0.449664831161499,0.5446256995201111
Zero Padding,1814,0,-0.2954707443714142,0.04849148914217949,0.4481886625289917,0.5555131435394287
Zero Padding,1820,0,-0.26208698749542236,-0.09559593349695206,0.4414316713809967,0.5327199101448059
Zero Padding,1825,0,-0.2528001368045807,0.1590074747800827,0.4847494959831238,0.5515804886817932
Zero Padding,1841,0,-0.24300841987133026,0.19937807321548462,0.3912644684314728,0.5366945862770081
Zero Padding,1847,0,-0.22281330823898315,0.030140206217765808,0.4378944933414459,0.5275956392288208
Zero Padding,1859,0,-0.2649361789226532,0.20820491015911102,0.4534817337989807,0.5410142540931702
Zero Padding,1860,0,-0.2459774911403656,-0.16879568994045258,0.459286630153656,0.5354499220848083
Zero Padding,1870,0,-0.29066240787506104,-0.02066705748438835,0.45592764019966125,0.5538909435272217
Zero Padding,1871,0,-0.02873774990439415,-0.06094156205654144,0.469385027885437,0.44256025552749634
Zero Padding,1872,0,-0.03925039991736412,-0.00382058322429657,0.4716838002204895,0.44588562846183777
Zero Padding,1890,0,-0.3680797219276428,-0.06195779889822006,0.4500527083873749,0.6004450917243958
Zero Padding,1897,0,-0.23184850811958313,-0.017906583845615387,0.4088474214076996,0.5268115401268005
Zero Padding,1904,0,-0.21643073856830597,-0.047740206122398376,0.35200896859169006,0.5180867314338684
Zero Padding,1928,0,-0.20310500264167786,-0.005002609454095364,0.41776594519615173,0.5135351419448853
Zero Padding,1930,0,-0.17301060259342194,-0.16895800828933716,0.4940289855003357,0.5065905451774597
Zero Padding,1943,0,-0.2393351048231125,-0.03649035096168518,0.42934444546699524,0.5411921143531799
Zero Padding,1969,0,-0.24080367386341095,-0.17023444175720215,0.40811967849731445,0.5309777855873108
Zero Padding,1979,0,-0.2737142741680145,0.014774849638342857,0.4355979263782501,0.5344842672348022
Zero Padding,1980,0,-0.2720261216163635,0.12969031929969788,0.41217684745788574,0.5351132154464722
Zero Padding,1981,0,-0.2605406641960144,0.12632130086421967,0.40494322776794434,0.5394352078437805
Zero Padding,1993,0,-0.4788373112678528,-0.05337586998939514,0.5010497570037842,0.4587927460670471
Zero Padding,1994,0,-0.4509829878807068,-0.06928301602602005,0.4776819050312042,0.6421904563903809
Zero Padding,1998,0,-0.23214000463485718,0.12544341385364532,0.4292486310005188,0.5234719514846802
Zero Padding,2006,0,-0.22917786240577698,-0.02286699041724205,0.4392563998699188,0.5322792530059814
Zero Padding,2010,0,-0.21653924882411957,-0.14717164635658264,0.4601973593235016,0.5138781070709229
Zero Padding,2019,0,-0.21491602063179016,-0.03918847069144249,0.46132901310920715,0.5289363861083984
Zero Padding,2020,0,-0.2562364637851715,0.16721181571483612,0.418692946434021,0.5531103014945984
Zero Padding,2027,0,-0.14281374216079712,-0.1272803097963333,0.442219614982605,0.49138858914375305
Zero Padding,2037,0,-0.2701675593852997,0.05293074622750282,0.5042296648025513,0.5436702370643616
Zero Padding,2055,0,-0.23170915246009827,0.2507316768169403,0.38820400834083557,0.5290390849113464
Zero Padding,2067,0,-0.28309547901153564,-0.08891570568084717,0.5008062720298767,0.3713552951812744
Zero Padding,2069,0,-0.23462951183319092,0.22198984026908875,0.4350653886795044,0.525490939617157
Zero Padding,2073,0,-0.3004351258277893,0.07991720736026764,0.433971107006073,0.5483161807060242
Zero Padding,2083,0,-0.27507561445236206,-0.11710086464881897,0.4769095480442047,0.5574567914009094
Zero Padding,2115,0,-0.22736750543117523,-0.0324743278324604,0.414935827255249,0.5275692939758301
Zero Padding,2121,0,-0.24605216085910797,-0.009550733491778374,0.43733176589012146,0.5312709212303162
Zero Padding,2133,0,-0.30368679761886597,-0.030108992010354996,0.5030196309089661,0.547306478023529
Zero Padding,2138,0,-0.17908228933811188,-0.08373201638460159,0.45673152804374695,0.5089183449745178
Zero Padding,2139,0,-0.2980804443359375,-0.09323941916227341,0.47200456261634827,0.565422534942627
Zero Padding,2140,0,-0.33725041151046753,-0.11937825381755829,0.436610609292984,0.563761293888092
Zero Padding,2141,0,-0.31453219056129456,-0.07578805088996887,0.43744906783103943,0.5522716641426086
Zero Padding,2146,0,-0.1998346596956253,0.0338892824947834,0.4619959890842438,0.5162423849105835
Zero Padding,2148,0,-0.26020151376724243,0.005521330051124096,0.42274540662765503,0.5426889657974243
Zero Padding,2171,0,-0.2594485580921173,-0.06757339835166931,0.45165321230888367,0.5390868186950684
Zero Padding,2181,0,-0.2939145267009735,0.16115204989910126,0.43918541073799133,0.56059730052948
Zero Padding,2183,0,-0.28387168049812317,-0.10175924003124237,0.4610233008861542,0.3709469437599182
Zero Padding,2185,0,-0.3017747402191162,-0.0790916234254837,0.42327624559402466,0.5573555827140808
Zero Padding,2200,0,-0.4193366765975952,0.030468881130218506,0.4818761646747589,0.605268120765686
Zero Padding,2207,0,-0.300387442111969,-0.08806618303060532,0.4994093179702759,0.5574314594268799
Zero Padding,2208,0,-0.1931001842021942,-0.010066704824566841,0.43133795261383057,0.5191288590431213
Zero Padding,2209,0,-0.2512878179550171,0.16585120558738708,0.40367504954338074,0.5370762348175049
Zero Padding,2213,0,-0.20106256008148193,0.21177564561367035,0.4050583243370056,0.5128447413444519
Zero Padding,2226,0,-0.2527305781841278,-0.1903657615184784,0.4498108923435211,0.5433385372161865
Zero Padding,2236,0,-0.28620052337646484,-0.11582708358764648,0.47876840829849243,0.5424690842628479
Zero Padding,2241,0,-0.23523958027362823,0.14569228887557983,0.3985559642314911,0.5288704037666321
Zero Padding,2248,0,-0.2521328330039978,-0.041481297463178635,0.45426881313323975,0.5318636894226074
Zero Padding,2250,0,-0.4124723970890045,0.010036583989858627,0.45250821113586426,0.6134358048439026
Zero Padding,2262,0,-0.22043409943580627,-0.12581470608711243,0.4743860960006714,0.5250206589698792
Zero Padding,2264,0,-0.2562955915927887,0.2212183028459549,0.44159623980522156,0.5409007668495178
Zero Padding,2265,0,-0.3106211721897125,-0.06972885131835938,0.5045000314712524,0.563946008682251
Zero Padding,2274,0,-0.19251912832260132,-0.006494798697531223,0.46186181902885437,0.5061787962913513
Zero Padding,2283,0,-0.33704864978790283,-0.050308458507061005,0.42919397354125977,0.5596912503242493
Zero Padding,2292,0,-0.22816380858421326,0.000802316702902317,0.43713098764419556,0.5285584330558777
Zero Padding,2295,0,-0.16838158667087555,-0.05866723880171776,0.47615325450897217,0.4983000159263611
Zero Padding,2301,0,-0.31213971972465515,-0.15742504596710205,0.43571364879608154,0.5574344992637634
Zero Padding,2302,0,-0.2836259603500366,-0.06224142014980316,0.4477479159832001,0.551447331905365
Zero Padding,2306,0,-0.24475876986980438,-0.08169689029455185,0.42518460750579834,0.5421010851860046
Zero Padding,2311,0,-0.26027095317840576,0.16466256976127625,0.38848987221717834,0.5391188263893127
Zero Padding,2314,0,-0.2517957091331482,-0.026579614728689194,0.4152066707611084,0.5394042134284973
Zero Padding,2317,0,-0.20003439486026764,-0.04670869931578636,0.42132383584976196,0.5078968405723572
Zero Padding,2332,0,-0.3605462908744812,-0.02927253767848015,0.4297630190849304,0.5977170467376709
Zero Padding,2344,0,-0.22838512063026428,0.010936039499938488,0.4201575815677643,0.5285592675209045
Zero Padding,2354,0,-0.19167673587799072,0.17670311033725739,0.40671345591545105,0.5096765756607056
Zero Padding,2358,0,-0.17119067907333374,-0.03945083171129227,0.39351773262023926,0.4935227334499359
Zero Padding,2364,0,-0.20111028850078583,-0.01271792035549879,0.32256388664245605,0.5021149516105652
Zero Padding,2367,0,-0.21670092642307281,0.011671279557049274,0.404720664024353,0.5250278115272522
Zero Padding,2374,0,-0.3957087993621826,0.02556484378874302,0.5245069861412048,0.6033653616905212
Zero Padding,2376,0,-0.3072528839111328,-0.07027054578065872,0.44443851709365845,0.554629385471344
Zero Padding,2406,0,-0.2868686020374298,-0.1588769555091858,0.48283952474594116,0.5518283247947693
Zero Padding,2416,0,-0.29897576570510864,0.02208557352423668,0.43447545170783997,0.5536500215530396
Zero Padding,2420,0,-0.21000421047210693,-0.1362498551607132,0.4219070076942444,0.5184768438339233
Zero Padding,2422,0,-0.30187973380088806,-0.056747034192085266,0.42242684960365295,0.5520889759063721
Zero Padding,2424,0,-0.22841404378414154,-0.07244798541069031,0.4290408492088318,0.5326475501060486
Zero Padding,2425,0,-0.22816379368305206,-0.04968111589550972,0.4163849949836731,0.5280331373214722
Zero Padding,2430,0,-0.24854958057403564,0.21270063519477844,0.4483738839626312,0.5307559370994568
Zero Padding,2431,0,-0.26122936606407166,0.12089259922504425,0.432957261800766,0.5475029349327087
Zero Padding,2433,0,-0.2271876335144043,0.003571269102394581,0.42599985003471375,0.5233872532844543
Zero Padding,2442,0,-0.1819029152393341,0.026486217975616455,0.42256802320480347,0.5039264559745789
Zero Padding,2453,0,-0.2388754040002823,-0.05060494691133499,0.4043174982070923,0.5362870693206787
Zero Padding,2459,0,-0.24028503894805908,0.13311544060707092,0.4379742741584778,0.5224953889846802
Zero Padding,2475,0,-0.1933521032333374,0.056805796921253204,0.44432562589645386,0.49980628490448
Zero Padding,2479,0,-0.2678397595882416,0.15786972641944885,0.39602112770080566,0.5396720170974731
Zero Padding,2483,0,-0.23873500525951385,0.002470525912940502,0.41615787148475647,0.5429165959358215
Zero Padding,2486,0,-0.3195917010307312,0.08771994709968567,0.4518451988697052,0.5692054033279419
Zero Padding,2495,0,-0.3043416142463684,-0.019086545333266258,0.4408625364303589,0.5523165464401245
Zero Padding,2511,0,-0.2531745731830597,-0.01198404747992754,0.3997517228126526,0.5379930138587952
Zero Padding,2526,0,-0.2592751979827881,-0.0884619727730751,0.3957538306713104,0.5443221926689148
Zero Padding,2527,0,-0.21863338351249695,0.006006078794598579,0.41378119587898254,0.5281286835670471
Zero Padding,2529,0,-0.25760701298713684,0.007424372248351574,0.41645994782447815,0.5343537330627441
Zero Padding,2538,0,-0.24374713003635406,0.2039133757352829,0.3876746594905853,0.5272345542907715
Zero Padding,2540,0,-0.17811883985996246,0.10209204256534576,0.4547955393791199,0.48855191469192505
Zero Padding,2543,0,-0.23281510174274445,0.20014822483062744,0.41944411396980286,0.523017942905426
Zero Padding,2578,0,-0.24367547035217285,-0.0354456901550293,0.45418551564216614,0.5292103886604309
Zero Padding,2584,0,-0.22263957560062408,-0.15903592109680176,0.47645533084869385,0.519576370716095
Zero Padding,2588,0,-0.29676735401153564,-0.010761871002614498,0.4106858968734741,0.5634288787841797
Zero Padding,2592,0,-0.2706572711467743,0.03933818265795708,0.45164838433265686,0.5491238236427307
Zero Padding,2598,0,-0.23550793528556824,0.11232609301805496,0.3910609185695648,0.5379018187522888
Zero Padding,2601,0,-0.21086426079273224,-0.052499908953905106,0.40480995178222656,0.5091885328292847
Zero Padding,2602,0,-0.24827130138874054,-0.0011008060537278652,0.42546090483665466,0.5386866331100464
Zero Padding,2620,0,-0.2992361783981323,-0.19791622459888458,0.43654865026474,0.5550952553749084
Zero Padding,2629,0,-0.2754631042480469,-0.042642202228307724,0.4251372814178467,0.5307008028030396
Zero Padding,2635,0,-0.24091951549053192,0.026551997289061546,0.41146859526634216,0.5369361639022827
Zero Padding,2637,0,-0.3075530529022217,-0.11132941395044327,0.4913770258426666,0.5527886748313904
Zero Padding,2646,0,-0.25661030411720276,-0.07082505524158478,0.43371108174324036,0.5444278717041016
Zero Padding,2653,0,-0.2437523603439331,0.23443110287189484,0.44350388646125793,0.5381338000297546
Zero Padding,2713,0,-0.401023268699646,-0.05307306721806526,0.5226202607154846,0.44934529066085815
Zero Padding,2715,0,-0.25001707673072815,0.18210676312446594,0.42259690165519714,0.5305114388465881
Zero Padding,2718,0,-0.28549614548683167,-0.0377911701798439,0.414997398853302,0.5554443001747131
Zero Padding,2719,0,-0.29429423809051514,0.10900421440601349,0.4107206463813782,0.5536309480667114
Zero Padding,2748,0,-0.2663223147392273,0.11197737604379654,0.400075227022171,0.5333014130592346
Zero Padding,2762,0,-0.2339628040790558,0.02744796685874462,0.44894760847091675,0.5347175598144531
Zero Padding,2763,0,-0.24412745237350464,0.22025066614151,0.46024200320243835,0.5277112722396851
Zero Padding,2777,0,-0.2520768344402313,-0.012576469220221043,0.5029239058494568,0.5217434763908386
Zero Padding,2779,0,-0.18083739280700684,0.024098172783851624,0.37717917561531067,0.48688334226608276
Zero Padding,2783,0,-0.22327150404453278,-0.03811262175440788,0.4269326329231262,0.522901713848114
Zero Padding,2791,0,-0.25938695669174194,0.15598361194133759,0.409277081489563,0.5353386402130127
Zero Padding,2795,0,-0.23966491222381592,-0.02457835152745247,0.44678446650505066,0.5232487916946411
Zero Padding,2800,0,-0.39662012457847595,-0.019557978957891464,0.4686347246170044,0.6011266112327576
Zero Padding,2802,0,-0.19583001732826233,0.2195160686969757,0.3904900848865509,0.5125815868377686
Zero Padding,2809,0,-0.2683752775192261,-0.11751528084278107,0.43334800004959106,0.5361132025718689
Zero Padding,2811,0,-0.20649361610412598,-0.04937763512134552,0.3996085822582245,0.5180588364601135
Zero Padding,2835,0,-0.1538834124803543,-0.07419638335704803,0.4427734315395355,0.49862903356552124
Zero Padding,2846,0,-0.2520071864128113,0.2244696170091629,0.44526994228363037,0.5322625637054443
Zero Padding,2849,0,-0.2164825201034546,-0.0029049431905150414,0.40401023626327515,0.5102341175079346
Zero Padding,2853,0,-0.20933547616004944,0.006756414193660021,0.4103376567363739,0.4988407790660858
Zero Padding,2857,0,-0.44723039865493774,-0.03451930731534958,0.6689836978912354,0.4072432219982147
Zero Padding,2861,0,-0.29657673835754395,-0.06272931396961212,0.4362661838531494,0.5653336048126221
Zero Padding,2864,0,-0.30840903520584106,-0.13390231132507324,0.46058008074760437,0.5731362104415894
Zero Padding,2866,0,-0.39968952536582947,-0.08835805207490921,0.4522571265697479,0.5951332449913025
Zero Padding,2867,0,-0.30716538429260254,-0.10176929086446762,0.4489733874797821,0.529313325881958
Zero Padding,2877,0,-0.22120532393455505,-0.02455715648829937,0.4435829520225525,0.5099130272865295
Zero Padding,2880,0,-0.2174643576145172,0.17895540595054626,0.41577306389808655,0.5164122581481934
Zero Padding,2881,0,-0.19232884049415588,-0.006567031145095825,0.37556302547454834,0.49874037504196167
Zero Padding,2888,0,-0.18372683227062225,-0.05581865832209587,0.45352163910865784,0.504017174243927
Zero Padding,2890,0,-0.27092450857162476,0.056132953613996506,0.48449593782424927,0.5402330756187439
Zero Padding,2891,0,-0.3166272044181824,-0.21605874598026276,0.4784158766269684,0.4090285897254944
Zero Padding,2897,0,-0.3539523184299469,-0.03620714694261551,0.46646127104759216,0.5677574276924133
Zero Padding,2914,0,-0.19597260653972626,-0.042131878435611725,0.42316484451293945,0.5081462860107422
Zero Padding,2923,0,-0.2469790130853653,0.06948892772197723,0.44513002038002014,0.5388791561126709
Zero Padding,2929,0,-0.2240895926952362,0.06071314215660095,0.4537143111228943,0.5268016457557678
Zero Padding,2930,0,-0.25721070170402527,0.19476279616355896,0.4672602415084839,0.5334417819976807
Zero Padding,2937,0,-0.27686211466789246,-0.05029232054948807,0.4449116885662079,0.5489926934242249
Zero Padding,2939,0,-0.24468651413917542,0.16457660496234894,0.39244720339775085,0.5284584164619446
Zero Padding,2940,0,-0.24192006886005402,-0.0427645668387413,0.4093245565891266,0.5434068441390991
Zero Padding,2942,0,-0.2438177764415741,-0.07283679395914078,0.4067063331604004,0.539592444896698
Zero Padding,2947,0,-0.2995978593826294,0.022356335073709488,0.44840213656425476,0.5714749097824097
Zero Padding,2949,0,-0.22344303131103516,0.1693088561296463,0.4258296489715576,0.5190301537513733
Zero Padding,2953,0,-0.2122848629951477,0.02810436114668846,0.46503105759620667,0.5282037258148193
Zero Padding,2957,0,-0.27157264947891235,0.19647932052612305,0.4445943832397461,0.5447939038276672
Zero Padding,2970,0,-0.3162606358528137,-0.05928534269332886,0.3533042073249817,0.5666987299919128
Zero Padding,2971,0,-0.26306790113449097,-0.03359957039356232,0.3333829641342163,0.5425059199333191
Zero Padding,2993,0,-0.2818378806114197,0.16688255965709686,0.4436434209346771,0.5518943667411804
Zero Padding,2995,0,-0.23943008482456207,0.03567440062761307,0.4263167679309845,0.5244647264480591
Zero Padding,2999,0,-0.2534868121147156,0.1173178181052208,0.43230095505714417,0.5395004749298096
Zero Padding,3003,0,-0.21619988977909088,-0.01968540996313095,0.45515766739845276,0.5290059447288513
Zero Padding,3009,0,-0.2463136613368988,-0.10889232903718948,0.3871338367462158,0.5319300889968872
Zero Padding,3014,0,-0.26284125447273254,0.04258870333433151,0.41776415705680847,0.5517726540565491
Zero Padding,3019,0,-0.436542272567749,-0.04434061795473099,0.44865649938583374,0.6346686482429504
Zero Padding,3023,0,-0.26278597116470337,0.18755170702934265,0.42601636052131653,0.542854368686676
Zero Padding,3042,0,-0.2634604573249817,-0.028039555996656418,0.4172557592391968,0.5479175448417664
Zero Padding,3046,0,-0.24041776359081268,-0.053619179874658585,0.4298313856124878,0.5375616550445557
Zero Padding,3053,0,-0.24542902410030365,-0.04724181070923805,0.48089417815208435,0.5401327610015869
Zero Padding,3054,0,-0.24657070636749268,0.1687754988670349,0.43011292815208435,0.5338877439498901
Zero Padding,3055,0,-0.2289333939552307,0.24717605113983154,0.4356260895729065,0.5266880989074707
Zero Padding,3057,0,-0.21518096327781677,-0.04511440172791481,0.44405946135520935,0.5269524455070496
Zero Padding,3063,0,-0.29708266258239746,-0.11271508038043976,0.43486887216567993,0.5567591190338135
Zero Padding,3066,0,-0.2238912284374237,0.1548934131860733,0.5238117575645447,0.4942794740200043
Zero Padding,3080,0,-0.34471234679222107,-0.0942312628030777,0.4927801787853241,0.5881961584091187
Zero Padding,3111,0,-0.18325090408325195,-0.023327285423874855,0.412082701921463,0.5088415145874023
Zero Padding,3139,0,-0.2586974501609802,-0.1196572333574295,0.4648555517196655,0.5388140082359314
Zero Padding,3151,0,-0.053172722458839417,-0.04091840982437134,0.4611209034919739,0.44754064083099365
Zero Padding,3157,0,-0.21689848601818085,0.026380371302366257,0.43813905119895935,0.5211986899375916
Zero Padding,3159,0,-0.3099937438964844,-0.014821505174040794,0.4377831816673279,0.5499558448791504
Zero Padding,3170,0,-0.22938692569732666,-0.05261731892824173,0.42653125524520874,0.5295955538749695
Zero Padding,3178,0,-0.3293042480945587,0.07808829843997955,0.437015563249588,0.5627015829086304
Zero Padding,3181,0,-0.3865608870983124,0.0007599135860800743,0.4136143922805786,0.6001871228218079
Zero Padding,3183,0,-0.21147282421588898,-0.021037906408309937,0.4000556766986847,0.5211175084114075
Zero Padding,3187,0,-0.2635328471660614,0.1817275881767273,0.4305579364299774,0.5331240892410278
Zero Padding,3192,0,-0.25293004512786865,-0.06913716346025467,0.3899461030960083,0.5347080826759338
Zero Padding,3218,0,-0.25369343161582947,0.19006715714931488,0.4269791543483734,0.53202223777771
Zero Padding,3221,0,-0.25080806016921997,0.18296942114830017,0.4445514678955078,0.4526856541633606
Zero Padding,3240,0,-0.18752321600914001,0.10236618667840958,0.45309755206108093,0.4957963526248932
Zero Padding,3243,0,-0.2231445461511612,0.051050689071416855,0.4474400579929352,0.530537486076355
Zero Padding,3264,0,-0.19338086247444153,0.05429340898990631,0.4220195710659027,0.5176036357879639
Zero Padding,3267,0,-0.26173946261405945,0.14481952786445618,0.42555874586105347,0.5401630997657776
Zero Padding,3272,0,-0.27828249335289,0.14319995045661926,0.4318554699420929,0.543992280960083
Zero Padding,3273,0,-0.29224687814712524,0.17635847628116608,0.4391315281391144,0.5471620559692383
Zero Padding,3278,0,-0.23939469456672668,-0.04701226204633713,0.43148717284202576,0.5439499616622925
Zero Padding,3302,0,-0.24495872855186462,-0.00601358013227582,0.434234082698822,0.5275172591209412
Zero Padding,3307,0,-0.23221607506275177,-0.0441972054541111,0.45706555247306824,0.5239680409431458
Zero Padding,3308,0,-0.28511080145835876,0.031367942690849304,0.473252534866333,0.5496493577957153
Zero Padding,3309,0,-0.2112322747707367,-0.04295903444290161,0.4351094663143158,0.5150974988937378
Zero Padding,3314,0,-0.2494974583387375,-0.023101303726434708,0.41192618012428284,0.5212489366531372
Zero Padding,3317,0,-0.29617786407470703,-0.06679465621709824,0.4675000011920929,0.5554697513580322
Zero Padding,3331,0,-0.23413322865962982,-0.02950391173362732,0.48667052388191223,0.5444143414497375
Zero Padding,3336,0,-0.24009022116661072,-0.013504649512469769,0.4364670515060425,0.5304576754570007
Zero Padding,3349,0,-0.26601871848106384,0.041174739599227905,0.45634725689888,0.5396307706832886
Zero Padding,3355,0,-0.30936199426651,0.020170751959085464,0.43971413373947144,0.576252281665802
Zero Padding,3361,0,-0.1627979576587677,-0.08780908584594727,0.4413270354270935,0.501542866230011
Zero Padding,3364,0,-0.08643829822540283,0.003365594893693924,0.46827611327171326,0.3152443468570709
Zero Padding,3365,0,-0.2912253439426422,0.19310224056243896,0.49132081866264343,0.5588971376419067
Zero Padding,3371,0,-0.29437255859375,0.09932474046945572,0.4465835988521576,0.5457941293716431
Zero Padding,3372,0,-0.193476602435112,-0.07911533862352371,0.4042713940143585,0.5182747840881348
Zero Padding,3385,0,-0.21608878672122955,-0.1338558793067932,0.4758991003036499,0.5257042050361633
Zero Padding,3390,0,-0.02647138014435768,-0.04939582943916321,0.45697692036628723,0.4352855384349823
Zero Padding,3396,0,-0.2759862542152405,0.18449562788009644,0.44808605313301086,0.5410088300704956
Zero Padding,3407,0,-0.24060584604740143,-0.07252606004476547,0.4416006803512573,0.5391664505004883
Zero Padding,3417,0,-0.2882232069969177,0.03139606863260269,0.508429229259491,0.5646649599075317
Zero Padding,3423,0,-0.33281901478767395,-0.03481366112828255,0.4033598303794861,0.5819417834281921
Zero Padding,3433,0,-0.21561270952224731,-0.08353659510612488,0.439438134431839,0.5151164531707764
Zero Padding,3434,0,-0.23823106288909912,0.0170243252068758,0.41420742869377136,0.5236783027648926
Zero Padding,3435,0,-0.21594949066638947,-0.050920650362968445,0.38961613178253174,0.528998851776123
Zero Padding,3459,0,-0.18263033032417297,0.019078463315963745,0.46927016973495483,0.5097442269325256
Zero Padding,3461,0,-0.22973240911960602,0.02673495188355446,0.43259045481681824,0.5176088213920593
Zero Padding,3467,0,-0.2680705487728119,0.058379773050546646,0.4051150679588318,0.5473068356513977
Zero Padding,3468,0,-0.24889551103115082,0.04074562340974808,0.4293464124202728,0.5382360816001892
Zero Padding,3477,0,-0.2340070903301239,-0.006070296745747328,0.4432738721370697,0.532685399055481
Zero Padding,3478,0,-0.25956931710243225,0.20548813045024872,0.43764135241508484,0.5390500426292419
Zero Padding,3499,0,-0.20033133029937744,0.1782202124595642,0.42474421858787537,0.5146444439888
Zero Padding,3503,0,-0.11883451044559479,-0.03439359366893768,0.42062294483184814,0.4879508316516876
Zero Padding,3509,0,-0.35590860247612,0.06344698369503021,0.4605977237224579,0.5838368535041809
Zero Padding,3515,0,-0.33044809103012085,-0.16190031170845032,0.4989365339279175,0.5826274752616882
Zero Padding,3516,0,-0.32299354672431946,-0.009814511984586716,0.4652818441390991,0.5822214484214783
Zero Padding,3527,0,-0.30091267824172974,-0.024569053202867508,0.42240017652511597,0.5572333335876465
Zero Padding,3528,0,-0.2374403476715088,0.04103347286581993,0.40957945585250854,0.5280033946037292
Zero Padding,3542,0,-0.27960044145584106,0.0533808171749115,0.45780256390571594,0.5504879951477051
Zero Padding,3554,0,-0.2854151427745819,0.15087851881980896,0.48630964756011963,0.5446919798851013
Zero Padding,3556,0,-0.3718794882297516,0.02339104935526848,0.455483078956604,0.5827503800392151
Zero Padding,3557,0,-0.4003203213214874,-0.06158903241157532,0.4575450122356415,0.6173398494720459
Zero Padding,3561,0,-0.26625674962997437,-0.035888925194740295,0.4111631214618683,0.551268458366394
Zero Padding,3567,0,-0.3090226352214813,-0.008641991764307022,0.4452773332595825,0.5704593658447266
Zero Padding,3574,0,-0.2143498808145523,0.018595565110445023,0.39943018555641174,0.5181708931922913
Zero Padding,3600,0,-0.25691550970077515,-0.16745977103710175,0.44073936343193054,0.5398966073989868
Zero Padding,3606,0,-0.2633870840072632,0.19782628118991852,0.45756080746650696,0.5278410911560059
Zero Padding,3607,0,-0.252963662147522,0.21307450532913208,0.45980599522590637,0.5342487692832947
Zero Padding,3616,0,-0.3180369734764099,-0.11625394970178604,0.4653022885322571,0.5624448657035828
Zero Padding,3633,0,-0.20849663019180298,-0.019581789150834084,0.43991342186927795,0.5276793837547302
Zero Padding,3643,0,-0.2878214120864868,0.007194750010967255,0.42980217933654785,0.5577666759490967
Zero Padding,3657,0,-0.1921311914920807,-0.11262911558151245,0.4666409492492676,0.5094861388206482
Zero Padding,3658,0,-0.291798859834671,-0.21206727623939514,0.45026981830596924,0.5748489499092102
Zero Padding,3659,0,-0.19110335409641266,-0.03457415848970413,0.41554439067840576,0.5135580897331238
Zero Padding,3668,0,-0.308998167514801,-0.04503292962908745,0.43300288915634155,0.5560719966888428
Zero Padding,3676,0,-0.24446651339530945,-0.14556986093521118,0.45175403356552124,0.5275775194168091
Zero Padding,3688,0,-0.2730754613876343,-0.0060478197410702705,0.46342864632606506,0.5321668982505798
Zero Padding,3710,0,-0.2531593441963196,0.18462999165058136,0.4025937616825104,0.540963351726532
Zero Padding,3712,0,-0.3095296621322632,-0.04056207463145256,0.3765888810157776,0.5436098575592041
Zero Padding,3717,0,-0.2693599462509155,-0.17286819219589233,0.3721279501914978,0.5486427545547485
Zero Padding,3718,0,-0.1764090657234192,0.0055633485317230225,0.4168783128261566,0.5006946921348572
Zero Padding,3727,0,-0.23373711109161377,0.03282025083899498,0.4589378833770752,0.5205703973770142
Zero Padding,3751,0,-0.24094326794147491,-0.03885065019130707,0.42468422651290894,0.52629554271698
Zero Padding,3757,0,-0.22763212025165558,-0.08095920830965042,0.4690791368484497,0.5335331559181213
Zero Padding,3763,0,-0.42610645294189453,-0.07391126453876495,0.4671153128147125,0.4293874204158783
Zero Padding,3774,0,-0.22113081812858582,0.23320817947387695,0.44379284977912903,0.5218417048454285
Zero Padding,3779,0,-0.32235145568847656,-0.016048885881900787,0.44627290964126587,0.5587586164474487
Zero Padding,3786,0,-0.1885889321565628,0.002208493649959564,0.5425097942352295,0.4891200363636017
Zero Padding,3801,0,-0.32394373416900635,-0.10316547751426697,0.44497057795524597,0.5778438448905945
Zero Padding,3802,0,-0.29366227984428406,-0.09989254921674728,0.4591199457645416,0.5596018433570862
Zero Padding,3805,0,-0.2585757076740265,0.0004706629551947117,0.4745630621910095,0.5224489569664001
Zero Padding,3815,0,-0.2687206268310547,-0.12628909945487976,0.443410187959671,0.5424320697784424
Zero Padding,3825,0,-0.30424144864082336,-0.018601499497890472,0.45821282267570496,0.5529366731643677
Zero Padding,3828,0,-0.3631676733493805,-0.0415557324886322,0.3579028248786926,0.5869661569595337
Zero Padding,3831,0,-0.21741902828216553,0.01244242861866951,0.42313626408576965,0.5115271210670471
Zero Padding,3853,0,-0.3230673372745514,-0.047708019614219666,0.45701926946640015,0.5667197108268738
Zero Padding,3857,0,-0.30528882145881653,-0.019495999440550804,0.46191197633743286,0.5433351993560791
Zero Padding,3869,0,-0.3148391842842102,0.006926084402948618,0.4237350821495056,0.5657490491867065
Zero Padding,3876,0,-0.3153136372566223,0.008313462138175964,0.46921175718307495,0.5657051205635071
Zero Padding,3884,0,-0.23337195813655853,0.14487168192863464,0.4109470248222351,0.5267931222915649
Zero Padding,3888,0,-0.15671467781066895,-0.03061184473335743,0.4902350604534149,0.49000176787376404
Zero Padding,3890,0,-0.12079444527626038,-0.0647462010383606,0.47703540325164795,0.4845784902572632
Zero Padding,3898,0,-0.3084583878517151,-0.08088956028223038,0.46173709630966187,0.5570459365844727
Zero Padding,3910,0,-0.210318461060524,-0.07325927168130875,0.4377071261405945,0.5002283453941345
Zero Padding,3919,0,-0.21379271149635315,0.000861641950905323,0.3224455714225769,0.5404002666473389
Zero Padding,3927,0,-0.20960816740989685,-0.17968569695949554,0.4646768569946289,0.5297196507453918
Zero Padding,3932,0,-0.2948363721370697,-0.18403388559818268,0.47419044375419617,0.5583896040916443
Zero Padding,3935,0,-0.21292805671691895,-0.015363133512437344,0.4470788538455963,0.5215021967887878
Zero Padding,3946,0,-0.2568766474723816,0.1788511574268341,0.4262428283691406,0.5360658168792725
Zero Padding,3947,0,-0.4356095790863037,-0.1085786297917366,0.5065470337867737,0.44233354926109314
Zero Padding,3948,0,-0.2676577866077423,-0.03996506705880165,0.3960071802139282,0.5314927697181702
Zero Padding,3956,0,-0.208796888589859,0.19502145051956177,0.49180054664611816,0.5120159983634949
Zero Padding,3963,0,-0.3088684380054474,-0.1137063056230545,0.4678645730018616,0.554465651512146
Zero Padding,3965,0,-0.20455944538116455,-0.04947798326611519,0.42512619495391846,0.519234299659729
Zero Padding,3968,0,-0.31046998500823975,-0.18369296193122864,0.44424107670783997,0.5611137747764587
Zero Padding,3979,0,-0.21122318506240845,0.20589303970336914,0.46729493141174316,0.5242546200752258
Zero Padding,3987,0,-0.3063254952430725,0.13504037261009216,0.46573570370674133,0.5798211097717285
Zero Padding,3988,0,-0.31469404697418213,-0.032925620675086975,0.43358314037323,0.5457039475440979
Zero Padding,3989,0,-0.1777811497449875,0.12870705127716064,0.4292220175266266,0.5031524896621704
Zero Padding,3991,0,0.09924065321683884,-0.030566604807972908,0.4714730679988861,0.4013851583003998
Zero Padding,4001,0,-0.15730950236320496,-0.019801922142505646,0.48888641595840454,0.49252986907958984
Zero Padding,4016,0,-0.24991947412490845,0.23567330837249756,0.47749149799346924,0.5222799777984619
Zero Padding,4035,0,-0.23475857079029083,-0.006049115210771561,0.4076862633228302,0.5337627530097961
Zero Padding,4039,0,-0.3676278591156006,-0.02802787348628044,0.4130958914756775,0.6015249490737915
Zero Padding,4048,0,-0.22462573647499084,0.0001813238486647606,0.408310204744339,0.5325794816017151
Zero Padding,4049,0,-0.290706992149353,0.17216767370700836,0.41069433093070984,0.39307478070259094
Zero Padding,4050,0,-0.3434864580631256,-0.07560945302248001,0.4317929744720459,0.49548661708831787
Zero Padding,4055,0,-0.2983929514884949,-0.07519187033176422,0.44598910212516785,0.5491327047348022
Zero Padding,4078,0,-0.25940588116645813,-0.058002594858407974,0.5020473003387451,0.5384783744812012
Zero Padding,4093,0,-0.15248940885066986,-0.0028578995261341333,0.45222291350364685,0.487056702375412
Zero Padding,4097,0,-0.2295474410057068,-0.09428771585226059,0.4287485182285309,0.5351770520210266
Zero Padding,4114,0,-0.21069981157779694,-0.03676602244377136,0.43026119470596313,0.5031514167785645
Zero Padding,4121,0,-0.16715730726718903,0.03315659984946251,0.4393724203109741,0.500808835029602
Zero Padding,4124,0,-0.21853169798851013,-0.07021093368530273,0.4588688910007477,0.5232141613960266
Zero Padding,4134,0,-0.27131345868110657,0.023793037980794907,0.4159257113933563,0.5483723878860474
Zero Padding,4164,0,-0.25017687678337097,-0.017207907512784004,0.41420429944992065,0.5429134964942932
Zero Padding,4178,0,-0.29683956503868103,0.1512371450662613,0.4965875744819641,0.5552994012832642
Zero Padding,4179,0,-0.22123515605926514,0.1021474078297615,0.45978182554244995,0.5223895907402039
Zero Padding,4183,0,-0.2260800302028656,0.04609480872750282,0.4160391092300415,0.5386143922805786
Zero Padding,4195,0,-0.38351142406463623,-0.0388992503285408,0.4487699270248413,0.6058686971664429
Zero Padding,4204,0,-0.27883240580558777,0.010614445433020592,0.4553614556789398,0.5270677208900452
Zero Padding,4219,0,-0.2758479416370392,-0.03992820158600807,0.4880339801311493,0.5328302979469299
Zero Padding,4220,0,-0.2500438392162323,0.07224554568529129,0.4952183961868286,0.5120278596878052
Zero Padding,4228,0,-0.2736208736896515,0.19242128729820251,0.41050752997398376,0.544845700263977
Zero Padding,4229,0,-0.27823808789253235,0.15437357127666473,0.403394490480423,0.5406039953231812
Zero Padding,4235,0,-0.24075698852539062,-0.02752755768597126,0.46405038237571716,0.5254533290863037
Zero Padding,4238,0,-0.2631823420524597,0.1583738923072815,0.46630528569221497,0.5278261303901672
Zero Padding,4249,0,-0.33632177114486694,0.11424250155687332,0.4389606714248657,0.5874407291412354
Zero Padding,4251,0,-0.3035522997379303,-0.08434445410966873,0.45221346616744995,0.3913595974445343
Zero Padding,4252,0,-0.22795182466506958,-0.09625859558582306,0.4483558237552643,0.5223529934883118
Zero Padding,4273,0,-0.24871914088726044,0.22136908769607544,0.4470558166503906,0.5345597267150879
Zero Padding,4286,0,-0.26498904824256897,0.02948370948433876,0.40713509917259216,0.5333802103996277
Zero Padding,4289,0,-0.26494795083999634,-0.067806676030159,0.46214985847473145,0.5290018916130066
Zero Padding,4294,0,-0.23180732131004333,-0.01398585643619299,0.4326780140399933,0.5385137796401978
Zero Padding,4301,0,-0.24282436072826385,-0.11190565675497055,0.4142057001590729,0.5265897512435913
Zero Padding,4305,0,-0.23270854353904724,-0.04466307908296585,0.421209454536438,0.5287307500839233
Zero Padding,4310,0,-0.294150710105896,-0.17287114262580872,0.4301997721195221,0.5502610802650452
Zero Padding,4313,0,-0.26419052481651306,0.2114448845386505,0.43304193019866943,0.5385253429412842
Zero Padding,4316,0,-0.2526821196079254,0.03821646049618721,0.43198126554489136,0.5386157631874084
Zero Padding,4323,0,-0.41759777069091797,0.027429629117250443,0.3933109939098358,0.678985595703125
Zero Padding,4337,0,-0.21280881762504578,-0.03241272643208504,0.4352802336215973,0.5224527716636658
Zero Padding,4363,0,-0.1971072554588318,0.002300431253388524,0.39602363109588623,0.5119526982307434
Zero Padding,4371,0,-0.23119792342185974,-0.14857281744480133,0.47301316261291504,0.523645281791687
Zero Padding,4375,0,-0.252417653799057,0.25152266025543213,0.4375147521495819,0.5463114380836487
Zero Padding,4382,0,-0.3822777271270752,-0.04255044460296631,0.43952926993370056,0.5954934358596802
Zero Padding,4395,0,-0.21719658374786377,-0.0337490476667881,0.4149077236652374,0.5257735848426819
Zero Padding,4398,0,-0.22008779644966125,0.042293064296245575,0.46350446343421936,0.5262861251831055
Zero Padding,4403,0,-0.31481918692588806,-0.10913744568824768,0.4787578582763672,0.5816943049430847
Zero Padding,4406,0,-0.31894993782043457,0.10091021656990051,0.41803476214408875,0.5726656317710876
Zero Padding,4415,0,-0.2245863676071167,-0.0506177693605423,0.4527702331542969,0.5318206548690796
Zero Padding,4416,0,-0.2051464021205902,0.15828050673007965,0.451002836227417,0.5129178762435913
Zero Padding,4420,0,-0.2616153955459595,0.15986475348472595,0.4555811882019043,0.5249537825584412
Zero Padding,4423,0,-0.2605787217617035,0.14693965017795563,0.41235625743865967,0.5373978614807129
Zero Padding,4424,0,-0.4044542610645294,-0.014911768957972527,0.4493439197540283,0.6022481322288513
Zero Padding,4429,0,-0.25565436482429504,-0.15159130096435547,0.3987466096878052,0.5336365699768066
Zero Padding,4437,0,-0.2668853998184204,-0.020439837127923965,0.4085423946380615,0.5345274806022644
Zero Padding,4452,0,-0.2532190680503845,0.21187634766101837,0.42009058594703674,0.5360127687454224
Zero Padding,4464,0,-0.23138999938964844,0.14000171422958374,0.43127620220184326,0.5262008309364319
Zero Padding,4467,0,-0.27294737100601196,-0.04898060858249664,0.4559076428413391,0.552288830280304
Zero Padding,4475,0,-0.3148382306098938,-0.18686999380588531,0.4346657395362854,0.3759447932243347
Zero Padding,4486,0,-0.26199376583099365,-0.025767453014850616,0.3860325515270233,0.5530793070793152
Zero Padding,4490,0,-0.2488178014755249,0.2296181321144104,0.44131988286972046,0.5301522016525269
Zero Padding,4493,0,-0.22306303679943085,0.006295272149145603,0.385690838098526,0.5224462747573853
Zero Padding,4500,0,-0.2683570981025696,0.022152932360768318,0.45629623532295227,0.5584579706192017
Zero Padding,4527,0,-0.26128023862838745,-0.013120397925376892,0.42762061953544617,0.5318095684051514
Zero Padding,4528,0,-0.1935557872056961,-0.0888492539525032,0.41992101073265076,0.5120857357978821
Zero Padding,4531,0,-0.21532198786735535,-0.049997478723526,0.4361681640148163,0.5246500372886658
Zero Padding,4535,0,-0.2992706894874573,-0.009583215229213238,0.45198482275009155,0.5598068833351135
Zero Padding,4540,0,-0.4483076333999634,-0.0581737756729126,0.39663469791412354,0.6848927736282349
Zero Padding,4550,0,-0.05197664722800255,-0.04506515711545944,0.5260393023490906,0.32208794355392456
Zero Padding,4553,0,-0.20522770285606384,0.01635553501546383,0.37479710578918457,0.5109943747520447
Zero Padding,4574,0,-0.21196487545967102,-0.10245764255523682,0.4252212643623352,0.5267679691314697
Zero Padding,4580,0,-0.24315910041332245,-0.13114309310913086,0.4508378803730011,0.534645140171051
Zero Padding,4584,0,-0.2602629065513611,0.045586105436086655,0.4541650414466858,0.5367251038551331
Zero Padding,4587,0,-0.2614758014678955,0.0021180249750614166,0.47918015718460083,0.5569953918457031
Zero Padding,4588,0,-0.26960289478302,0.21284930408000946,0.44629284739494324,0.5508701801300049
Zero Padding,4600,0,-0.40891364216804504,0.013714278116822243,0.4034416675567627,0.6250532865524292
Zero Padding,4609,0,-0.28965818881988525,-0.1376044899225235,0.44096091389656067,0.5513301491737366
Zero Padding,4613,0,-0.39877206087112427,-0.021176617592573166,0.4486157298088074,0.5884793400764465
Zero Padding,4621,0,-0.2609651982784271,-0.010359142906963825,0.41626039147377014,0.5473456978797913
Zero Padding,4622,0,-0.24955034255981445,0.1241547167301178,0.4727921187877655,0.5348178744316101
Zero Padding,4626,0,-0.3042682409286499,-0.15889190137386322,0.42562565207481384,0.5584407448768616
Zero Padding,4634,0,-0.36906564235687256,-0.03596203774213791,0.4625293016433716,0.593856155872345
Zero Padding,4635,0,-0.3366842269897461,-0.023784657940268517,0.4651426374912262,0.5646727681159973
Zero Padding,4636,0,-0.2863882780075073,0.029934169724583626,0.46217331290245056,0.5539071559906006
Zero Padding,4639,0,-0.2616964876651764,-0.10798164457082748,0.40241172909736633,0.5284541845321655
Zero Padding,4642,0,-0.19141271710395813,-0.1117258220911026,0.42592093348503113,0.5144556164741516
Zero Padding,4644,0,-0.2783941626548767,0.05845315009355545,0.45143944025039673,0.5495220422744751
Zero Padding,4653,0,-0.2703907787799835,-0.01056709699332714,0.45263296365737915,0.5402117967605591
Zero Padding,4664,0,-0.30361348390579224,-0.017775990068912506,0.4387984871864319,0.5609448552131653
Zero Padding,4672,0,-0.2622676491737366,-0.0026091181207448244,0.3903333842754364,0.46598324179649353
Zero Padding,4673,0,-0.18002569675445557,-0.03197140246629715,0.433721125125885,0.49526989459991455
Zero Padding,4676,0,-0.2825189232826233,0.17855045199394226,0.4054149389266968,0.5522095561027527
Zero Padding,4677,0,-0.2697770297527313,-0.04616059362888336,0.4389524757862091,0.540421724319458
Zero Padding,4681,0,-0.26191073656082153,-0.06233683228492737,0.3984862267971039,0.5524721741676331
Zero Padding,4684,0,-0.3298107087612152,-0.05505182594060898,0.417500376701355,0.5612760186195374
Zero Padding,4685,0,-0.28541260957717896,-0.043296508491039276,0.42015522718429565,0.544242262840271
Zero Padding,4686,0,-0.28459620475769043,0.022035149857401848,0.435657799243927,0.553024172782898
Zero Padding,4690,0,-0.3152836561203003,-0.011053081601858139,0.4958634376525879,0.583522379398346
Zero Padding,4705,0,-0.2670056223869324,0.03481298312544823,0.454696387052536,0.5547394752502441
Zero Padding,4711,0,-0.23500624299049377,-0.014477379620075226,0.3790784478187561,0.5303090214729309
Zero Padding,4729,0,-0.2584964334964752,0.09068843722343445,0.4393536150455475,0.5295793414115906
Zero Padding,4730,0,-0.26085323095321655,-0.03257715702056885,0.42200005054473877,0.43379637598991394
Zero Padding,4744,0,-0.3100649118423462,-0.013799657113850117,0.47005704045295715,0.5580560564994812
Zero Padding,4746,0,-0.23631651699543,-0.05114055052399635,0.4551728665828705,0.5347625613212585
Zero Padding,4750,0,-0.16795498132705688,-0.038100793957710266,0.4352920949459076,0.4868928790092468
Zero Padding,4757,0,-0.3847098648548126,-0.06799639761447906,0.4642249345779419,0.5929411053657532
Zero Padding,4758,0,-0.2346164733171463,0.013106483966112137,0.44137945771217346,0.5430963635444641
Zero Padding,4763,0,-0.26562583446502686,0.04755827412009239,0.4704377353191376,0.5311453938484192
Zero Padding,4766,0,-0.2221367210149765,0.01978672668337822,0.38201290369033813,0.5279711484909058
Zero Padding,4774,0,-0.3018295168876648,0.006415557581931353,0.4575277864933014,0.5521766543388367
Zero Padding,4779,0,-0.2943379580974579,-0.03844340145587921,0.40009140968322754,0.5703350901603699
Zero Padding,4782,0,-0.24593324959278107,-0.066655233502388,0.44009920954704285,0.5189006328582764
Zero Padding,4808,0,-0.278764009475708,0.11590670794248581,0.3939661681652069,0.3931577801704407
Zero Padding,4819,0,-0.21907949447631836,0.05405382812023163,0.4426577091217041,0.5275151133537292
Zero Padding,4825,0,-0.22501428425312042,0.03001483343541622,0.42297986149787903,0.527631402015686
Zero Padding,4830,0,-0.2550885081291199,-0.023843655362725258,0.4562622606754303,0.5302747488021851
Zero Padding,4831,0,-0.26608404517173767,0.004305780865252018,0.423099547624588,0.5344935059547424
Zero Padding,4834,0,-0.2803969383239746,0.13511888682842255,0.48621687293052673,0.5565156936645508
Zero Padding,4851,0,-0.4312315583229065,-0.03326088935136795,0.45122024416923523,0.5917816162109375
Zero Padding,4855,0,-0.4058719575405121,0.004122949205338955,0.4501810669898987,0.6261583566665649
Zero Padding,4864,0,-0.20605213940143585,0.1792350858449936,0.43291154503822327,0.5126241445541382
Zero Padding,4869,0,-0.3126654624938965,-0.2018333524465561,0.44726744294166565,0.5623448491096497
Zero Padding,4876,0,-0.3141559958457947,-0.14921416342258453,0.4678260087966919,0.5833195447921753
Zero Padding,4880,0,-0.29289543628692627,-0.10015183687210083,0.4683340787887573,0.5344134569168091
Zero Padding,4883,0,-0.19272199273109436,-0.11820228397846222,0.4749254286289215,0.5192378759384155
Zero Padding,4894,0,-0.19723014533519745,0.14444607496261597,0.39685460925102234,0.5162204504013062
Zero Padding,4897,0,-0.20466768741607666,-0.01904609054327011,0.3725046217441559,0.5154488682746887
Zero Padding,4905,0,-0.3043842911720276,-0.04656638577580452,0.47107771039009094,0.5612679123878479
Zero Padding,4911,0,-0.3135245144367218,-0.014332350343465805,0.47514891624450684,0.5488682389259338
Zero Padding,4913,0,-0.23864610493183136,0.21021057665348053,0.4506790041923523,0.5302717089653015
Zero Padding,4918,0,-0.3254546821117401,0.09780605882406235,0.4608698785305023,0.5706407427787781
Zero Padding,4930,0,-0.38999247550964355,0.008898183703422546,0.4874238967895508,0.5938442945480347
Zero Padding,4936,0,-0.2674730718135834,-0.03629603236913681,0.4330558180809021,0.5449166893959045
Zero Padding,4937,0,-0.22761154174804688,0.053010791540145874,0.4319591224193573,0.514432430267334
Zero Padding,4942,0,-0.21729546785354614,-0.19358207285404205,0.4766126275062561,0.5249645113945007
Zero Padding,4944,0,-0.375684916973114,-0.12686757743358612,0.4677576422691345,0.4770984947681427
Zero Padding,4952,0,-0.18738269805908203,0.11941568553447723,0.44614505767822266,0.5122547149658203
Zero Padding,4959,0,-0.1193869486451149,-0.03085460513830185,0.450668603181839,0.4559253752231598
Zero Padding,4963,0,-0.1999754160642624,-0.0810868889093399,0.4073987305164337,0.5069277286529541
Zero Padding,4972,0,-0.2862491011619568,0.23697347939014435,0.46865323185920715,0.552739679813385
Zero Padding,4980,0,-0.169325590133667,0.0532013401389122,0.45509156584739685,0.4864088296890259
Zero Padding,4991,0,-0.31699126958847046,-0.01769011653959751,0.49832597374916077,0.5633847713470459
Zero Padding,4992,0,-0.21651321649551392,-0.040974900126457214,0.3948163688182831,0.5340077877044678
Zero Padding,4994,0,-0.252835750579834,-0.05824560299515724,0.4285149872303009,0.5270780920982361
Zero Padding,4995,0,-0.35498958826065063,-0.149314746260643,0.4606941342353821,0.5690575838088989
Zero Padding,5002,0,-0.34806275367736816,0.005590749904513359,0.448151558637619,0.5650022625923157
Zero Padding,5007,0,-0.3529486060142517,0.10276877880096436,0.3992857336997986,0.5981770157814026
Zero Padding,5032,0,-0.34495073556900024,-0.08568616211414337,0.4720457196235657,0.5971875190734863
Zero Padding,5038,0,-0.2324419915676117,-0.06388220191001892,0.429065078496933,0.5310407280921936
Zero Padding,5046,0,-0.2607898414134979,0.11003908514976501,0.4010457992553711,0.5352301597595215
Zero Padding,5051,0,-0.2678937017917633,0.16829243302345276,0.42371314764022827,0.5417416095733643
Zero Padding,5061,0,-0.22774046659469604,0.22277642786502838,0.4387032985687256,0.5239623188972473
Zero Padding,5071,0,-0.249628484249115,-0.17834578454494476,0.46670833230018616,0.5367132425308228
Zero Padding,5072,0,-0.2391023337841034,-0.09616905450820923,0.4556649625301361,0.5308694839477539
Zero Padding,5088,0,-0.2358253002166748,0.11188781261444092,0.45722469687461853,0.5297428369522095
Zero Padding,5094,0,-0.3871738910675049,-0.08686534315347672,0.40267935395240784,0.6471263766288757
Zero Padding,5104,0,-0.26284101605415344,0.10268584638834,0.4144462049007416,0.5407854914665222
Zero Padding,5107,0,-0.3130080997943878,0.13446247577667236,0.48594921827316284,0.5659593343734741
Zero Padding,5112,0,-0.21588948369026184,-0.20154882967472076,0.4281267821788788,0.5259246826171875
Zero Padding,5114,0,-0.19052578508853912,-0.07556042075157166,0.4569791555404663,0.34528017044067383
Zero Padding,5122,0,-0.18499131500720978,0.010229521431028843,0.4451088309288025,0.5119408369064331
Zero Padding,5123,0,-0.3636816442012787,-0.07074153423309326,0.48326510190963745,0.5773425102233887
Zero Padding,5128,0,-0.2536650002002716,0.17742997407913208,0.4200376272201538,0.5409266948699951
Zero Padding,5132,0,-0.2143288403749466,0.014135378412902355,0.4252467155456543,0.5197879076004028
Zero Padding,5133,0,-0.25550270080566406,0.24719949066638947,0.42409205436706543,0.5406714081764221
Zero Padding,5143,0,-0.2589966356754303,0.24531181156635284,0.4192788898944855,0.544987678527832
Zero Padding,5144,0,-0.2777668237686157,-0.051901139318943024,0.429065078496933,0.543984055519104
Zero Padding,5158,0,-0.3171306252479553,0.007848117500543594,0.44464609026908875,0.5562119483947754
Zero Padding,5164,0,-0.2672556936740875,0.0025123117957264185,0.4203241467475891,0.5462015867233276
Zero Padding,5172,0,-0.2770977318286896,-0.04566200450062752,0.43168506026268005,0.5611329674720764
Zero Padding,5195,0,-0.2680666446685791,0.09934284538030624,0.4218812882900238,0.5448095202445984
Zero Padding,5212,0,-0.2305586338043213,-0.03859860822558403,0.3611031770706177,0.5279598832130432
Zero Padding,5216,0,-0.19943641126155853,0.13312461972236633,0.42932868003845215,0.5135894417762756
Zero Padding,5217,0,-0.2598777413368225,0.17083457112312317,0.4329826831817627,0.43129897117614746
Zero Padding,5220,0,-0.25100791454315186,0.009297872893512249,0.5468370914459229,0.5238118171691895
Zero Padding,5226,0,-0.2662995159626007,0.04081612452864647,0.4126315712928772,0.5377607941627502
Zero Padding,5227,0,-0.22929517924785614,0.21187865734100342,0.3895043134689331,0.5254986882209778
Zero Padding,5232,0,-0.2082691192626953,-0.00824962928891182,0.3933756947517395,0.5117027759552002
Zero Padding,5240,0,-0.2680145800113678,0.16336533427238464,0.4606342613697052,0.5341262817382812
Zero Padding,5250,0,-0.2244996428489685,0.005579011514782906,0.42025724053382874,0.5166149735450745
Zero Padding,5259,0,-0.2938736379146576,-0.1892341673374176,0.4496583342552185,0.5581180453300476
Zero Padding,5261,0,-0.1946667730808258,0.010363844223320484,0.35069629549980164,0.5148698687553406
Zero Padding,5268,0,-0.25499969720840454,0.15494683384895325,0.418646901845932,0.5369281768798828
Zero Padding,5269,0,-0.26116669178009033,0.20203357934951782,0.4115096926689148,0.5428839921951294
Zero Padding,5272,0,-0.25301826000213623,0.04421481117606163,0.43383166193962097,0.5424697995185852
Zero Padding,5279,0,-0.22342094779014587,0.03524215891957283,0.4583926796913147,0.36255672574043274
Zero Padding,5287,0,-0.2047116905450821,-0.09940344095230103,0.45441704988479614,0.5144529938697815
Zero Padding,5288,0,-0.2164740264415741,0.006964984815567732,0.4511951506137848,0.5171895027160645
Zero Padding,5291,0,-0.28263917565345764,0.07962220907211304,0.4221174418926239,0.538045346736908
Zero Padding,5314,0,-0.36476930975914,-0.01695439964532852,0.5041695833206177,0.579384446144104
Zero Padding,5321,0,-0.26097261905670166,-0.049243707209825516,0.4534853398799896,0.5676547288894653
Zero Padding,5325,0,-0.29503557085990906,0.010299259796738625,0.443304181098938,0.552969217300415
Zero Padding,5327,0,-0.24893473088741302,0.07843706756830215,0.436616450548172,0.5245288610458374
Zero Padding,5332,0,-0.2558358907699585,-0.028021784499287605,0.44343194365501404,0.5460689663887024
Zero Padding,5336,0,-0.10194448381662369,-0.09123890846967697,0.44896364212036133,0.3253701329231262
Zero Padding,5337,0,-0.29205435514450073,0.08495733886957169,0.3816566467285156,0.5547912120819092
Zero Padding,5338,0,-0.25635722279548645,0.1997133493423462,0.4135020077228546,0.5404868721961975
Zero Padding,5361,0,-0.2501004934310913,-0.039258040487766266,0.45028990507125854,0.5405349135398865
Zero Padding,5363,0,-0.3967685103416443,-0.04640040919184685,0.38944894075393677,0.6632293462753296
Zero Padding,5369,0,-0.22743232548236847,-0.1276616007089615,0.4003661572933197,0.5295714735984802
Zero Padding,5371,0,-0.20970289409160614,0.1532713621854782,0.44632646441459656,0.5115436911582947
Zero Padding,5373,0,-0.25606411695480347,0.12758450210094452,0.41982296109199524,0.5377113819122314
Zero Padding,5376,0,-0.25337979197502136,0.027464652433991432,0.4605608582496643,0.38314947485923767
Zero Padding,5378,0,-0.27394968271255493,-0.017004631459712982,0.42463284730911255,0.5237623453140259
Zero Padding,5379,0,-0.25814154744148254,-0.01587691530585289,0.4246569275856018,0.5145372152328491
Zero Padding,5389,0,-0.145646870136261,-0.0388948917388916,0.45818763971328735,0.5064482688903809
Zero Padding,5410,0,-0.3110274374485016,-0.0026901813689619303,0.41697052121162415,0.5504690408706665
Zero Padding,5426,0,0.03486686199903488,-0.06842506676912308,0.476581871509552,0.42309826612472534
Zero Padding,5428,0,-0.222314715385437,0.13112890720367432,0.4199248254299164,0.5231814980506897
Zero Padding,5448,0,-0.2538664638996124,0.02190566621720791,0.4545142352581024,0.5371654629707336
Zero Padding,5461,0,-0.1366855502128601,-0.043133098632097244,0.42832356691360474,0.465284138917923
Zero Padding,5462,0,-0.12183693796396255,-0.035129934549331665,0.43391895294189453,0.4555602967739105
Zero Padding,5464,0,-0.24575237929821014,-0.13422533869743347,0.45098766684532166,0.5351147651672363
Zero Padding,5466,0,-0.30395591259002686,-0.0324581079185009,0.3854497969150543,0.5412687659263611
Zero Padding,5480,0,-0.24036480486392975,0.13179734349250793,0.42560142278671265,0.5333691239356995
Zero Padding,5486,0,-0.24823859333992004,-0.09283992648124695,0.44435712695121765,0.5439797043800354
Zero Padding,5526,0,-0.27918505668640137,-0.021582018584012985,0.46539512276649475,0.551361083984375
Zero Padding,5533,0,-0.23216749727725983,-0.0063950070179998875,0.43717825412750244,0.5288043022155762
Zero Padding,5540,0,-0.23663586378097534,-0.03216445446014404,0.43563011288642883,0.5139843225479126
Zero Padding,5541,0,-0.2753393054008484,-0.026682568714022636,0.30586352944374084,0.5255886912345886
Zero Padding,5548,0,-0.2562868595123291,0.12494169175624847,0.4337918758392334,0.5399804711341858
Zero Padding,5557,0,-0.33264634013175964,-0.024644577875733376,0.42132535576820374,0.5784358382225037
Zero Padding,5560,0,-0.28818362951278687,0.06397730857133865,0.44045668840408325,0.5410544276237488
Zero Padding,5563,0,-0.22126048803329468,0.1481592357158661,0.3917330801486969,0.5196405649185181
Zero Padding,5565,0,-0.31761378049850464,0.10441963374614716,0.4493304491043091,0.5762630105018616
Zero Padding,5578,0,-0.21854771673679352,-0.05243514105677605,0.39623838663101196,0.520017147064209
Zero Padding,5582,0,-0.31601226329803467,0.04134387522935867,0.4476602077484131,0.5475214123725891
Zero Padding,5590,0,-0.30336588621139526,0.1865558624267578,0.47792598605155945,0.571934700012207
Zero Padding,5607,0,-0.263273149728775,0.15533871948719025,0.42557966709136963,0.5342401266098022
Zero Padding,5618,0,-0.16844505071640015,-0.06398718804121017,0.4510807991027832,0.4996855854988098
Zero Padding,5634,0,-0.34360337257385254,0.14186611771583557,0.4880834221839905,0.5190147757530212
Zero Padding,5636,0,-0.25088948011398315,0.14090876281261444,0.4109092652797699,0.5301851630210876
Zero Padding,5639,0,-0.2407890409231186,0.02104063518345356,0.44958972930908203,0.5350330471992493
Zero Padding,5640,0,-0.2751530110836029,0.21830712258815765,0.4739201068878174,0.54426509141922
Zero Padding,5647,0,-0.2510516941547394,-0.09255087375640869,0.4592452645301819,0.5277118682861328
Zero Padding,5664,0,-0.2966844141483307,-0.12967632710933685,0.4074186086654663,0.5556879043579102
Zero Padding,5666,0,-0.34463995695114136,0.006989020388573408,0.3971385657787323,0.5874346494674683
Zero Padding,5672,0,-0.3838624358177185,0.010811518877744675,0.46785280108451843,0.6084670424461365
Zero Padding,5684,0,-0.18853068351745605,0.1513974815607071,0.40890249609947205,0.5078452825546265
Zero Padding,5691,0,-0.2818950116634369,-0.03139258176088333,0.4343581795692444,0.5271957516670227
Zero Padding,5697,0,-0.2414095103740692,0.11755724251270294,0.42862361669540405,0.5354569554328918
Zero Padding,5708,0,-0.22143472731113434,0.15007080137729645,0.4320105314254761,0.5273856520652771
Zero Padding,5715,0,-0.2681788206100464,-0.17181307077407837,0.4258742034435272,0.5408462882041931
Zero Padding,5740,0,-0.38501453399658203,0.10170285403728485,0.4560203552246094,0.5105320811271667
Zero Padding,5741,0,-0.2419760525226593,-0.08658892661333084,0.42004239559173584,0.5207628607749939
Zero Padding,5745,0,-0.27138644456863403,0.23688173294067383,0.4545276165008545,0.5476006865501404
Zero Padding,5762,0,-0.20363950729370117,-0.18970133364200592,0.476571649312973,0.5094058513641357
Zero Padding,5777,0,-0.24967627227306366,0.17739135026931763,0.42428070306777954,0.529213011264801
Zero Padding,5795,0,-0.28669923543930054,-0.017853571102023125,0.40263137221336365,0.5509033203125
Zero Padding,5798,0,-0.30783790349960327,-0.06022937223315239,0.44732382893562317,0.5456178188323975
Zero Padding,5811,0,-0.36301711201667786,-0.16156108677387238,0.45011332631111145,0.5896829962730408
Zero Padding,5827,0,-0.20624728500843048,-0.11478154361248016,0.4471667408943176,0.5154538750648499
Zero Padding,5829,0,-0.2519075572490692,0.19237875938415527,0.41503459215164185,0.5361519455909729
Zero Padding,5833,0,-0.19427306950092316,-0.07122215628623962,0.4807067811489105,0.5135594010353088
Zero Padding,5834,0,-0.3048000931739807,-0.05484583228826523,0.4730764925479889,0.4648621678352356
Zero Padding,5836,0,-0.2590215504169464,0.008263221010565758,0.46254268288612366,0.5362042188644409
Zero Padding,5842,0,-0.3154125511646271,0.10601679235696793,0.4544696509838104,0.5709565281867981
Zero Padding,5848,0,-0.2763013541698456,0.017543938010931015,0.4552195370197296,0.5533363819122314
Zero Padding,5850,0,-0.2750658094882965,-0.16519193351268768,0.43248334527015686,0.5526430010795593
Zero Padding,5853,0,-0.07514256238937378,-0.07356087863445282,0.4588572680950165,0.4636605679988861
Zero Padding,5875,0,-0.471189022064209,0.003339830320328474,0.45430341362953186,0.6651795506477356
Zero Padding,5876,0,-0.28514423966407776,-0.06156110018491745,0.4401037096977234,0.5419709086418152
Zero Padding,5887,0,-0.2345748394727707,0.19717782735824585,0.4194701910018921,0.5274924635887146
Zero Padding,5896,0,-0.205036461353302,-0.08343695849180222,0.4715622067451477,0.5155647993087769
Zero Padding,5907,0,-0.25554579496383667,0.0597178190946579,0.4680446982383728,0.532467246055603
Zero Padding,5909,0,-0.2445225566625595,-0.015651851892471313,0.3969886004924774,0.5401362776756287
Zero Padding,5912,0,-0.2926522493362427,0.13575634360313416,0.4116468131542206,0.5619872808456421
Zero Padding,5913,0,-0.2615184485912323,-0.14860686659812927,0.4367683529853821,0.43852347135543823
Zero Padding,5919,0,-0.2901323437690735,-0.09119708836078644,0.48742908239364624,0.5482152104377747
Zero Padding,5922,0,-0.21667486429214478,0.046767860651016235,0.4428200125694275,0.5069875717163086
Zero Padding,5928,0,-0.23767229914665222,-0.014619136229157448,0.4312182068824768,0.5298429131507874
Zero Padding,5930,0,-0.28835779428482056,0.003429490141570568,0.4394068419933319,0.5425865054130554
Zero Padding,5933,0,-0.07295338064432144,-0.041657377034425735,0.4486753046512604,0.45359429717063904
Zero Padding,5940,0,-0.33875781297683716,-0.060172878205776215,0.49995550513267517,0.5859451293945312
Zero Padding,5949,0,-0.30374863743782043,-0.11687372624874115,0.4304402470588684,0.5608928203582764
Zero Padding,5951,0,-0.2639681398868561,-0.023708608001470566,0.4487594664096832,0.5431710481643677
Zero Padding,5972,0,-0.18387168645858765,-0.020944036543369293,0.43012797832489014,0.48947396874427795
Zero Padding,5981,0,-0.2584291994571686,0.052645958960056305,0.4746995270252228,0.540809690952301
Zero Padding,5984,0,-0.2113247811794281,-0.0179319866001606,0.4052768349647522,0.5281676650047302
Zero Padding,5985,0,-0.21811386942863464,0.17838624119758606,0.41912829875946045,0.5222111940383911
Zero Padding,5986,0,-0.24342025816440582,-0.0027825504075735807,0.40556928515434265,0.5326488018035889
Zero Padding,5995,0,-0.36647725105285645,-0.03812682628631592,0.4584539532661438,0.5727405548095703
Zero Padding,5997,0,-0.15321563184261322,0.0002800608053803444,0.44613152742385864,0.4886828064918518
Zero Padding,5998,0,-0.17199315130710602,0.002454376081004739,0.46256694197654724,0.4984079897403717
Zero Padding,6000,0,-0.294816255569458,-0.13369858264923096,0.42011985182762146,0.5544596314430237
Zero Padding,6008,0,-0.20846454799175262,-0.040031928569078445,0.41967999935150146,0.49585145711898804
Zero Padding,6009,0,-0.2308514416217804,-0.031761303544044495,0.42762085795402527,0.5034189820289612
Zero Padding,6012,0,-0.2461421936750412,-0.004039512015879154,0.41553330421447754,0.5371019244194031
Zero Padding,6020,0,-0.25826793909072876,0.013088197447359562,0.453814297914505,0.547444224357605
Zero Padding,6024,0,-0.22616803646087646,-0.021012919023633003,0.4211098253726959,0.5324177145957947
Zero Padding,6035,0,-0.2690194845199585,-0.049531061202287674,0.4325447380542755,0.5387172102928162
Zero Padding,6043,0,-0.23079225420951843,0.211846262216568,0.49982279539108276,0.5291256904602051
Zero Padding,6044,0,-0.2670784592628479,0.14478757977485657,0.4534315764904022,0.5475163459777832
Zero Padding,6045,0,-0.22235095500946045,-0.052076127380132675,0.42912858724594116,0.5339982509613037
Zero Padding,6047,0,-0.2171259969472885,-0.16543251276016235,0.4402424395084381,0.518868088722229
Zero Padding,6051,0,-0.25303682684898376,-0.1301961988210678,0.4915565252304077,0.5227878093719482
Zero Padding,6053,0,-0.1940825879573822,-0.08556442707777023,0.44319307804107666,0.5175487399101257
Zero Padding,6055,0,-0.3857399821281433,0.02564772218465805,0.44979968667030334,0.5758314728736877
Zero Padding,6057,0,-0.2960522770881653,-0.09277206659317017,0.502469003200531,0.5566006302833557
Zero Padding,6058,0,-0.3881534934043884,-0.08577602356672287,0.5185876488685608,0.42824751138687134
Zero Padding,6059,0,-0.19483116269111633,0.022101065143942833,0.42067012190818787,0.5154058933258057
Zero Padding,6064,0,-0.2904658615589142,0.10650255531072617,0.44666850566864014,0.5613366961479187
Zero Padding,6069,0,-0.24811246991157532,0.23042476177215576,0.4186173379421234,0.5331070423126221
Zero Padding,6092,0,-0.08705370873212814,-0.0511385016143322,0.4426882565021515,0.4485560953617096
Zero Padding,6101,0,-0.23099589347839355,0.17215950787067413,0.4626220762729645,0.5310549736022949
Zero Padding,6125,0,-0.2648000419139862,-0.029940329492092133,0.40961819887161255,0.5443283319473267
Zero Padding,6127,0,-0.4264301657676697,-0.04514297470450401,0.4579194188117981,0.6418448090553284
Zero Padding,6131,0,-0.43322259187698364,-0.06948820501565933,0.4642728865146637,0.6229627728462219
Zero Padding,6136,0,-0.19365444779396057,-0.11695118248462677,0.4954589903354645,0.5119777917861938
Zero Padding,6139,0,-0.23448099195957184,0.24632149934768677,0.4356602430343628,0.527787446975708
Zero Padding,6142,0,-0.24786880612373352,-0.17724689841270447,0.4657883048057556,0.5422677397727966
Zero Padding,6145,0,-0.2771803140640259,0.02646689862012863,0.43235334753990173,0.5310543775558472
Zero Padding,6149,0,-0.24367918074131012,0.12056288868188858,0.4219624102115631,0.5183318257331848
Zero Padding,6155,0,-0.22802025079727173,0.1076320931315422,0.4796372354030609,0.5283218622207642
Zero Padding,6169,0,-0.19450846314430237,-0.092653788626194,0.446890652179718,0.5128551125526428
Zero Padding,6172,0,-0.33974379301071167,-0.021499276161193848,0.41123607754707336,0.5642662048339844
Zero Padding,6174,0,-0.2584163546562195,0.2418045699596405,0.4148070514202118,0.5393597483634949
Zero Padding,6182,0,-0.23121461272239685,-0.17859366536140442,0.44647112488746643,0.5300573706626892
Zero Padding,6195,0,-0.21999453008174896,0.011227170005440712,0.4468097686767578,0.5136255621910095
Zero Padding,6199,0,-0.29936885833740234,0.1341642141342163,0.419133722782135,0.5544235706329346
Zero Padding,6201,0,-0.2620046138763428,0.2050265669822693,0.41403236985206604,0.5440337061882019
Zero Padding,6218,0,-0.2775993049144745,0.10634179413318634,0.44560226798057556,0.5442259311676025
Zero Padding,6227,0,-0.3221920132637024,0.017755119130015373,0.4451262056827545,0.5708785653114319
Zero Padding,6238,0,-0.3306373655796051,-0.03283877670764923,0.4015667736530304,0.5885438323020935
Zero Padding,6253,0,-0.328351229429245,-0.1384652554988861,0.4517636001110077,0.5723505020141602
Zero Padding,6269,0,-0.2512625753879547,0.034560393542051315,0.4280970096588135,0.5286373496055603
Zero Padding,6286,0,-0.3854285478591919,-0.12483519315719604,0.48294857144355774,0.4546241760253906
Zero Padding,6301,0,-0.3648308515548706,-0.043154653161764145,0.4030791223049164,0.624716579914093
Zero Padding,6304,0,-0.21870151162147522,0.08494102954864502,0.4359743595123291,0.5165265798568726
Zero Padding,6322,0,-0.2207109034061432,0.04500224068760872,0.4569949805736542,0.5225496888160706
Zero Padding,6333,0,-0.2972319424152374,-0.15599733591079712,0.4718441069126129,0.5495322346687317
Zero Padding,6341,0,-0.19932274520397186,0.2514742314815521,0.4316262900829315,0.515446126461029
Zero Padding,6347,0,-0.3561158776283264,0.050933703780174255,0.4832783043384552,0.4772285521030426
Zero Padding,6354,0,-0.29438796639442444,-0.036074958741664886,0.4338260889053345,0.5635687708854675
Zero Padding,6360,0,-0.27228912711143494,-0.0215761736035347,0.3859807252883911,0.5360192656517029
Zero Padding,6361,0,-0.2646245062351227,-0.007287394255399704,0.38472503423690796,0.5272625684738159
Zero Padding,6366,0,-0.23481416702270508,-0.08013424277305603,0.45813602209091187,0.5238383412361145
Zero Padding,6369,0,-0.41370144486427307,0.01597033068537712,0.4513193666934967,0.6136040687561035
Zero Padding,6372,0,-0.2828786373138428,-0.023127462714910507,0.4555405080318451,0.5018796920776367
Zero Padding,6381,0,-0.2917969524860382,0.13884428143501282,0.42991191148757935,0.5456523895263672
Zero Padding,6398,0,-0.22870653867721558,0.12808257341384888,0.37665119767189026,0.5262430310249329
Zero Padding,6403,0,-0.37605416774749756,-0.04076044261455536,0.4489380121231079,0.5933550000190735
Zero Padding,6410,0,-0.28007450699806213,0.03165629506111145,0.4435928463935852,0.5475357174873352
Zero Padding,6431,0,-0.25240880250930786,-0.06296283006668091,0.42939022183418274,0.5398232936859131
Zero Padding,6452,0,-0.20971518754959106,-0.099416583776474,0.5283101201057434,0.5054545998573303
Zero Padding,6456,0,-0.2826152741909027,0.00158678088337183,0.4391889274120331,0.5417599081993103
Zero Padding,6457,0,-0.22399026155471802,-0.1132744550704956,0.41461822390556335,0.527831494808197
Zero Padding,6466,0,-0.1230703666806221,0.042699508368968964,0.44776663184165955,0.48261773586273193
Zero Padding,6468,0,-0.24488994479179382,0.15811511874198914,0.3941297233104706,0.5416837334632874
Zero Padding,6471,0,-0.21853256225585938,-0.09355828166007996,0.4546869695186615,0.5218682289123535
Zero Padding,6473,0,-0.2545332610607147,0.23235933482646942,0.40909525752067566,0.537538468837738
Zero Padding,6479,0,-0.30999481678009033,-0.05852391570806503,0.4005652368068695,0.5790598392486572
Zero Padding,6483,0,-0.18262121081352234,0.03726915270090103,0.44692742824554443,0.5072060823440552
Zero Padding,6496,0,-0.3154533803462982,-0.03298112004995346,0.42165762186050415,0.5688033103942871
Zero Padding,6501,0,-0.2151918113231659,0.17653150856494904,0.44571277499198914,0.5184999704360962
Zero Padding,6502,0,-0.2635518014431,-0.032041698694229126,0.4105164110660553,0.5402148365974426
Zero Padding,6516,0,-0.29177331924438477,0.08672960847616196,0.44802072644233704,0.5460023880004883
Zero Padding,6522,0,-0.23938781023025513,0.1699458658695221,0.4309813976287842,0.5357309579849243
Zero Padding,6538,0,-0.29364311695098877,-0.021157171577215195,0.44114813208580017,0.540329098701477
Zero Padding,6544,0,-0.26339471340179443,0.188384011387825,0.4164119064807892,0.5489189624786377
Zero Padding,6549,0,-0.21731914579868317,-0.05230899900197983,0.4385208785533905,0.5188301205635071
Zero Padding,6553,0,-0.21154284477233887,-0.023598065599799156,0.4413519501686096,0.5150086283683777
Zero Padding,6560,0,-0.23608165979385376,-0.04066774994134903,0.41570574045181274,0.527574896812439
Zero Padding,6562,0,-0.36116811633110046,-0.03381536900997162,0.4121585190296173,0.5939302444458008
Zero Padding,6581,0,-0.2037740796804428,0.010379258543252945,0.4608241021633148,0.5085158348083496
Zero Padding,6587,0,-0.2620622217655182,0.11071687191724777,0.4266633093357086,0.537765383720398
Zero Padding,6593,0,-0.21920561790466309,-0.12984535098075867,0.4051211476325989,0.5202478766441345
Zero Padding,6596,0,-0.31492650508880615,-0.08436320722103119,0.4661480188369751,0.5631709098815918
Zero Padding,6602,0,-0.24587199091911316,0.06617502123117447,0.4245023727416992,0.5220882892608643
Zero Padding,6606,0,0.0052286372520029545,-0.061113469302654266,0.46588394045829773,0.4271835386753082
Zero Padding,6609,0,-0.29088443517684937,-0.04838375002145767,0.42933937907218933,0.528856635093689
Zero Padding,6610,0,-0.29556897282600403,-0.020955322310328484,0.4200758934020996,0.5464994311332703
Zero Padding,6612,0,-0.24366536736488342,0.19078853726387024,0.3964426815509796,0.5283165574073792
Zero Padding,6618,0,-0.2030366063117981,0.0048728445544838905,0.4101024866104126,0.5236384272575378
Zero Padding,6623,0,-0.2246503382921219,-0.17701470851898193,0.448149174451828,0.5186681151390076
Zero Padding,6624,0,-0.27465760707855225,0.047126032412052155,0.4869508147239685,0.5467817187309265
Zero Padding,6625,0,-0.1137184277176857,0.036049410700798035,0.4724503457546234,0.4789976179599762
Zero Padding,6660,0,-0.2510923147201538,0.16795361042022705,0.48575061559677124,0.5158128142356873
Zero Padding,6672,0,-0.1699354350566864,-0.15409626066684723,0.47508054971694946,0.5025079846382141
Zero Padding,6673,0,-0.18954749405384064,-0.0814647525548935,0.4764021039009094,0.5105562210083008
Zero Padding,6684,0,-0.2756465673446655,0.03076890856027603,0.526599109172821,0.5703161358833313
Zero Padding,6686,0,-0.15618851780891418,-0.18312112987041473,0.44616666436195374,0.4927530586719513
Zero Padding,6688,0,-0.2377721667289734,0.0008643690962344408,0.409631609916687,0.5294833779335022
Zero Padding,6690,0,-0.3665012717247009,-0.03552020341157913,0.5087200403213501,0.5706634521484375
Zero Padding,6695,0,-0.27928557991981506,0.21403837203979492,0.40753263235092163,0.5615599155426025
Zero Padding,6709,0,-0.05364767834544182,-0.07373067736625671,0.4564574062824249,0.44092682003974915
Zero Padding,6714,0,-0.3014605641365051,-0.1058504655957222,0.47569194436073303,0.5699461102485657
Zero Padding,6725,0,-0.1909630447626114,0.13060250878334045,0.4636295735836029,0.495399534702301
Zero Padding,6729,0,-0.22622789442539215,0.03344953432679176,0.482969731092453,0.5370017886161804
Zero Padding,6730,0,-0.2425609529018402,-0.07336441427469254,0.4263148903846741,0.5351499915122986
Zero Padding,6742,0,-0.3287261128425598,-0.014991601929068565,0.4461871087551117,0.5741221904754639
Zero Padding,6747,0,-0.1359550654888153,-0.07816460728645325,0.4609653353691101,0.4933043122291565
Zero Padding,6748,0,-0.31701549887657166,-0.01785437949001789,0.4304214119911194,0.5545005202293396
Zero Padding,6749,0,-0.29382383823394775,-0.027439787983894348,0.4328462481498718,0.5391713976860046
Zero Padding,6752,0,-0.28404319286346436,0.009976780042052269,0.4451584219932556,0.5574532151222229
Zero Padding,6762,0,-0.3242689371109009,-0.00566441472619772,0.409212201833725,0.5713548064231873
Zero Padding,6781,0,-0.2740301191806793,0.021075500175356865,0.44005879759788513,0.5418511033058167
Zero Padding,6787,0,-0.20345230400562286,0.053721893578767776,0.4322627782821655,0.52299964427948
Zero Padding,6803,0,-0.19834941625595093,-0.08752115070819855,0.4536627531051636,0.5055187344551086
Zero Padding,6804,0,-0.34017932415008545,-0.11928607523441315,0.4794251620769501,0.5903556942939758
Zero Padding,6806,0,-0.2729891836643219,0.027616480365395546,0.5006183385848999,0.5514664649963379
Zero Padding,6818,0,-0.29532819986343384,0.20365974307060242,0.43010464310646057,0.5650463700294495
Zero Padding,6819,0,-0.3672512173652649,-0.03021622821688652,0.38501277565956116,0.6271059513092041
Zero Padding,6821,0,-0.3016546368598938,-0.11437336355447769,0.44061070680618286,0.5669416785240173
Zero Padding,6833,0,-0.2910737991333008,0.1344464123249054,0.41408219933509827,0.5524874329566956
Zero Padding,6854,0,-0.2900509834289551,0.17317287623882294,0.4360886812210083,0.5448113679885864
Zero Padding,6857,0,-0.2830599546432495,0.18725910782814026,0.44921860098838806,0.5465899109840393
Zero Padding,6864,0,-0.2862708568572998,-0.07081770151853561,0.4559619724750519,0.5289949774742126
Zero Padding,6882,0,-0.22566452622413635,-0.0353727713227272,0.4112865626811981,0.5282434821128845
Zero Padding,6888,0,-0.2531581223011017,-0.021311555057764053,0.37850338220596313,0.5514605045318604
Zero Padding,6906,0,-0.25876954197883606,-0.056340500712394714,0.4641270935535431,0.4056873619556427
Zero Padding,6911,0,-0.23723052442073822,-0.07749160379171371,0.4352436661720276,0.5359922051429749
Zero Padding,6922,0,-0.2508811950683594,0.15204207599163055,0.38826313614845276,0.5357327461242676
Zero Padding,6932,0,-0.25646013021469116,-0.03409001976251602,0.40464627742767334,0.5385223627090454
Zero Padding,6933,0,-0.21934659779071808,-0.08300413191318512,0.4943690001964569,0.5171715617179871
Zero Padding,6937,0,-0.2669554650783539,0.0199599526822567,0.4905105233192444,0.5535679459571838
Zero Padding,6955,0,-0.2785484194755554,-0.09025335311889648,0.4540870487689972,0.5343464016914368
Zero Padding,6957,0,-0.18578429520130157,0.1798296421766281,0.4388561248779297,0.5161920785903931
Zero Padding,6985,0,-0.23270279169082642,0.24147771298885345,0.448789119720459,0.5260828137397766
Zero Padding,6988,0,-0.36135560274124146,-0.06778482347726822,0.4851999878883362,0.5936278104782104
Zero Padding,6992,0,-0.3746912479400635,0.006399490404874086,0.4439346194267273,0.5875626802444458
Zero Padding,7001,0,-0.29314538836479187,-0.027341002598404884,0.418050616979599,0.5422312021255493
Zero Padding,7002,0,-0.25454503297805786,-0.04760231077671051,0.4207569658756256,0.5388584136962891
Zero Padding,7013,0,-0.2314995527267456,0.0017128547187894583,0.4538896977901459,0.5320101380348206
Zero Padding,7022,0,-0.2707419693470001,0.02219046838581562,0.44843173027038574,0.548511803150177
Zero Padding,7035,0,-0.28123003244400024,-0.07709634304046631,0.3819935619831085,0.549627423286438
Zero Padding,7037,0,-0.3131188750267029,0.08667334914207458,0.44798189401626587,0.5632239580154419
Zero Padding,7039,0,-0.29772496223449707,-0.049776334315538406,0.3881933391094208,0.5523640513420105
Zero Padding,7041,0,-0.45039331912994385,0.003705353941768408,0.4407716393470764,0.6399454474449158
Zero Padding,7045,0,-0.23345914483070374,0.03829675912857056,0.42766639590263367,0.35859259963035583
Zero Padding,7054,0,-0.32554975152015686,-0.03779119625687599,0.4415070712566376,0.5548754930496216
Zero Padding,7057,0,-0.3959365785121918,-0.02193446271121502,0.44529715180397034,0.6325811743736267
Zero Padding,7058,0,-0.3412591814994812,-0.027089323848485947,0.42909473180770874,0.5767486095428467
Zero Padding,7059,0,-0.2194315493106842,0.25552383065223694,0.42817965149879456,0.5213159918785095
Zero Padding,7062,0,-0.32293498516082764,0.01446682307869196,0.46121931076049805,0.5499682426452637
Zero Padding,7063,0,-0.3325304388999939,0.008286144584417343,0.45900124311447144,0.5594761371612549
Zero Padding,7072,0,-0.2968679368495941,-0.17586086690425873,0.45348215103149414,0.577023446559906
Zero Padding,7080,0,-0.19342094659805298,0.13752135634422302,0.48440563678741455,0.5186306834220886
Zero Padding,7086,0,-0.28493326902389526,0.001616417896002531,0.4372648298740387,0.529272198677063
Zero Padding,7090,0,-0.25858744978904724,0.17496424913406372,0.4239375591278076,0.5324289202690125
Zero Padding,7103,0,-0.4162192940711975,0.017697107046842575,0.43486571311950684,0.6143923401832581
Zero Padding,7104,0,-0.4313434958457947,-0.07556937634944916,0.43516242504119873,0.626207172870636
Zero Padding,7106,0,-0.24487505853176117,-0.049994293600320816,0.40640169382095337,0.5435314774513245
Zero Padding,7116,0,-0.23065845668315887,-0.12882788479328156,0.49749311804771423,0.5142537355422974
Zero Padding,7122,0,-0.319091260433197,-0.12242317199707031,0.48495325446128845,0.5676279067993164
Zero Padding,7129,0,-0.00758464727550745,-0.02871263027191162,0.45859023928642273,0.4305466413497925
Zero Padding,7134,0,-0.2035822868347168,0.037603430449962616,0.4765540361404419,0.5141612887382507
Zero Padding,7136,0,-0.3041764199733734,0.1469205915927887,0.44341230392456055,0.5755072832107544
Zero Padding,7143,0,-0.2859856188297272,-0.03226684033870697,0.4284414052963257,0.5464131832122803
Zero Padding,7150,0,-0.11881742626428604,-0.016569271683692932,0.459022581577301,0.45832332968711853
Zero Padding,7151,0,-0.1656917929649353,-0.03668563812971115,0.37905219197273254,0.47941121459007263
Zero Padding,7155,0,-0.16574910283088684,-0.06968192756175995,0.5095465183258057,0.48511752486228943
Zero Padding,7170,0,-0.2553827166557312,0.1654571145772934,0.3897685408592224,0.5457790493965149
Zero Padding,7172,0,-0.20420795679092407,0.11445391178131104,0.45336923003196716,0.4342057406902313
Zero Padding,7174,0,-0.2789947986602783,0.11006706207990646,0.4272997975349426,0.5374888777732849
Zero Padding,7188,0,-0.2722865641117096,-0.016996128484606743,0.4547893702983856,0.5360351204872131
Zero Padding,7195,0,-0.30892473459243774,0.08966340124607086,0.498282790184021,0.5404606461524963
Zero Padding,7203,0,-0.25925275683403015,0.16852614283561707,0.46370619535446167,0.5362128615379333
Zero Padding,7215,0,-0.3050968647003174,-0.16273394227027893,0.39827224612236023,0.5689712166786194
Zero Padding,7218,0,-0.2601169943809509,0.21969176828861237,0.43589529395103455,0.376182496547699
Zero Padding,7241,0,-0.32625138759613037,-0.04857376962900162,0.41209089756011963,0.5632380843162537
Zero Padding,7250,0,-0.2708813548088074,0.05008202791213989,0.4462432265281677,0.5570726990699768
Zero Padding,7269,0,-0.21463850140571594,0.07359758019447327,0.4500637352466583,0.5092242956161499
Zero Padding,7285,0,-0.39530444145202637,-0.14456188678741455,0.4785916805267334,0.5944238305091858
Zero Padding,7286,0,-0.24469304084777832,-0.06238590180873871,0.4380573332309723,0.5237871408462524
Zero Padding,7292,0,-0.23378027975559235,-0.003290157299488783,0.4437527358531952,0.5353685021400452
Zero Padding,7295,0,-0.35420918464660645,-0.12943144142627716,0.4502374827861786,0.5809016823768616
Zero Padding,7301,0,-0.2950522303581238,0.010249842889606953,0.4342309236526489,0.5708440542221069
Zero Padding,7302,0,-0.25579163432121277,-0.1778215765953064,0.46679872274398804,0.5448771119117737
Zero Padding,7305,0,-0.32441651821136475,-0.12340143322944641,0.45876574516296387,0.5733761787414551
Zero Padding,7306,0,-0.24344757199287415,-0.0032873107120394707,0.4738960862159729,0.515853226184845
Zero Padding,7325,0,0.0019897823221981525,-0.07347900420427322,0.4586332440376282,0.4274595081806183
Zero Padding,7326,0,-0.2894074022769928,-0.022438490763306618,0.4767066538333893,0.562777042388916
Zero Padding,7328,0,-0.2723720669746399,-0.030741848051548004,0.4513329565525055,0.5482385158538818
Zero Padding,7329,0,-0.183517187833786,0.11709822714328766,0.4636595845222473,0.5082152485847473
Zero Padding,7331,0,-0.11586344242095947,-0.056277211755514145,0.4351924657821655,0.46279120445251465
Zero Padding,7351,0,-0.3375190198421478,-0.054272301495075226,0.4636691212654114,0.5703487396240234
Zero Padding,7352,0,-0.29756325483322144,-0.03375633433461189,0.4485330283641815,0.5453596115112305
Zero Padding,7372,0,-0.27242863178253174,0.13726188242435455,0.46626242995262146,0.5453595519065857
Zero Padding,7384,0,-0.4020620584487915,0.007105359807610512,0.46791210770606995,0.6191491484642029
Zero Padding,7396,0,-0.15336570143699646,-0.1393207460641861,0.45950689911842346,0.5117107033729553
Zero Padding,7399,0,-0.20315255224704742,-0.06623507291078568,0.4925841987133026,0.5318859815597534
Zero Padding,7410,0,-0.28705573081970215,0.12389510124921799,0.48723360896110535,0.5317630767822266
Zero Padding,7422,0,-0.23820582032203674,0.08414698392152786,0.41250526905059814,0.5221116542816162
Zero Padding,7424,0,-0.30204057693481445,-0.007273604162037373,0.4629495441913605,0.5361471176147461
Zero Padding,7426,0,-0.17324000597000122,0.03987286984920502,0.4507196247577667,0.49808594584465027
Zero Padding,7430,0,-0.2890523076057434,-0.14934085309505463,0.5076156854629517,0.5708470940589905
Zero Padding,7432,0,-0.3089539706707001,-0.15333738923072815,0.43891575932502747,0.5599807500839233
Zero Padding,7439,0,-0.3593021333217621,-0.04777567461133003,0.46068400144577026,0.5688822269439697
Zero Padding,7445,0,-0.2724596858024597,-0.10648685693740845,0.44303178787231445,0.5228402614593506
Zero Padding,7449,0,-0.24861393868923187,0.22947224974632263,0.4668242335319519,0.5362915992736816
Zero Padding,7453,0,-0.22910523414611816,0.2225305438041687,0.39403438568115234,0.524802029132843
Zero Padding,7470,0,-0.28399497270584106,0.18933139741420746,0.4363168776035309,0.5529813766479492
Zero Padding,7502,0,-0.19448700547218323,-0.0190750565379858,0.3892081379890442,0.5029017329216003
Zero Padding,7504,0,-0.23637130856513977,0.1088099330663681,0.4128991365432739,0.532072126865387
Zero Padding,7517,0,-0.2700372338294983,-0.16561004519462585,0.4331315755844116,0.5401576161384583
Zero Padding,7542,0,-0.29310715198516846,0.0030832597985863686,0.4419611394405365,0.5519407391548157
Zero Padding,7546,0,-0.32171955704689026,0.08815758675336838,0.4283824861049652,0.56905198097229
Zero Padding,7549,0,-0.2956831455230713,-0.019053341820836067,0.4583125412464142,0.5485501289367676
Zero Padding,7552,0,-0.2660220265388489,0.15573976933956146,0.4439486563205719,0.5284440517425537
Zero Padding,7553,0,-0.10907535254955292,-0.07543230056762695,0.4835151731967926,0.4649471640586853
Zero Padding,7560,0,-0.28159695863723755,0.03005485236644745,0.41272029280662537,0.5478518009185791
Zero Padding,7562,0,-0.27779728174209595,-0.05664713680744171,0.4721237123012543,0.5441696047782898
Zero Padding,7571,0,-0.336963951587677,-0.061140406876802444,0.43434983491897583,0.5448790192604065
Zero Padding,7585,0,-0.1783333718776703,0.03147292509675026,0.4365951120853424,0.4922434389591217
Zero Padding,7591,0,-0.2293095737695694,0.00014846120029687881,0.4554262161254883,0.5184406638145447
Zero Padding,7592,0,-0.22920291125774384,0.10119990259408951,0.46259987354278564,0.5298978686332703
Zero Padding,7593,0,-0.23904964327812195,0.11129559576511383,0.4105479419231415,0.5267512202262878
Zero Padding,7594,0,-0.25336411595344543,-0.010089612565934658,0.44000938534736633,0.536003828048706
Zero Padding,7595,0,-0.2347564846277237,0.11194861680269241,0.4494003355503082,0.5272461771965027
Zero Padding,7606,0,-0.2422894537448883,-0.05247904732823372,0.4608783423900604,0.5437370538711548
Zero Padding,7620,0,-0.2428896278142929,0.21065571904182434,0.44087114930152893,0.5287147164344788
Zero Padding,7623,0,-0.2535805404186249,-0.006969567388296127,0.45336365699768066,0.5343747138977051
Zero Padding,7624,0,-0.3059876263141632,-0.01596394181251526,0.44665148854255676,0.5652004480361938
Zero Padding,7633,0,-0.22553369402885437,0.00421197060495615,0.4446796774864197,0.5392957329750061
Zero Padding,7660,0,-0.3021214008331299,0.19482670724391937,0.39761659502983093,0.5758377313613892
Zero Padding,7670,0,-0.24583479762077332,-0.01675153151154518,0.4378281533718109,0.5199294686317444
Zero Padding,7672,0,-0.2273087501525879,-0.025595836341381073,0.4365249574184418,0.5323249697685242
Zero Padding,7676,0,-0.3264232575893402,0.03919602930545807,0.42438626289367676,0.5703257918357849
Zero Padding,7682,0,-0.2829756438732147,-0.09891153872013092,0.4826640486717224,0.448375403881073
Zero Padding,7705,0,-0.2126287966966629,-0.04790807142853737,0.5069098472595215,0.5256938338279724
Zero Padding,7712,0,-0.22320257127285004,-0.00493993703275919,0.4278569221496582,0.5274075269699097
Zero Padding,7723,0,-0.2625479996204376,-0.19213956594467163,0.43063047528266907,0.5482461452484131
Zero Padding,7730,0,-0.2732820510864258,-0.019184855744242668,0.30649104714393616,0.5493730902671814
Zero Padding,7733,0,-0.26166781783103943,0.14714840054512024,0.4938991069793701,0.5299915075302124
Zero Padding,7740,0,-0.2241555154323578,-0.10312934219837189,0.4548563063144684,0.5278703570365906
Zero Padding,7744,0,-0.2426941692829132,0.23162274062633514,0.4198734760284424,0.534318745136261
Zero Padding,7745,0,-0.3480357527732849,-0.032238367944955826,0.44713884592056274,0.5766421556472778
Zero Padding,7756,0,-0.2804933190345764,0.14898677170276642,0.4179422855377197,0.5478335618972778
Zero Padding,7769,0,-0.2192765325307846,-0.006500350311398506,0.41239938139915466,0.5166786909103394
Zero Padding,7775,0,-0.2222544103860855,-0.029983341693878174,0.46012383699417114,0.5040509104728699
Zero Padding,7785,0,-0.30539289116859436,-0.06686142832040787,0.45655620098114014,0.5725475549697876
Zero Padding,7788,0,-0.22804906964302063,0.006964500993490219,0.423241525888443,0.5278763771057129
Zero Padding,7806,0,-0.38439860939979553,-0.06293317675590515,0.4577496647834778,0.5260769724845886
Zero Padding,7809,0,-0.29289624094963074,0.21000996232032776,0.4098626971244812,0.5605915784835815
Zero Padding,7812,0,-0.3265034556388855,-0.04245169460773468,0.37221261858940125,0.576528012752533
Zero Padding,7827,0,-0.27787595987319946,-0.1574864685535431,0.4176728129386902,0.5444326996803284
Zero Padding,7830,0,-0.1706431359052658,-0.03994232788681984,0.39312219619750977,0.5166574120521545
Zero Padding,7847,0,-0.3659641742706299,-0.044612959027290344,0.3765460252761841,0.5838473439216614
Zero Padding,7854,0,-0.24392332136631012,0.15731431543827057,0.4459359347820282,0.5337249636650085
Zero Padding,7865,0,-0.2946524918079376,-0.05527716130018234,0.4609500467777252,0.5613341331481934
Zero Padding,7869,0,-0.20775575935840607,-0.042606156319379807,0.42547544836997986,0.49935364723205566
Zero Padding,7873,0,-0.221388578414917,-0.029323380440473557,0.46269845962524414,0.5040811896324158
Zero Padding,7874,0,-0.2060488909482956,-0.01367186475545168,0.4622853398323059,0.498892605304718
Zero Padding,7879,0,-0.21022675931453705,-0.030146166682243347,0.48614972829818726,0.5236955881118774
Zero Padding,7881,0,-0.3517307639122009,-0.047689132392406464,0.39905408024787903,0.5907729864120483
Zero Padding,7903,0,-0.19649386405944824,-0.03677232190966606,0.3944539427757263,0.5270957350730896
Zero Padding,7912,0,-0.25651392340660095,-0.17513525485992432,0.44964101910591125,0.5434625148773193
Zero Padding,7917,0,-0.363014280796051,0.11221735179424286,0.4739409387111664,0.5879192352294922
Zero Padding,7922,0,-0.22371549904346466,-0.018201641738414764,0.4567442238330841,0.5045399069786072
Zero Padding,7928,0,-0.22330278158187866,-0.13312724232673645,0.4715314507484436,0.5073770880699158
Zero Padding,7945,0,-0.2529807984828949,-0.126235231757164,0.43717923760414124,0.5377090573310852
Zero Padding,7950,0,-0.2363108992576599,-0.007671361789107323,0.4317318797111511,0.5211961269378662
Zero Padding,7953,0,-0.1796489655971527,-0.023248782381415367,0.4338793456554413,0.5047799348831177
Zero Padding,7954,0,-0.2230556160211563,-0.16557757556438446,0.45783257484436035,0.5229666829109192
Zero Padding,7965,0,-0.1881491243839264,-0.05343217775225639,0.41182827949523926,0.5030481219291687
Zero Padding,7966,0,-0.19956088066101074,-0.05234857648611069,0.42533281445503235,0.5127770900726318
Zero Padding,7972,0,-0.23607568442821503,0.10817242413759232,0.41857385635375977,0.5241293907165527
Zero Padding,7986,0,-0.21284057199954987,-0.2040577381849289,0.4853031635284424,0.5242397785186768
Zero Padding,7991,0,-0.23897549510002136,-0.03675208240747452,0.4887334704399109,0.5314114093780518
Zero Padding,8007,0,-0.27858680486679077,-0.07926761358976364,0.43732279539108276,0.5400450825691223
Zero Padding,8012,0,-0.25627097487449646,-0.011407364159822464,0.4500335156917572,0.5380974411964417
Zero Padding,8018,0,-0.3080538809299469,0.0674767792224884,0.46490952372550964,0.5614681243896484
Zero Padding,8019,0,-0.24828505516052246,-0.03520311415195465,0.40015551447868347,0.5439216494560242
Zero Padding,8032,0,-0.2606334090232849,0.039649419486522675,0.43597617745399475,0.533376932144165
Zero Padding,8037,0,-0.23056577146053314,-0.08814194798469543,0.4986839294433594,0.5327572822570801
Zero Padding,8041,0,-0.36337172985076904,0.06573815643787384,0.4481262266635895,0.578925371170044
Zero Padding,8047,0,-0.25100624561309814,0.00901025626808405,0.4731315076351166,0.5248502492904663
Zero Padding,8050,0,-0.30506131052970886,-0.044302500784397125,0.43450620770454407,0.5347093343734741
Zero Padding,8065,0,-0.25012335181236267,-0.016554703935980797,0.4227919280529022,0.5424569845199585
Zero Padding,8072,0,-0.22818368673324585,0.08815076947212219,0.40883705019950867,0.5210762023925781
Zero Padding,8096,0,-0.2707129716873169,-0.05501069128513336,0.4207264184951782,0.5396229028701782
Zero Padding,8097,0,-0.13943690061569214,-0.16181997954845428,0.482754647731781,0.4786335229873657
Zero Padding,8103,0,-0.3365432024002075,-0.03946793079376221,0.46815842390060425,0.5652077794075012
Zero Padding,8105,0,-0.18788105249404907,0.04670809581875801,0.43557143211364746,0.5035884976387024
Zero Padding,8109,0,-0.2625328600406647,-0.06869886815547943,0.5025827288627625,0.538212239742279
Zero Padding,8116,0,-0.42414742708206177,-0.0030859713442623615,0.38487035036087036,0.6499754190444946
Zero Padding,8125,0,-0.24089762568473816,0.06280626356601715,0.4384478032588959,0.5289668440818787
Zero Padding,8154,0,-0.3311164975166321,-0.0057334695011377335,0.4377690553665161,0.5618714690208435
Zero Padding,8174,0,-0.2837914228439331,-0.022809898480772972,0.37231314182281494,0.5643025636672974
Zero Padding,8180,0,-0.14517435431480408,-0.02999962493777275,0.4706147015094757,0.4968237578868866
Zero Padding,8198,0,-0.20656663179397583,-0.010774167254567146,0.45674198865890503,0.5054071545600891
Zero Padding,8203,0,-0.26003870368003845,-0.018920425325632095,0.43057820200920105,0.5451398491859436
Zero Padding,8205,0,-0.237359881401062,0.05269623547792435,0.41921964287757874,0.5197481513023376
Zero Padding,8207,0,-0.2874172031879425,-0.19240328669548035,0.42876651883125305,0.5500613451004028
Zero Padding,8215,0,-0.24804896116256714,0.08582592010498047,0.43653926253318787,0.5277769565582275
Zero Padding,8217,0,-0.29859408736228943,-0.013715395703911781,0.4547230005264282,0.5564703941345215
Zero Padding,8236,0,-0.2398492693901062,-0.11560920625925064,0.43512147665023804,0.537504255771637
Zero Padding,8238,0,-0.19251345098018646,-0.046988800168037415,0.438607782125473,0.5181637406349182
Zero Padding,8244,0,-0.2374146580696106,0.008583472110331059,0.442212849855423,0.5082325339317322
Zero Padding,8248,0,-0.25250470638275146,-0.015120167285203934,0.3450237810611725,0.5418571829795837
Zero Padding,8262,0,-0.3110869824886322,0.1504095047712326,0.46974486112594604,0.5556958913803101
Zero Padding,8263,0,-0.1614636778831482,-0.11790011823177338,0.4607706367969513,0.5067794322967529
Zero Padding,8266,0,-0.27518486976623535,-0.043051786720752716,0.41792723536491394,0.5455160737037659
Zero Padding,8268,0,-0.22199586033821106,-0.05337582528591156,0.45277851819992065,0.525594174861908
Zero Padding,8269,0,-0.17099228501319885,-0.020097976550459862,0.43230095505714417,0.5032183527946472
Zero Padding,8283,0,-0.270457923412323,0.199342742562294,0.4406612515449524,0.544096052646637
Zero Padding,8285,0,-0.2206590473651886,0.12565770745277405,0.4637767970561981,0.5172529816627502
Zero Padding,8289,0,-0.2298060953617096,0.0011697495356202126,0.43643686175346375,0.521453320980072
Zero Padding,8291,0,-0.18244408071041107,0.02573864534497261,0.4612049460411072,0.5131238698959351
Zero Padding,8298,0,-0.39787590503692627,-0.07716009765863419,0.4427350163459778,0.6702080965042114
Zero Padding,8305,0,-0.36150652170181274,0.0333559475839138,0.4422059953212738,0.5947216153144836
Zero Padding,8314,0,-0.2759401202201843,0.2242320328950882,0.4446640610694885,0.5403764843940735
Zero Padding,8322,0,-0.4556458592414856,-0.008727607317268848,0.45726320147514343,0.6872708201408386
Zero Padding,8328,0,-0.2776719629764557,-0.03858549892902374,0.45695018768310547,0.538649320602417
Zero Padding,8335,0,-0.23625703155994415,-0.044466450810432434,0.41674235463142395,0.5362778902053833
Zero Padding,8341,0,-0.25365304946899414,0.14220473170280457,0.4223858118057251,0.5322914123535156
Zero Padding,8347,0,-0.23585189878940582,-0.08765310049057007,0.4261201322078705,0.5274531245231628
Zero Padding,8352,0,-0.23745211958885193,0.2172642946243286,0.3906409740447998,0.5231781005859375
Zero Padding,8360,0,-0.2382354438304901,-0.02135089412331581,0.44001418352127075,0.5213603377342224
Zero Padding,8362,0,-0.38326603174209595,0.06777946650981903,0.4792943000793457,0.6079365015029907
Zero Padding,8363,0,-0.2701244354248047,-0.052070386707782745,0.4442458152770996,0.5442328453063965
Zero Padding,8395,0,-0.27751389145851135,-0.03260425478219986,0.45197951793670654,0.5349769592285156
Zero Padding,8397,0,-0.2921476364135742,0.1173262968659401,0.43687495589256287,0.5511517524719238
Zero Padding,8402,0,-0.26272767782211304,0.12817026674747467,0.44839078187942505,0.5382031798362732
Zero Padding,8407,0,-0.19377145171165466,0.008799940347671509,0.4451958239078522,0.5022270083427429
Zero Padding,8415,0,-0.2531375586986542,0.20198068022727966,0.4381800591945648,0.5253794193267822
Zero Padding,8419,0,-0.2561519145965576,0.0036769178695976734,0.42978501319885254,0.5298221707344055
Zero Padding,8427,0,-0.24388253688812256,-0.17607295513153076,0.4182438254356384,0.5390047430992126
Zero Padding,8429,0,0.03863631188869476,-0.05058276653289795,0.5011956691741943,0.43274858593940735
Zero Padding,8431,0,-0.2870923578739166,0.11706796288490295,0.4581044912338257,0.532020092010498
Zero Padding,8432,0,-0.3666873872280121,-0.12497376650571823,0.4844999313354492,0.5875439643859863
Zero Padding,8442,0,-0.31806695461273193,-0.013214784674346447,0.4691743552684784,0.5593297481536865
Zero Padding,8461,0,-0.22125443816184998,-0.011217726394534111,0.4703851342201233,0.5289824604988098
Zero Padding,8463,0,-0.25504589080810547,-0.03088724985718727,0.4426772892475128,0.5397257208824158
Zero Padding,8468,0,-0.24816420674324036,0.1836448609828949,0.4495072066783905,0.5168697834014893
Zero Padding,8473,0,-0.2656747102737427,0.20814625918865204,0.4198914170265198,0.5416867733001709
Zero Padding,8476,0,-0.3077090382575989,0.1351107656955719,0.4613952338695526,0.5673639178276062
Zero Padding,8490,0,-0.3128606677055359,-0.010582534596323967,0.46033114194869995,0.5530027151107788
Zero Padding,8505,0,-0.27944839000701904,-0.11210864037275314,0.4664672911167145,0.5457329154014587
Zero Padding,8509,0,-0.2472650557756424,-0.021179646253585815,0.4503931999206543,0.531051754951477
Zero Padding,8512,0,-0.30916130542755127,0.02346404269337654,0.44060802459716797,0.5476869940757751
Zero Padding,8518,0,-0.24919375777244568,-0.093505859375,0.4542804956436157,0.5406959652900696
Zero Padding,8522,0,-0.2571116089820862,0.01957402564585209,0.43508949875831604,0.5382214188575745
Zero Padding,8523,0,-0.39673036336898804,-0.040822699666023254,0.42815861105918884,0.6086853742599487
Zero Padding,8526,0,-0.23925107717514038,-0.05944490805268288,0.412711501121521,0.5274450182914734
Zero Padding,8541,0,-0.2912679612636566,0.1520015299320221,0.43047693371772766,0.55728679895401
Zero Padding,8549,0,-0.2107585370540619,0.02589171752333641,0.4316544234752655,0.5168250203132629
Zero Padding,8550,0,-0.2614308297634125,0.02693777345120907,0.46731042861938477,0.5345813035964966
Zero Padding,8555,0,-0.24793221056461334,-0.046664562076330185,0.43714040517807007,0.5369485020637512
Zero Padding,8563,0,-0.4253922700881958,-0.044163480401039124,0.4226442277431488,0.6425405740737915
Zero Padding,8565,0,-0.2357470691204071,-0.016828754916787148,0.4507102370262146,0.4981856942176819
Zero Padding,8566,0,-0.21620891988277435,-0.04246263578534126,0.44949406385421753,0.48783889412879944
Zero Padding,8567,0,-0.2569679319858551,-0.005608532577753067,0.42843228578567505,0.5474122166633606
Zero Padding,8577,0,-0.22390572726726532,0.21235701441764832,0.4314303398132324,0.5201358795166016
Zero Padding,8593,0,-0.26193109154701233,0.18557362258434296,0.43539196252822876,0.5366964340209961
Zero Padding,8594,0,-0.21116483211517334,-0.11542216688394547,0.5064123272895813,0.5024319887161255
Zero Padding,8609,0,-0.25486043095588684,0.18866375088691711,0.4542916417121887,0.531293511390686
Zero Padding,8623,0,-0.1900932788848877,-0.033627189695835114,0.43151581287384033,0.4925379753112793
Zero Padding,8628,0,-0.300902783870697,-0.05783258378505707,0.4306780993938446,0.5769757032394409
Zero Padding,8635,0,-0.2456754446029663,-0.14023828506469727,0.42679864168167114,0.5381578207015991
Zero Padding,8642,0,0.04569152742624283,0.050839778035879135,0.49751555919647217,0.4201228618621826
Zero Padding,8645,0,-0.2167632281780243,0.031535059213638306,0.4574778974056244,0.5197067260742188
Zero Padding,8646,0,-0.23022723197937012,-0.017848528921604156,0.3898833692073822,0.5419673323631287
Zero Padding,8650,0,-0.25606924295425415,-0.09153696894645691,0.4377062916755676,0.5389349460601807
Zero Padding,8653,0,-0.2183656394481659,-0.10294470191001892,0.44618749618530273,0.5177772045135498
Zero Padding,8654,0,-0.22968752682209015,-0.05872392654418945,0.4411422908306122,0.5301450490951538
Zero Padding,8662,0,-0.29583364725112915,-0.05518137291073799,0.4533516764640808,0.5514347553253174
Zero Padding,8679,0,-0.3241380751132965,-0.05690629035234451,0.42871493101119995,0.5608912706375122
Zero Padding,8680,0,-0.26371315121650696,-0.09174222499132156,0.4636979401111603,0.5467367768287659
Zero Padding,8699,0,-0.26448923349380493,0.015928013250231743,0.4355919361114502,0.549896240234375
Zero Padding,8721,0,-0.3002776801586151,-0.031859222799539566,0.4563162326812744,0.5687537789344788
Zero Padding,8726,0,-0.17980089783668518,-0.12328718602657318,0.3987314999103546,0.5127406120300293
Zero Padding,8748,0,-0.06186617165803909,0.02066466398537159,0.4576801359653473,0.4423581063747406
Zero Padding,8761,0,-0.338065505027771,-0.03032957762479782,0.410711407661438,0.5754286646842957
Zero Padding,8762,0,-0.28351712226867676,0.11367342621088028,0.4273087978363037,0.5573784708976746
Zero Padding,8774,0,-0.26321277022361755,-0.005366963800042868,0.4154493808746338,0.5452669262886047
Zero Padding,8776,0,-0.38624706864356995,-0.0641867071390152,0.4538973867893219,0.5859400033950806
Zero Padding,8781,0,-0.14866100251674652,0.027442147955298424,0.4190939962863922,0.4910975694656372
Zero Padding,8782,0,-0.24403606355190277,-0.14324253797531128,0.46728411316871643,0.5407925844192505
Zero Padding,8783,0,-0.21602630615234375,-0.04561401531100273,0.47394952178001404,0.5178006887435913
Zero Padding,8796,0,-0.28095152974128723,-0.014673469588160515,0.4468546509742737,0.5295965075492859
Zero Padding,8802,0,-0.25727158784866333,0.20661500096321106,0.49073025584220886,0.5411020517349243
Zero Padding,8807,0,-0.08101114630699158,-0.004865699447691441,0.46455520391464233,0.4530056416988373
Zero Padding,8816,0,-0.21375195682048798,0.006235681474208832,0.4276520907878876,0.5107091665267944
Zero Padding,8822,0,-0.19892899692058563,-0.16058257222175598,0.4463406801223755,0.3766050636768341
Zero Padding,8841,0,-0.21310263872146606,-0.026332568377256393,0.4432075619697571,0.5124908685684204
Zero Padding,8842,0,-0.3193487226963043,0.15110903978347778,0.5183783173561096,0.5447984933853149
Zero Padding,8852,0,-0.2350960075855255,0.24620668590068817,0.4362654685974121,0.532563328742981
Zero Padding,8858,0,-0.27669739723205566,0.18330791592597961,0.4393630921840668,0.5489056706428528
Zero Padding,8873,0,-0.22827878594398499,-0.14301206171512604,0.42041710019111633,0.5251739025115967
Zero Padding,8883,0,-0.26371967792510986,0.20964315533638,0.4712548851966858,0.5501828193664551
Zero Padding,8886,0,-0.3797672390937805,-0.12001211196184158,0.47442054748535156,0.5816838145256042
Zero Padding,8888,0,-0.27257370948791504,0.23619216680526733,0.4289875626564026,0.5498439073562622
Zero Padding,8891,0,-0.2881353497505188,-0.001354314386844635,0.4405145049095154,0.564311683177948
Zero Padding,8901,0,0.02312379702925682,-0.07145798951387405,0.4785941541194916,0.4289872944355011
Zero Padding,8908,0,-0.3215337097644806,-0.004143077880144119,0.4530298709869385,0.5715017318725586
Zero Padding,8924,0,-0.38620051741600037,0.0048049623146653175,0.41009053587913513,0.6106669306755066
Zero Padding,8927,0,-0.21936799585819244,0.1204056590795517,0.4120861291885376,0.5219815969467163
Zero Padding,8928,0,-0.44698697328567505,-0.06419031322002411,0.48837631940841675,0.6268048882484436
Zero Padding,8930,0,-0.20372141897678375,0.020272085443139076,0.4458220303058624,0.5122640132904053
Zero Padding,8942,0,-0.2130226343870163,-0.043282683938741684,0.4153154492378235,0.5187602639198303
Zero Padding,8955,0,-0.24184390902519226,-0.018882378935813904,0.442926824092865,0.5360409617424011
Zero Padding,8957,0,-0.3438725769519806,-0.07573139667510986,0.42660123109817505,0.5860705971717834
Zero Padding,8979,0,-0.2506609857082367,0.06475057452917099,0.4318707287311554,0.5297383069992065
Zero Padding,8982,0,-0.17655323445796967,-0.06779148429632187,0.46786826848983765,0.5066674947738647
Zero Padding,8983,0,-0.2550014555454254,-0.03937247395515442,0.4304731786251068,0.5461048483848572
Zero Padding,8993,0,-0.21882392466068268,-0.019085388630628586,0.4493277668952942,0.5089210867881775
Zero Padding,8998,0,-0.284273236989975,0.14936374127864838,0.4759536683559418,0.5433992147445679
Zero Padding,9000,0,-0.2267865240573883,-0.14095115661621094,0.4635953903198242,0.5154984593391418
Zero Padding,9008,0,-0.2637077569961548,0.05949545279145241,0.4529726207256317,0.3735237419605255
Zero Padding,9009,0,-0.29749271273612976,0.1927032321691513,0.4453466534614563,0.5569930672645569
Zero Padding,9014,0,-0.24386052787303925,0.14590081572532654,0.4248603582382202,0.5288479328155518
Zero Padding,9021,0,0.010172778740525246,-0.06841250509023666,0.527587354183197,0.4258650541305542
Zero Padding,9027,0,0.014246242120862007,-0.03746286779642105,0.461696058511734,0.42705997824668884
Zero Padding,9032,0,-0.29243695735931396,0.12046314030885696,0.43019986152648926,0.5589731335639954
Zero Padding,9042,0,-0.443889319896698,-0.03420506790280342,0.47132590413093567,0.5893512964248657
Zero Padding,9054,0,-0.35827672481536865,-0.07826622575521469,0.49992191791534424,0.45478156208992004
Zero Padding,9071,0,0.10396236181259155,-0.0088958740234375,0.4745021462440491,0.40822380781173706
Zero Padding,9074,0,-0.22255165874958038,-0.10513082146644592,0.34680578112602234,0.5302236676216125
Zero Padding,9080,0,-0.24095401167869568,-0.00510755367577076,0.4811818599700928,0.5327481627464294
Zero Padding,9112,0,-0.23181261122226715,0.26117199659347534,0.45221173763275146,0.5226578116416931
Zero Padding,9113,0,-0.260547012090683,0.22267580032348633,0.45850372314453125,0.5435315370559692
Zero Padding,9115,0,-0.3740576207637787,-0.09161293506622314,0.4975148141384125,0.4959236979484558
Zero Padding,9131,0,-0.36589303612709045,-0.0895063728094101,0.42641523480415344,0.6071187257766724
Zero Padding,9135,0,-0.2687005400657654,-0.122125543653965,0.4455380439758301,0.5493921041488647
Zero Padding,9197,0,-0.07955487072467804,-0.05325118824839592,0.44391167163848877,0.44872739911079407
Zero Padding,9201,0,-0.24216696619987488,0.06298559904098511,0.4475056827068329,0.5419063568115234
Zero Padding,9205,0,-0.2538740038871765,-0.0265104491263628,0.36865684390068054,0.5502204895019531
Zero Padding,9207,0,-0.062053754925727844,-0.03944483771920204,0.4435022175312042,0.43874824047088623
Zero Padding,9222,0,-0.26617974042892456,-0.1430182158946991,0.4708372950553894,0.5439754724502563
Zero Padding,9236,0,-0.3074973225593567,-0.036830805242061615,0.47187817096710205,0.5643293261528015
Zero Padding,9259,0,-0.21002820134162903,-0.040849920362234116,0.44384393095970154,0.5244987607002258
Zero Padding,9287,0,-0.25846022367477417,-0.07733358442783356,0.4700046479701996,0.5411620140075684
Zero Padding,9296,0,-0.20803049206733704,0.00953671894967556,0.40249907970428467,0.517347514629364
Zero Padding,9309,0,-0.2226528525352478,-0.13240481913089752,0.42747601866722107,0.5269222855567932
Zero Padding,9316,0,-0.2987380027770996,-0.031147364526987076,0.3594457805156708,0.5746564269065857
Zero Padding,9322,0,-0.20427680015563965,-0.06683932989835739,0.54832524061203,0.5082730054855347
Zero Padding,9323,0,-0.19474788010120392,-0.06604093313217163,0.39462345838546753,0.5225867033004761
Zero Padding,9332,0,-0.30741366744041443,-0.05252588540315628,0.38620609045028687,0.5539690256118774
Zero Padding,9335,0,-0.29471978545188904,-0.046421363949775696,0.4465755820274353,0.5501999258995056
Zero Padding,9347,0,-0.24266208708286285,0.23020465672016144,0.4697418212890625,0.527054488658905
Zero Padding,9350,0,-0.3251804709434509,0.13976845145225525,0.440189927816391,0.5696983337402344
Zero Padding,9353,0,-0.22553423047065735,0.11467131972312927,0.4227600395679474,0.5199476480484009
Zero Padding,9356,0,-0.254999577999115,0.03988964110612869,0.4494619071483612,0.5256445407867432
Zero Padding,9375,0,-0.2553669214248657,0.17269597947597504,0.41538330912590027,0.5342458486557007
Zero Padding,9409,0,-0.21455256640911102,-0.0022601005621254444,0.411035418510437,0.5295994281768799
Zero Padding,9411,0,-0.26097622513771057,-0.1936776340007782,0.42255207896232605,0.5384054183959961
Zero Padding,9413,0,-0.2941209673881531,-0.03743543475866318,0.44179561734199524,0.540455162525177
Zero Padding,9419,0,-0.2888595461845398,-0.027517473325133324,0.4689512848854065,0.5725383758544922
Zero Padding,9441,0,-0.26011478900909424,-0.007987676188349724,0.42869287729263306,0.5417725443840027
Zero Padding,9443,0,-0.23644596338272095,-0.13078880310058594,0.447051078081131,0.5342690348625183
Zero Padding,9458,0,-0.1588551253080368,-0.03801541402935982,0.40202024579048157,0.5116273760795593
Zero Padding,9466,0,-0.2391805350780487,-0.09688935428857803,0.4717774987220764,0.5303699970245361
Zero Padding,9470,0,-0.2568034827709198,0.11560453474521637,0.4335293769836426,0.5319312214851379
Zero Padding,9495,0,-0.2661571800708771,0.2314758449792862,0.4517366588115692,0.5414862036705017
Zero Padding,9507,0,-0.2405833601951599,-0.0935978889465332,0.4861070513725281,0.5388438701629639
Zero Padding,9515,0,-0.27035385370254517,-0.033963270485401154,0.4314713478088379,0.525067150592804
Zero Padding,9520,0,-0.2600632309913635,0.18585094809532166,0.41249147057533264,0.5371758341789246
Zero Padding,9522,0,-0.2084813416004181,0.04935923591256142,0.44491371512413025,0.5148356556892395
Zero Padding,9532,0,-0.4737841486930847,-0.03255010023713112,0.46084287762641907,0.6442307829856873
Zero Padding,9533,0,-0.33747565746307373,-0.01584477722644806,0.438031941652298,0.558410108089447
Zero Padding,9544,0,-0.18998673558235168,0.02652209997177124,0.4413048028945923,0.514763355255127
Zero Padding,9546,0,-0.23512297868728638,0.18989643454551697,0.43659529089927673,0.5311830639839172
Zero Padding,9562,0,-0.2978081703186035,0.04590805992484093,0.44065648317337036,0.546109676361084
Zero Padding,9563,0,-0.24146071076393127,0.030540231615304947,0.4519082307815552,0.5190122127532959
Zero Padding,9570,0,0.041575632989406586,0.05288362130522728,0.5124364495277405,0.4229882061481476
Zero Padding,9573,0,-0.23951244354248047,-0.038807254284620285,0.3922138810157776,0.5247804522514343
Zero Padding,9582,0,-0.3704444169998169,0.0332147479057312,0.44192710518836975,0.5790382027626038
Zero Padding,9597,0,-0.24572455883026123,0.10339023172855377,0.4697052240371704,0.5368505716323853
Zero Padding,9603,0,-0.1798292100429535,0.02857087552547455,0.4554469883441925,0.5029451251029968
Zero Padding,9620,0,-0.3777841031551361,-0.11225664615631104,0.45255669951438904,0.5720142722129822
Zero Padding,9631,0,-0.24032944440841675,-0.11045366525650024,0.4356802701950073,0.5439561009407043
Zero Padding,9639,0,-0.13983413577079773,0.0029514203779399395,0.4718357026576996,0.47946736216545105
Zero Padding,9648,0,-0.2581092417240143,-0.03132160007953644,0.47671836614608765,0.5340461134910583
Zero Padding,9649,0,-0.24581824243068695,-0.17629548907279968,0.5093896985054016,0.5271862745285034
Zero Padding,9650,0,-0.006794413551688194,-0.051704492419958115,0.46953028440475464,0.4300467073917389
Zero Padding,9665,0,-0.35539522767066956,-0.0042039151303470135,0.4477098882198334,0.604705810546875
Zero Padding,9678,0,-0.14045323431491852,-0.08602449297904968,0.43752965331077576,0.48890921473503113
Zero Padding,9686,0,-0.28752949833869934,0.16435937583446503,0.4501306116580963,0.5432344675064087
Zero Padding,9693,0,-0.1856643110513687,-0.03489144146442413,0.40135324001312256,0.5184786319732666
Zero Padding,9731,0,-0.18878285586833954,0.037016596645116806,0.4503902196884155,0.4915807545185089
Zero Padding,9741,0,-0.23045790195465088,-0.05871468037366867,0.4486420154571533,0.5259725451469421
Zero Padding,9750,0,-0.12072975933551788,-0.042489293962717056,0.43119508028030396,0.48520129919052124
Zero Padding,9760,0,-0.2866095304489136,-0.029603587463498116,0.44204652309417725,0.5532944202423096
Zero Padding,9761,0,-0.1945747584104538,-0.014603477902710438,0.48470017313957214,0.5081528425216675
Zero Padding,9772,0,-0.31336671113967896,0.015080822631716728,0.40817561745643616,0.5949888825416565
Zero Padding,9776,0,-0.2364942729473114,-0.1498335301876068,0.4514438211917877,0.5389338731765747
Zero Padding,9781,0,-0.18243573606014252,-0.09186753630638123,0.458454966545105,0.5061050057411194
Zero Padding,9788,0,-0.24115200340747833,0.2047382891178131,0.4006969630718231,0.5305678844451904
Zero Padding,9790,0,-0.2184564471244812,0.04203915596008301,0.4391631782054901,0.524783730506897
Zero Padding,9795,0,-0.057753030210733414,-0.002764576580375433,0.4783042073249817,0.4586799442768097
Zero Padding,9798,0,-0.2296520173549652,-0.11054342240095139,0.46528375148773193,0.5200499892234802
Zero Padding,9804,0,-0.30296117067337036,-0.011771610006690025,0.4444500505924225,0.555025577545166
Zero Padding,9807,0,-0.31336086988449097,-0.1352374404668808,0.48430755734443665,0.5679025650024414
Zero Padding,9809,0,-0.2872600853443146,0.21812669932842255,0.4573870599269867,0.5477807521820068
Zero Padding,9813,0,-0.2586522400379181,-0.05956316739320755,0.39596137404441833,0.5364039540290833
Zero Padding,9823,0,-0.24916519224643707,0.2280683070421219,0.45561519265174866,0.5344654321670532
Zero Padding,9829,0,-0.41126900911331177,-0.04134992137551308,0.39933082461357117,0.6012771725654602
Zero Padding,9837,0,-0.29311448335647583,-0.02062753587961197,0.457435667514801,0.5620720386505127
Zero Padding,9841,0,-0.25384432077407837,-0.027569012716412544,0.4270452857017517,0.5354363322257996
Zero Padding,9851,0,-0.21747811138629913,-0.022894464433193207,0.4670778214931488,0.5152487754821777
Zero Padding,9857,0,-0.2958083748817444,0.0455574207007885,0.44051721692085266,0.5701718926429749
Zero Padding,9858,0,-0.34618160128593445,0.10858455300331116,0.45074984431266785,0.5976077914237976
Zero Padding,9860,0,-0.2089276909828186,-0.075571708381176,0.4671200215816498,0.5052406787872314
Zero Padding,9866,0,-0.3000164031982422,-0.11726472526788712,0.5064529180526733,0.5479810237884521
Zero Padding,9871,0,-0.2738786041736603,0.15724878013134003,0.5019758343696594,0.5289826393127441
Zero Padding,9890,0,-0.22118572890758514,0.22826418280601501,0.43091195821762085,0.5194846391677856
Zero Padding,9897,0,-0.25783002376556396,0.032259680330753326,0.44600844383239746,0.5275266766548157
Zero Padding,9901,0,-0.24297747015953064,-0.021517539396882057,0.38179177045822144,0.5467040538787842
Zero Padding,9905,0,-0.25095799565315247,0.08092080056667328,0.46649977564811707,0.5368525981903076
Zero Padding,9917,0,-0.34701016545295715,-0.0039017009548842907,0.4524204134941101,0.5516349673271179
Zero Padding,9918,0,-0.37180909514427185,-0.0422930084168911,0.4454587697982788,0.5783547759056091
Zero Padding,9921,0,-0.23455937206745148,-0.0011329744011163712,0.5159950256347656,0.5368368029594421
Zero Padding,9922,0,-0.2136652022600174,0.14271801710128784,0.44953128695487976,0.5098697543144226
Zero Padding,9928,0,-0.2677328884601593,-0.1980917900800705,0.4493904709815979,0.544277548789978
Zero Padding,9930,0,-0.23896822333335876,-0.04496826231479645,0.4134591519832611,0.5372431874275208
Zero Padding,9935,0,-0.2663555145263672,-0.003947536461055279,0.45752596855163574,0.5393760204315186
Zero Padding,9980,0,-0.3001404106616974,-0.036116912961006165,0.4393521845340729,0.5453539490699768
Zero Padding,9989,0,-0.27693018317222595,-0.04857928305864334,0.4994128346443176,0.3778854012489319
Zero Padding,9992,0,-0.3445335626602173,-0.20164740085601807,0.4425482451915741,0.5793026089668274
Zero Padding,10004,0,-0.344407856464386,0.1458878070116043,0.4649304449558258,0.5943500995635986
Zero Padding,10007,0,-0.2104715257883072,-0.0449250265955925,0.43184855580329895,0.5218744874000549
Zero Padding,10029,0,-0.19293181598186493,-0.034515514969825745,0.4082898199558258,0.5156802535057068
Zero Padding,10034,0,-0.2665290832519531,-0.05517380312085152,0.46405091881752014,0.5439910888671875
Zero Padding,10043,0,-0.2792171835899353,-0.03251039981842041,0.41190749406814575,0.5432231426239014
Zero Padding,10050,0,-0.25600484013557434,0.0031413291580975056,0.398039311170578,0.5297631621360779
Zero Padding,10055,0,-0.32438209652900696,-0.026811867952346802,0.42039594054222107,0.551730751991272
Zero Padding,10056,0,-0.338357150554657,-0.03948971629142761,0.4216283857822418,0.555763840675354
Zero Padding,10057,0,-0.4265100359916687,-0.032978177070617676,0.45102792978286743,0.5864661335945129
Zero Padding,10065,0,-0.21047177910804749,-0.026622720062732697,0.48479607701301575,0.5194194912910461
Zero Padding,10078,0,-0.4099861979484558,-0.020718464627861977,0.5214570760726929,0.5957812070846558
Zero Padding,10086,0,-0.2734827399253845,-0.15727438032627106,0.46816951036453247,0.4957064390182495
Zero Padding,10095,0,-0.2903759479522705,0.1819826364517212,0.40464335680007935,0.39048489928245544
Zero Padding,10098,0,-0.1521996557712555,0.013033419847488403,0.4575311839580536,0.46994003653526306
Zero Padding,10102,0,-0.32191532850265503,0.1577555537223816,0.45074644684791565,0.5646731853485107
Zero Padding,10104,0,-0.042419783771038055,-0.05099133402109146,0.4499971866607666,0.4511280655860901
Zero Padding,10119,0,-0.3367222249507904,-0.020237598568201065,0.4264761209487915,0.5479312539100647
Zero Padding,10128,0,-0.26609155535697937,-0.08098627626895905,0.4887128472328186,0.5396397709846497
Zero Padding,10136,0,-0.19677862524986267,-0.07520344108343124,0.4322425127029419,0.5229280591011047
Zero Padding,10137,0,-0.2609708905220032,-0.12909379601478577,0.5130378603935242,0.5420078039169312
Zero Padding,10143,0,-0.33692577481269836,-0.10592526197433472,0.45327886939048767,0.5731710195541382
Zero Padding,10146,0,-0.23927223682403564,-0.017233049497008324,0.38427287340164185,0.5390758514404297
Zero Padding,10152,0,-0.15816761553287506,0.04419569671154022,0.42737123370170593,0.48620912432670593
Zero Padding,10162,0,-0.31743454933166504,0.10825296491384506,0.4566805958747864,0.5665932297706604
Zero Padding,10171,0,-0.2223832905292511,-0.03802257403731346,0.37864840030670166,0.5307478904724121
Zero Padding,10184,0,-0.286319762468338,0.1939919888973236,0.4398524761199951,0.5506914258003235
Zero Padding,10192,0,-0.3367003798484802,-0.11670789122581482,0.4872342050075531,0.5019073486328125
Zero Padding,10194,0,-0.3127993643283844,-0.06778598576784134,0.46852460503578186,0.5518311858177185
Zero Padding,10195,0,-0.2533271312713623,-0.08591757714748383,0.4252271056175232,0.528737485408783
Zero Padding,10199,0,-0.25905004143714905,0.22673027217388153,0.5381284952163696,0.5363786220550537
Zero Padding,10213,0,-0.25646552443504333,0.006712702568620443,0.44182705879211426,0.5313901901245117
Zero Padding,10227,0,-0.3201950192451477,0.02776831015944481,0.4601159393787384,0.589853823184967
Zero Padding,10233,0,-0.23046064376831055,0.0064348322339355946,0.447663813829422,0.5180140137672424
Zero Padding,10235,0,-0.29194435477256775,-0.17481708526611328,0.43208518624305725,0.543191134929657
Zero Padding,10248,0,-0.26203012466430664,0.06873204559087753,0.39748963713645935,0.5534404516220093
Zero Padding,10251,0,-0.22821149230003357,-0.017349958419799805,0.3447721004486084,0.5525144934654236
Zero Padding,10256,0,-0.2073601931333542,0.02125987783074379,0.4155063033103943,0.5105286836624146
Zero Padding,10264,0,-0.26154646277427673,0.18114769458770752,0.4864233434200287,0.5322622656822205
Zero Padding,10267,0,-0.272766649723053,-0.06273878365755081,0.3979795575141907,0.5492185950279236
Zero Padding,10268,0,-0.20722202956676483,-0.05903521925210953,0.46738260984420776,0.5193142294883728
Zero Padding,10269,0,-0.2760770320892334,0.024547215551137924,0.44753509759902954,0.5566463470458984
Zero Padding,10275,0,-0.10542713850736618,-0.05168139562010765,0.45362842082977295,0.45760875940322876
Zero Padding,10290,0,-0.24955135583877563,-0.09739793837070465,0.3789792060852051,0.5288411974906921
Zero Padding,10298,0,-0.300252765417099,0.20198297500610352,0.4525265395641327,0.5660249590873718
Zero Padding,10302,0,-0.27006110548973083,0.22496925294399261,0.46529093384742737,0.5378782153129578
Zero Padding,10311,0,-0.254340797662735,0.11397905647754669,0.43937528133392334,0.52173912525177
Zero Padding,10313,0,-0.26968100666999817,0.07802199572324753,0.4502328336238861,0.5383070111274719
Zero Padding,10316,0,-0.2773149311542511,0.17330878973007202,0.42959538102149963,0.548016369342804
Zero Padding,10319,0,-0.175485759973526,0.20644313097000122,0.49682363867759705,0.5017093420028687
Zero Padding,10330,0,-0.21908387541770935,-0.03299529477953911,0.43408748507499695,0.5207026600837708
Zero Padding,10337,0,-0.26502928137779236,-0.013764282688498497,0.43474844098091125,0.5419118404388428
Zero Padding,10339,0,-0.23925064504146576,0.12192218750715256,0.45215943455696106,0.5215851068496704
Zero Padding,10340,0,-0.2818068861961365,-0.0027179145254194736,0.4480646848678589,0.558253824710846
Zero Padding,10344,0,-0.46993905305862427,-0.04966280981898308,0.40652260184288025,0.7033933997154236
Zero Padding,10348,0,-0.34023603796958923,-0.012766832485795021,0.453106552362442,0.5697816014289856
Zero Padding,10352,0,-0.22113576531410217,0.0564541257917881,0.45973002910614014,0.5149685740470886
Zero Padding,10357,0,-0.2560814917087555,0.03936200961470604,0.46053117513656616,0.5314107537269592
Zero Padding,10366,0,-0.1301615983247757,-0.13585448265075684,0.44215846061706543,0.48186632990837097
Zero Padding,10382,0,-0.2884711027145386,-0.017428211867809296,0.4400319457054138,0.556252658367157
Zero Padding,10396,0,-0.24957427382469177,0.13395214080810547,0.4215342700481415,0.5347305536270142
Zero Padding,10397,0,-0.31596651673316956,-0.03348616138100624,0.42985454201698303,0.5658037066459656
Zero Padding,10411,0,-0.40567365288734436,0.16378110647201538,0.48464396595954895,0.6119343042373657
Zero Padding,10412,0,-0.16195935010910034,-0.03566858172416687,0.4415186047554016,0.4834901988506317
Zero Padding,10416,0,-0.2594923973083496,0.04592482000589371,0.45070621371269226,0.5441075563430786
Zero Padding,10428,0,-0.22487863898277283,-0.07413511723279953,0.42833051085472107,0.5343095064163208
Zero Padding,10444,0,-0.2672027349472046,0.1192220002412796,0.4142836034297943,0.533133864402771
Zero Padding,10451,0,-0.22242924571037292,0.13284757733345032,0.4530831277370453,0.5220601558685303
Zero Padding,10467,0,-0.2414834201335907,-0.07198718935251236,0.4221886694431305,0.5288869738578796
Zero Padding,10468,0,-0.306954026222229,-0.05064623802900314,0.44720199704170227,0.5431445240974426
Zero Padding,10491,0,-0.3501378893852234,-0.08547256141901016,0.43370771408081055,0.5954180955886841
Zero Padding,10496,0,-0.24962523579597473,0.16522106528282166,0.4204970598220825,0.5345221161842346
Zero Padding,10497,0,-0.38689789175987244,0.02924329787492752,0.46324145793914795,0.5999621152877808
Zero Padding,10503,0,-0.16307206451892853,-0.07358848303556442,0.4511476457118988,0.47532519698143005
Zero Padding,10513,0,-0.19776223599910736,-0.03186415880918503,0.433361291885376,0.522036612033844
Zero Padding,10524,0,-0.2255336046218872,-0.002449090825393796,0.4284295439720154,0.5227884650230408
Zero Padding,10541,0,0.031109297648072243,0.038846373558044434,0.47879284620285034,0.4256891906261444
Zero Padding,10555,0,-0.1716151088476181,-0.05544346570968628,0.402565062046051,0.5091305375099182
Zero Padding,10556,0,-0.20539942383766174,0.0982094258069992,0.4274040758609772,0.508818507194519
Zero Padding,10557,0,-0.2355460673570633,0.2541597783565521,0.5215755701065063,0.5281453132629395
Zero Padding,10560,0,-0.3089086711406708,0.011476574465632439,0.4103059768676758,0.5602186918258667
Zero Padding,10563,0,-0.22470122575759888,-0.17153631150722504,0.4874030351638794,0.529586911201477
Zero Padding,10578,0,-0.34517842531204224,-0.1536554992198944,0.4338727295398712,0.57882159948349
Zero Padding,10583,0,-0.31937071681022644,-0.0081859789788723,0.40178102254867554,0.5797862410545349
Zero Padding,10584,0,-0.330578476190567,0.02779173105955124,0.4456912577152252,0.5486102104187012
Zero Padding,10585,0,-0.21336720883846283,0.05887450650334358,0.46375203132629395,0.5165660381317139
Zero Padding,10589,0,-0.1989283412694931,-0.02021794021129608,0.4295268952846527,0.48734769225120544
Zero Padding,10591,0,-0.04312177747488022,-0.03490135073661804,0.447516530752182,0.45020347833633423
Zero Padding,10600,0,-0.22678209841251373,0.1302337497472763,0.4589802026748657,0.5046852231025696
Zero Padding,10605,0,-0.36986324191093445,-0.03211946412920952,0.43194422125816345,0.5920854210853577
Zero Padding,10607,0,-0.2838280200958252,-0.06077112257480621,0.3725728988647461,0.49124783277511597
Zero Padding,10616,0,-0.29329782724380493,-0.11045544594526291,0.4858885109424591,0.5639865398406982
Zero Padding,10619,0,-0.19703732430934906,0.032813671976327896,0.44326114654541016,0.5169323086738586
Zero Padding,10642,0,-0.24227766692638397,0.1356337070465088,0.4427247643470764,0.5237715244293213
Zero Padding,10664,0,-0.3130546808242798,0.06685333698987961,0.4637778401374817,0.5648928284645081
Zero Padding,10683,0,-0.06973625719547272,-0.039908479899168015,0.4645894467830658,0.44605350494384766
Zero Padding,10691,0,-0.31763482093811035,-0.012238387018442154,0.3844839334487915,0.5876345634460449
Zero Padding,10695,0,-0.37537044286727905,-0.0007708035409450531,0.4625195562839508,0.6113529801368713
Zero Padding,10702,0,-0.09213927388191223,-0.05255166068673134,0.46051111817359924,0.46434199810028076
Zero Padding,10708,0,-0.41784369945526123,-0.0527535043656826,0.46849778294563293,0.6336190700531006
Zero Padding,10720,0,-0.24276909232139587,-0.048745907843112946,0.4267708957195282,0.5449997782707214
Zero Padding,10721,0,-0.24065767228603363,0.08265194296836853,0.436536580324173,0.5321153998374939
Zero Padding,10725,0,-0.28106796741485596,-0.18325138092041016,0.4325568974018097,0.5516625046730042
Zero Padding,10744,0,-0.3652905225753784,-0.05954810976982117,0.4288659691810608,0.5832107067108154
Zero Padding,10745,0,-0.20957264304161072,-0.07305073738098145,0.4740917980670929,0.5143854022026062
Zero Padding,10749,0,-0.2253418266773224,0.18721599876880646,0.45812463760375977,0.5252337455749512
Zero Padding,10753,0,-0.1358870565891266,0.007682258263230324,0.4507870078086853,0.4673231542110443
Zero Padding,10755,0,-0.17538565397262573,-0.08095216006040573,0.43954893946647644,0.5072427988052368
Zero Padding,10762,0,-0.2440238744020462,-0.04415471851825714,0.3681197464466095,0.5443921685218811
Zero Padding,10766,0,-0.30638816952705383,-0.040581174194812775,0.46520906686782837,0.5617388486862183
Zero Padding,10768,0,-0.2393096685409546,0.18067190051078796,0.4466795027256012,0.535061776638031
Zero Padding,10770,0,-0.4579002261161804,-0.03309603035449982,0.4657723605632782,0.5167175531387329
Zero Padding,10778,0,-0.23890045285224915,-0.19070138037204742,0.44953653216362,0.5338547229766846
Zero Padding,10781,0,-0.29693692922592163,-0.04066020995378494,0.4068448543548584,0.571614146232605
Zero Padding,10783,0,-0.2691391408443451,0.17365805804729462,0.43227413296699524,0.5546380877494812
Zero Padding,10784,0,-0.22787818312644958,0.12957267463207245,0.4266062378883362,0.5193923115730286
Zero Padding,10798,0,-0.33003970980644226,-0.01908690482378006,0.45032042264938354,0.4725923240184784
Zero Padding,10806,0,-0.2238132357597351,-0.06490827351808548,0.47673937678337097,0.5112771391868591
Zero Padding,10815,0,-0.3175407946109772,0.11541470140218735,0.4495399296283722,0.5672137141227722
Zero Padding,10836,0,-0.184796541929245,-0.04566703736782074,0.45603328943252563,0.4850728511810303
Zero Padding,10838,0,-0.28032979369163513,-0.12983497977256775,0.39456427097320557,0.538330078125
Zero Padding,10849,0,-0.4801466464996338,0.12900154292583466,0.571816086769104,0.5058441162109375
Zero Padding,10850,0,-0.31578272581100464,-0.20188070833683014,0.4449508786201477,0.5682669281959534
Zero Padding,10859,0,-0.26167213916778564,0.05246580019593239,0.49988651275634766,0.5401093363761902
Zero Padding,10872,0,-0.20842501521110535,0.20559003949165344,0.5144806504249573,0.5194158554077148
Zero Padding,10878,0,-0.22708168625831604,0.12552469968795776,0.41625139117240906,0.5119573473930359
Zero Padding,10882,0,-0.35066068172454834,-0.05068105459213257,0.42771804332733154,0.5636288523674011
Zero Padding,10892,0,-0.3017449975013733,-0.029000278562307358,0.42141103744506836,0.5558182001113892
Zero Padding,10902,0,-0.28629636764526367,0.0256036426872015,0.4738510549068451,0.5356820225715637
Zero Padding,10906,0,-0.21143801510334015,0.007680393755435944,0.4679225981235504,0.5063921809196472
Zero Padding,10909,0,-0.28232342004776,0.04009687900543213,0.4513973295688629,0.5531937479972839
Zero Padding,10916,0,-0.2468547821044922,-0.04436863958835602,0.45717933773994446,0.5493345260620117
Zero Padding,10918,0,-0.26359477639198303,0.0848156064748764,0.4537067115306854,0.5175057649612427
Zero Padding,10919,0,-0.27607280015945435,-0.058483466506004333,0.4211108982563019,0.5466641187667847
Zero Padding,10920,0,-0.24526920914649963,-0.04819604754447937,0.39449337124824524,0.5407203435897827
Zero Padding,10925,0,-0.24857087433338165,0.19725997745990753,0.423831045627594,0.5323881506919861
Zero Padding,10926,0,-0.2608695924282074,0.012161565013229847,0.44604942202568054,0.5267089605331421
Zero Padding,10933,0,-0.20846423506736755,-0.22280633449554443,0.5165616273880005,0.5204610228538513
Zero Padding,10937,0,-0.24946345388889313,-0.07831592857837677,0.45505231618881226,0.537822961807251
Zero Padding,10938,0,-0.23500138521194458,0.015742411836981773,0.462748646736145,0.5260857939720154
Zero Padding,10939,0,-0.2600412368774414,-0.04161369800567627,0.3964958190917969,0.552416205406189
Zero Padding,10967,0,-0.2914106249809265,-0.1336923986673355,0.4619305431842804,0.5580216646194458
Zero Padding,10998,0,-0.381023645401001,0.007779648993164301,0.41896337270736694,0.6068587303161621
Zero Padding,10999,0,-0.38931193947792053,-0.061235975474119186,0.41419076919555664,0.6091794967651367
Zero Padding,11001,0,-0.3019551634788513,-0.047038543969392776,0.39265578985214233,0.5729009509086609
Zero Padding,11003,0,-0.32850146293640137,-0.1456306278705597,0.4422631859779358,0.589272141456604
Zero Padding,11005,0,-0.21386682987213135,0.14177343249320984,0.47889167070388794,0.517107367515564
Zero Padding,11011,0,-0.33858203887939453,-0.07219201326370239,0.43454980850219727,0.5824382305145264
Zero Padding,11014,0,-0.3476176857948303,-0.030254263430833817,0.34137359261512756,0.5762022137641907
Zero Padding,11016,0,-0.2521705627441406,0.15177491307258606,0.44027823209762573,0.5363615155220032
Zero Padding,11019,0,-0.3683015704154968,0.0063382890075445175,0.35504278540611267,0.6081956624984741
Zero Padding,11020,0,-0.2487505078315735,-0.15269631147384644,0.43760934472084045,0.5373055934906006
Zero Padding,11033,0,-0.20998123288154602,0.005039972253143787,0.42075541615486145,0.5232913494110107
Zero Padding,11035,0,-0.02854456938803196,-0.04334494471549988,0.4485132098197937,0.4346511662006378
Zero Padding,11041,0,-0.1751774251461029,-0.05021826922893524,0.45213979482650757,0.49334946274757385
Zero Padding,11047,0,-0.42697229981422424,0.0023842952214181423,0.40103602409362793,0.6629919409751892
Zero Padding,11055,0,-0.2449665665626526,0.16295042634010315,0.48267701268196106,0.5328930616378784
Zero Padding,11059,0,-0.26183822751045227,-0.18484941124916077,0.48486894369125366,0.5178913474082947
Zero Padding,11060,0,-0.2537996470928192,0.20694579184055328,0.46423402428627014,0.5342272520065308
Zero Padding,11062,0,-0.28021448850631714,-0.16137933731079102,0.5224786400794983,0.5438693165779114
Zero Padding,11070,0,-0.2940160036087036,0.11513867229223251,0.4576687514781952,0.5385251045227051
Zero Padding,11081,0,-0.34216809272766113,-0.01959962397813797,0.45090219378471375,0.5762249827384949
Zero Padding,11082,0,-0.059248555451631546,-0.026057720184326172,0.4527931213378906,0.44989511370658875
Zero Padding,11091,0,-0.3881802558898926,0.038162969052791595,0.4528129994869232,0.6068294644355774
Zero Padding,11102,0,-0.28601959347724915,0.09061667323112488,0.4304143190383911,0.5348091125488281
Zero Padding,11111,0,-0.36586546897888184,-0.14069904386997223,0.4605104625225067,0.586525559425354
Zero Padding,11129,0,-0.27708378434181213,0.22079172730445862,0.48079705238342285,0.4368084669113159
Zero Padding,11131,0,-0.3893536925315857,-0.06891678273677826,0.4533638656139374,0.4184461236000061
Zero Padding,11134,0,-0.35064756870269775,0.011692959815263748,0.43004855513572693,0.5588455200195312
Zero Padding,11135,0,-0.3630678653717041,-0.06672772765159607,0.4286106824874878,0.5651171803474426
Zero Padding,11149,0,-0.2314615696668625,-0.00407587131485343,0.3805178999900818,0.5347902178764343
Zero Padding,11160,0,-0.3636702299118042,-0.028296824544668198,0.4430774748325348,0.5865246653556824
Zero Padding,11163,0,-0.24959726631641388,0.14920271933078766,0.44036927819252014,0.5351797938346863
Zero Padding,11173,0,-0.25742122530937195,0.1516484171152115,0.47203385829925537,0.534862756729126
Zero Padding,11177,0,-0.25354960560798645,-0.06581545621156693,0.4619251489639282,0.5357453227043152
Zero Padding,11191,0,-0.27699506282806396,-0.04457898437976837,0.4584934711456299,0.5243807435035706
Zero Padding,11192,0,-0.3800566792488098,-0.1083277091383934,0.474501371383667,0.4251127243041992
Zero Padding,11196,0,-0.2736421525478363,-0.10634147375822067,0.4448993504047394,0.5623869895935059
Zero Padding,11198,0,-0.31626659631729126,-0.04167088866233826,0.3670104146003723,0.5602179765701294
Zero Padding,11201,0,-0.2743087410926819,-0.1968708038330078,0.4943634569644928,0.4059123694896698
Zero Padding,11206,0,-0.2539001703262329,0.09490793198347092,0.4162121117115021,0.5302438139915466
Zero Padding,11208,0,-0.28012755513191223,-0.024693649262189865,0.4442300498485565,0.5614219307899475
Zero Padding,11220,0,-0.34773916006088257,0.008427472785115242,0.4266466498374939,0.5915870070457458
Zero Padding,11227,0,-0.42024844884872437,-0.03655596822500229,0.45102232694625854,0.5763905048370361
Zero Padding,11232,0,-0.2552102506160736,-0.001544279046356678,0.4152272045612335,0.5411654114723206
Zero Padding,11243,0,-0.24250349402427673,0.15472178161144257,0.45529964566230774,0.5199671983718872
Zero Padding,11247,0,-0.28345149755477905,-0.11062608659267426,0.5154089331626892,0.36394622921943665
Zero Padding,11252,0,-0.23803645372390747,0.21671806275844574,0.4537888467311859,0.5256405472755432
Zero Padding,11255,0,-0.38855281472206116,-0.18107900023460388,0.4566647410392761,0.6126260757446289
Zero Padding,11256,0,-0.36932873725891113,-0.1552523672580719,0.49067533016204834,0.4886500835418701
Zero Padding,11272,0,-0.2583537995815277,-0.04472298547625542,0.47503426671028137,0.5384965538978577
Zero Padding,11277,0,-0.24048462510108948,0.20075809955596924,0.43888095021247864,0.5256108641624451
Zero Padding,11286,0,-0.40938514471054077,-0.06919455528259277,0.5245059132575989,0.6202390789985657
Zero Padding,11287,0,-0.27625417709350586,-0.018600599840283394,0.4586711823940277,0.5541727542877197
Zero Padding,11302,0,-0.13099105656147003,0.08866359293460846,0.43093815445899963,0.48218992352485657
Zero Padding,11309,0,-0.2709489166736603,-0.05188503488898277,0.45514562726020813,0.5587502121925354
Zero Padding,11310,0,-0.29115229845046997,0.08959110081195831,0.4541792571544647,0.5639942288398743
Zero Padding,11314,0,-0.4718506336212158,0.007391744758933783,0.4540046453475952,0.6442705988883972
Zero Padding,11353,0,-0.2647191286087036,-0.03021804243326187,0.4797361493110657,0.3833494484424591
Zero Padding,11357,0,-0.306136816740036,0.15891000628471375,0.478020042181015,0.5563398003578186
Zero Padding,11365,0,-0.2530098855495453,-0.06300034373998642,0.44246184825897217,0.5451645851135254
Zero Padding,11366,0,-0.2584571838378906,0.1320362687110901,0.4449003338813782,0.5387730598449707
Zero Padding,11367,0,-0.27445128560066223,0.01616050861775875,0.4422098398208618,0.5438067317008972
Zero Padding,11373,0,-0.15899890661239624,-0.03917905315756798,0.4626080393791199,0.4792419970035553
Zero Padding,11380,0,-0.11471735686063766,-0.046023815870285034,0.44624063372612,0.45703086256980896
Zero Padding,11391,0,-0.16648809611797333,-0.01653263345360756,0.46011266112327576,0.5098451972007751
Zero Padding,11393,0,-0.21679195761680603,0.1355307400226593,0.4280921220779419,0.523913562297821
Zero Padding,11418,0,-0.40537312626838684,-0.06467220932245255,0.44954147934913635,0.6094428896903992
Zero Padding,11436,0,-0.314653605222702,0.0005171068478375673,0.44138696789741516,0.578159511089325
Zero Padding,11438,0,-0.3510017395019531,-0.03080809861421585,0.4320078492164612,0.5704670548439026
Zero Padding,11459,0,-0.2911098301410675,0.17194442451000214,0.442847341299057,0.5550909042358398
Zero Padding,11460,0,-0.2471441924571991,-0.017937343567609787,0.41227278113365173,0.5364627242088318
Zero Padding,11470,0,-0.2388448268175125,-0.16977395117282867,0.4479617476463318,0.529643714427948
Zero Padding,11478,0,-0.251332551240921,0.22726808488368988,0.4958009421825409,0.5427939891815186
Zero Padding,11497,0,-0.2340816855430603,0.01349194161593914,0.4894123077392578,0.5310316681861877
Zero Padding,11498,0,-0.28669530153274536,-0.003729561809450388,0.4355543255805969,0.5594958662986755
Zero Padding,11507,0,-0.253516286611557,-0.03213825076818466,0.40765589475631714,0.5365650653839111
Zero Padding,11511,0,-0.31166914105415344,0.04008252173662186,0.4450051188468933,0.5440719723701477
Zero Padding,11512,0,-0.20868103206157684,-0.00190753024071455,0.41511523723602295,0.5104705095291138
Zero Padding,11516,0,-0.4667922854423523,-0.10759217292070389,0.5344245433807373,0.45500490069389343
Zero Padding,11542,0,-0.23547066748142242,0.09328990429639816,0.4319794774055481,0.5227170586585999
Zero Padding,11544,0,-0.2146717756986618,0.05112218111753464,0.43223467469215393,0.5144501328468323
Zero Padding,11552,0,-0.18542596697807312,0.03541826829314232,0.4501347243785858,0.517342746257782
Zero Padding,11581,0,-0.36139971017837524,-0.0020245742052793503,0.4496093988418579,0.5732381939888
Zero Padding,11583,0,-0.3104666769504547,-0.045519836246967316,0.40348687767982483,0.5576829314231873
Zero Padding,11587,0,-0.15570983290672302,-0.014684433117508888,0.4370587170124054,0.46742555499076843
Zero Padding,11588,0,-0.20051027834415436,-0.07033246755599976,0.45475417375564575,0.34515300393104553
Zero Padding,11592,0,-0.22739985585212708,0.027028687298297882,0.42259567975997925,0.5215550661087036
Zero Padding,11596,0,-0.45988646149635315,-0.03177930414676666,0.3774226903915405,0.7102296352386475
Zero Padding,11614,0,-0.28313156962394714,-0.1032993495464325,0.45153096318244934,0.5449646711349487
Zero Padding,11619,0,-0.3018616735935211,0.15538747608661652,0.4755097031593323,0.5568475723266602
Zero Padding,11621,0,-0.41409143805503845,-0.05700894445180893,0.4168024957180023,0.6268796324729919
Zero Padding,11624,0,-0.2503891587257385,0.15380080044269562,0.40705010294914246,0.5290197134017944
Zero Padding,11631,0,-0.2446252852678299,0.20671387016773224,0.42642924189567566,0.5362229347229004
Zero Padding,11633,0,-0.16118472814559937,-0.00037752697244286537,0.4496382474899292,0.4979865252971649
Zero Padding,11635,0,-0.2947993278503418,0.13033713400363922,0.423207551240921,0.5538749098777771
Zero Padding,11640,0,-0.3168952167034149,0.12400375306606293,0.415909081697464,0.581332266330719
Zero Padding,11641,0,-0.29082736372947693,0.0032544820569455624,0.43711191415786743,0.5413562655448914
Zero Padding,11643,0,-0.20293377339839935,-0.1750716269016266,0.44359761476516724,0.519917905330658
Zero Padding,11661,0,-0.3760816156864166,-0.017987923696637154,0.4394277334213257,0.5695089101791382
Zero Padding,11666,0,-0.24376630783081055,0.11696726083755493,0.40042370557785034,0.5361325144767761
Zero Padding,11677,0,0.040837399661540985,0.028356771916151047,0.46272584795951843,0.4254814386367798
Zero Padding,11682,0,-0.05524590611457825,0.0020101419650018215,0.467345267534256,0.4450957179069519
Zero Padding,11684,0,-0.256509929895401,-0.03097279742360115,0.49643129110336304,0.5462862849235535
Zero Padding,11689,0,-0.2472638636827469,-0.1374741494655609,0.4530162215232849,0.5441544055938721
Zero Padding,11691,0,-0.2308206558227539,-0.12565043568611145,0.4381945729255676,0.5313473343849182
Zero Padding,11701,0,-0.3434388339519501,-0.03925614804029465,0.4771571159362793,0.5498816967010498
Zero Padding,11717,0,-0.22611050307750702,0.2250290811061859,0.49421268701553345,0.5152773261070251
Zero Padding,11720,0,-0.23218151926994324,0.027582082897424698,0.4412137567996979,0.5056163668632507
Zero Padding,11723,0,-0.30125221610069275,-0.05608948692679405,0.4312869608402252,0.5702661871910095
Zero Padding,11730,0,-0.27820461988449097,0.12047366052865982,0.4460059106349945,0.5354821681976318
Zero Padding,11731,0,-0.2286187708377838,0.11237937211990356,0.45391684770584106,0.5236231088638306
Zero Padding,11758,0,-0.2361452430486679,0.13732202351093292,0.39818504452705383,0.5271943211555481
Zero Padding,11767,0,-0.034763842821121216,-0.06435364484786987,0.4749079942703247,0.431670218706131
Zero Padding,11768,0,-0.24283644556999207,-0.20431426167488098,0.46296536922454834,0.5368277430534363
Zero Padding,11770,0,-0.22905635833740234,0.13915735483169556,0.4560416638851166,0.5258764624595642
Zero Padding,11779,0,-0.33902499079704285,-0.0506938174366951,0.4211893379688263,0.5593505501747131
Zero Padding,11785,0,-0.27589237689971924,-0.04327090084552765,0.4708738625049591,0.558234453201294
Zero Padding,11789,0,-0.272783488035202,0.22598601877689362,0.43045201897621155,0.5586732625961304
Zero Padding,11795,0,-0.21265940368175507,-0.12055462598800659,0.511986255645752,0.524779200553894
Zero Padding,11800,0,-0.06160026416182518,-0.020611446350812912,0.45812150835990906,0.44284728169441223
Zero Padding,11811,0,-0.32570579648017883,-0.07103898376226425,0.3863964378833771,0.580485463142395
Zero Padding,11817,0,-0.2691190838813782,0.024326365441083908,0.4170519709587097,0.5579026341438293
Zero Padding,11847,0,-0.0525374561548233,-0.0019451775588095188,0.4451979696750641,0.43709975481033325
Zero Padding,11851,0,-0.22105392813682556,0.002198250964283943,0.44671496748924255,0.5225883722305298
Zero Padding,11855,0,-0.26881465315818787,0.15788735449314117,0.43872886896133423,0.5421249270439148
Zero Padding,11859,0,-0.30561530590057373,-0.0462377555668354,0.45986565947532654,0.5486487746238708
Zero Padding,11862,0,-0.18959583342075348,0.021301669999957085,0.39915215969085693,0.510989248752594
Zero Padding,11872,0,0.10152524709701538,0.08686183393001556,0.48106029629707336,0.4086855947971344
Zero Padding,11880,0,-0.2513839602470398,0.13803240656852722,0.46761783957481384,0.529398500919342
Zero Padding,11882,0,-0.39403486251831055,-0.01668493263423443,0.4553403854370117,0.6136910319328308
Zero Padding,11884,0,-0.21995913982391357,0.1882656067609787,0.44136691093444824,0.5188003778457642
Zero Padding,11895,0,-0.26232290267944336,0.14985741674900055,0.40154120326042175,0.5442666411399841
Zero Padding,11898,0,-0.2629401385784149,-0.012888562865555286,0.4187646210193634,0.5372798442840576
Zero Padding,11905,0,-0.2576793134212494,0.1583912968635559,0.4796886444091797,0.5264334082603455
Zero Padding,11910,0,-0.28206315636634827,0.0030542879831045866,0.4126735329627991,0.5460683703422546
Zero Padding,11920,0,-0.15712589025497437,-0.034435249865055084,0.434685081243515,0.47713029384613037
Zero Padding,11927,0,-0.2114509642124176,-0.0016139699146151543,0.43110039830207825,0.5099908113479614
Zero Padding,11931,0,-0.24354207515716553,0.030658692121505737,0.4604199230670929,0.5347272157669067
Zero Padding,11933,0,-0.2615129351615906,0.16643022000789642,0.47452855110168457,0.5409728288650513
Zero Padding,11943,0,-0.30305469036102295,0.11639150977134705,0.462125688791275,0.5608815550804138
Zero Padding,11953,0,-0.24672794342041016,0.1150629073381424,0.45921796560287476,0.516739010810852
Zero Padding,11957,0,-0.21062003076076508,-0.07887987792491913,0.3891695737838745,0.4546770751476288
Zero Padding,11959,0,-0.30018147826194763,-0.17970548570156097,0.46394068002700806,0.5525606274604797
Zero Padding,11983,0,-0.36431407928466797,-0.015451604500412941,0.43072015047073364,0.5863677263259888
Zero Padding,11991,0,-0.3121033012866974,-0.10208965092897415,0.44954121112823486,0.5540889501571655
Zero Padding,12004,0,-0.0747702494263649,-0.030403345823287964,0.4439542293548584,0.4508609473705292
Zero Padding,12005,0,-0.31813284754753113,-0.0558445118367672,0.4523298442363739,0.5567528605461121
Zero Padding,12009,0,-0.2632240653038025,-0.09227693825960159,0.4713442027568817,0.524894654750824
Zero Padding,12010,0,-0.23064467310905457,0.0029214273672550917,0.4441952407360077,0.5212722420692444
Zero Padding,12018,0,-0.42274484038352966,-0.01591874472796917,0.4279211461544037,0.5643351674079895
Zero Padding,12032,0,-0.2711271643638611,0.11594731360673904,0.4594813287258148,0.5409715175628662
Zero Padding,12040,0,-0.26125138998031616,0.17637790739536285,0.4594915509223938,0.5420697331428528
Zero Padding,12042,0,-0.23374943435192108,-0.1637183576822281,0.46755144000053406,0.5255164504051208
Zero Padding,12046,0,-0.2902350425720215,-0.05465792492032051,0.45213621854782104,0.5693699717521667
Zero Padding,12053,0,-0.27968841791152954,-0.1483984887599945,0.4528615474700928,0.5365181565284729
Zero Padding,12059,0,-0.04998009651899338,-0.07159397751092911,0.44839170575141907,0.44331395626068115
Zero Padding,12065,0,-0.2884994149208069,-0.0003246266860514879,0.4243320822715759,0.5443151593208313
Zero Padding,12066,0,-0.2573256194591522,-0.04711531102657318,0.4708610773086548,0.5406718254089355
Zero Padding,12077,0,-0.4021094739437103,-0.04145360365509987,0.45503881573677063,0.6001261472702026
Zero Padding,12078,0,-0.2135496884584427,-0.07832831889390945,0.4427538514137268,0.5194191932678223
Zero Padding,12079,0,-0.21455630660057068,-0.08174994587898254,0.4522092342376709,0.5187968015670776
Zero Padding,12093,0,-0.24956665933132172,-0.08988761901855469,0.4677858352661133,0.5332053899765015
Zero Padding,12114,0,-0.34313511848449707,0.11100946366786957,0.4288681447505951,0.5893623232841492
Zero Padding,12118,0,-0.29037174582481384,-0.12659905850887299,0.4511634111404419,0.5667029619216919
Zero Padding,12141,0,-0.20326288044452667,-0.031038450077176094,0.40738341212272644,0.5221732258796692
Zero Padding,12143,0,-0.20947790145874023,-0.07617528736591339,0.4012194573879242,0.5017903447151184
Zero Padding,12153,0,-0.22013206779956818,-0.2273266613483429,0.45134860277175903,0.5210126042366028
Zero Padding,12164,0,-0.29502469301223755,-0.02932472713291645,0.464231938123703,0.5656535625457764
Zero Padding,12165,0,-0.28675153851509094,-0.0581795908510685,0.436735600233078,0.5448944568634033
Zero Padding,12166,0,-0.22595687210559845,0.04280325397849083,0.4638283848762512,0.5104090571403503
Zero Padding,12171,0,-0.27718019485473633,0.002173549495637417,0.4671330451965332,0.5451810956001282
Zero Padding,12173,0,-0.2829708456993103,-0.04235974699258804,0.44087111949920654,0.5294569134712219
Zero Padding,12177,0,-0.27557438611984253,-0.10096776485443115,0.4482886791229248,0.5561341047286987
Zero Padding,12186,0,-0.19150283932685852,-0.07462923973798752,0.42121654748916626,0.5116025805473328
Zero Padding,12191,0,-0.1998860388994217,0.053481366485357285,0.4186936914920807,0.511147677898407
Zero Padding,12193,0,-0.2524978518486023,-0.07646308839321136,0.4257466793060303,0.5482099056243896
Zero Padding,12197,0,-0.30732887983322144,-0.10271956771612167,0.48256176710128784,0.4333721995353699
Zero Padding,12206,0,-0.23775893449783325,0.20392554998397827,0.43486979603767395,0.5298590660095215
Zero Padding,12208,0,-0.23208796977996826,0.21656590700149536,0.4952443838119507,0.5235955715179443
Zero Padding,12213,0,-0.2527661919593811,0.15279380977153778,0.4151974618434906,0.5407162308692932
Zero Padding,12222,0,-0.21498574316501617,-0.05572536215186119,0.4497639238834381,0.5108506083488464
Zero Padding,12241,0,-0.2717576026916504,0.21632297337055206,0.4471188485622406,0.5407814383506775
Zero Padding,12242,0,-0.2408686876296997,0.2503369152545929,0.44464465975761414,0.5404883623123169
Zero Padding,12254,0,-0.2316945642232895,-0.009817470796406269,0.42740598320961,0.5208631157875061
Zero Padding,12263,0,-0.23514434695243835,0.08139269053936005,0.47160425782203674,0.518744170665741
Zero Padding,12272,0,-0.28861668705940247,-0.06705735623836517,0.4710957109928131,0.5489440560340881
Zero Padding,12279,0,-0.25231292843818665,0.10018067806959152,0.4046335518360138,0.5363730192184448
Zero Padding,12281,0,-0.16197362542152405,-0.028530102223157883,0.4378361403942108,0.4962068796157837
Zero Padding,12284,0,-0.4386252164840698,-0.03129468113183975,0.4453282058238983,0.6640222668647766
Zero Padding,12297,0,-0.29726189374923706,-0.07212794572114944,0.45906028151512146,0.540198802947998
Zero Padding,12302,0,-0.05951840057969093,-0.06634338200092316,0.46914827823638916,0.44346076250076294
Zero Padding,12317,0,-0.2667747139930725,-0.023378048092126846,0.4743024408817291,0.5359736680984497
Zero Padding,12318,0,-0.2674192786216736,-0.024726614356040955,0.46686702966690063,0.537108302116394
Zero Padding,12327,0,-0.3487436771392822,-0.039629895240068436,0.4285488426685333,0.5470567345619202
Zero Padding,12329,0,-0.12964527308940887,-0.09051549434661865,0.46969807147979736,0.47016221284866333
Zero Padding,12336,0,-0.3838043212890625,-0.04924139380455017,0.4386555552482605,0.5865240693092346
Zero Padding,12340,0,-0.21177081763744354,-0.07038644701242447,0.4192882776260376,0.5150194764137268
Zero Padding,12346,0,-0.10656677931547165,-0.020440034568309784,0.4269869327545166,0.4604201316833496
Zero Padding,12356,0,-0.17216551303863525,-0.018812334164977074,0.3483417332172394,0.49711570143699646
Zero Padding,12361,0,-0.18168430030345917,-0.07834774255752563,0.4292263686656952,0.5054917335510254
Zero Padding,12372,0,-0.3600478172302246,0.0857829749584198,0.4090394973754883,0.5883147120475769
Zero Padding,12375,0,-0.22667185962200165,-0.09108803421258926,0.39140430092811584,0.5158348679542542
Zero Padding,12384,0,-0.2793496549129486,0.23067627847194672,0.4762200713157654,0.5485884547233582
Zero Padding,12392,0,-0.2962733805179596,0.08763761073350906,0.5137901902198792,0.5337229371070862
Zero Padding,12395,0,-0.22068892419338226,-0.08777756243944168,0.44242793321609497,0.5172727704048157
Zero Padding,12401,0,-0.27692437171936035,0.05243326723575592,0.4361681342124939,0.5448023676872253
Zero Padding,12406,0,-0.054184798151254654,-0.0662975162267685,0.45106834173202515,0.44461601972579956
Zero Padding,12412,0,-0.34946465492248535,-0.030263489112257957,0.40780988335609436,0.5727031230926514
Zero Padding,12414,0,-0.17556646466255188,-0.1948333978652954,0.46941685676574707,0.49938541650772095
Zero Padding,12419,0,-0.1304650455713272,-0.05196116492152214,0.4712285101413727,0.46606728434562683
Zero Padding,12422,0,-0.2445637285709381,-0.003296090057119727,0.40777286887168884,0.5361061096191406
Zero Padding,12423,0,-0.33225691318511963,-0.16489467024803162,0.4824027121067047,0.5864407420158386
Zero Padding,12425,0,-0.29715248942375183,-0.0430583581328392,0.4321121573448181,0.5476841926574707
Zero Padding,12437,0,-0.24072964489459991,-0.006862798240035772,0.4255695343017578,0.5385385751724243
Zero Padding,12441,0,-0.1520402431488037,0.07014736533164978,0.4438818693161011,0.491788774728775
Zero Padding,12446,0,-0.38433441519737244,0.002041370142251253,0.4243493676185608,0.5789629220962524
Zero Padding,12453,0,-0.2086717188358307,0.016717759892344475,0.42985981702804565,0.5037309527397156
Zero Padding,12458,0,-0.0729556679725647,-0.0332576222717762,0.44563302397727966,0.4443945586681366
Zero Padding,12461,0,-0.25579962134361267,0.20284351706504822,0.5509837865829468,0.539777398109436
Zero Padding,12480,0,-0.11792006343603134,-0.017810111865401268,0.4406319856643677,0.4729917049407959
Zero Padding,12494,0,-0.2552134394645691,0.20025110244750977,0.47697362303733826,0.5334622263908386
Zero Padding,12499,0,-0.3275083005428314,0.013250553049147129,0.4902298152446747,0.5787733793258667
Zero Padding,12538,0,-0.29200711846351624,0.11296088993549347,0.4375711977481842,0.5561888813972473
Zero Padding,12539,0,-0.2033519148826599,-0.010623885318636894,0.4315940737724304,0.5221689343452454
Zero Padding,12545,0,-0.33572259545326233,-0.025455240160226822,0.3569222688674927,0.6013714671134949
Zero Padding,12546,0,-0.37476396560668945,-0.043920278549194336,0.3593515157699585,0.62715083360672
Zero Padding,12548,0,-0.2181759476661682,0.020146215334534645,0.44362112879753113,0.5071398615837097
Zero Padding,12556,0,-0.24474970996379852,-0.024087145924568176,0.3689851462841034,0.5369417071342468
Zero Padding,12563,0,-0.3371092677116394,-0.12552981078624725,0.46237555146217346,0.4570198059082031
Zero Padding,12569,0,-0.2754613757133484,0.014377206563949585,0.44262897968292236,0.5463505387306213
Zero Padding,12573,0,-0.26661357283592224,0.21035966277122498,0.4109061658382416,0.5413176417350769
Zero Padding,12581,0,-0.35802343487739563,-0.13339188694953918,0.45646795630455017,0.5748621225357056
Zero Padding,12582,0,-0.2612321972846985,0.0033346908167004585,0.4227738082408905,0.5341517329216003
Zero Padding,12589,0,-0.2535713016986847,-0.1422160267829895,0.45168209075927734,0.5304990410804749
Zero Padding,12595,0,-0.26492905616760254,-0.042666126042604446,0.43419817090034485,0.5538058280944824
Zero Padding,12606,0,-0.2536323666572571,0.14976337552070618,0.3864380419254303,0.5312898755073547
Zero Padding,12611,0,-0.2271183580160141,-0.0948571115732193,0.41185182332992554,0.5321627855300903
Zero Padding,12612,0,-0.17775702476501465,0.12365066260099411,0.46013882756233215,0.5076561570167542
Zero Padding,12613,0,-0.24154284596443176,0.1861429214477539,0.372680127620697,0.529161274433136
Zero Padding,12623,0,-0.3677584230899811,-0.0712624043226242,0.4866233170032501,0.6081011295318604
Zero Padding,12630,0,-0.252074658870697,-0.02953025884926319,0.45778384804725647,0.5162582397460938
Zero Padding,12639,0,-0.29828470945358276,-0.08819334208965302,0.4758112132549286,0.5422694087028503
Zero Padding,12645,0,-0.1697508543729782,-0.11789123713970184,0.49554648995399475,0.48926565051078796
Zero Padding,12648,0,-0.25299450755119324,0.04963228851556778,0.42067137360572815,0.5368056297302246
Zero Padding,12669,0,-0.19494906067848206,-0.05989694967865944,0.4641914963722229,0.5143619179725647
Zero Padding,12675,0,-0.18054327368736267,-0.08637785166501999,0.4455967843532562,0.5094041228294373
Zero Padding,12686,0,-0.2189035266637802,-0.08524856716394424,0.49829986691474915,0.5296059846878052
Zero Padding,12693,0,-0.2406240701675415,0.04810343682765961,0.41942551732063293,0.5218821167945862
Zero Padding,12694,0,-0.2822793126106262,-0.010488815605640411,0.42916369438171387,0.5672298669815063
Zero Padding,12723,0,-0.2445959895849228,-0.02738291770219803,0.4550431966781616,0.5072853565216064
Zero Padding,12729,0,-0.39605188369750977,0.03402071073651314,0.4779510200023651,0.5848347544670105
Zero Padding,12740,0,-0.18832382559776306,-0.04035475105047226,0.4329817295074463,0.5031400918960571
Zero Padding,12748,0,-0.34001386165618896,-0.16882890462875366,0.45677363872528076,0.580636739730835
Zero Padding,12750,0,-0.2560902535915375,-0.08506305515766144,0.42355287075042725,0.5322694182395935
Zero Padding,12752,0,-0.4171677529811859,-0.08987439423799515,0.45702674984931946,0.6060757040977478
Zero Padding,12755,0,-0.33934304118156433,-0.1690918356180191,0.46700307726860046,0.5793631076812744
Zero Padding,12757,0,-0.24073784053325653,0.12914720177650452,0.41966912150382996,0.5304731726646423
Zero Padding,12758,0,-0.227348193526268,0.048351895064115524,0.4654894173145294,0.505560576915741
Zero Padding,12766,0,-0.23497402667999268,-0.15072593092918396,0.522330105304718,0.4606332778930664
Zero Padding,12767,0,-0.2534710764884949,-0.05255918949842453,0.4495878517627716,0.5187929272651672
Zero Padding,12776,0,-0.23737679421901703,-0.04640877619385719,0.4221682846546173,0.5272054672241211
Zero Padding,12786,0,-0.27072733640670776,-0.10377838462591171,0.4959076941013336,0.5284523963928223
Zero Padding,12800,0,-0.26318347454071045,-0.04789859056472778,0.42258813977241516,0.5269842147827148
Zero Padding,12806,0,-0.15140707790851593,0.0032333265990018845,0.4565280079841614,0.46487724781036377
Zero Padding,12822,0,-0.44897761940956116,-0.0406191386282444,0.4446958899497986,0.6290712356567383
Zero Padding,12838,0,-0.21992774307727814,0.15368866920471191,0.44540083408355713,0.5130986571311951
Zero Padding,12845,0,-0.2482983022928238,0.13256612420082092,0.4566395580768585,0.5263991355895996
Zero Padding,12851,0,-0.430457204580307,0.01430156547576189,0.47354498505592346,0.6553668975830078
Zero Padding,12867,0,-0.2567828297615051,0.2372058779001236,0.4331173598766327,0.5335842967033386
Zero Padding,12878,0,-0.4666692614555359,-0.04250205680727959,0.4543050527572632,0.6611985564231873
Zero Padding,12881,0,-0.3165597915649414,-0.18787781894207,0.4625979959964752,0.3988642990589142
Zero Padding,12883,0,-0.4801679849624634,-0.0656919777393341,0.42320919036865234,0.7380422353744507
Zero Padding,12888,0,-0.3011155128479004,0.11003435403108597,0.46980732679367065,0.5397142767906189
Zero Padding,12890,0,-0.3168853223323822,-0.11437114328145981,0.4927060306072235,0.4652303457260132
Zero Padding,12892,0,-0.2854909598827362,0.10427190363407135,0.4554808437824249,0.5600671768188477
Zero Padding,12903,0,-0.20745855569839478,0.1135086640715599,0.41717246174812317,0.5169306397438049
Zero Padding,12933,0,-0.07820196449756622,-0.02783948928117752,0.6758356094360352,0.464425653219223
Zero Padding,12937,0,-0.40154799818992615,-0.03723585605621338,0.4115273356437683,0.6174091696739197
Zero Padding,12938,0,-0.2876597046852112,0.015205776318907738,0.45961272716522217,0.5411930680274963
Zero Padding,12941,0,-0.31546398997306824,0.007254351861774921,0.476559042930603,0.5603689551353455
Zero Padding,12948,0,-0.07379970699548721,-0.09190518409013748,0.44973841309547424,0.45938801765441895
Zero Padding,12962,0,-0.26553478837013245,-0.011701869778335094,0.4399294853210449,0.5412002205848694
Zero Padding,12964,0,-0.26900002360343933,0.11817265301942825,0.4657234251499176,0.528846800327301
Zero Padding,12968,0,-0.25758522748947144,-0.035508960485458374,0.47024184465408325,0.5317263603210449
Zero Padding,12972,0,-0.1605038195848465,0.02982443943619728,0.4439365565776825,0.49607330560684204
Zero Padding,12976,0,-0.36682429909706116,-0.03166104108095169,0.40873363614082336,0.6076982617378235
Zero Padding,12978,0,-0.07681125402450562,0.019958961755037308,0.4435935616493225,0.45770731568336487
Zero Padding,12979,0,-0.2636439800262451,0.12409370392560959,0.41325613856315613,0.5363797545433044
Zero Padding,12990,0,-0.33363717794418335,-0.20752206444740295,0.4574909806251526,0.5732412338256836
Zero Padding,13001,0,0.04898006469011307,0.026094486936926842,0.465368390083313,0.42354777455329895
Zero Padding,13014,0,-0.3470297157764435,0.07304803282022476,0.43216586112976074,0.5947380065917969
Zero Padding,13019,0,-0.29346218705177307,0.11743076890707016,0.4677327275276184,0.5446144342422485
Zero Padding,13025,0,-0.29122528433799744,0.07674086838960648,0.5142902731895447,0.5642758011817932
Zero Padding,13028,0,-0.2664184868335724,0.2071380317211151,0.46753349900245667,0.5453517436981201
Zero Padding,13038,0,-0.2799549996852875,-0.07699743658304214,0.44648340344429016,0.5464417934417725
Zero Padding,13039,0,-0.2836841344833374,-0.06888711452484131,0.4634639322757721,0.5487483739852905
Zero Padding,13040,0,-0.27702128887176514,-0.062085241079330444,0.44380876421928406,0.5331760048866272
Zero Padding,13042,0,-0.42167162895202637,-0.006603695917874575,0.410102903842926,0.6234837770462036
Zero Padding,13049,0,-0.42372310161590576,-0.01935778185725212,0.4251331388950348,0.5985367298126221
Zero Padding,13054,0,-0.2200673371553421,0.05846720188856125,0.4687410891056061,0.5260677337646484
Zero Padding,13063,0,-0.3578000068664551,-0.15218660235404968,0.4624280333518982,0.5912704467773438
Zero Padding,13069,0,-0.24422673881053925,-0.01898404210805893,0.34920114278793335,0.5261240601539612
Zero Padding,13074,0,-0.3778277635574341,-0.06590958684682846,0.5947801470756531,0.5899661183357239
Zero Padding,13075,0,-0.2555401027202606,0.2440749704837799,0.46570730209350586,0.5417804718017578
Zero Padding,13079,0,-0.20809978246688843,-0.0485563725233078,0.4525976777076721,0.5078691840171814
Zero Padding,13090,0,-0.2918636202812195,-0.05739953741431236,0.39188218116760254,0.5348272919654846
Zero Padding,13103,0,-0.21381685137748718,-0.05949360132217407,0.3896465301513672,0.5003635287284851
Zero Padding,13110,0,-0.19818636775016785,-0.19874176383018494,0.5244949460029602,0.5054651498794556
Zero Padding,13119,0,-0.18026971817016602,-0.0207824744284153,0.4454522430896759,0.5039162039756775
Zero Padding,13121,0,-0.22323180735111237,-0.01818048767745495,0.4526400864124298,0.5041059255599976
Zero Padding,13125,0,-0.4013384282588959,-0.11705635488033295,0.45597895979881287,0.6107594966888428
Zero Padding,13139,0,-0.36079853773117065,0.028085947036743164,0.45178088545799255,0.5890401601791382
Zero Padding,13141,0,-0.2644813656806946,0.14030887186527252,0.46003398299217224,0.5388514399528503
Zero Padding,13188,0,-0.19408202171325684,0.13711676001548767,0.457489937543869,0.4987882375717163
Zero Padding,13193,0,-0.21689006686210632,0.026562688872218132,0.45348671078681946,0.5211113691329956
Zero Padding,13209,0,-0.2833857238292694,-0.04080786556005478,0.43763619661331177,0.5374429821968079
Zero Padding,13210,0,-0.20951561629772186,-0.0008112378418445587,0.4053262770175934,0.5164955258369446
Zero Padding,13214,0,-0.311655730009079,-0.1939772367477417,0.45924869179725647,0.5680463314056396
Zero Padding,13219,0,-0.18473385274410248,-0.06474483013153076,0.4877513349056244,0.4269225597381592
Zero Padding,13222,0,-0.26786598563194275,-0.05230360105633736,0.3797105848789215,0.48352569341659546
Zero Padding,13225,0,-0.2711222767829895,-0.04490770772099495,0.42340537905693054,0.51314777135849
Zero Padding,13230,0,-0.26601284742355347,-0.009362053126096725,0.45179733633995056,0.529981255531311
Zero Padding,13241,0,-0.3046003580093384,-0.08050540834665298,0.4721764624118805,0.5577987432479858
Zero Padding,13258,0,-0.2641856372356415,-0.045608386397361755,0.443732887506485,0.525147557258606
Zero Padding,13284,0,-0.24643352627754211,0.21199670433998108,0.45693835616111755,0.5317288637161255
Zero Padding,13285,0,-0.38191938400268555,-0.006405029911547899,0.4110778272151947,0.5956342816352844
Zero Padding,13289,0,-0.24694658815860748,0.010679582133889198,0.455869197845459,0.5207718014717102
Zero Padding,13301,0,-0.30331096053123474,0.015393344685435295,0.451640784740448,0.5404228568077087
Zero Padding,13302,0,-0.24977010488510132,-0.05076270550489426,0.4038377106189728,0.5533740520477295
Zero Padding,13311,0,-0.30530211329460144,-0.008392608724534512,0.46054211258888245,0.5407388210296631
Zero Padding,13313,0,-0.27228647470474243,-0.17185604572296143,0.45291668176651,0.5616175532341003
Zero Padding,13335,0,-0.2492770403623581,0.1627175509929657,0.4205898642539978,0.5211983919143677
Zero Padding,13342,0,0.06063183397054672,-0.008707956410944462,0.4564986824989319,0.4183812141418457
Zero Padding,13352,0,-0.1619044840335846,-0.020306795835494995,0.44473928213119507,0.47117921710014343
Zero Padding,13366,0,-0.42015111446380615,-0.004786320496350527,0.5262839794158936,0.6054286956787109
Zero Padding,13373,0,-0.5205643177032471,-0.06355369836091995,0.5083918571472168,0.5262723565101624
Zero Padding,13380,0,-0.39072185754776,-0.1406833529472351,0.45351365208625793,0.6162725687026978
Zero Padding,13410,0,-0.28439968824386597,-0.046748630702495575,0.42761799693107605,0.5393297076225281
Zero Padding,13412,0,-0.23534785211086273,0.0500505194067955,0.4243420660495758,0.5356478095054626
Zero Padding,13413,0,-0.2726669907569885,0.21912537515163422,0.4226200580596924,0.5538318753242493
Zero Padding,13426,0,-0.2492365539073944,-0.08087874203920364,0.5078138709068298,0.532320499420166
Zero Padding,13427,0,-0.3945976495742798,-0.0025313463993370533,0.46422988176345825,0.6241577863693237
Zero Padding,13444,0,-0.15189343690872192,-0.0937182754278183,0.44778621196746826,0.49278125166893005
Zero Padding,13445,0,-0.22263488173484802,-0.13466595113277435,0.46517932415008545,0.507796049118042
Zero Padding,13456,0,-0.31201693415641785,-0.07332397997379303,0.49567505717277527,0.5612725019454956
Zero Padding,13460,0,-0.24399204552173615,0.16624651849269867,0.42869654297828674,0.5476607084274292
Zero Padding,13465,0,-0.23515716195106506,-0.14703170955181122,0.43788549304008484,0.5255530476570129
Zero Padding,13478,0,-0.22953137755393982,0.016468361020088196,0.4438509941101074,0.5229021906852722
Zero Padding,13483,0,-0.26873987913131714,-0.051108457148075104,0.43517348170280457,0.5493663549423218
Zero Padding,13495,0,-0.3580595850944519,-0.030246054753661156,0.41499069333076477,0.6091146469116211
Zero Padding,13497,0,-0.08754710108041763,-0.01723642461001873,0.4857240617275238,0.457430362701416
Zero Padding,13498,0,-0.2378668636083603,0.1294127255678177,0.43630385398864746,0.5284234881401062
Zero Padding,13499,0,-0.26749372482299805,0.048048071563243866,0.4556486904621124,0.5403210520744324
Zero Padding,13502,0,-0.24674630165100098,0.11744723469018936,0.4543757736682892,0.525320291519165
Zero Padding,13508,0,-0.35848841071128845,0.010090417228639126,0.48183882236480713,0.578557550907135
Zero Padding,13523,0,-0.3015005886554718,0.00853615440428257,0.4580335319042206,0.565636157989502
Zero Padding,13534,0,-0.24587365984916687,-0.0532788522541523,0.48779603838920593,0.5236724019050598
Zero Padding,13550,0,-0.29298362135887146,-0.03534568473696709,0.4285406172275543,0.5508962273597717
Zero Padding,13556,0,-0.30658969283103943,0.02506876550614834,0.46750733256340027,0.548676073551178
Zero Padding,13558,0,-0.27335670590400696,-0.05608180910348892,0.4621981680393219,0.5615062713623047
Zero Padding,13561,0,-0.30307018756866455,-0.06701343506574631,0.42787817120552063,0.5651655197143555
Zero Padding,13575,0,-0.23322448134422302,-0.0020868510473519564,0.4636264741420746,0.5307124257087708
Zero Padding,13601,0,-0.364553302526474,-0.0037220711819827557,0.40075868368148804,0.6007589101791382
Zero Padding,13603,0,-0.37927648425102234,-0.030579645186662674,0.43534865975379944,0.5834972262382507
Zero Padding,13621,0,-0.22130583226680756,-0.030076386407017708,0.4570305049419403,0.5166113972663879
Zero Padding,13622,0,-0.29349058866500854,-0.10607005655765533,0.5333528518676758,0.5614385008811951
Zero Padding,13646,0,-0.1918754130601883,0.04673771187663078,0.44581741094589233,0.5135119557380676
Zero Padding,13658,0,-0.24677595496177673,0.1684865653514862,0.40445676445961,0.5445378422737122
Zero Padding,13662,0,-0.2198311686515808,-0.04870768263936043,0.46624070405960083,0.5022279620170593
Zero Padding,13663,0,-0.2669907212257385,-0.12723547220230103,0.44934168457984924,0.5474411249160767
Zero Padding,13665,0,-0.26295122504234314,0.23562906682491302,0.46808502078056335,0.5415130257606506
Zero Padding,13678,0,-0.2256026715040207,-0.08290662616491318,0.33452069759368896,0.5124785304069519
Zero Padding,13680,0,-0.19945022463798523,0.19150292873382568,0.39867910742759705,0.5173289775848389
Zero Padding,13684,0,-0.23312070965766907,-0.03534099832177162,0.38162192702293396,0.5257688164710999
Zero Padding,13687,0,-0.08736953884363174,-0.0412585474550724,0.44294053316116333,0.4535694718360901
Zero Padding,13689,0,-0.2588180899620056,0.2236073762178421,0.46130484342575073,0.5396336317062378
Zero Padding,13692,0,-0.19835923612117767,0.008604904636740685,0.44228747487068176,0.49976295232772827
Zero Padding,13695,0,-0.23392851650714874,0.10799265652894974,0.5485266447067261,0.5112829804420471
Zero Padding,13709,0,-0.2885856032371521,0.14108413457870483,0.43361207842826843,0.5677010416984558
Zero Padding,13711,0,-0.3207283020019531,0.176618292927742,0.4693235754966736,0.5579706430435181
Zero Padding,13728,0,-0.20357397198677063,0.05051594227552414,0.42854243516921997,0.5089190006256104
Zero Padding,13732,0,-0.16666707396507263,0.11941609531641006,0.4766596853733063,0.4921594560146332
Zero Padding,13733,0,-0.28363847732543945,-0.031987860798835754,0.43841469287872314,0.5267788767814636
Zero Padding,13735,0,-0.23141619563102722,0.046183992177248,0.4570734202861786,0.5371405482292175
Zero Padding,13746,0,-0.36919763684272766,-0.03461224213242531,0.41945770382881165,0.5746668577194214
Zero Padding,13754,0,-0.39235812425613403,-0.12014725804328918,0.49028003215789795,0.607123851776123
Zero Padding,13763,0,-0.041888706386089325,-0.032537683844566345,0.4506820738315582,0.4535311460494995
Zero Padding,13772,0,-0.25705501437187195,0.032801177352666855,0.43004676699638367,0.5493149757385254
Zero Padding,13773,0,-0.21446222066879272,0.03438718616962433,0.4429539144039154,0.49861934781074524
Zero Padding,13789,0,-0.3104798495769501,0.015513989143073559,0.4209946393966675,0.5522698760032654
Zero Padding,13790,0,-0.30107784271240234,-0.07506029307842255,0.421853244304657,0.5487054586410522
Zero Padding,13792,0,-0.3283028304576874,-0.0123122688382864,0.4395398795604706,0.5789808630943298
Zero Padding,13797,0,-0.12337148189544678,-0.05228694900870323,0.4262548089027405,0.49053066968917847
Zero Padding,13798,0,-0.3565462529659271,-0.03865787014365196,0.4181531071662903,0.5684752464294434
Zero Padding,13814,0,-0.23347851634025574,-0.03846316784620285,0.4597088098526001,0.5162854194641113
Zero Padding,13817,0,-0.39787474274635315,-0.02586960606276989,0.428244948387146,0.5799709558486938
Zero Padding,13823,0,-0.21483351290225983,-0.08035212010145187,0.47625932097435,0.5144967436790466
Zero Padding,13831,0,-0.15840405225753784,0.009921529330313206,0.44874510169029236,0.48627668619155884
Zero Padding,13848,0,0.004616134334355593,-0.07437914609909058,0.4594331681728363,0.42840316891670227
Zero Padding,13855,0,-0.24693074822425842,0.013925353065133095,0.5332819819450378,0.5260842442512512
Zero Padding,13864,0,-0.09258131682872772,-0.0289793461561203,0.451377809047699,0.449442058801651
Zero Padding,13867,0,-0.22411973774433136,0.07303275913000107,0.4257199168205261,0.5233708024024963
Zero Padding,13868,0,-0.1988733857870102,-0.16854234039783478,0.4547490179538727,0.5146194100379944
Zero Padding,13869,0,-0.24171103537082672,0.14477255940437317,0.41992050409317017,0.5433184504508972
Zero Padding,13878,0,-0.29758524894714355,-0.1124800443649292,0.4667554497718811,0.5572206974029541
Zero Padding,13881,0,-0.26257309317588806,0.07859671115875244,0.4429599940776825,0.5496233105659485
Zero Padding,13885,0,-0.2485978752374649,-0.03690601885318756,0.41518211364746094,0.5431666970252991
Zero Padding,13899,0,-0.3286507725715637,-0.0522281788289547,0.39651575684547424,0.5619181990623474
Zero Padding,13908,0,-0.29033347964286804,-0.10358349978923798,0.6064478158950806,0.5301201939582825
Zero Padding,13912,0,-0.3112795650959015,-0.19220352172851562,0.5220980644226074,0.45934852957725525
Zero Padding,13915,0,-0.32168933749198914,-0.0527413934469223,0.4400014877319336,0.5481593012809753
Zero Padding,13920,0,-0.23027685284614563,0.12895937263965607,0.44800999760627747,0.5050070285797119
Zero Padding,13946,0,-0.26933553814888,0.0695975124835968,0.45802950859069824,0.5470883250236511
Zero Padding,13961,0,-0.18162278831005096,-0.00409166282042861,0.4046172499656677,0.493238627910614
Zero Padding,13967,0,-0.22620399296283722,0.0017692463006824255,0.4277201294898987,0.533199667930603
Zero Padding,13983,0,-0.20699727535247803,-0.06990878283977509,0.4308793246746063,0.5236899256706238
Zero Padding,13985,0,-0.2500830292701721,0.11884380877017975,0.44527122378349304,0.5368994474411011
Zero Padding,14002,0,-0.2607097625732422,-0.01997275836765766,0.44261664152145386,0.5270934700965881
Zero Padding,14008,0,-0.2665013372898102,-0.11094573140144348,0.4658866226673126,0.5573635697364807
Zero Padding,14015,0,-0.28041064739227295,-0.057844363152980804,0.4432833194732666,0.5521747469902039
Zero Padding,14033,0,-0.31414365768432617,-0.03135279566049576,0.47556912899017334,0.56461501121521
Zero Padding,14068,0,-0.24487143754959106,-0.057116422802209854,0.43733373284339905,0.5297712683677673
Zero Padding,14073,0,-0.23468399047851562,0.18525084853172302,0.45864027738571167,0.5167967677116394
Zero Padding,14086,0,-0.35387933254241943,-0.035494472831487656,0.4130106568336487,0.5678691267967224
Zero Padding,14087,0,-0.24283023178577423,0.18532437086105347,0.4407632648944855,0.5463003516197205
Zero Padding,14095,0,-0.28280165791511536,-0.01912323758006096,0.4362631142139435,0.5460691452026367
Zero Padding,14110,0,-0.053218431770801544,-0.06858821958303452,0.4485030770301819,0.4467705488204956
Zero Padding,14116,0,-0.45447492599487305,0.016240453347563744,0.43614450097084045,0.6387848854064941
Zero Padding,14121,0,-0.41331756114959717,-0.010634532198309898,0.45388033986091614,0.595030665397644
Zero Padding,14124,0,-0.2816527485847473,-0.1541450321674347,0.5130438208580017,0.5496920943260193
Zero Padding,14125,0,-0.2155330777168274,-0.05987697094678879,0.40083202719688416,0.5449296832084656
Zero Padding,14130,0,-0.37058958411216736,-0.04062032699584961,0.43590641021728516,0.6172909736633301
Zero Padding,14131,0,-0.11355520784854889,-0.07634691148996353,0.4487198293209076,0.45994502305984497
Zero Padding,14139,0,-0.21123851835727692,-0.05276050418615341,0.4618411362171173,0.5044875741004944
Zero Padding,14143,0,-0.2209916114807129,-0.1609940528869629,0.4457234740257263,0.5211127996444702
Zero Padding,14155,0,-0.2783069610595703,0.0015092645771801472,0.44589656591415405,0.54591304063797
Zero Padding,14164,0,-0.43128785490989685,0.024690214544534683,0.44054871797561646,0.6837813854217529
Zero Padding,14166,0,-0.24738813936710358,0.19338035583496094,0.4381675720214844,0.5306072235107422
Zero Padding,14172,0,-0.24616461992263794,0.19478431344032288,0.4903062880039215,0.525245189666748
Zero Padding,14175,0,-0.10975943505764008,-0.0333794504404068,0.43759727478027344,0.45755618810653687
Zero Padding,14180,0,-0.3196897506713867,0.12298727035522461,0.47925931215286255,0.5735282301902771
Zero Padding,14182,0,-0.20067618787288666,0.1331213414669037,0.44159919023513794,0.5109249353408813
Zero Padding,14184,0,-0.2298632711172104,-0.10775662958621979,0.5300154089927673,0.5194311738014221
Zero Padding,14186,0,-0.1937655657529831,-0.01076648011803627,0.4590282440185547,0.5031617283821106
Zero Padding,14191,0,-0.22436918318271637,0.24686262011528015,0.4487873613834381,0.5241297483444214
Zero Padding,14208,0,-0.23587819933891296,0.23331224918365479,0.49655237793922424,0.529306173324585
Zero Padding,14257,0,-0.37364181876182556,-0.06574149429798126,0.40266409516334534,0.6129161715507507
Zero Padding,14265,0,-0.31467920541763306,0.012859044596552849,0.4693458378314972,0.5546559691429138
Zero Padding,14266,0,-0.24733415246009827,-0.06847293674945831,0.4854854643344879,0.5363407731056213
Zero Padding,14279,0,-0.36275041103363037,0.00791257992386818,0.4165715277194977,0.5907817482948303
Zero Padding,14284,0,-0.2936764359474182,0.17169484496116638,0.44092026352882385,0.5698187351226807
Zero Padding,14297,0,-0.2722458243370056,0.13783517479896545,0.44068410992622375,0.5538604855537415
Zero Padding,14315,0,-0.05018684267997742,0.04084328934550285,0.43654176592826843,0.43501731753349304
Zero Padding,14341,0,-0.2220819741487503,0.01997070387005806,0.4697432518005371,0.5145810842514038
Zero Padding,14343,0,-0.32779157161712646,-0.13606096804141998,0.4354708194732666,0.5692036151885986
Zero Padding,14352,0,-0.21076983213424683,-0.05229645222425461,0.4451287090778351,0.5115095376968384
Zero Padding,14363,0,-0.23159584403038025,0.06409414112567902,0.5412610173225403,0.5112136602401733
Zero Padding,14367,0,-0.2774152159690857,0.02328159473836422,0.4984218180179596,0.5338549017906189
Zero Padding,14369,0,-0.2575085461139679,-0.03564603626728058,0.4100074768066406,0.5129676461219788
Zero Padding,14377,0,-0.42159503698349,-0.046241506934165955,0.42501428723335266,0.6408728957176208
Zero Padding,14397,0,-0.0366295762360096,-0.033453479409217834,0.4227314293384552,0.4272352457046509
Zero Padding,14408,0,-0.04289272055029869,-0.03663916140794754,0.42433682084083557,0.42773693799972534
Zero Padding,14411,0,-0.04339836165308952,-0.04462824761867523,0.4217270016670227,0.428750604391098
Zero Padding,14413,0,-0.04644642025232315,-0.03781938552856445,0.4189528822898865,0.4289601743221283
Zero Padding,14419,0,-0.048568177968263626,-0.031035201624035835,0.4140850603580475,0.4290764033794403
Zero Padding,14421,0,-0.03591248393058777,-0.018373530358076096,0.42651891708374023,0.42689335346221924
Zero Padding,14423,0,-0.04907771944999695,-0.026557136327028275,0.4228067398071289,0.4301404058933258
Zero Padding,14433,0,-0.05654001608490944,-0.034226786345243454,0.41794219613075256,0.4328169822692871
Zero Padding,14438,0,-0.03984282910823822,-0.02765386924147606,0.4281262159347534,0.42706283926963806
Zero Padding,14439,0,-0.04592962563037872,-0.02779410034418106,0.41610684990882874,0.42952486872673035
Zero Padding,14451,0,-0.04422653466463089,-0.03847125917673111,0.4206920266151428,0.4290832281112671
Zero Padding,14453,0,-0.04114452004432678,-0.03451225906610489,0.4327912926673889,0.42667993903160095
Zero Padding,14463,0,-0.04958469420671463,-0.026839839294552803,0.4184277653694153,0.42912134528160095
Zero Padding,14467,0,-0.05315154790878296,-0.03611079975962639,0.4116431474685669,0.4321703016757965
Zero Padding,14468,0,-0.03793716058135033,-0.02998758852481842,0.42746973037719727,0.4262455701828003
Zero Padding,14477,0,-0.04280104860663414,-0.032039761543273926,0.4174845516681671,0.4287690222263336
Zero Padding,14487,0,-0.04430733993649483,-0.041188836097717285,0.41893184185028076,0.42880409955978394
Zero Padding,14504,0,-0.04785951226949692,-0.03383541852235794,0.41737064719200134,0.4301699697971344
Zero Padding,14513,0,-0.05225126072764397,-0.03341196849942207,0.41652998328208923,0.4318472146987915
Zero Padding,14514,0,-0.03881985321640968,-0.019715283066034317,0.42618826031684875,0.42785727977752686
Zero Padding,14517,0,-0.04493211954832077,-0.027097806334495544,0.41469183564186096,0.42950814962387085
Zero Padding,14526,0,-0.05101735144853592,-0.029905984178185463,0.41488128900527954,0.4319503903388977
Zero Padding,14529,0,-0.04720849171280861,-0.03580162301659584,0.42547035217285156,0.42878592014312744
Zero Padding,14535,0,-0.03415883705019951,-0.035119809210300446,0.42266610264778137,0.425982266664505
Zero Padding,14546,0,-0.047284603118896484,-0.031961455941200256,0.4140818119049072,0.4309825301170349
Zero Padding,14550,0,-0.05310734733939171,-0.03259231895208359,0.4177827835083008,0.43157896399497986
Zero Padding,14559,0,-0.04429340362548828,-0.029575714841485023,0.4171940088272095,0.42833971977233887
Zero Padding,14567,0,-0.05505744367837906,-0.03338552638888359,0.41826122999191284,0.43208932876586914
Zero Padding,14569,0,-0.052431315183639526,-0.022417742758989334,0.4175806939601898,0.4306418299674988
Zero Padding,14578,0,-0.04122653603553772,-0.02865440770983696,0.4155399799346924,0.42705947160720825
Zero Padding,14590,0,-0.04239698126912117,-0.026436323300004005,0.41660967469215393,0.4290531575679779
Zero Padding,14596,0,0.2081298530101776,-0.04713278263807297,0.8551441431045532,0.27385202050209045
Zero Padding,14597,0,-0.0408184677362442,-0.04255249723792076,0.43346065282821655,0.42695868015289307
Zero Padding,14610,0,-0.03729231655597687,-0.03671104460954666,0.42830705642700195,0.4262271225452423
Zero Padding,14625,0,-0.05000995099544525,-0.02750401198863983,0.4232165217399597,0.4304289221763611
Zero Padding,14636,0,-0.04430227354168892,-0.034528229385614395,0.4238635003566742,0.4274328947067261
Zero Padding,14660,0,-0.04525991529226303,-0.019587820395827293,0.4192557632923126,0.42878204584121704
Zero Padding,14672,0,-0.051802776753902435,-0.0318426713347435,0.418642520904541,0.4315228760242462
Zero Padding,14674,0,-0.03881795331835747,-0.030265793204307556,0.42832013964653015,0.4272225499153137
Zero Padding,14675,0,-0.055735714733600616,-0.02284800261259079,0.42373570799827576,0.43061283230781555
Zero Padding,14676,0,-0.04897444322705269,-0.03853420540690422,0.42251908779144287,0.42952197790145874
Zero Padding,14691,0,-0.05068260803818703,-0.033802032470703125,0.41570743918418884,0.43066784739494324
Zero Padding,14695,0,-0.041949667036533356,-0.032470352947711945,0.4259932041168213,0.42762377858161926
Zero Padding,14698,0,-0.04988909512758255,-0.03167613968253136,0.41499659419059753,0.43081891536712646
Zero Padding,14720,0,-0.047613535076379776,-0.03417626768350601,0.4220700263977051,0.4304470717906952
Zero Padding,14725,0,-0.0427008680999279,-0.03152773529291153,0.4227316677570343,0.4286862313747406
Zero Padding,14727,0,-0.053319793194532394,-0.033368367701768875,0.4180612862110138,0.43151232600212097
Zero Padding,14744,0,-0.03832758218050003,-0.03100195899605751,0.42420053482055664,0.42729777097702026
Zero Padding,14747,0,-0.04715953394770622,-0.03742320090532303,0.41695335507392883,0.42918479442596436
Zero Padding,14755,0,-0.04062497243285179,-0.03739519789814949,0.41788244247436523,0.4280377924442291
Zero Padding,14768,0,-0.04392581060528755,-0.037884633988142014,0.42665964365005493,0.42715921998023987
Zero Padding,14776,0,-0.0423891581594944,-0.028701934963464737,0.41345202922821045,0.42907366156578064
Zero Padding,14781,0,-0.040118344128131866,-0.022402241826057434,0.42493754625320435,0.42718979716300964
Zero Padding,14792,0,-0.051520396023988724,-0.03699231892824173,0.4100375473499298,0.43039265275001526
Zero Padding,14797,0,-0.04178400710225105,-0.0280558243393898,0.4234435558319092,0.4290206730365753
Zero Padding,14801,0,-0.043831951916217804,-0.028796063736081123,0.4260351061820984,0.42966723442077637
Zero Padding,14805,0,-0.04266584664583206,-0.03171081468462944,0.4191831350326538,0.4279002547264099
Zero Padding,14806,0,-0.04900428652763367,-0.03225602209568024,0.4199734330177307,0.4284312129020691
Zero Padding,14812,0,-0.03710699826478958,-0.028503293171525,0.42051243782043457,0.4287155866622925
Zero Padding,14813,0,-0.048624373972415924,-0.025798749178647995,0.42468348145484924,0.4294525384902954
Zero Padding,14819,0,-0.040598347783088684,-0.032043639570474625,0.41540858149528503,0.42861080169677734
Zero Padding,14821,0,-0.03896700218319893,-0.03174098953604698,0.42518311738967896,0.4281421899795532
Zero Padding,14827,0,-0.034153856337070465,-0.032307904213666916,0.4181806147098541,0.42618927359580994
Zero Padding,14832,0,-0.0520758256316185,-0.02793951705098152,0.41785627603530884,0.43022868037223816
Zero Padding,14839,0,-0.05986536294221878,-0.03427031636238098,0.4173828065395355,0.43308401107788086
Zero Padding,14843,0,-0.041004009544849396,-0.028964925557374954,0.43153446912765503,0.42654964327812195
Zero Padding,14853,0,-0.03153209015727043,-0.03699929639697075,0.4193512201309204,0.42607614398002625
Zero Padding,14856,0,0.21453189849853516,-0.04248003289103508,0.8792409896850586,0.2733761668205261
Zero Padding,14860,0,-0.05086788907647133,-0.02919919602572918,0.41862472891807556,0.430088609457016
Zero Padding,14867,0,-0.051199521869421005,-0.033477649092674255,0.41277414560317993,0.4324171841144562
Zero Padding,14879,0,-0.0419568307697773,-0.030348313972353935,0.4321971833705902,0.42635220289230347
Zero Padding,14885,0,-0.04196442663669586,-0.020587598904967308,0.41878587007522583,0.4267669916152954
Zero Padding,14907,0,-0.02601756900548935,-0.031046532094478607,0.42441439628601074,0.42353561520576477
Zero Padding,14914,0,-0.04791469871997833,-0.03509646654129028,0.42825740575790405,0.4286656677722931
Zero Padding,14924,0,-0.03933052718639374,-0.026644211262464523,0.4109971523284912,0.4285816252231598
Zero Padding,14927,0,-0.0460982471704483,-0.026606569066643715,0.4136081635951996,0.4297889471054077
Zero Padding,14928,0,-0.050680920481681824,-0.022306222468614578,0.4207346439361572,0.43137243390083313
Zero Padding,14933,0,-0.0485895611345768,-0.032441698014736176,0.42430540919303894,0.4293662905693054
Zero Padding,14938,0,-0.04661796987056732,-0.022358611226081848,0.42174503207206726,0.4300372302532196
Zero Padding,14939,0,-0.04649937152862549,-0.029630472883582115,0.419749915599823,0.42975741624832153
Zero Padding,14940,0,-0.04855893924832344,-0.03636037930846214,0.4115741550922394,0.430817186832428
Zero Padding,14945,0,-0.037345096468925476,-0.02651871368288994,0.4242365062236786,0.42591652274131775
Zero Padding,14955,0,-0.04559703543782234,-0.03637636825442314,0.4177776873111725,0.428728312253952
Zero Padding,14960,0,-0.045956969261169434,-0.022918283939361572,0.4141140282154083,0.43050259351730347
Zero Padding,14961,0,-0.05095358565449715,-0.03010740876197815,0.4100285768508911,0.4319601356983185
Zero Padding,14967,0,-0.03622905910015106,-0.024961266666650772,0.4212625026702881,0.4264000952243805
Zero Padding,14969,0,-0.043556440621614456,-0.023396559059619904,0.4252668023109436,0.42846500873565674
Zero Padding,14971,0,-0.038977742195129395,-0.03975985571742058,0.42276668548583984,0.4275301396846771
Zero Padding,14979,0,-0.05505649000406265,-0.024582788348197937,0.4164784252643585,0.43219515681266785
Zero Padding,14983,0,-0.04658785089850426,-0.028120415285229683,0.42044907808303833,0.4296032786369324
Zero Padding,14985,0,-0.05235722288489342,-0.03834494948387146,0.412490576505661,0.4308029115200043
Zero Padding,14997,0,-0.049397487193346024,-0.03304380923509598,0.4293276369571686,0.43006789684295654
Soft Missing Token,8,0,0.24446053802967072,-0.1267009824514389,0.6062524914741516,0.6661249995231628
Soft Missing Token,16,0,0.22948738932609558,-0.007651105057448149,0.6259400248527527,0.6743183732032776
Soft Missing Token,28,0,0.2478315532207489,-0.048098232597112656,0.607666552066803,0.6538627743721008
Soft Missing Token,34,0,0.1846449226140976,-0.15998545289039612,0.5583930015563965,0.6791826486587524
Soft Missing Token,37,0,0.10645505785942078,-0.07326728105545044,0.5455989241600037,0.5176951289176941
Soft Missing Token,39,0,0.2448659986257553,0.15225850045681,0.596565306186676,0.6610437035560608
Soft Missing Token,42,0,0.22660598158836365,-0.0519244521856308,0.5862303972244263,0.6588439345359802
Soft Missing Token,45,0,0.2835984230041504,0.03847791254520416,0.6440490484237671,0.6252545714378357
Soft Missing Token,49,0,0.2151244580745697,-0.021902261301875114,0.5772532224655151,0.6846422553062439
Soft Missing Token,52,0,0.23246265947818756,-0.1845424324274063,0.6177402138710022,0.6616287231445312
Soft Missing Token,66,0,0.2584918141365051,0.1259109079837799,0.6284669041633606,0.6516274809837341
Soft Missing Token,67,0,0.20607338845729828,-0.11162617057561874,0.5672961473464966,0.6865720748901367
Soft Missing Token,77,0,0.25465041399002075,-0.038766443729400635,0.6393871903419495,0.6405684351921082
Soft Missing Token,81,0,0.20524752140045166,-0.08298100531101227,0.5780296325683594,0.6850654482841492
Soft Missing Token,86,0,0.2264319360256195,-0.05440160259604454,0.5791177153587341,0.6673744320869446
Soft Missing Token,98,0,0.21457761526107788,0.1923336684703827,0.5570786595344543,0.6862241625785828
Soft Missing Token,114,0,0.2129434198141098,0.018439529463648796,0.5843064785003662,0.6855618357658386
Soft Missing Token,128,0,0.18867331743240356,-0.022960828617215157,0.550639271736145,0.7096797823905945
Soft Missing Token,133,0,0.27792155742645264,-0.11809098720550537,0.6379173994064331,0.6296416521072388
Soft Missing Token,151,0,0.2167990505695343,-0.013226509094238281,0.5905845761299133,0.6866439580917358
Soft Missing Token,157,0,0.2587418556213379,-0.029012134298682213,0.6230112314224243,0.6456606388092041
Soft Missing Token,169,0,0.23196223378181458,-0.10845185816287994,0.6123676300048828,0.6900097131729126
Soft Missing Token,172,0,0.23987306654453278,0.12651583552360535,0.6095405220985413,0.6632996201515198
Soft Missing Token,175,0,0.23522420227527618,-0.06367108970880508,0.5594263672828674,0.6844854950904846
Soft Missing Token,188,0,0.30260127782821655,-0.11543010920286179,0.678345799446106,0.6058955192565918
Soft Missing Token,192,0,0.23340854048728943,-0.021639276295900345,0.5737857222557068,0.6755041480064392
Soft Missing Token,193,0,0.24225172400474548,0.2315683513879776,0.5837304592132568,0.6633179783821106
Soft Missing Token,194,0,0.2269362509250641,-0.1315998136997223,0.6090531349182129,0.668221116065979
Soft Missing Token,198,0,0.20084191858768463,-0.17558619379997253,0.5964381694793701,0.6874333024024963
Soft Missing Token,205,0,0.2887725532054901,-0.024767059832811356,0.6362749934196472,0.606910765171051
Soft Missing Token,210,0,0.21211054921150208,0.050010278820991516,0.6241900324821472,0.6930110454559326
Soft Missing Token,215,0,0.24954327940940857,-0.04837154969573021,0.5781044363975525,0.6519582867622375
Soft Missing Token,221,0,0.24304497241973877,0.18709197640419006,0.5756332278251648,0.6582083702087402
Soft Missing Token,234,0,0.22072657942771912,-0.02842695452272892,0.5988251566886902,0.6842553615570068
Soft Missing Token,238,0,0.2425501048564911,-0.12023528665304184,0.6028300523757935,0.6571952700614929
Soft Missing Token,250,0,0.369789183139801,-0.06103869155049324,0.7010972499847412,0.5528167486190796
Soft Missing Token,277,0,0.2369411587715149,-0.010678109712898731,0.6185043454170227,0.45224204659461975
Soft Missing Token,280,0,0.2256247103214264,0.13466942310333252,0.5863614678382874,0.6648121476173401
Soft Missing Token,285,0,0.2214784324169159,-0.05780031532049179,0.6093394160270691,0.6657795310020447
Soft Missing Token,304,0,0.2308710217475891,-0.10092799365520477,0.6062878370285034,0.6626312732696533
Soft Missing Token,308,0,0.2215065360069275,-0.07645358145236969,0.5931780338287354,0.6753268837928772
Soft Missing Token,309,0,0.22069376707077026,0.044673092663288116,0.5911916494369507,0.6882938146591187
Soft Missing Token,318,0,0.23695114254951477,-0.0727507695555687,0.5915402173995972,0.6627707481384277
Soft Missing Token,327,0,0.23995299637317657,0.09679551422595978,0.5763971209526062,0.6837601661682129
Soft Missing Token,328,0,0.2567862868309021,-0.04105302318930626,0.6239246129989624,0.6559324264526367
Soft Missing Token,335,0,0.2489488124847412,0.029224280267953873,0.6066145896911621,0.6481310129165649
Soft Missing Token,342,0,0.2058873176574707,-0.132369264960289,0.6101627349853516,0.6908413171768188
Soft Missing Token,343,0,0.2589431405067444,0.04342510923743248,0.6193311810493469,0.6428208351135254
Soft Missing Token,347,0,0.24144628643989563,-0.015496120788156986,0.5903177261352539,0.6589711904525757
Soft Missing Token,356,0,0.26131439208984375,-0.10001160204410553,0.6265935897827148,0.6412808895111084
Soft Missing Token,361,0,0.2346656620502472,0.07152175158262253,0.6088476181030273,0.6695104837417603
Soft Missing Token,363,0,0.18692801892757416,-0.07630528509616852,0.5838346481323242,0.7155590057373047
Soft Missing Token,377,0,0.23818296194076538,0.13438624143600464,0.5745102763175964,0.6824879050254822
Soft Missing Token,392,0,0.2518719434738159,0.0262986421585083,0.6258735656738281,0.6587920784950256
Soft Missing Token,398,0,0.19261027872562408,-0.01452352199703455,0.6110892295837402,0.7070725560188293
Soft Missing Token,420,0,0.2571166455745697,-0.05795666202902794,0.6321708559989929,0.648413360118866
Soft Missing Token,426,0,0.2429797351360321,-0.1499287337064743,0.6139751076698303,0.6457141041755676
Soft Missing Token,427,0,0.236195370554924,-0.054711807519197464,0.5921706557273865,0.6582121849060059
Soft Missing Token,435,0,0.27753427624702454,-0.01946370117366314,0.6506550312042236,0.6231374144554138
Soft Missing Token,443,0,0.2207583785057068,-0.14351947605609894,0.6203190088272095,0.6643152832984924
Soft Missing Token,448,0,0.24733996391296387,0.12128938734531403,0.5936676859855652,0.6682925820350647
Soft Missing Token,449,0,0.23139746487140656,-0.026650113984942436,0.5965114831924438,0.6886524558067322
Soft Missing Token,451,0,0.23129352927207947,-0.1708087921142578,0.6132027506828308,0.6588296890258789
Soft Missing Token,463,0,0.38738003373146057,-0.009819949977099895,0.7145726084709167,0.5607497692108154
Soft Missing Token,484,0,0.23875221610069275,0.1759384125471115,0.5941638350486755,0.6610591411590576
Soft Missing Token,500,0,0.2014099806547165,-0.07932454347610474,0.5932380557060242,0.7125021815299988
Soft Missing Token,514,0,0.25459402799606323,0.04950331151485443,0.6193314790725708,0.6440834403038025
Soft Missing Token,547,0,0.21835821866989136,-0.10311973094940186,0.6090229153633118,0.6690804362297058
Soft Missing Token,559,0,0.2450045347213745,-0.13131389021873474,0.6550792455673218,0.5850203633308411
Soft Missing Token,564,0,0.22561433911323547,0.045834366232156754,0.5788927674293518,0.6742575764656067
Soft Missing Token,567,0,0.22671769559383392,-0.05196446552872658,0.6315755844116211,0.6704021692276001
Soft Missing Token,568,0,0.2726749777793884,-0.0439455583691597,0.6833341121673584,0.6217218637466431
Soft Missing Token,591,0,0.2695469856262207,-0.050105657428503036,0.6383195519447327,0.6262978911399841
Soft Missing Token,595,0,0.23356392979621887,0.15033212304115295,0.600207507610321,0.6896361112594604
Soft Missing Token,601,0,0.24003052711486816,0.10780797153711319,0.6263687014579773,0.6571093797683716
Soft Missing Token,603,0,0.20240087807178497,-0.028410809114575386,0.6140955686569214,0.6833523511886597
Soft Missing Token,606,0,0.2573195993900299,-0.0581209659576416,0.6343784928321838,0.6511334776878357
Soft Missing Token,610,0,0.30104175209999084,-0.10549090802669525,0.6848061680793762,0.612129807472229
Soft Missing Token,612,0,0.22876495122909546,-0.06904685497283936,0.6039012670516968,0.684113621711731
Soft Missing Token,613,0,0.2701367735862732,0.13047724962234497,0.626710057258606,0.6376354694366455
Soft Missing Token,615,0,0.2737917900085449,0.1119755357503891,0.607879638671875,0.6474629044532776
Soft Missing Token,619,0,0.23524247109889984,0.14361481368541718,0.5653612017631531,0.6759374737739563
Soft Missing Token,627,0,0.24514977633953094,0.0525810644030571,0.6099982857704163,0.6518574953079224
Soft Missing Token,629,0,0.2624566853046417,0.02386637032032013,0.6257131099700928,0.6415080428123474
Soft Missing Token,634,0,0.18858657777309418,-0.03264201804995537,0.5872129201889038,0.7038396596908569
Soft Missing Token,642,0,0.2472163736820221,0.17285162210464478,0.5915878415107727,0.6629204750061035
Soft Missing Token,667,0,0.2506888508796692,0.1320769488811493,0.6027635335922241,0.6683594584465027
Soft Missing Token,668,0,0.2243017852306366,-0.07093711942434311,0.6186332702636719,0.6754531860351562
Soft Missing Token,669,0,0.2463662326335907,0.1556461900472641,0.6145988702774048,0.6450941562652588
Soft Missing Token,682,0,0.20180222392082214,-0.04578158259391785,0.5570191740989685,0.675631046295166
Soft Missing Token,686,0,0.23433059453964233,-0.07491163909435272,0.5788789391517639,0.684210479259491
Soft Missing Token,735,0,0.2271060198545456,0.13575805723667145,0.5823225975036621,0.698147714138031
Soft Missing Token,739,0,0.21208597719669342,-0.023298541083931923,0.5754769444465637,0.6880467534065247
Soft Missing Token,770,0,0.22779980301856995,-0.10682598501443863,0.6109567284584045,0.6741982698440552
Soft Missing Token,774,0,0.23759934306144714,-0.09032227843999863,0.6182571053504944,0.6603517532348633
Soft Missing Token,794,0,0.08512018620967865,-0.16141991317272186,0.5379691123962402,0.5310883522033691
Soft Missing Token,799,0,0.21677502989768982,-0.031424008309841156,0.608157753944397,0.6888138055801392
Soft Missing Token,816,0,0.21063876152038574,-0.12091903388500214,0.5615798830986023,0.673252284526825
Soft Missing Token,817,0,0.2348555326461792,-0.1257387399673462,0.611580491065979,0.6726782321929932
Soft Missing Token,827,0,0.1981588900089264,-0.05662042275071144,0.6312457919120789,0.4768328368663788
Soft Missing Token,831,0,0.24519214034080505,-0.11541014909744263,0.618182361125946,0.664350688457489
Soft Missing Token,839,0,0.2207077443599701,-0.09749914705753326,0.5918365120887756,0.6761184930801392
Soft Missing Token,841,0,-0.029088415205478668,-0.1329212188720703,0.4636807441711426,0.6195212006568909
Soft Missing Token,843,0,0.31450462341308594,-0.014847362414002419,0.6546451449394226,0.5817426443099976
Soft Missing Token,856,0,0.25195664167404175,0.2143368422985077,0.614368736743927,0.656883716583252
Soft Missing Token,862,0,0.21190717816352844,-0.018453199416399002,0.6015233397483826,0.677919328212738
Soft Missing Token,868,0,0.24348530173301697,0.11516653001308441,0.5901540517807007,0.6772423386573792
Soft Missing Token,876,0,0.22592222690582275,-0.04735410958528519,0.5925604701042175,0.6784879565238953
Soft Missing Token,878,0,0.44505468010902405,-0.03814157843589783,0.7386379837989807,0.5288318395614624
Soft Missing Token,883,0,0.34666499495506287,-0.03576420992612839,0.6859399080276489,0.5780221819877625
Soft Missing Token,884,0,0.24306675791740417,-0.09285750985145569,0.5939888954162598,0.6717841625213623
Soft Missing Token,891,0,0.24819709360599518,-0.04057565703988075,0.613409698009491,0.6492986679077148
Soft Missing Token,893,0,0.28575217723846436,-0.012220392003655434,0.6889609694480896,0.6196458339691162
Soft Missing Token,898,0,0.22608861327171326,-0.06700752675533295,0.5911645889282227,0.6760589480400085
Soft Missing Token,900,0,0.20132102072238922,-0.11932235956192017,0.6108348965644836,0.6233278512954712
Soft Missing Token,904,0,0.1690061092376709,-0.043526001274585724,0.5749806761741638,0.7127544283866882
Soft Missing Token,911,0,0.2308727204799652,0.04005824029445648,0.5904549956321716,0.6699427962303162
Soft Missing Token,916,0,0.32100579142570496,0.04665251448750496,0.6756958365440369,0.5936191082000732
Soft Missing Token,922,0,0.23465317487716675,0.19749003648757935,0.596392810344696,0.6597064137458801
Soft Missing Token,923,0,0.24223995208740234,0.13734528422355652,0.5796469449996948,0.6834257245063782
Soft Missing Token,939,0,0.2347320020198822,0.0072663407772779465,0.5631672143936157,0.6645566821098328
Soft Missing Token,941,0,0.2585919499397278,0.13616830110549927,0.6004194021224976,0.6579803824424744
Soft Missing Token,946,0,0.22918009757995605,-0.10979428887367249,0.6004400253295898,0.6833970546722412
Soft Missing Token,952,0,0.27933478355407715,0.07659579813480377,0.674056351184845,0.6282026767730713
Soft Missing Token,968,0,0.26695147156715393,-0.04528908431529999,0.6513637900352478,0.6496334075927734
Soft Missing Token,989,0,0.2145819216966629,-0.10407143831253052,0.6081310510635376,0.6716300249099731
Soft Missing Token,991,0,0.2217271775007248,-0.0903269574046135,0.5943206548690796,0.6694165468215942
Soft Missing Token,1004,0,0.22827140986919403,-0.13250182569026947,0.5936954021453857,0.6598012447357178
Soft Missing Token,1005,0,0.24097152054309845,-0.051933594048023224,0.6268283724784851,0.6489192247390747
Soft Missing Token,1012,0,0.2239619642496109,-0.06325968354940414,0.554732620716095,0.690717875957489
Soft Missing Token,1030,0,0.18222345411777496,-0.05576714873313904,0.5803074240684509,0.7119360566139221
Soft Missing Token,1054,0,0.2391890585422516,-0.08339053392410278,0.6094821095466614,0.645190954208374
Soft Missing Token,1059,0,0.2326371818780899,-0.060057371854782104,0.6125457882881165,0.654559314250946
Soft Missing Token,1060,0,0.25032129883766174,-0.07024629414081573,0.5921592116355896,0.6698147058486938
Soft Missing Token,1066,0,0.3611905574798584,-0.05900974199175835,0.7020907402038574,0.5734487771987915
Soft Missing Token,1068,0,0.3282565772533417,-0.012526916339993477,0.6614875197410583,0.5924491286277771
Soft Missing Token,1073,0,0.24349385499954224,0.15119090676307678,0.6251362562179565,0.6541939377784729
Soft Missing Token,1077,0,0.24451561272144318,-0.14648006856441498,0.6197059750556946,0.6474867463111877
Soft Missing Token,1078,0,0.2854364216327667,-0.017364805564284325,0.6341605186462402,0.6187988519668579
Soft Missing Token,1082,0,0.24967390298843384,-0.12328045815229416,0.641848087310791,0.6625609993934631
Soft Missing Token,1089,0,0.21824300289154053,-0.05554920807480812,0.5566861629486084,0.6713185906410217
Soft Missing Token,1101,0,0.23169592022895813,0.11830826848745346,0.5796593427658081,0.6797752380371094
Soft Missing Token,1104,0,0.23634859919548035,-0.15272723138332367,0.5813114643096924,0.6573806405067444
Soft Missing Token,1110,0,0.207912415266037,-0.06541487574577332,0.5644957423210144,0.6909777522087097
Soft Missing Token,1116,0,0.3207392692565918,0.0468086414039135,0.6753064393997192,0.5933598279953003
Soft Missing Token,1128,0,0.21172337234020233,-0.03948597609996796,0.600811243057251,0.6897096633911133
Soft Missing Token,1132,0,0.23007911443710327,0.02429962158203125,0.5948236584663391,0.6630819439888
Soft Missing Token,1140,0,0.23087775707244873,-0.05618691444396973,0.5737097263336182,0.6521676778793335
Soft Missing Token,1141,0,0.23110900819301605,-0.004227793775498867,0.5721861124038696,0.6539226770401001
Soft Missing Token,1143,0,0.2407832145690918,0.18679213523864746,0.5965364575386047,0.6780186295509338
Soft Missing Token,1151,0,0.2136836051940918,-0.06143879517912865,0.5606817603111267,0.6847595572471619
Soft Missing Token,1156,0,0.23547083139419556,-0.09837326407432556,0.6110320687294006,0.6733967661857605
Soft Missing Token,1165,0,0.22911474108695984,-0.024645518511533737,0.5902785658836365,0.6643657684326172
Soft Missing Token,1171,0,0.3524898886680603,0.026454053819179535,0.6953532695770264,0.5612676739692688
Soft Missing Token,1188,0,0.2157880961894989,-0.038442350924015045,0.6081582307815552,0.7036641240119934
Soft Missing Token,1190,0,0.24805699288845062,-0.03770232945680618,0.5833517909049988,0.6595675945281982
Soft Missing Token,1191,0,0.1780751496553421,-0.0146695077419281,0.5266854763031006,0.7270218133926392
Soft Missing Token,1192,0,0.17740634083747864,-0.016816772520542145,0.5263174772262573,0.733052134513855
Soft Missing Token,1196,0,0.256252259016037,0.06970212608575821,0.6318807005882263,0.6543549299240112
Soft Missing Token,1199,0,0.2340194284915924,-0.08479812741279602,0.6162136197090149,0.6794417500495911
Soft Missing Token,1200,0,0.2450350821018219,0.13564959168434143,0.5918865203857422,0.6721509695053101
Soft Missing Token,1201,0,0.21546809375286102,-0.0724993422627449,0.5980020761489868,0.6948853135108948
Soft Missing Token,1202,0,0.233246847987175,0.12921704351902008,0.6032282114028931,0.6755501627922058
Soft Missing Token,1206,0,0.0289621502161026,-0.0007626917213201523,0.4878152012825012,0.5550247430801392
Soft Missing Token,1224,0,0.2285265475511551,0.0010374038247391582,0.5995540022850037,0.6767053604125977
Soft Missing Token,1225,0,0.22001197934150696,-0.12145325541496277,0.6196815371513367,0.6699702143669128
Soft Missing Token,1229,0,0.2704329490661621,-0.11868339776992798,0.6359483003616333,0.6331815719604492
Soft Missing Token,1236,0,0.20162074267864227,-0.042477816343307495,0.5891854166984558,0.676866888999939
Soft Missing Token,1246,0,0.23112931847572327,-0.046640727669000626,0.6196382641792297,0.6535792946815491
Soft Missing Token,1249,0,0.21810220181941986,0.0418628565967083,0.579902172088623,0.7054372429847717
Soft Missing Token,1251,0,0.2044425755739212,-0.015270671807229519,0.6019275188446045,0.707118809223175
Soft Missing Token,1261,0,0.2184244841337204,0.005071941763162613,0.6118477582931519,0.6601970195770264
Soft Missing Token,1274,0,0.34342050552368164,-0.022871654480695724,0.6818450093269348,0.5703758001327515
Soft Missing Token,1277,0,0.23254141211509705,-0.07363235950469971,0.6096539497375488,0.6604161858558655
Soft Missing Token,1278,0,0.2240109145641327,-0.013091725297272205,0.6122604012489319,0.6656799912452698
Soft Missing Token,1281,0,0.23942553997039795,0.18903812766075134,0.6037629246711731,0.6579000353813171
Soft Missing Token,1285,0,0.2506469190120697,-0.0726904571056366,0.5806787610054016,0.672113835811615
Soft Missing Token,1289,0,0.21756458282470703,-0.06574088335037231,0.571382999420166,0.6976320147514343
Soft Missing Token,1296,0,0.23858480155467987,-0.1226775199174881,0.6076443195343018,0.665580689907074
Soft Missing Token,1297,0,0.22687605023384094,-0.02091008797287941,0.6241241693496704,0.673255443572998
Soft Missing Token,1303,0,0.17643269896507263,-0.15781132876873016,0.589860200881958,0.4820040762424469
Soft Missing Token,1304,0,0.2681443989276886,-0.03795740753412247,0.637306272983551,0.642007052898407
Soft Missing Token,1316,0,0.28251510858535767,-0.08655747771263123,0.6442465782165527,0.6025757193565369
Soft Missing Token,1317,0,0.2999074459075928,-0.0030883734580129385,0.6420832276344299,0.5967699289321899
Soft Missing Token,1343,0,0.2583855390548706,-0.07506819814443588,0.6511116623878479,0.6526115536689758
Soft Missing Token,1346,0,0.2613075077533722,0.19708910584449768,0.5898534655570984,0.6444860100746155
Soft Missing Token,1359,0,0.24788939952850342,0.18129336833953857,0.6056815385818481,0.6524612903594971
Soft Missing Token,1360,0,0.2293371558189392,-0.14094386994838715,0.6032935976982117,0.670438826084137
Soft Missing Token,1363,0,0.2904839515686035,-0.07987557351589203,0.6649265289306641,0.6217807531356812
Soft Missing Token,1382,0,0.2247290015220642,-0.08670708537101746,0.5831813216209412,0.670499861240387
Soft Missing Token,1405,0,0.21630394458770752,-0.007385400589555502,0.6112014055252075,0.6463002562522888
Soft Missing Token,1411,0,0.25303417444229126,-0.031832970678806305,0.6060287952423096,0.6613954901695251
Soft Missing Token,1432,0,0.18222728371620178,-0.052257586270570755,0.5417425036430359,0.7253264784812927
Soft Missing Token,1447,0,0.25248733162879944,0.04428260400891304,0.6360138058662415,0.6624433398246765
Soft Missing Token,1465,0,0.26848503947257996,0.043349310755729675,0.6401306986808777,0.6361667513847351
Soft Missing Token,1468,0,0.18058297038078308,-0.07870540767908096,0.5881049633026123,0.6805034279823303
Soft Missing Token,1482,0,0.262790322303772,-0.054923705756664276,0.65715491771698,0.42662206292152405
Soft Missing Token,1486,0,0.2201724648475647,-0.09231196343898773,0.6170670390129089,0.6848013401031494
Soft Missing Token,1487,0,0.21104301512241364,-0.1685894876718521,0.5532955527305603,0.6883584856987
Soft Missing Token,1504,0,0.2110210359096527,-0.09576848149299622,0.5910180807113647,0.670461893081665
Soft Missing Token,1513,0,0.16584450006484985,-0.03427598625421524,0.4936443567276001,0.7208269834518433
Soft Missing Token,1514,0,0.20415285229682922,-0.08971574902534485,0.585717499256134,0.683497428894043
Soft Missing Token,1516,0,0.2209392488002777,0.0940326526761055,0.5711166858673096,0.7007171511650085
Soft Missing Token,1517,0,0.24386948347091675,0.0008649553637951612,0.6133440732955933,0.6662156581878662
Soft Missing Token,1532,0,0.1250213235616684,-0.045072488486766815,0.5176189541816711,0.4982624351978302
Soft Missing Token,1535,0,0.23554076254367828,-0.103908471763134,0.6135947108268738,0.6633889675140381
Soft Missing Token,1541,0,0.2716349959373474,-0.07767292857170105,0.6456507444381714,0.6354170441627502
Soft Missing Token,1553,0,0.22747167944908142,0.12736430764198303,0.5881168246269226,0.6945722103118896
Soft Missing Token,1570,0,0.23818758130073547,-0.11919297277927399,0.6116405129432678,0.6660969853401184
Soft Missing Token,1579,0,0.26396888494491577,0.10679775476455688,0.6431744694709778,0.6606424450874329
Soft Missing Token,1583,0,0.2713012397289276,0.0057456353679299355,0.6246412396430969,0.6089165806770325
Soft Missing Token,1584,0,0.1676323562860489,-0.04480724409222603,0.5061424374580383,0.7257724404335022
Soft Missing Token,1587,0,0.21849630773067474,-0.051453348249197006,0.6120571494102478,0.7100514769554138
Soft Missing Token,1595,0,0.26924052834510803,-0.09918884187936783,0.6297851204872131,0.6546358466148376
Soft Missing Token,1611,0,0.23116247355937958,-0.010938579216599464,0.627884030342102,0.6673218011856079
Soft Missing Token,1623,0,0.23697622120380402,0.12165108323097229,0.6143479943275452,0.665749192237854
Soft Missing Token,1624,0,0.23496891558170319,-0.021968889981508255,0.6260889768600464,0.6709015369415283
Soft Missing Token,1633,0,0.2386627048254013,0.11937837302684784,0.5881878137588501,0.6869759559631348
Soft Missing Token,1650,0,0.17337195575237274,-0.019986934959888458,0.5072116255760193,0.7521092295646667
Soft Missing Token,1653,0,0.2221544086933136,-0.11935225874185562,0.6027263402938843,0.6961702704429626
Soft Missing Token,1662,0,0.13261651992797852,-0.028196480125188828,0.5621313452720642,0.6466305255889893
Soft Missing Token,1663,0,0.2325521856546402,-0.07245884835720062,0.5874413847923279,0.680794894695282
Soft Missing Token,1670,0,0.32323211431503296,-0.10235174745321274,0.6991791129112244,0.6083372235298157
Soft Missing Token,1675,0,0.3793826103210449,0.00849925633519888,0.7185978293418884,0.5511136054992676
Soft Missing Token,1676,0,0.24825415015220642,0.021727975457906723,0.6203123331069946,0.6571598649024963
Soft Missing Token,1677,0,0.283914715051651,0.20390482246875763,0.6578689217567444,0.6195233464241028
Soft Missing Token,1678,0,0.27219846844673157,-0.09587924182415009,0.6514121890068054,0.6453363299369812
Soft Missing Token,1683,0,0.15885594487190247,-0.07696733623743057,0.5861362814903259,0.5003281235694885
Soft Missing Token,1691,0,0.22022980451583862,-0.04330539330840111,0.6284084320068359,0.673180878162384
Soft Missing Token,1704,0,0.27312034368515015,-0.05869070440530777,0.6431698203086853,0.6307809352874756
Soft Missing Token,1709,0,0.1996081918478012,-0.0057465145364403725,0.5243025422096252,0.6990896463394165
Soft Missing Token,1713,0,0.2387542873620987,0.18015334010124207,0.6072923541069031,0.6545665860176086
Soft Missing Token,1716,0,0.22894805669784546,0.14561118185520172,0.5776928663253784,0.6675519347190857
Soft Missing Token,1722,0,0.22763259708881378,-0.04923407360911369,0.6071887612342834,0.6757902503013611
Soft Missing Token,1723,0,0.23174920678138733,0.21185559034347534,0.6057159304618835,0.6717953681945801
Soft Missing Token,1727,0,0.16546663641929626,-0.021220380440354347,0.5448012351989746,0.6676672697067261
Soft Missing Token,1729,0,0.2358296513557434,-0.15057767927646637,0.6063413023948669,0.6775628328323364
Soft Missing Token,1758,0,0.22901861369609833,-0.10157807171344757,0.5744531750679016,0.6993923783302307
Soft Missing Token,1766,0,0.1882333755493164,0.10203445702791214,0.5352059602737427,0.7141852378845215
Soft Missing Token,1769,0,0.2248343825340271,-0.1181437149643898,0.6169241070747375,0.6752468943595886
Soft Missing Token,1772,0,0.21372556686401367,0.015270650386810303,0.597535252571106,0.6835131049156189
Soft Missing Token,1775,0,0.1990453153848648,-0.1254909783601761,0.5931960344314575,0.6795938611030579
Soft Missing Token,1777,0,0.2219250351190567,-0.07911863923072815,0.5907873511314392,0.6684252619743347
Soft Missing Token,1781,0,0.26245665550231934,-0.12997454404830933,0.6582430005073547,0.6412332057952881
Soft Missing Token,1784,0,0.21954494714736938,0.07420483976602554,0.5902882814407349,0.6759823560714722
Soft Missing Token,1790,0,0.200256809592247,-0.04768472909927368,0.6083548069000244,0.7145087122917175
Soft Missing Token,1791,0,0.2318115234375,-0.07866090536117554,0.5891405940055847,0.6612905263900757
Soft Missing Token,1814,0,0.2205413430929184,0.056317757815122604,0.5978239178657532,0.6617487072944641
Soft Missing Token,1820,0,0.2403104603290558,-0.03697732463479042,0.6098390221595764,0.6512153148651123
Soft Missing Token,1825,0,0.21229813992977142,0.10359028726816177,0.5973995327949524,0.6770458221435547
Soft Missing Token,1841,0,0.24553006887435913,0.1579809933900833,0.5716175436973572,0.6707878112792969
Soft Missing Token,1847,0,0.2368375062942505,-0.005421158857643604,0.59787917137146,0.6637542247772217
Soft Missing Token,1859,0,0.24077129364013672,0.1770881563425064,0.6046012043952942,0.6663359999656677
Soft Missing Token,1860,0,0.2575579583644867,-0.10402503609657288,0.6223071813583374,0.6423810720443726
Soft Missing Token,1870,0,0.23944950103759766,0.03126809373497963,0.6166609525680542,0.6562454700469971
Soft Missing Token,1871,0,0.33223050832748413,-0.09211914986371994,0.6811898350715637,0.5898971557617188
Soft Missing Token,1872,0,0.3299298584461212,0.020085662603378296,0.6824831366539001,0.5929127335548401
Soft Missing Token,1890,0,0.21918964385986328,-0.008667982183396816,0.5940248370170593,0.6807687282562256
Soft Missing Token,1897,0,0.20955263078212738,-0.0634581595659256,0.5697458982467651,0.7114418148994446
Soft Missing Token,1904,0,0.17929038405418396,-0.027565373107790947,0.5294725298881531,0.7204874753952026
Soft Missing Token,1928,0,0.24738635122776031,-0.052563007920980453,0.6085740923881531,0.658582866191864
Soft Missing Token,1930,0,0.2670012414455414,-0.13604560494422913,0.6598767638206482,0.6455316543579102
Soft Missing Token,1943,0,0.22941690683364868,-0.09339618682861328,0.5985761880874634,0.6808388829231262
Soft Missing Token,1969,0,0.2354682981967926,-0.14778950810432434,0.5839841961860657,0.6745364665985107
Soft Missing Token,1979,0,0.22009333968162537,-0.03284919261932373,0.5811799168586731,0.6853040456771851
Soft Missing Token,1980,0,0.23088836669921875,0.10001236200332642,0.5744640231132507,0.6788211464881897
Soft Missing Token,1981,0,0.23017635941505432,0.11497592180967331,0.5767098069190979,0.6937417984008789
Soft Missing Token,1993,0,0.18175077438354492,-0.049561649560928345,0.5744372010231018,0.47950437664985657
Soft Missing Token,1994,0,0.17902342975139618,0.0064505222253501415,0.576215922832489,0.7020349502563477
Soft Missing Token,1998,0,0.29466354846954346,0.10677127540111542,0.6482859253883362,0.6289931535720825
Soft Missing Token,2006,0,0.24739547073841095,-0.09735269099473953,0.610964834690094,0.6596977114677429
Soft Missing Token,2010,0,0.22402270138263702,-0.11784490942955017,0.6033162474632263,0.6568707823753357
Soft Missing Token,2019,0,0.23513641953468323,-0.08486166596412659,0.6145588159561157,0.6562644839286804
Soft Missing Token,2020,0,0.21518556773662567,0.1291574388742447,0.5725132822990417,0.6797258257865906
Soft Missing Token,2027,0,0.2813223898410797,-0.09586557745933533,0.6423118710517883,0.6188697218894958
Soft Missing Token,2037,0,0.2295365333557129,-0.016015594825148582,0.6386035084724426,0.6582315564155579
Soft Missing Token,2055,0,0.25828033685684204,0.2298373281955719,0.5969715118408203,0.6472292542457581
Soft Missing Token,2067,0,0.17371901869773865,-0.025124140083789825,0.6072028875350952,0.46350401639938354
Soft Missing Token,2069,0,0.24478267133235931,0.21368172764778137,0.6053687334060669,0.6515058279037476
Soft Missing Token,2073,0,0.25830328464508057,0.07614492624998093,0.6158405542373657,0.65345299243927
Soft Missing Token,2083,0,0.2522744834423065,-0.07268082350492477,0.6299628615379333,0.6414607167243958
Soft Missing Token,2115,0,0.2200956493616104,-0.01389958243817091,0.5982189774513245,0.6824503540992737
Soft Missing Token,2121,0,0.241212397813797,-0.06375571340322495,0.6166499257087708,0.6535626649856567
Soft Missing Token,2133,0,0.22286278009414673,-0.12323856353759766,0.6573434472084045,0.6679019927978516
Soft Missing Token,2138,0,0.28775453567504883,-0.11449532955884933,0.6762189865112305,0.6265197992324829
Soft Missing Token,2139,0,0.2187458574771881,-0.10141775757074356,0.6118097305297852,0.6860780119895935
Soft Missing Token,2140,0,0.21669799089431763,-0.08482088148593903,0.5851679444313049,0.6541264057159424
Soft Missing Token,2141,0,0.20680132508277893,-0.009084734134376049,0.57386314868927,0.6635902523994446
Soft Missing Token,2146,0,0.2705150544643402,-0.049448467791080475,0.6423571109771729,0.6277773380279541
Soft Missing Token,2148,0,0.23283135890960693,-0.04821419715881348,0.5969482064247131,0.6762522459030151
Soft Missing Token,2171,0,0.26682573556900024,-0.10360292345285416,0.6294623613357544,0.6412320137023926
Soft Missing Token,2181,0,0.2182883471250534,0.1470526158809662,0.589820146560669,0.7000588774681091
Soft Missing Token,2183,0,0.13244758546352386,-0.06874028593301773,0.5773665904998779,0.49401965737342834
Soft Missing Token,2185,0,0.2114967703819275,-0.03755592182278633,0.5734261274337769,0.682644248008728
Soft Missing Token,2200,0,0.22644957900047302,0.02234811894595623,0.5986503958702087,0.6518665552139282
Soft Missing Token,2207,0,0.22789394855499268,-0.024748681113123894,0.6365588903427124,0.6604791283607483
Soft Missing Token,2208,0,0.27598831057548523,-0.07840334624052048,0.6278195977210999,0.6521191596984863
Soft Missing Token,2209,0,0.2668873369693756,0.1278320848941803,0.603204071521759,0.6602470278739929
Soft Missing Token,2213,0,0.2544047236442566,0.1682349294424057,0.5922113060951233,0.6502074003219604
Soft Missing Token,2226,0,0.2139563113451004,-0.16985447704792023,0.5964276790618896,0.6815217733383179
Soft Missing Token,2236,0,0.26108643412590027,-0.08926283568143845,0.6416949033737183,0.6425561904907227
Soft Missing Token,2241,0,0.2490767538547516,0.13296763598918915,0.5857483744621277,0.6671900749206543
Soft Missing Token,2248,0,0.2196868360042572,-0.10516752302646637,0.6147030591964722,0.679158091545105
Soft Missing Token,2250,0,0.20550437271595,-0.051948629319667816,0.5555586814880371,0.693261981010437
Soft Missing Token,2262,0,0.22793981432914734,-0.07227915525436401,0.6323379278182983,0.6542015671730042
Soft Missing Token,2264,0,0.24404680728912354,0.19104331731796265,0.6043229103088379,0.6592223644256592
Soft Missing Token,2265,0,0.28470656275749207,-0.07308655232191086,0.6700807809829712,0.644434928894043
Soft Missing Token,2274,0,0.24391485750675201,-0.03735627233982086,0.6307010054588318,0.6582371592521667
Soft Missing Token,2283,0,0.37040096521377563,0.03524714708328247,0.7034061551094055,0.5547066926956177
Soft Missing Token,2292,0,0.2554904818534851,-0.03685566410422325,0.6267449855804443,0.6510398983955383
Soft Missing Token,2295,0,0.23045800626277924,-0.020377671346068382,0.6204952001571655,0.6781349182128906
Soft Missing Token,2301,0,0.20659498870372772,-0.12769722938537598,0.5719031095504761,0.6794800162315369
Soft Missing Token,2302,0,0.2018229365348816,-0.037581756711006165,0.6006290316581726,0.676250696182251
Soft Missing Token,2306,0,0.21435903012752533,-0.0865299254655838,0.5733186602592468,0.6871970891952515
Soft Missing Token,2311,0,0.24308396875858307,0.15415768325328827,0.5751477479934692,0.6765790581703186
Soft Missing Token,2314,0,0.2384519875049591,-0.054659631103277206,0.5923618674278259,0.6809648871421814
Soft Missing Token,2317,0,0.25799131393432617,-0.033499471843242645,0.6063861846923828,0.628890335559845
Soft Missing Token,2332,0,0.2360217571258545,-0.07847504317760468,0.6111851930618286,0.6592109203338623
Soft Missing Token,2344,0,0.23438522219657898,-0.046357911080121994,0.600134551525116,0.6746457815170288
Soft Missing Token,2354,0,0.23561535775661469,0.15387818217277527,0.5808837413787842,0.6781529784202576
Soft Missing Token,2358,0,0.24309052526950836,-0.06108126789331436,0.6088274717330933,0.6691266298294067
Soft Missing Token,2364,0,0.14107546210289001,0.012107067741453648,0.46948572993278503,0.761081874370575
Soft Missing Token,2367,0,0.23703746497631073,-0.018167350441217422,0.5827441811561584,0.6727612018585205
Soft Missing Token,2374,0,0.20314715802669525,0.057728491723537445,0.606965959072113,0.7010807991027832
Soft Missing Token,2376,0,0.17398911714553833,-0.023982085287570953,0.5515602231025696,0.7036154866218567
Soft Missing Token,2406,0,0.24542513489723206,-0.09918005019426346,0.6284663677215576,0.649735689163208
Soft Missing Token,2416,0,0.23618394136428833,0.033991530537605286,0.6097169518470764,0.6640599966049194
Soft Missing Token,2420,0,0.2285943478345871,-0.07977727800607681,0.5983009338378906,0.684638261795044
Soft Missing Token,2422,0,0.3557925224304199,-0.025852985680103302,0.6873326301574707,0.5690083503723145
Soft Missing Token,2424,0,0.2404206097126007,-0.09924999624490738,0.5936344265937805,0.6716304421424866
Soft Missing Token,2425,0,0.23354974389076233,-0.08590804040431976,0.5903089046478271,0.6754928827285767
Soft Missing Token,2430,0,0.26855379343032837,0.18772615492343903,0.637621283531189,0.641400933265686
Soft Missing Token,2431,0,0.2243533879518509,0.11410906910896301,0.5967941284179688,0.6870459914207458
Soft Missing Token,2433,0,0.26402759552001953,0.024874554947018623,0.6202974915504456,0.6318588256835938
Soft Missing Token,2442,0,0.2581634819507599,0.03064044937491417,0.6215473413467407,0.636559784412384
Soft Missing Token,2453,0,0.22727400064468384,-0.09348220378160477,0.5844293832778931,0.6829663515090942
Soft Missing Token,2459,0,0.2695479989051819,0.10592489689588547,0.619878351688385,0.6542729139328003
Soft Missing Token,2475,0,0.25595006346702576,0.09720982611179352,0.6364805102348328,0.6340575814247131
Soft Missing Token,2479,0,0.24023085832595825,0.14227715134620667,0.5781082510948181,0.6638737320899963
Soft Missing Token,2483,0,0.21951188147068024,-0.0464736744761467,0.5769530534744263,0.6947228312492371
Soft Missing Token,2486,0,0.25746428966522217,0.05776452273130417,0.6177756786346436,0.655002236366272
Soft Missing Token,2495,0,0.2632690370082855,0.015518195927143097,0.6078227162361145,0.6359869241714478
Soft Missing Token,2511,0,0.20370256900787354,-0.05186405032873154,0.5613023042678833,0.7162059545516968
Soft Missing Token,2526,0,0.19669845700263977,-0.05400201678276062,0.5434684157371521,0.6943119168281555
Soft Missing Token,2527,0,0.22726944088935852,-0.03884071856737137,0.5771341323852539,0.6862925291061401
Soft Missing Token,2529,0,0.19866406917572021,-0.02773461490869522,0.5750659704208374,0.7173660397529602
Soft Missing Token,2538,0,0.23879800736904144,0.17534483969211578,0.5698282122612,0.6743778586387634
Soft Missing Token,2540,0,0.2072344422340393,0.1125689372420311,0.5772677063941956,0.6893694996833801
Soft Missing Token,2543,0,0.23772628605365753,0.1754213571548462,0.5880464315414429,0.6574423313140869
Soft Missing Token,2578,0,0.23185966908931732,-0.08057918399572372,0.6061593294143677,0.6586494445800781
Soft Missing Token,2584,0,0.20901882648468018,-0.11347384750843048,0.6005077958106995,0.7020816206932068
Soft Missing Token,2588,0,0.2438131719827652,-0.057372935116291046,0.6003610491752625,0.6534718871116638
Soft Missing Token,2592,0,0.23563219606876373,0.033249594271183014,0.6287821531295776,0.6659441590309143
Soft Missing Token,2598,0,0.2349981963634491,0.09009615331888199,0.5751107931137085,0.6620739102363586
Soft Missing Token,2601,0,0.24344754219055176,-0.0850030705332756,0.5974991321563721,0.6713687777519226
Soft Missing Token,2602,0,0.22571907937526703,-0.03361396864056587,0.5959699153900146,0.7019410133361816
Soft Missing Token,2620,0,0.20760466158390045,-0.15912459790706635,0.5724613070487976,0.6870439648628235
Soft Missing Token,2629,0,0.25549212098121643,0.004776348359882832,0.6067387461662292,0.6466213464736938
Soft Missing Token,2635,0,0.21552084386348724,-0.015317588113248348,0.5866723656654358,0.6950913071632385
Soft Missing Token,2637,0,0.21359452605247498,-0.10645187646150589,0.6195808053016663,0.6688171625137329
Soft Missing Token,2646,0,0.22093231976032257,-0.02791275829076767,0.5985630750656128,0.6823075413703918
Soft Missing Token,2653,0,0.25821420550346375,0.18390321731567383,0.611836314201355,0.6597943305969238
Soft Missing Token,2713,0,0.1109812930226326,-0.003929213620722294,0.5983150005340576,0.5524445176124573
Soft Missing Token,2715,0,0.24581627547740936,0.15526925027370453,0.5930086970329285,0.6631588339805603
Soft Missing Token,2718,0,0.21649527549743652,-0.09426333755254745,0.5759214758872986,0.6893559098243713
Soft Missing Token,2719,0,0.22311249375343323,0.08923139423131943,0.5711671113967896,0.6895263195037842
Soft Missing Token,2748,0,0.22778472304344177,0.10735619813203812,0.5789369940757751,0.681609570980072
Soft Missing Token,2762,0,0.22816264629364014,-0.01710176281630993,0.6088868379592896,0.6678307056427002
Soft Missing Token,2763,0,0.23032458126544952,0.22042231261730194,0.6150997877120972,0.6677224040031433
Soft Missing Token,2777,0,0.2421591579914093,-0.0347418338060379,0.6450732350349426,0.6627911329269409
Soft Missing Token,2779,0,0.18868783116340637,0.01719861663877964,0.533112645149231,0.7008272409439087
Soft Missing Token,2783,0,0.23572781682014465,-0.07585196197032928,0.5962879061698914,0.6708015203475952
Soft Missing Token,2791,0,0.2396036833524704,0.13680383563041687,0.5841750502586365,0.683443546295166
Soft Missing Token,2795,0,0.28556057810783386,-0.009399107657372952,0.6483232378959656,0.6221314072608948
Soft Missing Token,2800,0,0.23191630840301514,0.01921197958290577,0.6079285740852356,0.6707680225372314
Soft Missing Token,2802,0,0.27215802669525146,0.1807207614183426,0.5921724438667297,0.6447451114654541
Soft Missing Token,2809,0,0.23997429013252258,-0.11217532306909561,0.6035024523735046,0.6575759053230286
Soft Missing Token,2811,0,0.2225709706544876,-0.09261136502027512,0.5764035582542419,0.6826319694519043
Soft Missing Token,2835,0,0.3093454837799072,-0.09307816624641418,0.6756739616394043,0.6113507151603699
Soft Missing Token,2846,0,0.2396789938211441,0.21968042850494385,0.6089526414871216,0.665530800819397
Soft Missing Token,2849,0,0.1978289633989334,0.022605570033192635,0.5612502694129944,0.7034124135971069
Soft Missing Token,2853,0,0.1832786500453949,0.031169427558779716,0.5297607183456421,0.7057545781135559
Soft Missing Token,2857,0,0.1692156046628952,0.008774340152740479,0.5843328237533569,0.5945708155632019
Soft Missing Token,2861,0,0.26474225521087646,-0.04450192302465439,0.6196290850639343,0.6331167221069336
Soft Missing Token,2864,0,0.22791138291358948,-0.0921543538570404,0.5972297787666321,0.6646323204040527
Soft Missing Token,2866,0,0.23794883489608765,-0.10783141851425171,0.5882973670959473,0.6519724726676941
Soft Missing Token,2867,0,0.2555724084377289,-0.009203295223414898,0.6113534569740295,0.6274930238723755
Soft Missing Token,2877,0,0.23610928654670715,-0.06714040040969849,0.628925085067749,0.6575089693069458
Soft Missing Token,2880,0,0.2531113028526306,0.14146798849105835,0.598933756351471,0.6399238109588623
Soft Missing Token,2881,0,0.16572576761245728,0.0127232875674963,0.4970138370990753,0.7150336503982544
Soft Missing Token,2888,0,0.2706338167190552,-0.08800525963306427,0.6599112153053284,0.6500617861747742
Soft Missing Token,2890,0,0.2146058827638626,-0.010442590340971947,0.6240634322166443,0.6862951517105103
Soft Missing Token,2891,0,0.14440028369426727,-0.1851714551448822,0.5515711307525635,0.6661197543144226
Soft Missing Token,2897,0,0.2994641661643982,-0.014230737462639809,0.6509996652603149,0.6016567349433899
Soft Missing Token,2914,0,0.23193779587745667,-0.08396773785352707,0.6165845394134521,0.6721668839454651
Soft Missing Token,2923,0,0.23800250887870789,0.04253022372722626,0.6169683337211609,0.6639519333839417
Soft Missing Token,2929,0,0.22264625132083893,0.022583873942494392,0.6065592765808105,0.6780974864959717
Soft Missing Token,2930,0,0.2427668273448944,0.1671760231256485,0.6159961819648743,0.6524049043655396
Soft Missing Token,2937,0,0.20160667598247528,-0.010507720522582531,0.5807183384895325,0.6959234476089478
Soft Missing Token,2939,0,0.2358122169971466,0.14133891463279724,0.573635995388031,0.6753858327865601
Soft Missing Token,2940,0,0.2332877814769745,-0.08023517578840256,0.587638795375824,0.6773442029953003
Soft Missing Token,2942,0,0.2501795291900635,-0.11499791592359543,0.6009229421615601,0.6637396216392517
Soft Missing Token,2947,0,0.2222675383090973,0.012775086797773838,0.5945988893508911,0.6819635033607483
Soft Missing Token,2949,0,0.24837443232536316,0.1538418084383011,0.60483318567276,0.6590062975883484
Soft Missing Token,2953,0,0.23412565886974335,0.00014305906370282173,0.6294527649879456,0.6783105134963989
Soft Missing Token,2957,0,0.24529515206813812,0.18336746096611023,0.6092195510864258,0.6536321043968201
Soft Missing Token,2970,0,0.17216232419013977,-0.033613476902246475,0.5214166641235352,0.6912365555763245
Soft Missing Token,2971,0,0.14295834302902222,-0.004824694246053696,0.4985736310482025,0.7297402620315552
Soft Missing Token,2993,0,0.21632808446884155,0.14520259201526642,0.589131772518158,0.6817798614501953
Soft Missing Token,2995,0,0.22388412058353424,0.09897156804800034,0.6139142513275146,0.6775861382484436
Soft Missing Token,2999,0,0.22818641364574432,0.12276284396648407,0.5951719880104065,0.6570819020271301
Soft Missing Token,3003,0,0.2550288438796997,-0.08130338788032532,0.6368840932846069,0.6673564910888672
Soft Missing Token,3009,0,0.1993335783481598,-0.1263221651315689,0.5469263792037964,0.6943498849868774
Soft Missing Token,3014,0,0.22653493285179138,0.013132757507264614,0.574939489364624,0.6894456148147583
Soft Missing Token,3019,0,0.1857641637325287,-0.023796048015356064,0.5539110898971558,0.7170436978340149
Soft Missing Token,3023,0,0.25248590111732483,0.14928486943244934,0.5976167321205139,0.6579914689064026
Soft Missing Token,3042,0,0.20624594390392303,-0.08364136517047882,0.5707542896270752,0.7126099467277527
Soft Missing Token,3046,0,0.3566785156726837,-0.032598406076431274,0.6882287263870239,0.5713614225387573
Soft Missing Token,3053,0,0.236282616853714,-0.0911058709025383,0.6285354495048523,0.6660154461860657
Soft Missing Token,3054,0,0.2427607774734497,0.14517591893672943,0.5915499925613403,0.674937903881073
Soft Missing Token,3055,0,0.24687206745147705,0.23267163336277008,0.6102243065834045,0.6554135680198669
Soft Missing Token,3057,0,0.2721420228481293,-0.10714685171842575,0.632562518119812,0.6478618383407593
Soft Missing Token,3063,0,0.20081773400306702,-0.04682113230228424,0.5650319457054138,0.6853066682815552
Soft Missing Token,3066,0,0.2832159101963043,0.15119868516921997,0.6916067600250244,0.6079878807067871
Soft Missing Token,3080,0,0.17201970517635345,-0.0623825341463089,0.5843167901039124,0.7175426483154297
Soft Missing Token,3111,0,0.2199864238500595,-0.057743191719055176,0.5939573645591736,0.6770123839378357
Soft Missing Token,3139,0,0.25072693824768066,-0.08631344884634018,0.6271129846572876,0.6469021439552307
Soft Missing Token,3151,0,0.3470912277698517,-0.03146239370107651,0.6814557909965515,0.5722958445549011
Soft Missing Token,3157,0,0.21692916750907898,-0.023098139092326164,0.5862727165222168,0.6738672256469727
Soft Missing Token,3159,0,0.2860074043273926,0.03563559800386429,0.6449942588806152,0.6280921101570129
Soft Missing Token,3170,0,0.24500541388988495,-0.09262534976005554,0.6166137456893921,0.6693575978279114
Soft Missing Token,3178,0,0.24022725224494934,0.08220889419317245,0.5980559587478638,0.6636263132095337
Soft Missing Token,3181,0,0.21439307928085327,-0.05822707712650299,0.561957061290741,0.6712042689323425
Soft Missing Token,3183,0,0.219747394323349,-0.056398678570985794,0.5849931240081787,0.7013734579086304
Soft Missing Token,3187,0,0.23110716044902802,0.1578231155872345,0.5912110805511475,0.6701492071151733
Soft Missing Token,3192,0,0.17020873725414276,-0.04443220794200897,0.524537205696106,0.7177144289016724
Soft Missing Token,3218,0,0.22630660235881805,0.18764841556549072,0.594609797000885,0.6738062500953674
Soft Missing Token,3221,0,0.2221459448337555,0.16014927625656128,0.6009854078292847,0.48504725098609924
Soft Missing Token,3240,0,0.2303977906703949,0.08458605408668518,0.6291396617889404,0.6714516282081604
Soft Missing Token,3243,0,0.2211104929447174,0.03274114802479744,0.6079009175300598,0.6896013021469116
Soft Missing Token,3264,0,0.2296336442232132,0.0246829055249691,0.5940828919410706,0.672935426235199
Soft Missing Token,3267,0,0.23170238733291626,0.14049886167049408,0.6048867106437683,0.6808363795280457
Soft Missing Token,3272,0,0.2257179170846939,0.11841071397066116,0.5843343734741211,0.6858184337615967
Soft Missing Token,3273,0,0.231013685464859,0.17480354011058807,0.5986787676811218,0.6582185626029968
Soft Missing Token,3278,0,0.23439812660217285,-0.08393505960702896,0.5934816598892212,0.6787540912628174
Soft Missing Token,3302,0,0.23801349103450775,-0.03538912907242775,0.6043795347213745,0.6685115098953247
Soft Missing Token,3307,0,0.23434552550315857,-0.10215907543897629,0.6246395111083984,0.6486068367958069
Soft Missing Token,3308,0,0.23067444562911987,0.04523047059774399,0.59691321849823,0.6509138345718384
Soft Missing Token,3309,0,0.23745644092559814,-0.08775629848241806,0.6009798049926758,0.6465481519699097
Soft Missing Token,3314,0,0.17111168801784515,0.022164788097143173,0.5569611191749573,0.7152867317199707
Soft Missing Token,3317,0,0.24332121014595032,-0.10015680640935898,0.6157227754592896,0.6643946170806885
Soft Missing Token,3331,0,0.24504387378692627,-0.051056623458862305,0.6277312636375427,0.6592757701873779
Soft Missing Token,3336,0,0.22641916573047638,-0.03456588089466095,0.6080074906349182,0.6775230169296265
Soft Missing Token,3349,0,0.27067404985427856,0.05522046238183975,0.640670657157898,0.6357659101486206
Soft Missing Token,3355,0,0.22876092791557312,0.019912298768758774,0.599648654460907,0.6835581064224243
Soft Missing Token,3361,0,0.2985907196998596,-0.0760519728064537,0.6436875462532043,0.6214717030525208
Soft Missing Token,3364,0,0.11736323684453964,0.012506857514381409,0.557604968547821,0.5046883821487427
Soft Missing Token,3365,0,0.2289443165063858,0.14176398515701294,0.6259093284606934,0.6641151905059814
Soft Missing Token,3371,0,0.20232541859149933,0.09304509311914444,0.5816385746002197,0.7244624495506287
Soft Missing Token,3372,0,0.25794950127601624,-0.10057209432125092,0.6034232974052429,0.6547794342041016
Soft Missing Token,3385,0,0.22245344519615173,-0.0801825076341629,0.6251423954963684,0.6986654996871948
Soft Missing Token,3390,0,0.3656957745552063,-0.018759222701191902,0.701092004776001,0.572388768196106
Soft Missing Token,3396,0,0.2532840073108673,0.168495312333107,0.616708517074585,0.6458954811096191
Soft Missing Token,3407,0,0.24894975125789642,-0.033564381301403046,0.6209610104560852,0.651863157749176
Soft Missing Token,3417,0,0.23453068733215332,0.02271968498826027,0.6303861737251282,0.6903711557388306
Soft Missing Token,3423,0,0.3437565565109253,-0.021310437470674515,0.6820576190948486,0.571621298789978
Soft Missing Token,3433,0,0.21863634884357452,-0.0233222134411335,0.5869771838188171,0.6630588173866272
Soft Missing Token,3434,0,0.2116612195968628,-0.005217236466705799,0.5861297249794006,0.6999900937080383
Soft Missing Token,3435,0,0.2481890618801117,-0.08775043487548828,0.5847221612930298,0.6666216254234314
Soft Missing Token,3459,0,0.23821158707141876,-0.007348964922130108,0.6170652508735657,0.6665540337562561
Soft Missing Token,3461,0,0.23877498507499695,-0.04081909731030464,0.6118844151496887,0.6655937433242798
Soft Missing Token,3467,0,0.22255054116249084,0.04382467269897461,0.5701658725738525,0.6885156035423279
Soft Missing Token,3468,0,0.2165796160697937,-0.01648101769387722,0.5602713227272034,0.6901512742042542
Soft Missing Token,3477,0,0.2385745346546173,-0.08030635118484497,0.6064576506614685,0.6577818989753723
Soft Missing Token,3478,0,0.25084391236305237,0.16102999448776245,0.6025941371917725,0.6485780477523804
Soft Missing Token,3499,0,0.23517972230911255,0.1410592794418335,0.5971159338951111,0.6669040322303772
Soft Missing Token,3503,0,0.25489476323127747,-0.015430022031068802,0.6281346082687378,0.6549912691116333
Soft Missing Token,3509,0,0.2521602213382721,0.03029399923980236,0.6205098628997803,0.6613835096359253
Soft Missing Token,3515,0,0.19564977288246155,-0.1391000896692276,0.5862269401550293,0.6945976614952087
Soft Missing Token,3516,0,0.2243339568376541,-0.07975772023200989,0.6121540069580078,0.6783808469772339
Soft Missing Token,3527,0,0.20652639865875244,0.025201965123414993,0.5744184851646423,0.6895506978034973
Soft Missing Token,3528,0,0.18992716073989868,-0.014260552823543549,0.5558127760887146,0.7178245782852173
Soft Missing Token,3542,0,0.23005734384059906,0.059290751814842224,0.6034942865371704,0.6548599004745483
Soft Missing Token,3554,0,0.2563278377056122,0.10191468894481659,0.6390045285224915,0.6324625611305237
Soft Missing Token,3556,0,0.23274855315685272,-0.08574207872152328,0.6095324158668518,0.662207305431366
Soft Missing Token,3557,0,0.23772087693214417,0.011260578408837318,0.5913852453231812,0.6603609323501587
Soft Missing Token,3561,0,0.3477167785167694,0.004650494549423456,0.6985543370246887,0.5812408328056335
Soft Missing Token,3567,0,0.23920458555221558,-0.05051402747631073,0.5961999297142029,0.6682039499282837
Soft Missing Token,3574,0,0.28278547525405884,0.045191697776317596,0.6571488976478577,0.6152548789978027
Soft Missing Token,3600,0,0.21494977176189423,-0.14147670567035675,0.590668261051178,0.6721852421760559
Soft Missing Token,3606,0,0.23952481150627136,0.1897072196006775,0.6197025775909424,0.6620076894760132
Soft Missing Token,3607,0,0.2638767659664154,0.16458402574062347,0.6276474595069885,0.6336029767990112
Soft Missing Token,3616,0,0.23844850063323975,-0.0784982293844223,0.6114099025726318,0.648734450340271
Soft Missing Token,3633,0,0.26059335470199585,-0.03852815926074982,0.6219520568847656,0.6566287875175476
Soft Missing Token,3643,0,0.18140770494937897,0.03993741422891617,0.5616337656974792,0.7235025763511658
Soft Missing Token,3657,0,0.23011574149131775,-0.05368755757808685,0.6241154074668884,0.6716127395629883
Soft Missing Token,3658,0,0.20705874264240265,-0.18198831379413605,0.5995767116546631,0.6958515644073486
Soft Missing Token,3659,0,0.24954615533351898,0.005000787787139416,0.6003033518791199,0.6514720320701599
Soft Missing Token,3668,0,0.28958579897880554,0.0022731879726052284,0.633723258972168,0.6115005612373352
Soft Missing Token,3676,0,0.22638551890850067,-0.11577683687210083,0.6051315069198608,0.6628545522689819
Soft Missing Token,3688,0,0.2399883270263672,-0.04935450851917267,0.626467764377594,0.6530030369758606
Soft Missing Token,3710,0,0.21354439854621887,0.15372298657894135,0.5573519468307495,0.6838536858558655
Soft Missing Token,3712,0,0.21588127315044403,0.021097097545862198,0.5178456902503967,0.6751657724380493
Soft Missing Token,3717,0,0.1875249147415161,-0.15061205625534058,0.5209242701530457,0.71778404712677
Soft Missing Token,3718,0,0.23584142327308655,-0.029737137258052826,0.6015825867652893,0.6763123869895935
Soft Missing Token,3727,0,0.21470241248607635,0.004332869313657284,0.6069326996803284,0.6873826384544373
Soft Missing Token,3751,0,0.23623225092887878,-0.07311370968818665,0.5979230403900146,0.6773970127105713
Soft Missing Token,3757,0,0.25341641902923584,-0.04606419801712036,0.6408417820930481,0.6570966243743896
Soft Missing Token,3763,0,0.0855102688074112,-0.01226001139730215,0.5618722438812256,0.5231006145477295
Soft Missing Token,3774,0,0.2698107957839966,0.19893257319927216,0.624205470085144,0.6284304857254028
Soft Missing Token,3779,0,0.2718856632709503,0.018406983464956284,0.6197423338890076,0.6429299712181091
Soft Missing Token,3786,0,0.2481255829334259,0.005135083571076393,0.680293619632721,0.6349474787712097
Soft Missing Token,3801,0,0.21809640526771545,-0.05783982574939728,0.5716803073883057,0.6710172295570374
Soft Missing Token,3802,0,0.19575050473213196,-0.01513066329061985,0.5911891460418701,0.7019957304000854
Soft Missing Token,3805,0,0.29291200637817383,0.03410525619983673,0.6734833121299744,0.6245678663253784
Soft Missing Token,3815,0,0.21522146463394165,-0.11603057384490967,0.5866057872772217,0.6998986005783081
Soft Missing Token,3825,0,0.26158684492111206,-0.0750582292675972,0.6395214796066284,0.6577090620994568
Soft Missing Token,3828,0,0.18318390846252441,-0.011105556041002274,0.5251914858818054,0.6931281685829163
Soft Missing Token,3831,0,0.2703273296356201,-0.029146086424589157,0.6247445344924927,0.6358950734138489
Soft Missing Token,3853,0,0.22145555913448334,-0.13829262554645538,0.6175300478935242,0.6832242608070374
Soft Missing Token,3857,0,0.2800881266593933,-0.1057017520070076,0.654391348361969,0.6277106404304504
Soft Missing Token,3869,0,0.21489690244197845,0.06099696829915047,0.5782393217086792,0.6736184358596802
Soft Missing Token,3876,0,0.22183984518051147,-0.06092934310436249,0.6201080083847046,0.6880584955215454
Soft Missing Token,3884,0,0.265505850315094,0.14698775112628937,0.6080762147903442,0.6544280648231506
Soft Missing Token,3888,0,0.3272148072719574,-0.07952816784381866,0.6912485957145691,0.5938420295715332
Soft Missing Token,3890,0,0.33579662442207336,-0.09122976660728455,0.7067389488220215,0.5907548666000366
Soft Missing Token,3898,0,0.2178301364183426,-0.04040112346410751,0.5947361588478088,0.6834312677383423
Soft Missing Token,3910,0,0.24894054234027863,-0.08300914615392685,0.6205229163169861,0.6318133473396301
Soft Missing Token,3919,0,0.36796146631240845,0.00038530025631189346,0.698660135269165,0.5625339150428772
Soft Missing Token,3927,0,0.21864452958106995,-0.1546453833580017,0.6122674942016602,0.6717206239700317
Soft Missing Token,3932,0,0.21891872584819794,-0.14800629019737244,0.6069380044937134,0.6630822420120239
Soft Missing Token,3935,0,0.21344178915023804,-0.03144817054271698,0.6100431084632874,0.6945112347602844
Soft Missing Token,3946,0,0.23055894672870636,0.15652315318584442,0.5903966426849365,0.6716092228889465
Soft Missing Token,3947,0,-0.03574986383318901,-0.08070589601993561,0.46508482098579407,0.6178940534591675
Soft Missing Token,3948,0,0.18415260314941406,-0.10632708668708801,0.539121687412262,0.7047772407531738
Soft Missing Token,3956,0,0.25951290130615234,0.16924640536308289,0.6500441431999207,0.6423447728157043
Soft Missing Token,3963,0,0.2291320413351059,-0.10398093611001968,0.6170006394386292,0.657246470451355
Soft Missing Token,3965,0,0.2259873002767563,0.005483267828822136,0.601100742816925,0.6698122024536133
Soft Missing Token,3968,0,0.21949799358844757,-0.1593204289674759,0.5907723307609558,0.6840976476669312
Soft Missing Token,3979,0,0.2787586450576782,0.17183899879455566,0.6304638385772705,0.6294143795967102
Soft Missing Token,3987,0,0.238965705037117,0.07487675547599792,0.6122009754180908,0.6743783354759216
Soft Missing Token,3988,0,0.21811896562576294,0.0029389485716819763,0.585352897644043,0.6696932315826416
Soft Missing Token,3989,0,0.3280083239078522,0.0861968845129013,0.6582295894622803,0.6007682085037231
Soft Missing Token,3991,0,0.40453624725341797,-0.022185521200299263,0.711612343788147,0.5475980639457703
Soft Missing Token,4001,0,0.2641848921775818,0.012316076084971428,0.6535501480102539,0.6309751272201538
Soft Missing Token,4016,0,0.2585911750793457,0.20601464807987213,0.6368928551673889,0.6261540651321411
Soft Missing Token,4035,0,0.21359454095363617,0.019367199391126633,0.5900833010673523,0.6702203154563904
Soft Missing Token,4039,0,0.2007870078086853,-0.026856208220124245,0.5655438899993896,0.6959202289581299
Soft Missing Token,4048,0,0.21818146109580994,-0.06444231420755386,0.5664310455322266,0.6855819821357727
Soft Missing Token,4049,0,0.20543713867664337,0.14343039691448212,0.5552158951759338,0.46629926562309265
Soft Missing Token,4050,0,0.04893161728978157,-0.08794039487838745,0.46959373354911804,0.6344268321990967
Soft Missing Token,4055,0,0.20128460228443146,-0.05492829158902168,0.5778719186782837,0.6993525624275208
Soft Missing Token,4078,0,0.2550487816333771,-0.0927617996931076,0.6682067513465881,0.6502066254615784
Soft Missing Token,4093,0,0.30681177973747253,0.039166178554296494,0.6659892797470093,0.6113778948783875
Soft Missing Token,4097,0,0.22944127023220062,-0.02667500451207161,0.5953422784805298,0.6710197925567627
Soft Missing Token,4114,0,0.24616050720214844,-0.07757508754730225,0.6118761897087097,0.6615169644355774
Soft Missing Token,4121,0,0.2781614065170288,-0.025546535849571228,0.6298981308937073,0.6324730515480042
Soft Missing Token,4124,0,0.20502249896526337,-0.06653447449207306,0.5819239616394043,0.6863635778427124
Soft Missing Token,4134,0,0.21723207831382751,0.043427787721157074,0.5926358699798584,0.692402720451355
Soft Missing Token,4164,0,0.23111890256404877,-0.07293921709060669,0.5892945528030396,0.6828614473342896
Soft Missing Token,4178,0,0.23445063829421997,0.13698217272758484,0.6348482966423035,0.6805338263511658
Soft Missing Token,4179,0,0.2637097239494324,0.08481360971927643,0.6506593823432922,0.6475114822387695
Soft Missing Token,4183,0,0.24768532812595367,-0.0008930014446377754,0.594245970249176,0.6558046936988831
Soft Missing Token,4195,0,0.20129966735839844,-0.009943821467459202,0.5953159332275391,0.7052462100982666
Soft Missing Token,4204,0,0.24173542857170105,0.06344770640134811,0.6155973076820374,0.6524661779403687
Soft Missing Token,4219,0,0.2664952278137207,-0.09655731171369553,0.6530526876449585,0.6319704055786133
Soft Missing Token,4220,0,0.2787526249885559,0.10795433819293976,0.665544331073761,0.6186851859092712
Soft Missing Token,4228,0,0.22809302806854248,0.1758805364370346,0.5793299078941345,0.6729515790939331
Soft Missing Token,4229,0,0.23312556743621826,0.13502679765224457,0.5789249539375305,0.663748025894165
Soft Missing Token,4235,0,0.25778937339782715,-0.03185189142823219,0.6224992871284485,0.6468089818954468
Soft Missing Token,4238,0,0.25197634100914,0.12786248326301575,0.6231593489646912,0.6576957702636719
Soft Missing Token,4249,0,0.2227446287870407,0.10300006717443466,0.5855156183242798,0.6910972595214844
Soft Missing Token,4251,0,0.12963849306106567,-0.044725075364112854,0.5504449605941772,0.5070463418960571
Soft Missing Token,4252,0,0.24773041903972626,-0.056497130542993546,0.6096850633621216,0.6449774503707886
Soft Missing Token,4273,0,0.2666337788105011,0.18013131618499756,0.6256958246231079,0.6453762054443359
Soft Missing Token,4286,0,0.21842007339000702,0.01054685190320015,0.5850731730461121,0.6907837390899658
Soft Missing Token,4289,0,0.22738516330718994,-0.014524063095450401,0.6250566244125366,0.6495187282562256
Soft Missing Token,4294,0,0.20863893628120422,-0.061460673809051514,0.5838167071342468,0.6916900873184204
Soft Missing Token,4301,0,0.2002360075712204,-0.08301769196987152,0.5543105006217957,0.68289715051651
Soft Missing Token,4305,0,0.232744961977005,-0.10923038423061371,0.6022033095359802,0.6478967070579529
Soft Missing Token,4310,0,0.21936997771263123,-0.14876234531402588,0.58709716796875,0.6634798645973206
Soft Missing Token,4313,0,0.22302481532096863,0.17838826775550842,0.5836859941482544,0.6655964851379395
Soft Missing Token,4316,0,0.22383981943130493,0.012255111709237099,0.6094546318054199,0.6806421875953674
Soft Missing Token,4323,0,0.34794318675994873,0.003170014824718237,0.6735453605651855,0.56899493932724
Soft Missing Token,4337,0,0.23948553204536438,-0.059227000921964645,0.6121200919151306,0.6728883981704712
Soft Missing Token,4363,0,0.2518349587917328,-0.034823380410671234,0.5944715738296509,0.652915894985199
Soft Missing Token,4371,0,0.2919119596481323,-0.11693258583545685,0.6703857779502869,0.6096324920654297
Soft Missing Token,4375,0,0.24770495295524597,0.21030186116695404,0.5984407067298889,0.6537392139434814
Soft Missing Token,4382,0,0.30204787850379944,-0.03042205236852169,0.6569491624832153,0.5955628156661987
Soft Missing Token,4395,0,0.24542313814163208,-0.08061987161636353,0.596225380897522,0.6528304815292358
Soft Missing Token,4398,0,0.23545682430267334,0.023745685815811157,0.6271704435348511,0.6720150709152222
Soft Missing Token,4403,0,0.23113134503364563,-0.09863642603158951,0.6122981309890747,0.6621534824371338
Soft Missing Token,4406,0,0.2428758144378662,0.1038619726896286,0.60182785987854,0.6742552518844604
Soft Missing Token,4415,0,0.2600242495536804,-0.0745278000831604,0.6306449770927429,0.647883951663971
Soft Missing Token,4416,0,0.2795655429363251,0.15065211057662964,0.6393773555755615,0.6291115283966064
Soft Missing Token,4420,0,0.2530784010887146,0.16318565607070923,0.6227924227714539,0.6478967070579529
Soft Missing Token,4423,0,0.25462207198143005,0.14809685945510864,0.60301673412323,0.6527272462844849
Soft Missing Token,4424,0,0.22757181525230408,-0.07118024677038193,0.5949097871780396,0.6539208292961121
Soft Missing Token,4429,0,0.19675123691558838,-0.1310761421918869,0.5518196225166321,0.6924736499786377
Soft Missing Token,4437,0,0.25330010056495667,0.014915798790752888,0.6079480051994324,0.6431591510772705
Soft Missing Token,4452,0,0.22307172417640686,0.19390131533145905,0.5832113027572632,0.6868571043014526
Soft Missing Token,4464,0,0.23193763196468353,0.14740824699401855,0.5992174744606018,0.679900586605072
Soft Missing Token,4467,0,0.24722754955291748,-0.0564657524228096,0.6225647926330566,0.653928816318512
Soft Missing Token,4475,0,0.17516674101352692,-0.1703503131866455,0.5582660436630249,0.4584029018878937
Soft Missing Token,4486,0,0.2366352379322052,-0.054138652980327606,0.6065490245819092,0.6782044172286987
Soft Missing Token,4490,0,0.22993558645248413,0.22923985123634338,0.6070647239685059,0.6714910268783569
Soft Missing Token,4493,0,0.2220333218574524,-0.0348353236913681,0.5564546585083008,0.6890610456466675
Soft Missing Token,4500,0,0.24879515171051025,-0.07042538374662399,0.6235204935073853,0.6635152697563171
Soft Missing Token,4527,0,0.23262439668178558,0.023335378617048264,0.5968741774559021,0.6641082763671875
Soft Missing Token,4528,0,0.18180504441261292,-0.06370608508586884,0.5207901000976562,0.7150349617004395
Soft Missing Token,4531,0,0.2575699985027313,-0.09043547511100769,0.6272203922271729,0.6729316711425781
Soft Missing Token,4535,0,0.23818154633045197,-0.010529106482863426,0.6248155832290649,0.6683659553527832
Soft Missing Token,4540,0,0.36530357599258423,0.024289745837450027,0.6852959990501404,0.555532693862915
Soft Missing Token,4550,0,0.29047736525535583,-0.03730522841215134,0.713736891746521,0.5660760998725891
Soft Missing Token,4553,0,0.1877005398273468,0.05176316201686859,0.5527642965316772,0.7180323004722595
Soft Missing Token,4574,0,0.2326284795999527,-0.10228676348924637,0.60121089220047,0.6668025851249695
Soft Missing Token,4580,0,0.2308044582605362,-0.12350229173898697,0.5983806848526001,0.6592608094215393
Soft Missing Token,4584,0,0.2266993373632431,0.0019285050220787525,0.6074085831642151,0.6603997349739075
Soft Missing Token,4587,0,0.2355668842792511,-0.03482699394226074,0.6160804033279419,0.6659198999404907
Soft Missing Token,4588,0,0.22666485607624054,0.1919640451669693,0.591988205909729,0.6798906922340393
Soft Missing Token,4600,0,0.36031651496887207,-0.09526029229164124,0.6979023218154907,0.5617111325263977
Soft Missing Token,4609,0,0.19847552478313446,-0.06444111466407776,0.5715463757514954,0.703734815120697
Soft Missing Token,4613,0,0.2430175244808197,-0.012660392560064793,0.5927850008010864,0.6439052820205688
Soft Missing Token,4621,0,0.2218702733516693,-0.05917607247829437,0.5813317894935608,0.6819760799407959
Soft Missing Token,4622,0,0.27352067828178406,0.1330896019935608,0.6596837639808655,0.6299310326576233
Soft Missing Token,4626,0,0.20186784863471985,-0.12615081667900085,0.5596213936805725,0.699471116065979
Soft Missing Token,4634,0,0.2408038079738617,-0.08620898425579071,0.6068035960197449,0.663077712059021
Soft Missing Token,4635,0,0.2443419098854065,-0.07115467637777328,0.6093297600746155,0.6584137082099915
Soft Missing Token,4636,0,0.2517264187335968,-0.0007477607578039169,0.6189901828765869,0.652589738368988
Soft Missing Token,4639,0,0.21508491039276123,-0.10676979273557663,0.5634758472442627,0.6636828780174255
Soft Missing Token,4642,0,0.22633810341358185,-0.11364206671714783,0.6025831699371338,0.6883336305618286
Soft Missing Token,4644,0,0.2228931188583374,0.10690143704414368,0.6114261150360107,0.6808176040649414
Soft Missing Token,4653,0,0.2527780532836914,-0.07178381085395813,0.6213757395744324,0.6442594528198242
Soft Missing Token,4664,0,0.2543792128562927,-0.03924695774912834,0.6065279841423035,0.6565991640090942
Soft Missing Token,4672,0,0.2715977728366852,-0.04217115789651871,0.628761351108551,0.5685025453567505
Soft Missing Token,4673,0,0.25638139247894287,-0.039731454104185104,0.5882484912872314,0.6391742825508118
Soft Missing Token,4676,0,0.20684359967708588,0.1577625870704651,0.5545926690101624,0.6954766511917114
Soft Missing Token,4677,0,0.23888684809207916,-0.08219297975301743,0.614228367805481,0.6700688004493713
Soft Missing Token,4681,0,0.20314784348011017,-0.05311260744929314,0.5636638402938843,0.6736329793930054
Soft Missing Token,4684,0,0.2115277647972107,-0.1288575977087021,0.5977097749710083,0.6797722578048706
Soft Missing Token,4685,0,0.2336740791797638,0.003397309686988592,0.6032611131668091,0.6574422717094421
Soft Missing Token,4686,0,0.2392135113477707,0.0161396823823452,0.6040753722190857,0.6615184545516968
Soft Missing Token,4690,0,0.21234770119190216,-0.07421860843896866,0.5802627205848694,0.6894005537033081
Soft Missing Token,4705,0,0.21385155618190765,0.019346322864294052,0.5971463322639465,0.6944471001625061
Soft Missing Token,4711,0,0.2002478837966919,-0.03419523686170578,0.5330392122268677,0.728376030921936
Soft Missing Token,4729,0,0.23738634586334229,0.09156819432973862,0.6039097309112549,0.6795165538787842
Soft Missing Token,4730,0,0.1524757593870163,-0.06255762279033661,0.5238751769065857,0.5700399875640869
Soft Missing Token,4744,0,0.2054077535867691,-0.08702307194471359,0.6067793965339661,0.6795921325683594
Soft Missing Token,4746,0,0.23484814167022705,-0.007377087138593197,0.6186226010322571,0.6642172932624817
Soft Missing Token,4750,0,0.2817409336566925,-0.0131374541670084,0.6473168134689331,0.6103074550628662
Soft Missing Token,4757,0,0.19618120789527893,-0.09420931339263916,0.587796688079834,0.6795921325683594
Soft Missing Token,4758,0,0.2310924381017685,-0.04280862212181091,0.6049423217773438,0.6705814003944397
Soft Missing Token,4763,0,0.2564023435115814,0.09902787953615189,0.6398836970329285,0.6516664028167725
Soft Missing Token,4766,0,0.22560495138168335,-0.01919054612517357,0.5503847599029541,0.6871594190597534
Soft Missing Token,4774,0,0.23953136801719666,-0.055566560477018356,0.6219469308853149,0.6618127822875977
Soft Missing Token,4779,0,0.22508184611797333,-0.01647401973605156,0.5636369585990906,0.6780061721801758
Soft Missing Token,4782,0,0.2743898332118988,-0.006790595594793558,0.6406876444816589,0.6157528758049011
Soft Missing Token,4808,0,0.21322721242904663,0.11760152131319046,0.567020058631897,0.45989298820495605
Soft Missing Token,4819,0,0.24124860763549805,-0.013153604231774807,0.610154390335083,0.6609978079795837
Soft Missing Token,4825,0,0.24714186787605286,-0.007301682606339455,0.59266197681427,0.6618858575820923
Soft Missing Token,4830,0,0.28181663155555725,-0.002658579498529434,0.6511249542236328,0.6252226829528809
Soft Missing Token,4831,0,0.22442159056663513,-0.07829882949590683,0.5966763496398926,0.6713524460792542
Soft Missing Token,4834,0,0.2532427906990051,0.10379650443792343,0.6312024593353271,0.6484036445617676
Soft Missing Token,4851,0,0.21599547564983368,-0.03792000934481621,0.5796633362770081,0.6507596969604492
Soft Missing Token,4855,0,0.22454774379730225,-0.04930109903216362,0.5810344219207764,0.6789739727973938
Soft Missing Token,4864,0,0.25728124380111694,0.16468343138694763,0.6205912828445435,0.6549826860427856
Soft Missing Token,4869,0,0.2227596938610077,-0.16924093663692474,0.5922799110412598,0.671161949634552
Soft Missing Token,4876,0,0.2015334665775299,-0.11715315282344818,0.5812389850616455,0.6813380122184753
Soft Missing Token,4880,0,0.19344237446784973,-0.05975727736949921,0.586995005607605,0.6944530606269836
Soft Missing Token,4883,0,0.2460181713104248,-0.05367031320929527,0.6472563147544861,0.6714866757392883
Soft Missing Token,4894,0,0.26542121171951294,0.12206108868122101,0.5981536507606506,0.6545175313949585
Soft Missing Token,4897,0,0.1555919647216797,0.017102757468819618,0.49051952362060547,0.7367052435874939
Soft Missing Token,4905,0,0.2302577644586563,-0.059136200696229935,0.6088683009147644,0.6824283599853516
Soft Missing Token,4911,0,0.26112282276153564,0.017166325822472572,0.6415708065032959,0.6471030712127686
Soft Missing Token,4913,0,0.27751243114471436,0.18059642612934113,0.6397439241409302,0.6344313621520996
Soft Missing Token,4918,0,0.22856822609901428,0.12726657092571259,0.6168520450592041,0.6792488694190979
Soft Missing Token,4930,0,0.21885916590690613,-0.05572124198079109,0.6075517535209656,0.6711171865463257
Soft Missing Token,4936,0,0.24200311303138733,-0.08865626901388168,0.6085038185119629,0.6613089442253113
Soft Missing Token,4937,0,0.24947988986968994,0.06396020203828812,0.6125110387802124,0.6439905166625977
Soft Missing Token,4942,0,0.2584437429904938,-0.12438160181045532,0.6390851736068726,0.6481627225875854
Soft Missing Token,4944,0,0.15181535482406616,-0.12160877883434296,0.5667627453804016,0.6152738332748413
Soft Missing Token,4952,0,0.23400287330150604,0.0987107902765274,0.613061785697937,0.6619487404823303
Soft Missing Token,4959,0,0.37076127529144287,-0.09449891000986099,0.7090349197387695,0.5507190227508545
Soft Missing Token,4963,0,0.2509262263774872,-0.09014897048473358,0.6017273664474487,0.6563010811805725
Soft Missing Token,4972,0,0.24103665351867676,0.21926693618297577,0.6246861219406128,0.6653760075569153
Soft Missing Token,4980,0,0.28269684314727783,0.07717552781105042,0.6532137393951416,0.6146462559700012
Soft Missing Token,4991,0,0.2283116579055786,-0.06828675419092178,0.6270476579666138,0.6644446849822998
Soft Missing Token,4992,0,0.24126064777374268,-0.08092767745256424,0.5904688835144043,0.6825312376022339
Soft Missing Token,4994,0,0.1915806233882904,-0.034802138805389404,0.5823649168014526,0.7057662606239319
Soft Missing Token,4995,0,0.21107566356658936,-0.1214609295129776,0.5941309928894043,0.6685498952865601
Soft Missing Token,5002,0,0.2167416363954544,-0.05893595516681671,0.6004391312599182,0.672857403755188
Soft Missing Token,5007,0,0.21151602268218994,0.09969611465930939,0.5372733473777771,0.7041189670562744
Soft Missing Token,5032,0,0.1754877120256424,-0.05260048806667328,0.5761017799377441,0.7310004234313965
Soft Missing Token,5038,0,0.2550266981124878,-0.10374415665864944,0.6198155283927917,0.6510045528411865
Soft Missing Token,5046,0,0.22678442299365997,0.1119614988565445,0.5729082822799683,0.6918594241142273
Soft Missing Token,5051,0,0.23177960515022278,0.12356209754943848,0.5806965827941895,0.6540613770484924
Soft Missing Token,5061,0,0.2711920738220215,0.19297868013381958,0.6241359114646912,0.6375554203987122
Soft Missing Token,5071,0,0.23195534944534302,-0.14792205393314362,0.6173723936080933,0.6479151844978333
Soft Missing Token,5072,0,0.22024311125278473,-0.04630701243877411,0.6030465960502625,0.6726400256156921
Soft Missing Token,5088,0,0.2552812695503235,0.12398878484964371,0.6322804689407349,0.6485418081283569
Soft Missing Token,5094,0,0.359496533870697,-0.04235822707414627,0.6881070733070374,0.5699605941772461
Soft Missing Token,5104,0,0.23971256613731384,0.10873760282993317,0.5943808555603027,0.6763609051704407
Soft Missing Token,5107,0,0.23037824034690857,0.09063456952571869,0.6209707260131836,0.6521469950675964
Soft Missing Token,5112,0,0.2347574532032013,-0.1884700506925583,0.6023043990135193,0.6636379361152649
Soft Missing Token,5114,0,0.06891410052776337,-0.049592968076467514,0.5153745412826538,0.5621318221092224
Soft Missing Token,5122,0,0.2999991774559021,-0.037195492535829544,0.6496143341064453,0.6221975684165955
Soft Missing Token,5123,0,0.20514433085918427,-0.0932701975107193,0.599443256855011,0.6734670996665955
Soft Missing Token,5128,0,0.23755374550819397,0.15563029050827026,0.5857639908790588,0.6736997365951538
Soft Missing Token,5132,0,0.2273998111486435,-0.03206510469317436,0.5946439504623413,0.6720903515815735
Soft Missing Token,5133,0,0.22765356302261353,0.22027510404586792,0.5822583436965942,0.6809800863265991
Soft Missing Token,5143,0,0.24020840227603912,0.21316775679588318,0.5905913710594177,0.6679054498672485
Soft Missing Token,5144,0,0.2190009206533432,-0.09706206619739532,0.598047137260437,0.6878846883773804
Soft Missing Token,5158,0,0.21130602061748505,0.06524509191513062,0.5752012729644775,0.6864347457885742
Soft Missing Token,5164,0,0.28195255994796753,0.026588447391986847,0.6164388656616211,0.6312452554702759
Soft Missing Token,5172,0,0.22466719150543213,-0.08621014654636383,0.598737895488739,0.6905511617660522
Soft Missing Token,5195,0,0.23348291218280792,0.08990611881017685,0.5836105942726135,0.6728960275650024
Soft Missing Token,5212,0,0.18254949152469635,-0.07825104147195816,0.5261670351028442,0.7178959250450134
Soft Missing Token,5216,0,0.27357667684555054,0.10760767012834549,0.6208829879760742,0.6475831270217896
Soft Missing Token,5217,0,0.1973896324634552,0.16950690746307373,0.5808939337730408,0.6210753917694092
Soft Missing Token,5220,0,0.26219213008880615,-0.058922093361616135,0.6840378046035767,0.6187076568603516
Soft Missing Token,5226,0,0.2648570239543915,0.06230039894580841,0.6037206053733826,0.6363691091537476
Soft Missing Token,5227,0,0.23148208856582642,0.18107172846794128,0.5675715208053589,0.6834881901741028
Soft Missing Token,5232,0,0.24059109389781952,-0.03164302185177803,0.5835800766944885,0.664509654045105
Soft Missing Token,5240,0,0.2349657416343689,0.171749085187912,0.6251205801963806,0.6606870889663696
Soft Missing Token,5250,0,0.2167089730501175,-0.0406646654009819,0.5805308818817139,0.6817254424095154
Soft Missing Token,5259,0,0.20398953557014465,-0.16511860489845276,0.5782241225242615,0.6891277432441711
Soft Missing Token,5261,0,0.3590147793292999,0.004045876674354076,0.6946120262145996,0.5686103701591492
Soft Missing Token,5268,0,0.23703816533088684,0.11569931358098984,0.581063985824585,0.6761378049850464
Soft Missing Token,5269,0,0.23271866142749786,0.17091506719589233,0.5860602259635925,0.683210015296936
Soft Missing Token,5272,0,0.2325698286294937,0.014789490029215813,0.6036491394042969,0.6765863299369812
Soft Missing Token,5279,0,0.19911572337150574,0.021882519125938416,0.598114013671875,0.4573771059513092
Soft Missing Token,5287,0,0.23775988817214966,-0.14885953068733215,0.6316503882408142,0.6660916805267334
Soft Missing Token,5288,0,0.2651742100715637,0.0258833859115839,0.6413648724555969,0.6405138373374939
Soft Missing Token,5291,0,0.22730857133865356,0.06676267087459564,0.5892975926399231,0.6871536374092102
Soft Missing Token,5314,0,0.2799670696258545,0.0629434585571289,0.6660641431808472,0.615253210067749
Soft Missing Token,5321,0,0.22435565292835236,0.0287107452750206,0.6018019318580627,0.6922623515129089
Soft Missing Token,5325,0,0.22716522216796875,0.043299540877342224,0.6028382182121277,0.6770832538604736
Soft Missing Token,5327,0,0.22867248952388763,0.07784847915172577,0.6129732728004456,0.6789983510971069
Soft Missing Token,5332,0,0.25692811608314514,-0.06495185196399689,0.6198930144309998,0.6599582433700562
Soft Missing Token,5336,0,0.2903739809989929,-0.05983370169997215,0.6430404782295227,0.528762698173523
Soft Missing Token,5337,0,0.2533005177974701,0.07211893796920776,0.6334268450737,0.658381998538971
Soft Missing Token,5338,0,0.2127062976360321,0.20295359194278717,0.5761709213256836,0.6936901807785034
Soft Missing Token,5361,0,0.24438747763633728,-0.09436610341072083,0.6237431168556213,0.6677097678184509
Soft Missing Token,5363,0,0.36554503440856934,-0.03000602498650551,0.6959185004234314,0.571943461894989
Soft Missing Token,5369,0,0.22704797983169556,-0.13942810893058777,0.5844277143478394,0.6783775091171265
Soft Missing Token,5371,0,0.2904124855995178,0.12697798013687134,0.6529068350791931,0.6215139627456665
Soft Missing Token,5373,0,0.24526330828666687,0.12251567840576172,0.5982449650764465,0.6695621013641357
Soft Missing Token,5376,0,0.20416012406349182,0.11221518367528915,0.6170348525047302,0.6164961457252502
Soft Missing Token,5378,0,0.32285410165786743,-0.008486189879477024,0.6600237488746643,0.5815809965133667
Soft Missing Token,5379,0,0.32555800676345825,-0.010670512914657593,0.6593354344367981,0.578738808631897
Soft Missing Token,5389,0,0.24390047788619995,-0.010231450200080872,0.6133367419242859,0.6720094680786133
Soft Missing Token,5410,0,0.36442527174949646,-0.07916706055402756,0.69000643491745,0.5543532371520996
Soft Missing Token,5426,0,0.4340432286262512,-0.02110404148697853,0.7461452484130859,0.5364272594451904
Soft Missing Token,5428,0,0.2590698301792145,0.1263609081506729,0.6073413491249084,0.6439470648765564
Soft Missing Token,5448,0,0.2438785433769226,-0.04475560411810875,0.6313468813896179,0.64879310131073
Soft Missing Token,5461,0,0.35928845405578613,-0.013898767530918121,0.6858402490615845,0.5598971843719482
Soft Missing Token,5462,0,0.3594459295272827,0.02487105131149292,0.6908007860183716,0.5575000047683716
Soft Missing Token,5464,0,0.2546231746673584,-0.08730440586805344,0.6222783923149109,0.6455506682395935
Soft Missing Token,5466,0,0.1251518875360489,-0.009703676216304302,0.42347732186317444,0.7708041071891785
Soft Missing Token,5480,0,0.2437603771686554,0.12386240065097809,0.5929509401321411,0.6700388789176941
Soft Missing Token,5486,0,0.23373879492282867,-0.021845126524567604,0.5815427899360657,0.6586001515388489
Soft Missing Token,5526,0,0.2299986332654953,-0.06399671733379364,0.6111204028129578,0.6700834035873413
Soft Missing Token,5533,0,0.2513219118118286,-0.055247992277145386,0.620991587638855,0.662678062915802
Soft Missing Token,5540,0,0.26817572116851807,-0.007828808389604092,0.6390386819839478,0.6316844820976257
Soft Missing Token,5541,0,0.16845697164535522,-0.02799820713698864,0.47948208451271057,0.6932047605514526
Soft Missing Token,5548,0,0.2449909895658493,0.11035642772912979,0.604970395565033,0.6780217289924622
Soft Missing Token,5557,0,0.19265541434288025,-0.008002813905477524,0.5327538847923279,0.7004117965698242
Soft Missing Token,5560,0,0.2341030091047287,0.05005805566906929,0.6076675653457642,0.678554117679596
Soft Missing Token,5563,0,0.26014935970306396,0.13520866632461548,0.5993632674217224,0.655308187007904
Soft Missing Token,5565,0,0.22688262164592743,0.08804991096258163,0.5961726903915405,0.6560493111610413
Soft Missing Token,5578,0,0.24580787122249603,-0.020698949694633484,0.583267867565155,0.6413475871086121
Soft Missing Token,5582,0,0.26881012320518494,0.06536009162664413,0.624724805355072,0.6261069774627686
Soft Missing Token,5590,0,0.26069310307502747,0.12541688978672028,0.6365606784820557,0.652993381023407
Soft Missing Token,5607,0,0.22885078191757202,0.14299558103084564,0.5897506475448608,0.6913976669311523
Soft Missing Token,5618,0,0.26541760563850403,-0.1084919273853302,0.6471011638641357,0.6449273824691772
Soft Missing Token,5634,0,0.21880187094211578,0.12457883358001709,0.6124212741851807,0.597653329372406
Soft Missing Token,5636,0,0.24448546767234802,0.12080757319927216,0.5834080576896667,0.672021746635437
Soft Missing Token,5639,0,0.21997158229351044,-0.04374602437019348,0.6137874722480774,0.6798499226570129
Soft Missing Token,5640,0,0.24736303091049194,0.1972953826189041,0.6315143704414368,0.6482771635055542
Soft Missing Token,5647,0,0.21205218136310577,-0.05181443691253662,0.6272150278091431,0.6718274354934692
Soft Missing Token,5664,0,0.18554124236106873,-0.1137893944978714,0.5454936623573303,0.7130047678947449
Soft Missing Token,5666,0,0.20722810924053192,0.042086273431777954,0.545088529586792,0.6906824707984924
Soft Missing Token,5672,0,0.20564234256744385,0.0350276380777359,0.5747865438461304,0.7017506957054138
Soft Missing Token,5684,0,0.2805008292198181,0.11675632745027542,0.6150864958763123,0.6308633089065552
Soft Missing Token,5691,0,0.28623315691947937,-0.008020702749490738,0.6358453631401062,0.6128878593444824
Soft Missing Token,5697,0,0.2663183808326721,0.09932862967252731,0.5983205437660217,0.6420034170150757
Soft Missing Token,5708,0,0.24080318212509155,0.1313544511795044,0.6056195497512817,0.6598796844482422
Soft Missing Token,5715,0,0.22851262986660004,-0.13464076817035675,0.5834363698959351,0.667443037033081
Soft Missing Token,5740,0,0.14664706587791443,0.1259261667728424,0.5542381405830383,0.6304705142974854
Soft Missing Token,5741,0,0.23457233607769012,-0.11694619059562683,0.5997118353843689,0.6703139543533325
Soft Missing Token,5745,0,0.24132026731967926,0.23403769731521606,0.6167135238647461,0.6576657295227051
Soft Missing Token,5762,0,0.2664830982685089,-0.14210987091064453,0.6576252579689026,0.6280038356781006
Soft Missing Token,5777,0,0.21070492267608643,0.17322158813476562,0.584044337272644,0.6929431557655334
Soft Missing Token,5795,0,0.23508572578430176,0.003943800926208496,0.5972663760185242,0.6576535105705261
Soft Missing Token,5798,0,0.2335367351770401,-0.03386746719479561,0.6061368584632874,0.6640509963035583
Soft Missing Token,5811,0,0.20787206292152405,-0.10955916345119476,0.5684544444084167,0.6900314092636108
Soft Missing Token,5827,0,0.21013695001602173,-0.059380579739809036,0.5957638621330261,0.6972197890281677
Soft Missing Token,5829,0,0.2463686764240265,0.16973237693309784,0.5977839827537537,0.6583213806152344
Soft Missing Token,5833,0,0.3130669593811035,-0.04795560985803604,0.6592603325843811,0.5911602973937988
Soft Missing Token,5834,0,0.21158021688461304,0.01203889213502407,0.6491770148277283,0.6101706027984619
Soft Missing Token,5836,0,0.2863808274269104,0.08610793203115463,0.6753319501876831,0.6277603507041931
Soft Missing Token,5842,0,0.23817725479602814,0.08678209036588669,0.605341911315918,0.6626953482627869
Soft Missing Token,5848,0,0.21637563407421112,0.0782671794295311,0.5980986952781677,0.684503436088562
Soft Missing Token,5850,0,0.216318279504776,-0.1306128352880478,0.5772677659988403,0.6867079734802246
Soft Missing Token,5853,0,0.31744712591171265,-0.057436104863882065,0.6764792799949646,0.5872142314910889
Soft Missing Token,5875,0,0.21446014940738678,0.06972991675138474,0.5870899558067322,0.6835139393806458
Soft Missing Token,5876,0,0.1828341782093048,-0.07785072922706604,0.5688890814781189,0.6991023421287537
Soft Missing Token,5887,0,0.2558804154396057,0.1560572385787964,0.5964918732643127,0.6542428135871887
Soft Missing Token,5896,0,0.23190435767173767,-0.07388626784086227,0.6353469491004944,0.6728283762931824
Soft Missing Token,5907,0,0.27797573804855347,0.06940513849258423,0.6554826498031616,0.6295522451400757
Soft Missing Token,5909,0,0.19819435477256775,0.019478388130664825,0.5646365880966187,0.7042070031166077
Soft Missing Token,5912,0,0.2368517369031906,0.12676666676998138,0.5833919644355774,0.6844046115875244
Soft Missing Token,5913,0,0.16395652294158936,-0.12377171218395233,0.5456405878067017,0.6151038408279419
Soft Missing Token,5919,0,0.21596874296665192,-0.006046375259757042,0.6115903854370117,0.6615607738494873
Soft Missing Token,5922,0,0.2740161716938019,0.04443968087434769,0.6390286087989807,0.636489748954773
Soft Missing Token,5928,0,0.21947497129440308,-0.04841101914644241,0.5872655510902405,0.6958972811698914
Soft Missing Token,5930,0,0.29941603541374207,-0.0633402094244957,0.6516552567481995,0.6137792468070984
Soft Missing Token,5933,0,0.35601910948753357,-0.037837155163288116,0.6872406005859375,0.5667099356651306
Soft Missing Token,5940,0,0.256719708442688,0.001435887417756021,0.6518300771713257,0.6402668356895447
Soft Missing Token,5949,0,0.21268707513809204,-0.04238015413284302,0.577303946018219,0.686427116394043
Soft Missing Token,5951,0,0.2534728944301605,-0.052908677607774734,0.6209542751312256,0.6566097736358643
Soft Missing Token,5972,0,0.31837916374206543,-0.03691600263118744,0.6621391177177429,0.5844901204109192
Soft Missing Token,5981,0,0.28307032585144043,0.04499806463718414,0.680924117565155,0.6313996911048889
Soft Missing Token,5984,0,0.2568732500076294,-0.06210256367921829,0.5932115316390991,0.6669626235961914
Soft Missing Token,5985,0,0.2882576584815979,0.1335509568452835,0.6215336322784424,0.6380659341812134
Soft Missing Token,5986,0,0.2162558138370514,-0.026460768654942513,0.579527735710144,0.6950315237045288
Soft Missing Token,5995,0,0.1793869286775589,-0.015323312021791935,0.562430202960968,0.6802917718887329
Soft Missing Token,5997,0,0.3131707012653351,-0.042510680854320526,0.6659370064735413,0.6070845723152161
Soft Missing Token,5998,0,0.32457098364830017,-0.05114973708987236,0.6728652715682983,0.5975251793861389
Soft Missing Token,6000,0,0.18578729033470154,-0.12754474580287933,0.5513913035392761,0.7142574191093445
Soft Missing Token,6008,0,0.1635168492794037,-0.029933296144008636,0.46520015597343445,0.769380509853363
Soft Missing Token,6009,0,0.15212738513946533,-0.00020388048142194748,0.4605046212673187,0.7729182243347168
Soft Missing Token,6012,0,0.20840618014335632,-0.03629904240369797,0.5692242980003357,0.7092457413673401
Soft Missing Token,6020,0,0.2326439917087555,0.03893589973449707,0.6004850268363953,0.6680687069892883
Soft Missing Token,6024,0,0.23745708167552948,-0.05886613577604294,0.6028847694396973,0.674833357334137
Soft Missing Token,6035,0,0.20422200858592987,-0.04459024593234062,0.5758001804351807,0.6928002834320068
Soft Missing Token,6043,0,0.270215779542923,0.14109556376934052,0.6245842576026917,0.6475136280059814
Soft Missing Token,6044,0,0.25627633929252625,0.10910067707300186,0.6194161176681519,0.6500603556632996
Soft Missing Token,6045,0,0.23636209964752197,-0.0834888219833374,0.5994048118591309,0.6723669767379761
Soft Missing Token,6047,0,0.2383115142583847,-0.11419675499200821,0.6126574873924255,0.6508352756500244
Soft Missing Token,6051,0,0.25254949927330017,-0.0900312140583992,0.6500015258789062,0.6465187668800354
Soft Missing Token,6053,0,0.21468566358089447,-0.0348517969250679,0.5626771450042725,0.7040463089942932
Soft Missing Token,6055,0,0.22523470222949982,-0.08390145003795624,0.590739369392395,0.6638729572296143
Soft Missing Token,6057,0,0.21912871301174164,-0.07066148519515991,0.5905613303184509,0.6684896349906921
Soft Missing Token,6058,0,0.11935675144195557,-0.013954771682620049,0.5644592642784119,0.634346067905426
Soft Missing Token,6059,0,0.2965790331363678,0.022386278957128525,0.632169783115387,0.6069809198379517
Soft Missing Token,6064,0,0.22480963170528412,0.10463856905698776,0.598207414150238,0.6709451675415039
Soft Missing Token,6069,0,0.22622264921665192,0.20600472390651703,0.583681583404541,0.6748635768890381
Soft Missing Token,6092,0,0.371082603931427,-0.008031230419874191,0.6946157813072205,0.5594452023506165
Soft Missing Token,6101,0,0.2398626208305359,0.12894636392593384,0.6093278527259827,0.6631165742874146
Soft Missing Token,6125,0,0.2185620665550232,-0.07535245269536972,0.5734400749206543,0.692943811416626
Soft Missing Token,6127,0,0.19399774074554443,0.045802559703588486,0.5719069838523865,0.7181688547134399
Soft Missing Token,6131,0,0.1971186101436615,-0.06556544452905655,0.5697586536407471,0.6910921335220337
Soft Missing Token,6136,0,0.2233372926712036,-0.0721680223941803,0.6312408447265625,0.679524302482605
Soft Missing Token,6139,0,0.26401033997535706,0.2120140790939331,0.6193304657936096,0.6457921266555786
Soft Missing Token,6142,0,0.19174399971961975,-0.14485083520412445,0.5678985714912415,0.6888757348060608
Soft Missing Token,6145,0,0.2538926899433136,0.05509210005402565,0.6154466867446899,0.6616119742393494
Soft Missing Token,6149,0,0.2580859661102295,0.120203897356987,0.6177858114242554,0.667356550693512
Soft Missing Token,6155,0,0.30565503239631653,0.0848553255200386,0.6641905307769775,0.6079283356666565
Soft Missing Token,6169,0,0.2677416205406189,-0.13376149535179138,0.632664144039154,0.6351469159126282
Soft Missing Token,6172,0,0.21995967626571655,-0.0073341927491128445,0.5893073081970215,0.6374896168708801
Soft Missing Token,6174,0,0.23207522928714752,0.2161920815706253,0.5833874940872192,0.673982560634613
Soft Missing Token,6182,0,0.23229041695594788,-0.13555237650871277,0.59892737865448,0.6812471747398376
Soft Missing Token,6195,0,0.23434989154338837,-0.00729773472994566,0.6197236776351929,0.6643588542938232
Soft Missing Token,6199,0,0.24454373121261597,0.12038033455610275,0.5897432565689087,0.661967933177948
Soft Missing Token,6201,0,0.23007048666477203,0.1892276257276535,0.5795725584030151,0.6694399118423462
Soft Missing Token,6218,0,0.24556106328964233,0.06798078864812851,0.6058148145675659,0.6638491749763489
Soft Missing Token,6227,0,0.23294784128665924,-0.04287927225232124,0.5969868898391724,0.6825108528137207
Soft Missing Token,6238,0,0.19525262713432312,-0.018009932711720467,0.5492414832115173,0.7177689671516418
Soft Missing Token,6253,0,0.1577063351869583,-0.13827015459537506,0.5298148989677429,0.7342421412467957
Soft Missing Token,6269,0,0.2214881330728531,-0.0038618678227066994,0.5835363268852234,0.6858489513397217
Soft Missing Token,6286,0,0.16802020370960236,-0.12359439581632614,0.5786307454109192,0.5176770091056824
Soft Missing Token,6301,0,0.21902431547641754,-0.031448040157556534,0.5535935759544373,0.6999775767326355
Soft Missing Token,6304,0,0.27857550978660583,0.07653282582759857,0.638094961643219,0.6292709708213806
Soft Missing Token,6322,0,0.26869767904281616,0.057610366493463516,0.6390824913978577,0.6331793069839478
Soft Missing Token,6333,0,0.21724408864974976,-0.12235285341739655,0.6096327900886536,0.6745472550392151
Soft Missing Token,6341,0,0.26803135871887207,0.22490373253822327,0.6199647784233093,0.6489614248275757
Soft Missing Token,6347,0,0.1719730794429779,-0.01691744104027748,0.5760195851325989,0.6417434215545654
Soft Missing Token,6354,0,0.2487521469593048,-0.046925436705350876,0.6001900434494019,0.6532825231552124
Soft Missing Token,6360,0,0.2031966596841812,-0.025022534653544426,0.5623752474784851,0.666749119758606
Soft Missing Token,6361,0,0.21305841207504272,-0.03949829936027527,0.5559773445129395,0.6578891277313232
Soft Missing Token,6366,0,0.23061484098434448,-0.0713043361902237,0.6011216044425964,0.6613042950630188
Soft Missing Token,6369,0,0.20189446210861206,-0.03216258063912392,0.5258566737174988,0.7209160923957825
Soft Missing Token,6372,0,0.20825143158435822,0.005711468867957592,0.6518740057945251,0.44080179929733276
Soft Missing Token,6381,0,0.25030526518821716,0.11706071346998215,0.6033748984336853,0.6599676012992859
Soft Missing Token,6398,0,0.22875940799713135,0.09457704424858093,0.5611478686332703,0.6821643710136414
Soft Missing Token,6403,0,0.22273056209087372,-0.11808045953512192,0.6091288924217224,0.6614612340927124
Soft Missing Token,6410,0,0.2432214915752411,0.03317352011799812,0.6322538256645203,0.6624146699905396
Soft Missing Token,6431,0,0.21257284283638,-0.08585918694734573,0.575385332107544,0.7033098936080933
Soft Missing Token,6452,0,0.24012351036071777,-0.07909681648015976,0.6500719785690308,0.6547026634216309
Soft Missing Token,6456,0,0.22639012336730957,0.02021079510450363,0.598926305770874,0.6894800662994385
Soft Missing Token,6457,0,0.23784177005290985,-0.12718646228313446,0.5792493224143982,0.6489511132240295
Soft Missing Token,6466,0,0.3193954825401306,0.046045202761888504,0.6813626885414124,0.5941163897514343
Soft Missing Token,6468,0,0.2454998791217804,0.12906089425086975,0.5784344673156738,0.6668267250061035
Soft Missing Token,6471,0,0.23269063234329224,-0.0447014719247818,0.6340532302856445,0.6612402200698853
Soft Missing Token,6473,0,0.23437538743019104,0.21650047600269318,0.5870659947395325,0.6723403930664062
Soft Missing Token,6479,0,0.37530797719955444,-0.047707486897706985,0.7052279114723206,0.5566063523292542
Soft Missing Token,6483,0,0.2904126048088074,0.0544004887342453,0.648118793964386,0.6245855689048767
Soft Missing Token,6496,0,0.24270541965961456,-0.006983832456171513,0.5832153558731079,0.6459147334098816
Soft Missing Token,6501,0,0.28270065784454346,0.13347996771335602,0.6372436881065369,0.646660327911377
Soft Missing Token,6502,0,0.23106226325035095,-0.07153575122356415,0.5755440592765808,0.6774951219558716
Soft Missing Token,6516,0,0.23377053439617157,0.08031691610813141,0.5925922393798828,0.6688228845596313
Soft Missing Token,6522,0,0.26370492577552795,0.13734641671180725,0.6031724810600281,0.6633625030517578
Soft Missing Token,6538,0,0.2482185959815979,0.06907497346401215,0.6152622699737549,0.6327335238456726
Soft Missing Token,6544,0,0.2186732441186905,0.160282164812088,0.5695393681526184,0.6929660439491272
Soft Missing Token,6549,0,0.24668532609939575,-0.09472816437482834,0.6189492344856262,0.6656923294067383
Soft Missing Token,6553,0,0.268343061208725,-0.08489763736724854,0.6478641033172607,0.6428998708724976
Soft Missing Token,6560,0,0.2523861825466156,-0.028935806825757027,0.6055743098258972,0.6255333423614502
Soft Missing Token,6562,0,0.35288670659065247,-0.014352072961628437,0.6817986369132996,0.5630611181259155
Soft Missing Token,6581,0,0.27475622296333313,-0.02336454577744007,0.651338517665863,0.6280484199523926
Soft Missing Token,6587,0,0.28271883726119995,0.10377966612577438,0.6283890008926392,0.6311678886413574
Soft Missing Token,6593,0,0.21751156449317932,-0.144358828663826,0.5769981741905212,0.6763246655464172
Soft Missing Token,6596,0,0.23645387589931488,-0.07712046056985855,0.6256977915763855,0.6526493430137634
Soft Missing Token,6602,0,0.25324779748916626,0.05971042811870575,0.6102345585823059,0.6569847464561462
Soft Missing Token,6606,0,0.3631684184074402,-0.05297219753265381,0.6951274871826172,0.5675696134567261
Soft Missing Token,6609,0,0.3625248670578003,0.029660461470484734,0.6923009157180786,0.555180013179779
Soft Missing Token,6610,0,0.2355976104736328,-0.08743564784526825,0.5929993987083435,0.655646026134491
Soft Missing Token,6612,0,0.24262920022010803,0.16780979931354523,0.5780351161956787,0.670124351978302
Soft Missing Token,6618,0,0.24640612304210663,-0.05931846424937248,0.5913330912590027,0.6622298955917358
Soft Missing Token,6623,0,0.22224298119544983,-0.13543960452079773,0.6008734703063965,0.6770673394203186
Soft Missing Token,6624,0,0.2700008153915405,0.05147663503885269,0.6546943187713623,0.6407250761985779
Soft Missing Token,6625,0,0.2475755512714386,0.01701437495648861,0.6296674609184265,0.6669185161590576
Soft Missing Token,6660,0,0.25375595688819885,0.14747147262096405,0.6469516754150391,0.6345358490943909
Soft Missing Token,6672,0,0.3184795081615448,-0.10766436159610748,0.6797486543655396,0.5906350016593933
Soft Missing Token,6673,0,0.301564484834671,-0.022661427035927773,0.6817711591720581,0.6072512865066528
Soft Missing Token,6684,0,0.24907110631465912,0.018431102856993675,0.659290611743927,0.6725140810012817
Soft Missing Token,6686,0,0.3038647770881653,-0.1701509952545166,0.6612948775291443,0.6007278561592102
Soft Missing Token,6688,0,0.2145358920097351,-0.058960579335689545,0.5809696316719055,0.6989185810089111
Soft Missing Token,6690,0,0.18976305425167084,-0.01912287250161171,0.6098278760910034,0.66634601354599
Soft Missing Token,6695,0,0.2444983422756195,0.18161436915397644,0.5893905162811279,0.6632183790206909
Soft Missing Token,6709,0,0.39003512263298035,-0.03672338277101517,0.7104767560958862,0.5493443608283997
Soft Missing Token,6714,0,0.22262920439243317,-0.08627051115036011,0.6183261871337891,0.6755631566047668
Soft Missing Token,6725,0,0.26549339294433594,0.13703195750713348,0.6420763731002808,0.6222385168075562
Soft Missing Token,6729,0,0.250445693731308,0.001988503849133849,0.6378087401390076,0.6542534232139587
Soft Missing Token,6730,0,0.2506328225135803,-0.11278926581144333,0.6195156574249268,0.6504642963409424
Soft Missing Token,6742,0,0.23396575450897217,0.021146221086382866,0.5987892746925354,0.6643988490104675
Soft Missing Token,6747,0,0.22586055099964142,-0.06420067697763443,0.6258569955825806,0.7014146447181702
Soft Missing Token,6748,0,0.2644094228744507,-0.030042244121432304,0.60085129737854,0.62772136926651
Soft Missing Token,6749,0,0.2355184704065323,0.01474553532898426,0.6112330555915833,0.6423604488372803
Soft Missing Token,6752,0,0.2412242591381073,0.04875616729259491,0.601658284664154,0.6763536930084229
Soft Missing Token,6762,0,0.3667770028114319,-0.07492783665657043,0.7106378078460693,0.5537916421890259
Soft Missing Token,6781,0,0.22573819756507874,-0.010256094858050346,0.607405424118042,0.6727828979492188
Soft Missing Token,6787,0,0.24172690510749817,0.011924661695957184,0.6153151988983154,0.6644183397293091
Soft Missing Token,6803,0,0.21255020797252655,-0.0530434213578701,0.6240290999412537,0.6903021335601807
Soft Missing Token,6804,0,0.2039024531841278,-0.0359625481069088,0.584544837474823,0.6943332552909851
Soft Missing Token,6806,0,0.24823525547981262,0.01938324049115181,0.6504798531532288,0.6733419299125671
Soft Missing Token,6818,0,0.23537617921829224,0.17253278195858002,0.5887916684150696,0.6724971532821655
Soft Missing Token,6819,0,0.373685359954834,-0.07824499160051346,0.7140097618103027,0.5595400333404541
Soft Missing Token,6821,0,0.17065653204917908,-0.057654332369565964,0.5713507533073425,0.7209274768829346
Soft Missing Token,6833,0,0.22831562161445618,0.12682542204856873,0.5739285349845886,0.69306480884552
Soft Missing Token,6854,0,0.24681273102760315,0.12151945382356644,0.5898566246032715,0.6633151769638062
Soft Missing Token,6857,0,0.22603170573711395,0.17119768261909485,0.5951015949249268,0.6599190831184387
Soft Missing Token,6864,0,0.23698538541793823,-0.03947734832763672,0.5963994860649109,0.6557409763336182
Soft Missing Token,6882,0,0.22380344569683075,-0.08205430954694748,0.584439754486084,0.6929340958595276
Soft Missing Token,6888,0,0.3834632933139801,0.010697174817323685,0.7212635278701782,0.5487914085388184
Soft Missing Token,6906,0,0.22010529041290283,-0.07171756029129028,0.6065986752510071,0.45784762501716614
Soft Missing Token,6911,0,0.2414696365594864,-0.10322696715593338,0.6126944422721863,0.678733229637146
Soft Missing Token,6922,0,0.24308300018310547,0.1304716318845749,0.5745143294334412,0.6727333664894104
Soft Missing Token,6932,0,0.207963228225708,-0.05856263265013695,0.565833568572998,0.6966397762298584
Soft Missing Token,6933,0,0.28269529342651367,-0.12629586458206177,0.6719679832458496,0.6228455305099487
Soft Missing Token,6937,0,0.24383993446826935,-0.0517197847366333,0.6404029130935669,0.6672413945198059
Soft Missing Token,6955,0,0.2660333812236786,-0.04562682658433914,0.6248458623886108,0.6387651562690735
Soft Missing Token,6957,0,0.2790214419364929,0.15667761862277985,0.6367390751838684,0.6316598057746887
Soft Missing Token,6985,0,0.24540498852729797,0.2100955694913864,0.6123641133308411,0.6530603170394897
Soft Missing Token,6988,0,0.21332859992980957,0.006668285001069307,0.6183960437774658,0.6792676448822021
Soft Missing Token,6992,0,0.17877790331840515,-0.05009238421916962,0.5248848795890808,0.7182536125183105
Soft Missing Token,7001,0,0.2163279950618744,0.0008243164047598839,0.5888543128967285,0.6723780632019043
Soft Missing Token,7002,0,0.20985957980155945,-0.08817563205957413,0.5721026659011841,0.7116848230361938
Soft Missing Token,7013,0,0.23802021145820618,-0.0378003753721714,0.612767219543457,0.6689021587371826
Soft Missing Token,7022,0,0.2125522792339325,-0.0051826187409460545,0.5970844626426697,0.6733856797218323
Soft Missing Token,7035,0,0.19089695811271667,-0.04304339736700058,0.5402371883392334,0.6896396279335022
Soft Missing Token,7037,0,0.24045053124427795,0.05766725912690163,0.606712281703949,0.673213005065918
Soft Missing Token,7039,0,0.1759014129638672,-0.025025080889463425,0.533324122428894,0.6893681287765503
Soft Missing Token,7041,0,0.2378067970275879,-0.06501233577728271,0.588363766670227,0.6554498672485352
Soft Missing Token,7045,0,0.22854667901992798,0.004202737472951412,0.6109890937805176,0.6238224506378174
Soft Missing Token,7054,0,0.21619802713394165,0.010724153369665146,0.5883451104164124,0.6727199554443359
Soft Missing Token,7057,0,0.19237372279167175,-0.07454865425825119,0.5500598549842834,0.7136949896812439
Soft Missing Token,7058,0,0.2092260718345642,0.01802849769592285,0.5640195608139038,0.6815642714500427
Soft Missing Token,7059,0,0.25006160140037537,0.23592425882816315,0.6111124157905579,0.6588161587715149
Soft Missing Token,7062,0,0.27415648102760315,-0.06125190854072571,0.6348769664764404,0.6214169263839722
Soft Missing Token,7063,0,0.25072428584098816,0.08805115520954132,0.6237366795539856,0.6395285725593567
Soft Missing Token,7072,0,0.20606729388237,-0.12628020346164703,0.5806145071983337,0.703990638256073
Soft Missing Token,7080,0,0.3052055835723877,0.10304446518421173,0.6691875457763672,0.6086465716362
Soft Missing Token,7086,0,0.2676931619644165,0.049835871905088425,0.6267350912094116,0.6231744289398193
Soft Missing Token,7090,0,0.24065865576267242,0.1584504097700119,0.5950822234153748,0.677283525466919
Soft Missing Token,7103,0,0.317054808139801,-0.08243630081415176,0.673581600189209,0.5825110077857971
Soft Missing Token,7104,0,0.31048035621643066,0.008679881691932678,0.6411410570144653,0.5884531736373901
Soft Missing Token,7106,0,0.18055611848831177,-0.04897750914096832,0.5545335412025452,0.7270223498344421
Soft Missing Token,7116,0,0.26578158140182495,-0.08359609544277191,0.652678370475769,0.6210247278213501
Soft Missing Token,7122,0,0.23624800145626068,-0.07197661697864532,0.6079217791557312,0.6505314707756042
Soft Missing Token,7129,0,0.34576931595802307,0.006986945401877165,0.6814740300178528,0.5702633857727051
Soft Missing Token,7134,0,0.29339975118637085,-0.003465491347014904,0.6718669533729553,0.6234750151634216
Soft Missing Token,7136,0,0.22619439661502838,0.16228453814983368,0.6076016426086426,0.6786999702453613
Soft Missing Token,7143,0,0.20317304134368896,-0.03651886433362961,0.5792750716209412,0.7148573398590088
Soft Missing Token,7150,0,0.36938706040382385,-0.06477329134941101,0.6960254311561584,0.5550657510757446
Soft Missing Token,7151,0,0.37373489141464233,0.020049115642905235,0.7067004442214966,0.5500913858413696
Soft Missing Token,7155,0,0.3491258919239044,-0.07175296545028687,0.7348693013191223,0.5794780850410461
Soft Missing Token,7170,0,0.21920588612556458,0.13866642117500305,0.5570397973060608,0.6867403388023376
Soft Missing Token,7172,0,0.18601173162460327,0.10697264224290848,0.6034609079360962,0.49932387471199036
Soft Missing Token,7174,0,0.2373696267604828,0.0946575477719307,0.5938352346420288,0.6741767525672913
Soft Missing Token,7188,0,0.20948857069015503,-0.05749312415719032,0.5948652029037476,0.6765023469924927
Soft Missing Token,7195,0,0.24855215847492218,0.06439778208732605,0.6284946203231812,0.6477978229522705
Soft Missing Token,7203,0,0.25407594442367554,0.14600978791713715,0.62708979845047,0.6349602341651917
Soft Missing Token,7215,0,0.19472217559814453,-0.1391555368900299,0.5397555828094482,0.6974667906761169
Soft Missing Token,7218,0,0.2296460121870041,0.19027137756347656,0.5917564034461975,0.5079726576805115
Soft Missing Token,7241,0,0.20407234132289886,-0.07499545812606812,0.5695646405220032,0.6700341105461121
Soft Missing Token,7250,0,0.20882955193519592,0.048847731202840805,0.5990567207336426,0.710890531539917
Soft Missing Token,7269,0,0.2842349410057068,0.06353767216205597,0.6496824026107788,0.62826007604599
Soft Missing Token,7285,0,0.17124927043914795,-0.145074725151062,0.5783354640007019,0.7056899070739746
Soft Missing Token,7286,0,0.2120848298072815,-0.09182131290435791,0.578221321105957,0.6643894910812378
Soft Missing Token,7292,0,0.2647596299648285,-0.04298881068825722,0.6265287399291992,0.6629076600074768
Soft Missing Token,7295,0,0.20048703253269196,-0.1216302290558815,0.5945107936859131,0.6909686326980591
Soft Missing Token,7301,0,0.2287788838148117,-0.008814789354801178,0.5806294679641724,0.687483012676239
Soft Missing Token,7302,0,0.24086099863052368,-0.13448087871074677,0.6301043033599854,0.650765061378479
Soft Missing Token,7305,0,0.19022101163864136,-0.11933328211307526,0.570597231388092,0.7092875242233276
Soft Missing Token,7306,0,0.32918381690979004,-0.04128976911306381,0.6874314546585083,0.5906571745872498
Soft Missing Token,7325,0,0.4220966100692749,-0.029470860958099365,0.7319161295890808,0.5401175022125244
Soft Missing Token,7326,0,0.24364888668060303,-0.12277078628540039,0.6319197416305542,0.6536765694618225
Soft Missing Token,7328,0,0.23556110262870789,-0.10832375288009644,0.6222882270812988,0.6592128872871399
Soft Missing Token,7329,0,0.28644859790802,0.08660335838794708,0.6634668707847595,0.6366944313049316
Soft Missing Token,7331,0,0.37185993790626526,0.003790167160332203,0.7018609046936035,0.5557727217674255
Soft Missing Token,7351,0,0.21685540676116943,-0.1068572923541069,0.6059211492538452,0.6729551553726196
Soft Missing Token,7352,0,0.2205251157283783,0.04398968815803528,0.5993655920028687,0.6694417595863342
Soft Missing Token,7372,0,0.2318965494632721,0.11787751317024231,0.6105371117591858,0.6581929326057434
Soft Missing Token,7384,0,0.22299076616764069,0.02817944996058941,0.6038094162940979,0.6852166056632996
Soft Missing Token,7396,0,0.29399195313453674,-0.16008418798446655,0.6745237708091736,0.6171831488609314
Soft Missing Token,7399,0,0.29048478603363037,-0.09457911550998688,0.6778259873390198,0.6240407824516296
Soft Missing Token,7410,0,0.24742572009563446,0.16474631428718567,0.6435415148735046,0.6639118790626526
Soft Missing Token,7422,0,0.22092346847057343,0.09382252395153046,0.5874664187431335,0.6874551773071289
Soft Missing Token,7424,0,0.22449034452438354,-0.0007104729302227497,0.593784749507904,0.672494113445282
Soft Missing Token,7426,0,0.2641911506652832,0.06209005042910576,0.6382384896278381,0.6386286020278931
Soft Missing Token,7430,0,0.23034772276878357,-0.11658485233783722,0.6381269097328186,0.663199245929718
Soft Missing Token,7432,0,0.21724139153957367,-0.1011127233505249,0.5752956867218018,0.679599404335022
Soft Missing Token,7439,0,0.2662593126296997,-0.04521503299474716,0.637549877166748,0.6334672570228577
Soft Missing Token,7445,0,0.1875259429216385,-0.08056018501520157,0.5641727447509766,0.6919308304786682
Soft Missing Token,7449,0,0.23928967118263245,0.19681647419929504,0.6224181056022644,0.6623576283454895
Soft Missing Token,7453,0,0.22794309258460999,0.20603591203689575,0.5724714994430542,0.6873898506164551
Soft Missing Token,7470,0,0.22357939183712006,0.16925862431526184,0.5910460352897644,0.6780232787132263
Soft Missing Token,7502,0,0.14292289316654205,-0.008796753361821175,0.46964606642723083,0.7328103184700012
Soft Missing Token,7504,0,0.27124637365341187,0.08933231234550476,0.6081812381744385,0.6467782855033875
Soft Missing Token,7517,0,0.2337694764137268,-0.12119393795728683,0.5934137105941772,0.6555585861206055
Soft Missing Token,7542,0,0.19250139594078064,-0.05857158824801445,0.5675949454307556,0.7286971807479858
Soft Missing Token,7546,0,0.2008478343486786,0.070345439016819,0.554031252861023,0.7164342403411865
Soft Missing Token,7549,0,0.27736884355545044,-0.0545625165104866,0.6707898378372192,0.6223787665367126
Soft Missing Token,7552,0,0.2341737300157547,0.14490844309329987,0.6002514362335205,0.6494032144546509
Soft Missing Token,7553,0,0.3302735686302185,-0.06749401986598969,0.6935542821884155,0.592516303062439
Soft Missing Token,7560,0,0.23078207671642303,0.055475249886512756,0.5770019292831421,0.6687416434288025
Soft Missing Token,7562,0,0.22408942878246307,-0.007975582964718342,0.6208887100219727,0.6742426156997681
Soft Missing Token,7571,0,0.36001160740852356,-0.0011135127861052752,0.6878886222839355,0.5562692284584045
Soft Missing Token,7585,0,0.26606127619743347,0.05916091427206993,0.6325538754463196,0.6406094431877136
Soft Missing Token,7591,0,0.2670256197452545,0.03768022730946541,0.6359999179840088,0.6403636336326599
Soft Missing Token,7592,0,0.256107360124588,0.09007436037063599,0.6261667013168335,0.6584999561309814
Soft Missing Token,7593,0,0.24758051335811615,0.11213751882314682,0.6033512949943542,0.6693445444107056
Soft Missing Token,7594,0,0.2523883581161499,-0.02622511237859726,0.6347439289093018,0.6429007053375244
Soft Missing Token,7595,0,0.2854163348674774,0.09245901554822922,0.6429086923599243,0.6268999576568604
Soft Missing Token,7606,0,0.2663935720920563,-0.08890948444604874,0.6399320960044861,0.6507917046546936
Soft Missing Token,7620,0,0.24330061674118042,0.20389293134212494,0.6126823425292969,0.6502614617347717
Soft Missing Token,7623,0,0.24322211742401123,-0.04424501955509186,0.6328532099723816,0.6511093974113464
Soft Missing Token,7624,0,0.2419760525226593,-0.042388953268527985,0.6057517528533936,0.6696829199790955
Soft Missing Token,7633,0,0.2746109068393707,0.0007269829511642456,0.6407492160797119,0.6509918570518494
Soft Missing Token,7660,0,0.24811992049217224,0.19311456382274628,0.5924773812294006,0.6601645350456238
Soft Missing Token,7670,0,0.29370322823524475,-0.10551921278238297,0.6452593207359314,0.6150502562522888
Soft Missing Token,7672,0,0.24413146078586578,-0.009952113032341003,0.6140037775039673,0.668023407459259
Soft Missing Token,7676,0,0.2234497219324112,0.023511100560426712,0.5843040347099304,0.6958678960800171
Soft Missing Token,7682,0,0.13367104530334473,-0.05046764388680458,0.5596291422843933,0.6029188632965088
Soft Missing Token,7705,0,0.2576461434364319,-0.041564807295799255,0.6713053584098816,0.6363465189933777
Soft Missing Token,7712,0,0.24276581406593323,-0.07883307337760925,0.6073172688484192,0.6813251376152039
Soft Missing Token,7723,0,0.21892774105072021,-0.14519467949867249,0.5769864916801453,0.6705355048179626
Soft Missing Token,7730,0,0.1323828399181366,0.00443554250523448,0.4865387976169586,0.6911215782165527
Soft Missing Token,7733,0,0.21128875017166138,0.09369751811027527,0.5911721587181091,0.7002199292182922
Soft Missing Token,7740,0,0.21849574148654938,-0.056215930730104446,0.6222301721572876,0.6839544773101807
Soft Missing Token,7744,0,0.24448508024215698,0.1915135681629181,0.5949572324752808,0.6603970527648926
Soft Missing Token,7745,0,0.21489886939525604,-0.10759121924638748,0.5850851535797119,0.6879374980926514
Soft Missing Token,7756,0,0.2339874804019928,0.13425564765930176,0.5895712971687317,0.6787520051002502
Soft Missing Token,7769,0,0.211646169424057,0.022519301623106003,0.5922384858131409,0.6866858005523682
Soft Missing Token,7775,0,0.31068143248558044,-0.04192113131284714,0.6660305857658386,0.6042062044143677
Soft Missing Token,7785,0,0.23566752672195435,-0.1260835975408554,0.6151512861251831,0.6756808161735535
Soft Missing Token,7788,0,0.22447720170021057,-0.04330418258905411,0.586556077003479,0.6712746024131775
Soft Missing Token,7806,0,0.1107417494058609,-0.09050367027521133,0.537049412727356,0.6218242645263672
Soft Missing Token,7809,0,0.230723038315773,0.16848397254943848,0.5726268887519836,0.6688830256462097
Soft Missing Token,7812,0,0.1721615344285965,-0.04873628169298172,0.5299355983734131,0.7205397486686707
Soft Missing Token,7827,0,0.22393180429935455,-0.13490378856658936,0.5745123028755188,0.6772200465202332
Soft Missing Token,7830,0,0.20143215358257294,-0.034633636474609375,0.5389443039894104,0.7006505727767944
Soft Missing Token,7847,0,0.170756995677948,-0.029051359742879868,0.5212604999542236,0.6983253955841064
Soft Missing Token,7854,0,0.26324236392974854,0.14104025065898895,0.6222665905952454,0.6264618039131165
Soft Missing Token,7865,0,0.25524747371673584,-0.08329035341739655,0.6102321147918701,0.641796886920929
Soft Missing Token,7869,0,0.3401440978050232,-0.01493009552359581,0.6712287664413452,0.5679938197135925
Soft Missing Token,7873,0,0.3126934766769409,-0.04359675571322441,0.6677724123001099,0.602702260017395
Soft Missing Token,7874,0,0.2790508270263672,0.06914179772138596,0.6723541021347046,0.6205145120620728
Soft Missing Token,7879,0,0.3096316158771515,-0.07138556987047195,0.6830137372016907,0.6109104156494141
Soft Missing Token,7881,0,0.34681183099746704,-0.031421709805727005,0.6796919107437134,0.5726302862167358
Soft Missing Token,7903,0,0.22545048594474792,-0.0737835243344307,0.5782094597816467,0.6881030797958374
Soft Missing Token,7912,0,0.22506384551525116,-0.1410895735025406,0.5994381904602051,0.6655335426330566
Soft Missing Token,7917,0,0.23043818771839142,0.10029097646474838,0.6066093444824219,0.6566349864006042
Soft Missing Token,7922,0,0.2791796624660492,-0.010708156041800976,0.6440871357917786,0.6189115643501282
Soft Missing Token,7928,0,0.2771269977092743,-0.11036694049835205,0.6468496918678284,0.6265090703964233
Soft Missing Token,7945,0,0.197878897190094,-0.06658031791448593,0.5775100588798523,0.700485110282898
Soft Missing Token,7950,0,0.24150300025939941,-0.04074069857597351,0.605084240436554,0.6654557585716248
Soft Missing Token,7953,0,0.21763047575950623,0.00843640137463808,0.5875918865203857,0.6867271065711975
Soft Missing Token,7954,0,0.25767767429351807,-0.12534978985786438,0.6289507746696472,0.6327692270278931
Soft Missing Token,7965,0,0.21839244663715363,-0.038844868540763855,0.5737925171852112,0.6711479425430298
Soft Missing Token,7966,0,0.2543641924858093,-0.08232992887496948,0.6159311532974243,0.6507467031478882
Soft Missing Token,7972,0,0.24903295934200287,0.10040420293807983,0.5973563194274902,0.6589844226837158
Soft Missing Token,7986,0,0.2637932002544403,-0.20046870410442352,0.6647348999977112,0.6349561214447021
Soft Missing Token,7991,0,0.22758755087852478,-0.03738494962453842,0.6307509541511536,0.661016583442688
Soft Missing Token,8007,0,0.22003543376922607,0.0016707326285541058,0.6117111444473267,0.6615579724311829
Soft Missing Token,8012,0,0.2500430941581726,-0.03892941027879715,0.6291707158088684,0.6524097919464111
Soft Missing Token,8018,0,0.22344549000263214,0.13035067915916443,0.6239314079284668,0.6871562600135803
Soft Missing Token,8019,0,0.22541528940200806,-0.0722828283905983,0.5712107419967651,0.6930556893348694
Soft Missing Token,8032,0,0.24597594141960144,0.084544837474823,0.6116765141487122,0.6382378339767456
Soft Missing Token,8037,0,0.24986714124679565,-0.0765889510512352,0.652660608291626,0.6534807085990906
Soft Missing Token,8041,0,0.21384857594966888,0.03206560015678406,0.5708993673324585,0.6878537535667419
Soft Missing Token,8047,0,0.2528712749481201,-0.06154821813106537,0.6404488682746887,0.6472326517105103
Soft Missing Token,8050,0,0.35949283838272095,0.03251546248793602,0.697620689868927,0.5592694878578186
Soft Missing Token,8065,0,0.24656139314174652,-0.024643130600452423,0.6086908578872681,0.6618829369544983
Soft Missing Token,8072,0,0.24526435136795044,0.08109807968139648,0.5913851261138916,0.6647560000419617
Soft Missing Token,8096,0,0.2355210781097412,-0.03677889704704285,0.5928475260734558,0.6547253131866455
Soft Missing Token,8097,0,0.3075907528400421,-0.13009724020957947,0.6879751086235046,0.5902793407440186
Soft Missing Token,8103,0,0.23267027735710144,0.038863107562065125,0.6049611568450928,0.6568028926849365
Soft Missing Token,8105,0,0.2668269872665405,0.07613687962293625,0.6340412497520447,0.6373372673988342
Soft Missing Token,8109,0,0.2602807581424713,0.0002116011455655098,0.6577666997909546,0.6240934729576111
Soft Missing Token,8116,0,0.237427219748497,-0.02002803422510624,0.5929914116859436,0.6381918787956238
Soft Missing Token,8125,0,0.2559715807437897,0.034198567271232605,0.6199012398719788,0.6475654244422913
Soft Missing Token,8154,0,0.23117384314537048,0.0033141900785267353,0.5975317358970642,0.6750364303588867
Soft Missing Token,8174,0,0.21694070100784302,-0.048183880746364594,0.5492970943450928,0.7093074917793274
Soft Missing Token,8180,0,0.23481139540672302,0.010520339012145996,0.6181639432907104,0.6772364377975464
Soft Missing Token,8198,0,0.27389734983444214,0.02389351837337017,0.6378905177116394,0.629479706287384
Soft Missing Token,8203,0,0.2311791181564331,-0.05909568816423416,0.6449597477912903,0.6621249914169312
Soft Missing Token,8205,0,0.23832233250141144,0.09471137821674347,0.59876549243927,0.6534509062767029
Soft Missing Token,8207,0,0.19063368439674377,-0.1841755211353302,0.5631391406059265,0.6903030872344971
Soft Missing Token,8215,0,0.24591808021068573,0.09646371006965637,0.6028972864151001,0.6454179883003235
Soft Missing Token,8217,0,0.23665925860404968,0.03536931425333023,0.6084575653076172,0.6614857316017151
Soft Missing Token,8236,0,0.22325704991817474,-0.06270258873701096,0.5949981808662415,0.6800616383552551
Soft Missing Token,8238,0,0.28806063532829285,-0.08739858120679855,0.6508146524429321,0.6291342973709106
Soft Missing Token,8244,0,0.26896440982818604,-0.09720762073993683,0.6357523202896118,0.6172585487365723
Soft Missing Token,8248,0,0.15780557692050934,-0.013582104817032814,0.5280386209487915,0.676699697971344
Soft Missing Token,8262,0,0.2349843978881836,0.16580414772033691,0.6196556091308594,0.6584885716438293
Soft Missing Token,8263,0,0.2816391587257385,-0.08778462558984756,0.6539799571037292,0.622209370136261
Soft Missing Token,8266,0,0.23760007321834564,-0.08424176275730133,0.58716881275177,0.6729421019554138
Soft Missing Token,8268,0,0.2438168078660965,-0.06711947917938232,0.6143555641174316,0.6654778718948364
Soft Missing Token,8269,0,0.2548447251319885,-0.006957393139600754,0.5681174993515015,0.6575950384140015
Soft Missing Token,8283,0,0.23427747189998627,0.18333664536476135,0.604955792427063,0.6587076783180237
Soft Missing Token,8285,0,0.2629951238632202,0.1131124198436737,0.6320846080780029,0.6570904850959778
Soft Missing Token,8289,0,0.24208113551139832,-0.009302429854869843,0.620036780834198,0.6612548828125
Soft Missing Token,8291,0,0.2530325651168823,-0.020352385938167572,0.6320592164993286,0.6513744592666626
Soft Missing Token,8298,0,0.188990980386734,0.0019002314656972885,0.5405434370040894,0.7694100141525269
Soft Missing Token,8305,0,0.2405889332294464,0.03134145587682724,0.6425783038139343,0.652266800403595
Soft Missing Token,8314,0,0.21413394808769226,0.2089381217956543,0.5850510001182556,0.6807799935340881
Soft Missing Token,8322,0,0.2120610773563385,-0.06774522364139557,0.5573098659515381,0.7131149768829346
Soft Missing Token,8328,0,0.20389345288276672,-0.07702547311782837,0.5330108404159546,0.7094401121139526
Soft Missing Token,8335,0,0.2368789166212082,-0.060567352920770645,0.5803661346435547,0.6698799729347229
Soft Missing Token,8341,0,0.24988681077957153,0.11987940967082977,0.5954528450965881,0.6697099208831787
Soft Missing Token,8347,0,0.24304398894309998,-0.13699550926685333,0.6222245097160339,0.6496233940124512
Soft Missing Token,8352,0,0.23037347197532654,0.20564427971839905,0.5765420794487,0.6755928993225098
Soft Missing Token,8360,0,0.27251312136650085,-0.001896444708108902,0.6146419048309326,0.6296509504318237
Soft Missing Token,8362,0,0.23676948249340057,0.027876123785972595,0.604812502861023,0.6739267110824585
Soft Missing Token,8363,0,0.22157634794712067,-0.003970559686422348,0.6033600568771362,0.7081852555274963
Soft Missing Token,8395,0,0.2438521385192871,0.017653625458478928,0.6245941519737244,0.6516085267066956
Soft Missing Token,8397,0,0.24856941401958466,0.09990786761045456,0.5957635641098022,0.6637998819351196
Soft Missing Token,8402,0,0.2313978523015976,0.13462117314338684,0.6097092628479004,0.6716952919960022
Soft Missing Token,8407,0,0.2326720654964447,0.028046242892742157,0.5991567373275757,0.6657755970954895
Soft Missing Token,8415,0,0.2588212788105011,0.18324510753154755,0.6227883100509644,0.6353855133056641
Soft Missing Token,8419,0,0.2710378170013428,0.032089654356241226,0.6348332762718201,0.6370032429695129
Soft Missing Token,8427,0,0.2229306548833847,-0.11951269209384918,0.5790248513221741,0.6913395524024963
Soft Missing Token,8429,0,0.3792593777179718,-0.05109988898038864,0.7095550298690796,0.5630742311477661
Soft Missing Token,8431,0,0.2587824761867523,0.1246124878525734,0.628270149230957,0.6324989795684814
Soft Missing Token,8432,0,0.21979771554470062,-0.06451054662466049,0.5914568305015564,0.6606432199478149
Soft Missing Token,8442,0,0.24026817083358765,0.022465895861387253,0.6227573752403259,0.6683031320571899
Soft Missing Token,8461,0,0.24124819040298462,-0.035298243165016174,0.6081241369247437,0.6555066704750061
Soft Missing Token,8463,0,0.22776959836483002,-0.0782228633761406,0.6060733795166016,0.6672048568725586
Soft Missing Token,8468,0,0.23809267580509186,0.16375446319580078,0.6048497557640076,0.6583182215690613
Soft Missing Token,8473,0,0.23725779354572296,0.16337324678897858,0.5785604119300842,0.6680957078933716
Soft Missing Token,8476,0,0.20663326978683472,0.1308351457118988,0.589474618434906,0.6939597725868225
Soft Missing Token,8490,0,0.2075374573469162,0.053902532905340195,0.5364595055580139,0.7085226774215698
Soft Missing Token,8505,0,0.22535142302513123,-0.10208631306886673,0.609718382358551,0.6770660877227783
Soft Missing Token,8509,0,0.25888556241989136,-0.04707254096865654,0.6239389181137085,0.645054280757904
Soft Missing Token,8512,0,0.2647320628166199,0.024121657013893127,0.6321152448654175,0.6485075950622559
Soft Missing Token,8518,0,0.2346552610397339,-0.05712719261646271,0.6378162503242493,0.6639631986618042
Soft Missing Token,8522,0,0.24628520011901855,0.04171019420027733,0.6178669929504395,0.656809389591217
Soft Missing Token,8523,0,0.18100564181804657,-0.028739430010318756,0.5308720469474792,0.7094347476959229
Soft Missing Token,8526,0,0.25115448236465454,-0.12349461764097214,0.6114190816879272,0.6481450796127319
Soft Missing Token,8541,0,0.23796847462654114,0.13364633917808533,0.5861804485321045,0.6714476943016052
Soft Missing Token,8549,0,0.2387351542711258,0.045233625918626785,0.6188414096832275,0.6699365973472595
Soft Missing Token,8550,0,0.24550317227840424,0.08876772224903107,0.632625937461853,0.6588499546051025
Soft Missing Token,8555,0,0.23400963842868805,-0.10107149183750153,0.610898494720459,0.6625853776931763
Soft Missing Token,8563,0,0.20113041996955872,-0.025228295475244522,0.5580227971076965,0.6613526940345764
Soft Missing Token,8565,0,0.3041173219680786,-0.04515858739614487,0.6639190912246704,0.5934679508209229
Soft Missing Token,8566,0,0.3142407536506653,0.05761624127626419,0.6640098690986633,0.5842723846435547
Soft Missing Token,8567,0,0.23625676333904266,-0.04231427237391472,0.604520857334137,0.6750282049179077
Soft Missing Token,8577,0,0.24884536862373352,0.20018422603607178,0.6094263792037964,0.6522247195243835
Soft Missing Token,8593,0,0.23300963640213013,0.16008049249649048,0.5921539664268494,0.6699427366256714
Soft Missing Token,8594,0,0.25071632862091064,-0.09664857387542725,0.6355875134468079,0.6305567622184753
Soft Missing Token,8609,0,0.26389917731285095,0.16659018397331238,0.6299755573272705,0.6399110555648804
Soft Missing Token,8623,0,0.1308567374944687,-0.005670170299708843,0.4907703995704651,0.7116432189941406
Soft Missing Token,8628,0,0.2651849091053009,-0.08382388204336166,0.6354550719261169,0.6458609104156494
Soft Missing Token,8635,0,0.19279105961322784,-0.13927634060382843,0.5722162127494812,0.6798223853111267
Soft Missing Token,8642,0,0.42131829261779785,0.07502035796642303,0.766325831413269,0.5402754545211792
Soft Missing Token,8645,0,0.24636724591255188,-0.018648365512490273,0.6334580779075623,0.6530278325080872
Soft Missing Token,8646,0,0.24318453669548035,-0.05318195000290871,0.5767229795455933,0.6689571142196655
Soft Missing Token,8650,0,0.24456074833869934,-0.10925211757421494,0.6091249585151672,0.6606446504592896
Soft Missing Token,8653,0,0.24451498687267303,-0.07537543773651123,0.6136868596076965,0.6476135849952698
Soft Missing Token,8654,0,0.2291834056377411,-0.007243934087455273,0.6063864827156067,0.6581307053565979
Soft Missing Token,8662,0,0.23823916912078857,-0.12575837969779968,0.6148536205291748,0.655756413936615
Soft Missing Token,8679,0,0.17463719844818115,-0.07089310139417648,0.5434132814407349,0.7243079543113708
Soft Missing Token,8680,0,0.2243277132511139,-0.11295637488365173,0.6216744780540466,0.6689990162849426
Soft Missing Token,8699,0,0.24808277189731598,-0.03432929143309593,0.6169139742851257,0.6587897539138794
Soft Missing Token,8721,0,0.2312885820865631,-0.07363644242286682,0.6156755089759827,0.6884617209434509
Soft Missing Token,8726,0,0.22723007202148438,-0.05347185581922531,0.5915199518203735,0.6754944324493408
Soft Missing Token,8748,0,0.38434651494026184,-0.005383305251598358,0.7107670903205872,0.5513371229171753
Soft Missing Token,8761,0,0.2084963470697403,-0.016691673547029495,0.5619632005691528,0.6987665891647339
Soft Missing Token,8762,0,0.23992015421390533,0.10360986739397049,0.6057402491569519,0.6717522144317627
Soft Missing Token,8774,0,0.23705239593982697,-0.03295972943305969,0.5877135992050171,0.6804444193840027
Soft Missing Token,8776,0,0.254226416349411,0.009757457301020622,0.59935462474823,0.6398683190345764
Soft Missing Token,8781,0,0.18666252493858337,0.057089272886514664,0.536247968673706,0.7061052322387695
Soft Missing Token,8782,0,0.25160545110702515,-0.11501098424196243,0.6303392648696899,0.6474743485450745
Soft Missing Token,8783,0,0.2448771893978119,-0.0038878004997968674,0.6400755643844604,0.6537998914718628
Soft Missing Token,8796,0,0.22331665456295013,0.04276628792285919,0.5965186953544617,0.6680166721343994
Soft Missing Token,8802,0,0.2503361999988556,0.17979228496551514,0.6501269936561584,0.6494854092597961
Soft Missing Token,8807,0,0.34058836102485657,0.020998425781726837,0.6937274932861328,0.575287938117981
Soft Missing Token,8816,0,0.2762943208217621,0.008163074031472206,0.6542283296585083,0.632784903049469
Soft Missing Token,8822,0,0.22805187106132507,-0.13357168436050415,0.616828203201294,0.5429807305335999
Soft Missing Token,8841,0,0.22440987825393677,-0.07034418731927872,0.619843602180481,0.6739925146102905
Soft Missing Token,8842,0,0.24951040744781494,0.10156849771738052,0.6662219762802124,0.6300811767578125
Soft Missing Token,8852,0,0.26474130153656006,0.1902845799922943,0.6208571791648865,0.6436063647270203
Soft Missing Token,8858,0,0.24126678705215454,0.14559407532215118,0.5982595086097717,0.6494393348693848
Soft Missing Token,8873,0,0.23654697835445404,-0.17255337536334991,0.6023720502853394,0.6686621904373169
Soft Missing Token,8883,0,0.24506023526191711,0.1734924614429474,0.6308972239494324,0.6571022868156433
Soft Missing Token,8886,0,0.21268798410892487,-0.1192908063530922,0.600944995880127,0.6651989221572876
Soft Missing Token,8888,0,0.22640763223171234,0.2126263976097107,0.5741434693336487,0.6825248599052429
Soft Missing Token,8891,0,0.23583218455314636,-0.03097623959183693,0.60052889585495,0.6679344177246094
Soft Missing Token,8901,0,0.38586753606796265,-0.035612672567367554,0.7170286774635315,0.5603321194648743
Soft Missing Token,8908,0,0.21868352591991425,0.024218883365392685,0.5963618755340576,0.6736391186714172
Soft Missing Token,8924,0,0.17120149731636047,-0.019055809825658798,0.5063520073890686,0.7239841222763062
Soft Missing Token,8927,0,0.24349568784236908,0.07877537608146667,0.5874015688896179,0.6592431664466858
Soft Missing Token,8928,0,0.058291543275117874,-0.09325442463159561,0.515072226524353,0.633053719997406
Soft Missing Token,8930,0,0.26695501804351807,0.06194700300693512,0.643713116645813,0.6236832141876221
Soft Missing Token,8942,0,0.24388529360294342,-0.07171453535556793,0.6012118458747864,0.6745683550834656
Soft Missing Token,8955,0,0.24702505767345428,-0.08860115706920624,0.5903391242027283,0.6468763947486877
Soft Missing Token,8957,0,0.21783733367919922,-0.03331923857331276,0.5781394839286804,0.6798837780952454
Soft Missing Token,8979,0,0.23374271392822266,0.05359664931893349,0.6123855710029602,0.6938192248344421
Soft Missing Token,8982,0,0.255820095539093,-0.032523199915885925,0.6312409043312073,0.6351000666618347
Soft Missing Token,8983,0,0.24590788781642914,-0.09485771507024765,0.6066314578056335,0.6807361841201782
Soft Missing Token,8993,0,0.3128761053085327,-0.001671982929110527,0.6678817868232727,0.5943485498428345
Soft Missing Token,8998,0,0.2709248960018158,0.11159418523311615,0.6407507061958313,0.6279067993164062
Soft Missing Token,9000,0,0.2487107366323471,-0.14760097861289978,0.6229948997497559,0.6369556784629822
Soft Missing Token,9008,0,0.16392183303833008,0.024659164249897003,0.5858720541000366,0.47986459732055664
Soft Missing Token,9009,0,0.22388707101345062,0.15890827775001526,0.5936304330825806,0.6724960803985596
Soft Missing Token,9014,0,0.24780146777629852,0.1405794620513916,0.6165722012519836,0.6656997203826904
Soft Missing Token,9021,0,0.3608838617801666,-0.020226389169692993,0.7144607305526733,0.5747975707054138
Soft Missing Token,9027,0,0.4236719310283661,-0.0523676760494709,0.7408433556556702,0.5320312976837158
Soft Missing Token,9032,0,0.23082295060157776,0.11240243911743164,0.5890609622001648,0.6842844486236572
Soft Missing Token,9042,0,0.18295380473136902,-0.024726627394557,0.5393133163452148,0.6664063334465027
Soft Missing Token,9054,0,0.12439408898353577,-0.05363267660140991,0.5625430941581726,0.5277389883995056
Soft Missing Token,9071,0,0.37925878167152405,-0.006319379433989525,0.6963495016098022,0.563014030456543
Soft Missing Token,9074,0,0.19331710040569305,-0.09894721210002899,0.502924919128418,0.7292999625205994
Soft Missing Token,9080,0,0.24715708196163177,-0.05708581581711769,0.6447675824165344,0.6722884178161621
Soft Missing Token,9112,0,0.2407887578010559,0.22371114790439606,0.6071171760559082,0.66666179895401
Soft Missing Token,9113,0,0.24429145455360413,0.1785355657339096,0.6157236099243164,0.6573241353034973
Soft Missing Token,9115,0,0.15417572855949402,-0.08267614990472794,0.5830589532852173,0.5519260168075562
Soft Missing Token,9131,0,0.17342720925807953,-0.04328105226159096,0.4999787509441376,0.7697721123695374
Soft Missing Token,9135,0,0.23755216598510742,-0.09051772952079773,0.610603928565979,0.6591796278953552
Soft Missing Token,9197,0,0.3630602955818176,-0.032298360019922256,0.6924306154251099,0.5582836270332336
Soft Missing Token,9201,0,0.23715893924236298,0.022261271253228188,0.608856201171875,0.6710084676742554
Soft Missing Token,9205,0,0.20821577310562134,0.0026121078990399837,0.5774813294410706,0.6507688760757446
Soft Missing Token,9207,0,0.37993115186691284,-0.0574275404214859,0.7019410729408264,0.5483118295669556
Soft Missing Token,9222,0,0.20914798974990845,-0.10064292699098587,0.5887594819068909,0.6759114861488342
Soft Missing Token,9236,0,0.21351288259029388,-0.08576064556837082,0.6100587844848633,0.6910927295684814
Soft Missing Token,9259,0,0.23435810208320618,-0.050668809562921524,0.618586003780365,0.6621102094650269
Soft Missing Token,9287,0,0.2535500228404999,-0.007352855987846851,0.6269079446792603,0.6347792744636536
Soft Missing Token,9296,0,0.3566681444644928,0.0003079522866755724,0.6823989748954773,0.5714293122291565
Soft Missing Token,9309,0,0.2301015853881836,-0.13238278031349182,0.5891256332397461,0.6718758344650269
Soft Missing Token,9316,0,0.3810718059539795,0.00812498852610588,0.7167837023735046,0.5500562191009521
Soft Missing Token,9322,0,0.2812110185623169,-0.0037899671588093042,0.6902692914009094,0.6083856225013733
Soft Missing Token,9323,0,0.2297167032957077,-0.08384060859680176,0.5732373595237732,0.6642858982086182
Soft Missing Token,9332,0,0.3693002462387085,0.007307054474949837,0.7062847018241882,0.5545091032981873
Soft Missing Token,9335,0,0.24606797099113464,-0.13586720824241638,0.6234879493713379,0.6447446942329407
Soft Missing Token,9347,0,0.23392364382743835,0.2041110247373581,0.6196838021278381,0.6700024008750916
Soft Missing Token,9350,0,0.21969012916088104,0.12285114824771881,0.5722402334213257,0.6986191272735596
Soft Missing Token,9353,0,0.26791563630104065,0.11862121522426605,0.6200590133666992,0.6245206594467163
Soft Missing Token,9356,0,0.2280666083097458,-0.002342510037124157,0.6176506280899048,0.669344425201416
Soft Missing Token,9375,0,0.2488994598388672,0.15316152572631836,0.5980063080787659,0.6614447832107544
Soft Missing Token,9409,0,0.2291083186864853,-0.04862065613269806,0.5841927528381348,0.6769256591796875
Soft Missing Token,9411,0,0.2253785878419876,-0.1633409708738327,0.582166314125061,0.6824086308479309
Soft Missing Token,9413,0,0.2652823328971863,-0.0679941475391388,0.626287043094635,0.624491274356842
Soft Missing Token,9419,0,0.22750669717788696,-0.0074226101860404015,0.6106727123260498,0.6779011487960815
Soft Missing Token,9441,0,0.22807082533836365,-0.014094347134232521,0.6097020506858826,0.6641042232513428
Soft Missing Token,9443,0,0.22922062873840332,-0.12720511853694916,0.5923534035682678,0.6614738702774048
Soft Missing Token,9458,0,0.2724912464618683,-0.017058687284588814,0.6278751492500305,0.62822026014328
Soft Missing Token,9466,0,0.21983757615089417,-0.035744745284318924,0.6223164796829224,0.6756808161735535
Soft Missing Token,9470,0,0.2306368350982666,0.11627766489982605,0.6029008030891418,0.6937609910964966
Soft Missing Token,9495,0,0.23284922540187836,0.22753454744815826,0.6048427820205688,0.6673599481582642
Soft Missing Token,9507,0,0.24401792883872986,-0.06647508591413498,0.6420303583145142,0.6501219868659973
Soft Missing Token,9515,0,0.221609964966774,-0.04398476332426071,0.5964930057525635,0.673557460308075
Soft Missing Token,9520,0,0.24424052238464355,0.15466776490211487,0.5867566466331482,0.6733619570732117
Soft Missing Token,9522,0,0.2864879071712494,0.027095556259155273,0.6467575430870056,0.6183722019195557
Soft Missing Token,9532,0,0.20216993987560272,0.021290548145771027,0.5409148931503296,0.6960316896438599
Soft Missing Token,9533,0,0.27532070875167847,0.04979728162288666,0.6303244233131409,0.6197553277015686
Soft Missing Token,9544,0,0.2525478005409241,-0.02203286439180374,0.6293571591377258,0.6579911708831787
Soft Missing Token,9546,0,0.24371673166751862,0.15025189518928528,0.6153495907783508,0.6576500535011292
Soft Missing Token,9562,0,0.2527734935283661,0.05074233561754227,0.6130692362785339,0.6495469808578491
Soft Missing Token,9563,0,0.21980150043964386,-0.03867410123348236,0.6036916971206665,0.6780677437782288
Soft Missing Token,9570,0,0.382603257894516,0.006141649559140205,0.7183836698532104,0.5610761046409607
Soft Missing Token,9573,0,0.18304696679115295,-0.0064358189702034,0.5517506003379822,0.7054886221885681
Soft Missing Token,9582,0,0.2178317755460739,0.05825704708695412,0.5797984004020691,0.6654353737831116
Soft Missing Token,9597,0,0.22541500627994537,0.09641720354557037,0.6111568808555603,0.6770631074905396
Soft Missing Token,9603,0,0.3061637878417969,-0.009640456177294254,0.6695474982261658,0.6140179634094238
Soft Missing Token,9620,0,0.2113247513771057,-0.12629905343055725,0.5740536451339722,0.6688514947891235
Soft Missing Token,9631,0,0.2154340147972107,-0.05563722923398018,0.5942457318305969,0.6877256035804749
Soft Missing Token,9639,0,0.26430296897888184,0.030108105391263962,0.6380356550216675,0.637661337852478
Soft Missing Token,9648,0,0.24410156905651093,-0.021186452358961105,0.6292795538902283,0.6555681824684143
Soft Missing Token,9649,0,0.2745240330696106,-0.12246328592300415,0.6703549027442932,0.6255948543548584
Soft Missing Token,9650,0,0.3828645348548889,-0.03663649782538414,0.7136976718902588,0.5513201951980591
Soft Missing Token,9665,0,0.18631237745285034,-0.041554372757673264,0.5432674884796143,0.7373032569885254
Soft Missing Token,9678,0,0.263384073972702,-0.03707272559404373,0.6305773258209229,0.6323729157447815
Soft Missing Token,9686,0,0.2582598328590393,0.15615466237068176,0.6209836602210999,0.6455245614051819
Soft Missing Token,9693,0,0.24062465131282806,-0.027777809649705887,0.5893155932426453,0.6774984002113342
Soft Missing Token,9731,0,0.28377261757850647,0.05557269603013992,0.6440183520317078,0.6085103154182434
Soft Missing Token,9741,0,0.2251863181591034,-0.07994364202022552,0.6006627678871155,0.6824303269386292
Soft Missing Token,9750,0,0.2930225133895874,-0.017195843160152435,0.6388444900512695,0.6222384572029114
Soft Missing Token,9760,0,0.2640669643878937,-0.05380579084157944,0.6161018013954163,0.6374638676643372
Soft Missing Token,9761,0,0.292755126953125,-0.03151431679725647,0.6827448606491089,0.6035231947898865
Soft Missing Token,9772,0,0.19063767790794373,0.00956992618739605,0.5260401964187622,0.7348300814628601
Soft Missing Token,9776,0,0.2226255089044571,-0.11429736018180847,0.6081765294075012,0.6723439693450928
Soft Missing Token,9781,0,0.30125465989112854,-0.07161381840705872,0.6410735845565796,0.599568784236908
Soft Missing Token,9788,0,0.2483595460653305,0.18481020629405975,0.5878901481628418,0.658794105052948
Soft Missing Token,9790,0,0.20458069443702698,0.019715897738933563,0.5766381025314331,0.6991328597068787
Soft Missing Token,9795,0,0.3505288362503052,-0.006039584521204233,0.6908181309700012,0.5750232934951782
Soft Missing Token,9798,0,0.22403894364833832,-0.07639889419078827,0.6235849261283875,0.6485546827316284
Soft Missing Token,9804,0,0.2285272777080536,0.015227070078253746,0.6042541861534119,0.6744346618652344
Soft Missing Token,9807,0,0.22438441216945648,-0.11186163127422333,0.6043102741241455,0.6660339832305908
Soft Missing Token,9809,0,0.24296486377716064,0.1839950829744339,0.6094361543655396,0.6563327312469482
Soft Missing Token,9813,0,0.19408857822418213,-0.027480240911245346,0.5594269633293152,0.7099125981330872
Soft Missing Token,9823,0,0.24506224691867828,0.2248360514640808,0.6244336366653442,0.6550299525260925
Soft Missing Token,9829,0,0.21813209354877472,-0.022188350558280945,0.5538310408592224,0.656283438205719
Soft Missing Token,9837,0,0.24222224950790405,-0.012904683127999306,0.6009054780006409,0.6620578169822693
Soft Missing Token,9841,0,0.23332449793815613,-0.04959603771567345,0.6095349788665771,0.6631779074668884
Soft Missing Token,9851,0,0.2687135934829712,-0.04905293509364128,0.6521952748298645,0.6333644390106201
Soft Missing Token,9857,0,0.21266475319862366,-0.04633534699678421,0.5868178009986877,0.6865430474281311
Soft Missing Token,9858,0,0.22476747632026672,0.07666288316249847,0.5890417695045471,0.6772993803024292
Soft Missing Token,9860,0,0.2654254734516144,-0.03335157036781311,0.652395486831665,0.6312006711959839
Soft Missing Token,9866,0,0.2209678739309311,-0.10686474293470383,0.6280879378318787,0.6612818241119385
Soft Missing Token,9871,0,0.18119117617607117,0.13701316714286804,0.5126972794532776,0.7353297472000122
Soft Missing Token,9890,0,0.2494393140077591,0.19482377171516418,0.612062394618988,0.6610081791877747
Soft Missing Token,9897,0,0.22855733335018158,0.03978770226240158,0.6053884029388428,0.6711804866790771
Soft Missing Token,9901,0,0.23311729729175568,-0.0707777887582779,0.5744909048080444,0.6649423837661743
Soft Missing Token,9905,0,0.2623836398124695,0.057404160499572754,0.6495887637138367,0.6427619457244873
Soft Missing Token,9917,0,0.26941215991973877,0.018283680081367493,0.6376573443412781,0.6247607469558716
Soft Missing Token,9918,0,0.21503271162509918,0.045384276658296585,0.5812672972679138,0.6732020378112793
Soft Missing Token,9921,0,0.24955502152442932,-0.05511128529906273,0.6736757159233093,0.6583691239356995
Soft Missing Token,9922,0,0.27136415243148804,0.13037236034870148,0.6436823606491089,0.6332119107246399
Soft Missing Token,9928,0,0.23601272702217102,-0.18538090586662292,0.6088556051254272,0.6480738520622253
Soft Missing Token,9930,0,0.3379265069961548,-0.02222728729248047,0.6727334260940552,0.5865581035614014
Soft Missing Token,9935,0,0.20725984871387482,-0.05530966445803642,0.5850178003311157,0.6963273882865906
Soft Missing Token,9980,0,0.2700329124927521,0.025507837533950806,0.6299234628677368,0.6158434748649597
Soft Missing Token,9989,0,0.036735206842422485,-0.02888021431863308,0.5656259059906006,0.5633875131607056
Soft Missing Token,9992,0,0.2075108140707016,-0.1710333377122879,0.5666742324829102,0.6857487559318542
Soft Missing Token,10004,0,0.20893289148807526,0.1314334273338318,0.5847336053848267,0.6823894381523132
Soft Missing Token,10007,0,0.2453773319721222,-0.08091247081756592,0.6080055236816406,0.6687138080596924
Soft Missing Token,10029,0,0.24363493919372559,0.004631325602531433,0.5906411409378052,0.6545161604881287
Soft Missing Token,10034,0,0.23333615064620972,-0.0813608169555664,0.6169717311859131,0.6650813817977905
Soft Missing Token,10043,0,0.19605091214179993,-0.012523031793534756,0.5599774122238159,0.7077531814575195
Soft Missing Token,10050,0,0.18095025420188904,-0.00500128697603941,0.46474358439445496,0.812720000743866
Soft Missing Token,10055,0,0.2016858607530594,-0.0244998000562191,0.5492823123931885,0.6929595470428467
Soft Missing Token,10056,0,0.1993768811225891,-0.0071173664182424545,0.5515339374542236,0.6853278875350952
Soft Missing Token,10057,0,0.2201559841632843,-0.03777638450264931,0.5840678811073303,0.6469446420669556
Soft Missing Token,10065,0,0.2719098925590515,-0.029249174520373344,0.6563882231712341,0.6319108009338379
Soft Missing Token,10078,0,0.24085430800914764,0.002805233933031559,0.662385106086731,0.6516455411911011
Soft Missing Token,10086,0,0.11427007615566254,-0.12493669241666794,0.5416529774665833,0.5109602212905884
Soft Missing Token,10095,0,0.18404026329517365,0.17798130214214325,0.5461647510528564,0.5291008949279785
Soft Missing Token,10098,0,0.309795081615448,0.007450636476278305,0.6525701284408569,0.5868723392486572
Soft Missing Token,10102,0,0.25336596369743347,0.12384243309497833,0.6194486618041992,0.6570633053779602
Soft Missing Token,10104,0,0.32515019178390503,-0.028795240446925163,0.6776329874992371,0.5828918218612671
Soft Missing Token,10119,0,0.22169287502765656,-0.008340018801391125,0.5925602912902832,0.6549385190010071
Soft Missing Token,10128,0,0.2139768898487091,-0.021992113441228867,0.6156027913093567,0.6800394058227539
Soft Missing Token,10136,0,0.23395560681819916,-0.01213840488344431,0.619614839553833,0.6628434658050537
Soft Missing Token,10137,0,0.2607952952384949,-0.059962593019008636,0.6480588912963867,0.6533945798873901
Soft Missing Token,10143,0,0.1878836750984192,-0.09694761782884598,0.565168023109436,0.7352426052093506
Soft Missing Token,10146,0,0.3473646640777588,-0.10870608687400818,0.7191805839538574,0.5689602494239807
Soft Missing Token,10152,0,0.235708549618721,0.01722576469182968,0.5750914216041565,0.642898440361023
Soft Missing Token,10162,0,0.22851549088954926,0.08023480325937271,0.5887789726257324,0.6689971685409546
Soft Missing Token,10171,0,0.21334050595760345,-0.07852735370397568,0.5433114171028137,0.6918399930000305
Soft Missing Token,10184,0,0.22861361503601074,0.16685619950294495,0.5869998335838318,0.6745112538337708
Soft Missing Token,10192,0,0.06487918645143509,-0.08758189529180527,0.5458932518959045,0.5602222681045532
Soft Missing Token,10194,0,0.23939555883407593,-0.06844893842935562,0.6132618188858032,0.6559973359107971
Soft Missing Token,10195,0,0.2605839967727661,-0.04693596437573433,0.6105000376701355,0.6306474208831787
Soft Missing Token,10199,0,0.24636530876159668,0.21553149819374084,0.6644086241722107,0.6536410450935364
Soft Missing Token,10213,0,0.25646430253982544,-0.016882196068763733,0.6218427419662476,0.6493797302246094
Soft Missing Token,10227,0,0.1846824586391449,-0.029521578922867775,0.5472691655158997,0.7484428882598877
Soft Missing Token,10233,0,0.25635185837745667,-0.021892432123422623,0.6356641054153442,0.6561377048492432
Soft Missing Token,10235,0,0.20957127213478088,-0.14983421564102173,0.569002091884613,0.6924952864646912
Soft Missing Token,10248,0,0.24571089446544647,0.07287339866161346,0.6043608784675598,0.6720045804977417
Soft Missing Token,10251,0,0.2142440378665924,-0.019570346921682358,0.556355357170105,0.6919400691986084
Soft Missing Token,10256,0,0.20913618803024292,-0.001566354651004076,0.5569688081741333,0.6952769756317139
Soft Missing Token,10264,0,0.2628899812698364,0.14392729103565216,0.6435783505439758,0.6272229552268982
Soft Missing Token,10267,0,0.2003122866153717,-0.05697919800877571,0.5551183819770813,0.6970532536506653
Soft Missing Token,10268,0,0.2780833840370178,-0.08309648931026459,0.6631499528884888,0.6270424723625183
Soft Missing Token,10269,0,0.22453178465366364,-0.01190195046365261,0.5977826118469238,0.6733014583587646
Soft Missing Token,10275,0,0.3753836452960968,0.028943190351128578,0.7120870351791382,0.5546782612800598
Soft Missing Token,10290,0,0.1912664920091629,-0.10584698617458344,0.5420629978179932,0.6879688501358032
Soft Missing Token,10298,0,0.2106914073228836,0.1618591696023941,0.5795151591300964,0.685542106628418
Soft Missing Token,10302,0,0.23801633715629578,0.1861269325017929,0.6115700602531433,0.653704822063446
Soft Missing Token,10311,0,0.25401997566223145,0.11944320052862167,0.6203906536102295,0.6514524817466736
Soft Missing Token,10313,0,0.22578929364681244,0.08701974153518677,0.588448703289032,0.6659699082374573
Soft Missing Token,10316,0,0.20115946233272552,0.17045331001281738,0.5537256598472595,0.7070889472961426
Soft Missing Token,10319,0,0.2836081087589264,0.17676271498203278,0.6702185273170471,0.6350338459014893
Soft Missing Token,10330,0,0.25002771615982056,-0.0817783921957016,0.619645357131958,0.6502354145050049
Soft Missing Token,10337,0,0.22784045338630676,0.02133484184741974,0.6024425625801086,0.6705024242401123
Soft Missing Token,10339,0,0.24341073632240295,0.10330130159854889,0.6237382292747498,0.6738009452819824
Soft Missing Token,10340,0,0.22043199837207794,-0.0657171905040741,0.6009586453437805,0.6808097958564758
Soft Missing Token,10344,0,0.3747090697288513,0.01347709447145462,0.7028099298477173,0.5527098774909973
Soft Missing Token,10348,0,0.20630325376987457,-0.09248462319374084,0.5918939113616943,0.6810874342918396
Soft Missing Token,10352,0,0.2621150314807892,0.024965906515717506,0.6441404819488525,0.6375710964202881
Soft Missing Token,10357,0,0.2311221957206726,0.0012025190517306328,0.6221123933792114,0.6735244989395142
Soft Missing Token,10366,0,0.26176947355270386,-0.13033117353916168,0.6329190731048584,0.6215733885765076
Soft Missing Token,10382,0,0.25341683626174927,-0.043365899473428726,0.6263975501060486,0.6630319356918335
Soft Missing Token,10396,0,0.2489154040813446,0.12063923478126526,0.6008229851722717,0.6756642460823059
Soft Missing Token,10397,0,0.212310329079628,-0.024460405111312866,0.573540449142456,0.6787905097007751
Soft Missing Token,10411,0,0.21961894631385803,0.13808919489383698,0.6061195731163025,0.6732100248336792
Soft Missing Token,10412,0,0.26103439927101135,-0.021160824224352837,0.6327954530715942,0.6378732919692993
Soft Missing Token,10416,0,0.22173631191253662,0.018771441653370857,0.5954671502113342,0.669976532459259
Soft Missing Token,10428,0,0.26088571548461914,-0.039947763085365295,0.6117566823959351,0.6482797265052795
Soft Missing Token,10444,0,0.2444848269224167,0.11638528108596802,0.5890565514564514,0.6732441186904907
Soft Missing Token,10451,0,0.2716381549835205,0.1291019767522812,0.6408634781837463,0.6376857161521912
Soft Missing Token,10467,0,0.19866430759429932,-0.07501218467950821,0.564400315284729,0.706667423248291
Soft Missing Token,10468,0,0.1977243423461914,-0.06593622267246246,0.5639305710792542,0.6949862241744995
Soft Missing Token,10491,0,0.1862441897392273,-0.04210636764764786,0.5586317181587219,0.7111127376556396
Soft Missing Token,10496,0,0.24844710528850555,0.13115888833999634,0.5882805585861206,0.654630184173584
Soft Missing Token,10497,0,0.20684999227523804,-0.024070370942354202,0.5943225622177124,0.6879442930221558
Soft Missing Token,10503,0,0.30561527609825134,-0.05801146849989891,0.6458646655082703,0.5845500826835632
Soft Missing Token,10513,0,0.2521505057811737,-0.08718986809253693,0.6181246638298035,0.6537783741950989
Soft Missing Token,10524,0,0.21100981533527374,0.02117784693837166,0.5626994967460632,0.6773375868797302
Soft Missing Token,10541,0,0.37536007165908813,0.001726693008095026,0.7050332427024841,0.5699143409729004
Soft Missing Token,10555,0,0.28238701820373535,-0.10122837871313095,0.6166874766349792,0.6390987634658813
Soft Missing Token,10556,0,0.29688525199890137,0.08323618769645691,0.6380529403686523,0.6281915903091431
Soft Missing Token,10557,0,0.2869393229484558,0.20249900221824646,0.6857269406318665,0.620931088924408
Soft Missing Token,10560,0,0.3648388683795929,-0.07464110851287842,0.7055584192276001,0.5549485087394714
Soft Missing Token,10563,0,0.25303012132644653,-0.13332898914813995,0.6389775276184082,0.6597665548324585
Soft Missing Token,10578,0,0.2112092822790146,-0.10485174506902695,0.5672914385795593,0.6893211007118225
Soft Missing Token,10583,0,0.22410616278648376,0.0031196160707622766,0.5717968940734863,0.67848140001297
Soft Missing Token,10584,0,0.1961812674999237,0.0655173733830452,0.5652276873588562,0.6962422132492065
Soft Missing Token,10585,0,0.2689836919307709,0.08400498330593109,0.6399943828582764,0.6266809701919556
Soft Missing Token,10589,0,0.15636001527309418,-0.062192875891923904,0.512324869632721,0.7338836789131165
Soft Missing Token,10591,0,0.36716780066490173,-0.014380240812897682,0.6897130012512207,0.5659692287445068
Soft Missing Token,10600,0,0.2671157121658325,0.12550948560237885,0.6381537318229675,0.6326133012771606
Soft Missing Token,10605,0,0.21015290915966034,-0.005292887799441814,0.5608067512512207,0.6671693921089172
Soft Missing Token,10607,0,0.021340560168027878,-0.017189092934131622,0.4176171123981476,0.5704385638237
Soft Missing Token,10616,0,0.21359370648860931,-0.04466075822710991,0.6189401745796204,0.6807728409767151
Soft Missing Token,10619,0,0.24664679169654846,-0.013494463637471199,0.6306151151657104,0.6577326059341431
Soft Missing Token,10642,0,0.2611275911331177,0.1404256969690323,0.6375672817230225,0.6579087376594543
Soft Missing Token,10664,0,0.22616812586784363,0.09915918111801147,0.622967541217804,0.684147834777832
Soft Missing Token,10683,0,0.3233327269554138,-0.010642142966389656,0.6735672354698181,0.5906465649604797
Soft Missing Token,10691,0,0.33048611879348755,0.0187807809561491,0.6669474244117737,0.5858781933784485
Soft Missing Token,10695,0,0.278265118598938,0.021026458591222763,0.6287367939949036,0.6185744404792786
Soft Missing Token,10702,0,0.37679046392440796,-0.010351816192269325,0.7119244337081909,0.5615765452384949
Soft Missing Token,10708,0,0.17838738858699799,-0.0035991775803267956,0.5482872128486633,0.7351487874984741
Soft Missing Token,10720,0,0.26379066705703735,-0.08018995821475983,0.6222054958343506,0.6579279899597168
Soft Missing Token,10721,0,0.30382952094078064,0.05658598244190216,0.6539596319198608,0.6115267276763916
Soft Missing Token,10725,0,0.20474907755851746,-0.16055405139923096,0.5729804635047913,0.7033783793449402
Soft Missing Token,10744,0,0.20856726169586182,-0.014010385610163212,0.5632193088531494,0.6701996326446533
Soft Missing Token,10745,0,0.24888813495635986,-0.0188596174120903,0.6512529850006104,0.6468474268913269
Soft Missing Token,10749,0,0.2768639922142029,0.1459343135356903,0.6349014043807983,0.6351417303085327
Soft Missing Token,10753,0,0.3188542425632477,0.029913224279880524,0.6751024723052979,0.5943548083305359
Soft Missing Token,10755,0,0.3046058714389801,-0.04235948994755745,0.6568110585212708,0.6181109547615051
Soft Missing Token,10762,0,0.20447403192520142,-0.07698256522417068,0.5387494564056396,0.7178716659545898
Soft Missing Token,10766,0,0.22417235374450684,-0.018454473465681076,0.6204633116722107,0.670499324798584
Soft Missing Token,10768,0,0.25515216588974,0.15171776711940765,0.6157734394073486,0.6356540322303772
Soft Missing Token,10770,0,0.16783002018928528,-0.034325674176216125,0.544407069683075,0.5949824452400208
Soft Missing Token,10778,0,0.23262012004852295,-0.16235283017158508,0.6080201864242554,0.661342203617096
Soft Missing Token,10781,0,0.24193927645683289,-0.016137829050421715,0.5652893781661987,0.663582980632782
Soft Missing Token,10783,0,0.20306016504764557,0.1402183175086975,0.5682074427604675,0.692284882068634
Soft Missing Token,10784,0,0.2644927203655243,0.11510742455720901,0.6172488927841187,0.6248826384544373
Soft Missing Token,10798,0,0.14144189655780792,0.03485795110464096,0.5653820037841797,0.5125447511672974
Soft Missing Token,10806,0,0.3012995719909668,-0.08287069946527481,0.662524938583374,0.61700439453125
Soft Missing Token,10815,0,0.21848085522651672,0.11450991034507751,0.5878196954727173,0.6921870708465576
Soft Missing Token,10836,0,0.2669171690940857,-0.03945855051279068,0.6252524852752686,0.6082462668418884
Soft Missing Token,10838,0,0.16734865307807922,-0.08479448407888412,0.49816641211509705,0.7039899230003357
Soft Missing Token,10849,0,0.03587301820516586,0.11747609078884125,0.5364121198654175,0.5609462857246399
Soft Missing Token,10850,0,0.2126467376947403,-0.16914120316505432,0.5837202072143555,0.683232307434082
Soft Missing Token,10859,0,0.25703370571136475,0.04890850558876991,0.6608714461326599,0.6452070474624634
Soft Missing Token,10872,0,0.2711556553840637,0.17757372558116913,0.6839950084686279,0.6320751905441284
Soft Missing Token,10878,0,0.28702542185783386,0.12356008589267731,0.6448639631271362,0.614511251449585
Soft Missing Token,10882,0,0.20322908461093903,-0.006281581241637468,0.5746535062789917,0.6631144285202026
Soft Missing Token,10892,0,0.19213101267814636,-0.009290186688303947,0.5717623829841614,0.7089284658432007
Soft Missing Token,10902,0,0.25433310866355896,0.07340092211961746,0.63238924741745,0.628212034702301
Soft Missing Token,10906,0,0.2990645468235016,-0.04176610708236694,0.6676437258720398,0.6190357804298401
Soft Missing Token,10909,0,0.19987434148788452,-0.04876486584544182,0.5994797945022583,0.6827883124351501
Soft Missing Token,10916,0,0.2366257905960083,-0.014899027533829212,0.6185645461082458,0.6646884679794312
Soft Missing Token,10918,0,0.26604050397872925,0.11393441259860992,0.6379305124282837,0.6183875203132629
Soft Missing Token,10919,0,0.1986263543367386,-0.027487454935908318,0.5738059282302856,0.6998383402824402
Soft Missing Token,10920,0,0.2655473053455353,-0.0882669985294342,0.6292662024497986,0.6587966084480286
Soft Missing Token,10925,0,0.22960558533668518,0.16959279775619507,0.5769193768501282,0.6601166129112244
Soft Missing Token,10926,0,0.22691279649734497,-0.019879689440131187,0.608134925365448,0.6584048271179199
Soft Missing Token,10933,0,0.2515036463737488,-0.17686030268669128,0.6508901119232178,0.6417608857154846
Soft Missing Token,10937,0,0.2698005139827728,-0.040830954909324646,0.6277107000350952,0.6425560712814331
Soft Missing Token,10938,0,0.27966928482055664,-0.03549755737185478,0.6500980257987976,0.6180922389030457
Soft Missing Token,10939,0,0.22999075055122375,-0.08895441144704819,0.5761117935180664,0.6839597821235657
Soft Missing Token,10967,0,0.23066776990890503,-0.084618479013443,0.6022263765335083,0.6551363468170166
Soft Missing Token,10998,0,0.24815154075622559,-0.06036440283060074,0.5986040234565735,0.635583221912384
Soft Missing Token,10999,0,0.2504814863204956,-0.006745586171746254,0.5928503274917603,0.6345809698104858
Soft Missing Token,11001,0,0.3711295425891876,-0.021714918315410614,0.7049614191055298,0.5613283514976501
Soft Missing Token,11003,0,0.18897266685962677,-0.11392233520746231,0.547987163066864,0.7174875736236572
Soft Missing Token,11005,0,0.26873528957366943,0.11064379662275314,0.6462932229042053,0.6430956125259399
Soft Missing Token,11011,0,0.244759202003479,-0.025852179154753685,0.6048704981803894,0.6527212858200073
Soft Missing Token,11014,0,0.1451795995235443,-0.020175810903310776,0.41909927129745483,0.7931158542633057
Soft Missing Token,11016,0,0.2362942099571228,0.14285749197006226,0.6090657114982605,0.6608136296272278
Soft Missing Token,11019,0,0.20262500643730164,0.03527894988656044,0.5828327536582947,0.6729322075843811
Soft Missing Token,11020,0,0.2521759867668152,-0.1028926745057106,0.6094675064086914,0.6461549401283264
Soft Missing Token,11033,0,0.23553159832954407,-0.03641311079263687,0.5965617299079895,0.6687183976173401
Soft Missing Token,11035,0,0.3914785385131836,-0.007013109978288412,0.7139619588851929,0.5544929504394531
Soft Missing Token,11041,0,0.3640228509902954,0.03265246003866196,0.7103288769721985,0.560827910900116
Soft Missing Token,11047,0,0.24078083038330078,-0.017695866525173187,0.6086963415145874,0.635283350944519
Soft Missing Token,11055,0,0.2555398643016815,0.11601100116968155,0.6430385708808899,0.6476410031318665
Soft Missing Token,11059,0,0.18286962807178497,-0.16539327800273895,0.609336256980896,0.5398814082145691
Soft Missing Token,11060,0,0.2508062720298767,0.18255409598350525,0.6257840394973755,0.6563531160354614
Soft Missing Token,11062,0,0.24099183082580566,-0.10177935659885406,0.6490300893783569,0.6537588834762573
Soft Missing Token,11070,0,0.2539125084877014,0.1093863993883133,0.6242131590843201,0.6534536480903625
Soft Missing Token,11081,0,0.21547093987464905,0.052610475569963455,0.6092888116836548,0.6604723334312439
Soft Missing Token,11082,0,0.3316223621368408,-0.0121852932497859,0.6657336950302124,0.5900808572769165
Soft Missing Token,11091,0,0.18915528059005737,0.05499521642923355,0.5444465279579163,0.7290147542953491
Soft Missing Token,11102,0,0.2458208054304123,0.10242176055908203,0.6097700595855713,0.6732215881347656
Soft Missing Token,11111,0,0.2281402349472046,-0.08672712743282318,0.5903172492980957,0.6654952168464661
Soft Missing Token,11129,0,0.18370980024337769,0.1955670267343521,0.5943370461463928,0.5052013397216797
Soft Missing Token,11131,0,0.05880247801542282,-0.09437832981348038,0.5164453983306885,0.5222132802009583
Soft Missing Token,11134,0,0.3659605085849762,-0.07416888326406479,0.6943963766098022,0.554421603679657
Soft Missing Token,11135,0,0.3736230134963989,0.008554900996387005,0.6981679201126099,0.5518063306808472
Soft Missing Token,11149,0,0.22302012145519257,-0.06778687238693237,0.5649674534797668,0.6830874085426331
Soft Missing Token,11160,0,0.2540079653263092,-0.007411404512822628,0.6251547336578369,0.6158629059791565
Soft Missing Token,11163,0,0.24684777855873108,0.13491731882095337,0.6126095652580261,0.6645658612251282
Soft Missing Token,11173,0,0.26940324902534485,0.14269064366817474,0.6397074460983276,0.6461179256439209
Soft Missing Token,11177,0,0.24165451526641846,-0.06031341850757599,0.6251544952392578,0.6473906636238098
Soft Missing Token,11191,0,0.20996582508087158,0.010899734683334827,0.5814906358718872,0.6696105599403381
Soft Missing Token,11192,0,0.03590196371078491,-0.08379493653774261,0.5180534720420837,0.5749349594116211
Soft Missing Token,11196,0,0.20719735324382782,-0.092658132314682,0.5798001289367676,0.6999044418334961
Soft Missing Token,11198,0,0.1634095311164856,-0.026233315467834473,0.5080097913742065,0.7129503488540649
Soft Missing Token,11201,0,0.16936682164669037,-0.1629457175731659,0.5995668768882751,0.48166531324386597
Soft Missing Token,11206,0,0.24281847476959229,0.10655395686626434,0.5922316908836365,0.6580426692962646
Soft Missing Token,11208,0,0.24358920753002167,-0.05933848023414612,0.6162033677101135,0.6804050207138062
Soft Missing Token,11220,0,0.2105177342891693,0.02899755723774433,0.5669872164726257,0.7098604440689087
Soft Missing Token,11227,0,0.16834105551242828,-0.025142820551991463,0.5529293417930603,0.6064831614494324
Soft Missing Token,11232,0,0.2288569211959839,-0.029683636501431465,0.5892901420593262,0.682384192943573
Soft Missing Token,11243,0,0.24903851747512817,0.14055360853672028,0.6192312836647034,0.6638820171356201
Soft Missing Token,11247,0,0.17626628279685974,-0.14264176785945892,0.645298421382904,0.5163735151290894
Soft Missing Token,11252,0,0.2368173599243164,0.1743960976600647,0.6086598038673401,0.6742449402809143
Soft Missing Token,11255,0,0.18554803729057312,-0.13019554316997528,0.5446977615356445,0.7156925201416016
Soft Missing Token,11256,0,0.10230939835309982,-0.0509209930896759,0.5210769772529602,0.5470007658004761
Soft Missing Token,11272,0,0.28577926754951477,-0.03422641381621361,0.6589592695236206,0.6407676935195923
Soft Missing Token,11277,0,0.2400132119655609,0.1895683854818344,0.6116647720336914,0.6524031162261963
Soft Missing Token,11286,0,0.2091374695301056,-0.05018423870205879,0.5975238680839539,0.6897283792495728
Soft Missing Token,11287,0,0.2554847300052643,-0.06146564707159996,0.6225892901420593,0.6558767557144165
Soft Missing Token,11302,0,0.3019954562187195,0.0799383819103241,0.6565639972686768,0.6091529130935669
Soft Missing Token,11309,0,0.2503601312637329,-0.08284788578748703,0.6247134208679199,0.6566981077194214
Soft Missing Token,11310,0,0.2466021180152893,0.10282805562019348,0.6219276785850525,0.6562893390655518
Soft Missing Token,11314,0,0.2252369523048401,-0.08366870880126953,0.5900658965110779,0.6627532243728638
Soft Missing Token,11353,0,0.07237279415130615,-0.044060640037059784,0.5285789370536804,0.5389834642410278
Soft Missing Token,11357,0,0.24592749774456024,0.12659943103790283,0.6211863160133362,0.6401653289794922
Soft Missing Token,11365,0,0.23657824099063873,-0.09590648114681244,0.603842556476593,0.6695815920829773
Soft Missing Token,11366,0,0.25462841987609863,0.10538142174482346,0.6250073909759521,0.6582940816879272
Soft Missing Token,11367,0,0.2305317223072052,0.04882941022515297,0.6010724902153015,0.6737350225448608
Soft Missing Token,11373,0,0.3214509189128876,0.008263230323791504,0.6851717829704285,0.5875734686851501
Soft Missing Token,11380,0,0.37329816818237305,0.0039159092120826244,0.6904973387718201,0.5512745976448059
Soft Missing Token,11391,0,0.19738492369651794,-0.01821550913155079,0.5698397755622864,0.7355803847312927
Soft Missing Token,11393,0,0.2638605237007141,0.11164915561676025,0.6182116866111755,0.6564342379570007
Soft Missing Token,11418,0,0.2003244012594223,-0.020780108869075775,0.5633735060691833,0.6968209147453308
Soft Missing Token,11436,0,0.18887574970722198,-0.0209666695445776,0.55788254737854,0.7173694968223572
Soft Missing Token,11438,0,0.23696580529212952,0.0050632404163479805,0.598869800567627,0.6742721796035767
Soft Missing Token,11459,0,0.26399874687194824,0.1301971822977066,0.6079438924789429,0.635297417640686
Soft Missing Token,11460,0,0.2411489635705948,-0.07521764189004898,0.592703640460968,0.6747950315475464
Soft Missing Token,11470,0,0.25036975741386414,-0.13377580046653748,0.6133726239204407,0.6389670968055725
Soft Missing Token,11478,0,0.28563404083251953,0.20295101404190063,0.681232213973999,0.6267386078834534
Soft Missing Token,11497,0,0.2733221650123596,-0.01967368833720684,0.6491114497184753,0.6484336853027344
Soft Missing Token,11498,0,0.23357495665550232,-0.04327826201915741,0.6009859442710876,0.6732066869735718
Soft Missing Token,11507,0,0.2464410960674286,-0.08831750601530075,0.626564085483551,0.6501967906951904
Soft Missing Token,11511,0,0.2712762653827667,0.06413933634757996,0.6269859075546265,0.6237587928771973
Soft Missing Token,11512,0,0.21541047096252441,0.017508424818515778,0.5974912047386169,0.6542404294013977
Soft Missing Token,11516,0,-0.05216383561491966,-0.08141615986824036,0.46897655725479126,0.6276495456695557
Soft Missing Token,11542,0,0.2746196389198303,0.10493523627519608,0.6291863322257996,0.6451244950294495
Soft Missing Token,11544,0,0.25694745779037476,0.01348121277987957,0.6155462265014648,0.6498033404350281
Soft Missing Token,11552,0,0.28391140699386597,0.03777185082435608,0.6568995118141174,0.6327295303344727
Soft Missing Token,11581,0,0.22358085215091705,-0.028987165540456772,0.5811150074005127,0.6665177941322327
Soft Missing Token,11583,0,0.25345635414123535,-0.023527009412646294,0.6105702519416809,0.6248486638069153
Soft Missing Token,11587,0,0.3297821283340454,-0.061168886721134186,0.6681391000747681,0.5706290006637573
Soft Missing Token,11588,0,0.31031283736228943,0.006330410949885845,0.6737143397331238,0.4885611832141876
Soft Missing Token,11592,0,0.23660868406295776,0.002765791490674019,0.5927522778511047,0.6577032804489136
Soft Missing Token,11596,0,0.1752164661884308,-0.007140789646655321,0.45518893003463745,0.8207459449768066
Soft Missing Token,11614,0,0.22137928009033203,-0.030476434156298637,0.5941922068595886,0.6713098883628845
Soft Missing Token,11619,0,0.22879476845264435,0.14183971285820007,0.6213898062705994,0.6652936935424805
Soft Missing Token,11621,0,0.362471342086792,0.006604099180549383,0.6881721019744873,0.5570888519287109
Soft Missing Token,11624,0,0.24502235651016235,0.14226184785366058,0.5863698720932007,0.6677210330963135
Soft Missing Token,11631,0,0.25550276041030884,0.1953238546848297,0.6121426224708557,0.6539934873580933
Soft Missing Token,11633,0,0.29771098494529724,-0.02396216429769993,0.6636618375778198,0.6193112134933472
Soft Missing Token,11635,0,0.23136776685714722,0.11974488198757172,0.585624098777771,0.6823052763938904
Soft Missing Token,11640,0,0.2499541938304901,0.09310567378997803,0.591750979423523,0.6634722948074341
Soft Missing Token,11641,0,0.2467351108789444,0.04211055859923363,0.6069964170455933,0.6424376964569092
Soft Missing Token,11643,0,0.24999818205833435,-0.1317964345216751,0.6196779608726501,0.6612945795059204
Soft Missing Token,11661,0,0.25405892729759216,0.018101364374160767,0.6139523386955261,0.6361967921257019
Soft Missing Token,11666,0,0.22358843684196472,0.09058168530464172,0.5656463503837585,0.6847930550575256
Soft Missing Token,11677,0,0.43716907501220703,-0.01289142481982708,0.7401573657989502,0.5329042673110962
Soft Missing Token,11682,0,0.3814166784286499,-0.019427182152867317,0.7126609086990356,0.5506162047386169
Soft Missing Token,11684,0,0.26295027136802673,-0.07104206830263138,0.6490077972412109,0.657207727432251
Soft Missing Token,11689,0,0.24715666472911835,-0.08976172655820847,0.6157695055007935,0.6531496047973633
Soft Missing Token,11691,0,0.23460717499256134,-0.11007479578256607,0.5819040536880493,0.6535642147064209
Soft Missing Token,11701,0,0.22101391851902008,-0.03796607628464699,0.5859558582305908,0.6368733644485474
Soft Missing Token,11717,0,0.259196400642395,0.18730498850345612,0.647692859172821,0.6425016522407532
Soft Missing Token,11720,0,0.2424623668193817,0.05754222720861435,0.6104604005813599,0.6387553811073303
Soft Missing Token,11723,0,0.19493883848190308,-0.04296125844120979,0.5674785375595093,0.7125620245933533
Soft Missing Token,11730,0,0.2462485134601593,0.10474259406328201,0.6002999544143677,0.6586953401565552
Soft Missing Token,11731,0,0.29302823543548584,0.1143813505768776,0.6470898985862732,0.6222962737083435
Soft Missing Token,11758,0,0.2534950375556946,0.12792842090129852,0.5981958508491516,0.6663793921470642
Soft Missing Token,11767,0,0.3545021116733551,-0.03370337933301926,0.6968981027603149,0.5645545125007629
Soft Missing Token,11768,0,0.25140517950057983,-0.16134203970432281,0.6197853088378906,0.6376389265060425
Soft Missing Token,11770,0,0.2618708610534668,0.09760667383670807,0.6260668635368347,0.6545407772064209
Soft Missing Token,11779,0,0.24836893379688263,-0.0373029001057148,0.600349485874176,0.6296049356460571
Soft Missing Token,11785,0,0.25587061047554016,-0.07966555655002594,0.6326783895492554,0.6523112654685974
Soft Missing Token,11789,0,0.20801904797554016,0.1912902444601059,0.56760573387146,0.7128880023956299
Soft Missing Token,11795,0,0.24091030657291412,-0.06136471778154373,0.6461498141288757,0.6559470295906067
Soft Missing Token,11800,0,0.367474228143692,0.008686564862728119,0.6996835470199585,0.5599313378334045
Soft Missing Token,11811,0,0.17696470022201538,-0.035934075713157654,0.5240926742553711,0.6947305798530579
Soft Missing Token,11817,0,0.350137859582901,0.007833941839635372,0.6843433976173401,0.5639610290527344
Soft Missing Token,11847,0,0.37419891357421875,0.036788634955883026,0.7024440765380859,0.5509354472160339
Soft Missing Token,11851,0,0.24638919532299042,-0.04429714009165764,0.6209315061569214,0.6741656064987183
Soft Missing Token,11855,0,0.2463410645723343,0.14929893612861633,0.6062065362930298,0.667246401309967
Soft Missing Token,11859,0,0.2555772662162781,-0.10230228304862976,0.6274658441543579,0.6393668055534363
Soft Missing Token,11862,0,0.2575310170650482,-0.025731483474373817,0.6293272972106934,0.6494027972221375
Soft Missing Token,11872,0,0.4538710415363312,0.04159383103251457,0.7575075030326843,0.5243737101554871
Soft Missing Token,11880,0,0.26603978872299194,0.12130952626466751,0.6321017146110535,0.6531491875648499
Soft Missing Token,11882,0,0.21706384420394897,0.04457756504416466,0.5865159630775452,0.6840108036994934
Soft Missing Token,11884,0,0.23600494861602783,0.16207769513130188,0.595369815826416,0.6606937050819397
Soft Missing Token,11895,0,0.24729034304618835,0.11953233182430267,0.5803369283676147,0.6731036305427551
Soft Missing Token,11898,0,0.24398066103458405,0.015218915417790413,0.5988680720329285,0.646264910697937
Soft Missing Token,11905,0,0.26766881346702576,0.11232081800699234,0.6505852937698364,0.6464006900787354
Soft Missing Token,11910,0,0.23604969680309296,0.025986647233366966,0.5865861773490906,0.6740609407424927
Soft Missing Token,11920,0,0.23886224627494812,-0.015676112845540047,0.6212882399559021,0.6491508483886719
Soft Missing Token,11927,0,0.29680776596069336,0.027703125029802322,0.631607174873352,0.6012767553329468
Soft Missing Token,11931,0,0.25246670842170715,0.03774278610944748,0.6453093886375427,0.6459827423095703
Soft Missing Token,11933,0,0.2798610031604767,0.10870150476694107,0.6472523808479309,0.6373603343963623
Soft Missing Token,11943,0,0.25595778226852417,0.10976891219615936,0.6376122832298279,0.6331881880760193
Soft Missing Token,11953,0,0.26507267355918884,0.10974149405956268,0.6285736560821533,0.643961489200592
Soft Missing Token,11957,0,0.037730783224105835,-0.08314267545938492,0.4429061710834503,0.5649584531784058
Soft Missing Token,11959,0,0.20366598665714264,-0.15152758359909058,0.5921835899353027,0.6815133690834045
Soft Missing Token,11983,0,0.23893891274929047,-0.032595813274383545,0.5905585885047913,0.6534191966056824
Soft Missing Token,11991,0,0.22830110788345337,-0.08726800978183746,0.5929452180862427,0.6707990765571594
Soft Missing Token,12004,0,0.3203914761543274,-0.08370982110500336,0.6694270372390747,0.5821111798286438
Soft Missing Token,12005,0,0.2508128881454468,0.0168005283921957,0.612165093421936,0.6391535997390747
Soft Missing Token,12009,0,0.2614768445491791,-0.023993276059627533,0.6406981348991394,0.6290552616119385
Soft Missing Token,12010,0,0.2551039457321167,0.0634995624423027,0.6305620074272156,0.635369598865509
Soft Missing Token,12018,0,0.13624493777751923,-0.06606443971395493,0.5450979471206665,0.49755287170410156
Soft Missing Token,12032,0,0.2576307952404022,0.1032717302441597,0.6330075263977051,0.6382573246955872
Soft Missing Token,12040,0,0.2601824104785919,0.16540589928627014,0.6210228800773621,0.6426141262054443
Soft Missing Token,12042,0,0.26333853602409363,-0.12027589231729507,0.633693277835846,0.6334737539291382
Soft Missing Token,12046,0,0.23510657250881195,-0.004695046693086624,0.6115355491638184,0.6858697533607483
Soft Missing Token,12053,0,0.194443479180336,-0.13556233048439026,0.5743730664253235,0.6926212906837463
Soft Missing Token,12059,0,0.3683812916278839,-0.043674807995557785,0.6953627467155457,0.5621165633201599
Soft Missing Token,12065,0,0.3642100393772125,-0.016528738662600517,0.6955251693725586,0.5618971586227417
Soft Missing Token,12066,0,0.2510046064853668,-0.035258665680885315,0.6249398589134216,0.6411868333816528
Soft Missing Token,12077,0,0.19783727824687958,-0.02586386911571026,0.562775731086731,0.6915374398231506
Soft Missing Token,12078,0,0.2343102991580963,-0.03399977460503578,0.6113885045051575,0.6605398654937744
Soft Missing Token,12079,0,0.26939523220062256,-0.04277494549751282,0.6335083842277527,0.6403974294662476
Soft Missing Token,12093,0,0.26215946674346924,-0.07597494125366211,0.6387818455696106,0.6329277753829956
Soft Missing Token,12114,0,0.21798506379127502,0.10106384754180908,0.5804436802864075,0.6979662775993347
Soft Missing Token,12118,0,0.19298984110355377,-0.12806034088134766,0.5579700469970703,0.691878080368042
Soft Missing Token,12141,0,0.21694770455360413,-0.06579476594924927,0.5864394307136536,0.6845786571502686
Soft Missing Token,12143,0,0.22183126211166382,-0.06925635784864426,0.5887498259544373,0.6779321432113647
Soft Missing Token,12153,0,0.26078224182128906,-0.2038002759218216,0.6317551732063293,0.6358789205551147
Soft Missing Token,12164,0,0.24910131096839905,-0.053924739360809326,0.6199416518211365,0.6632140278816223
Soft Missing Token,12165,0,0.20089642703533173,-0.01819475367665291,0.5525243282318115,0.6845211386680603
Soft Missing Token,12166,0,0.26446864008903503,0.05286724865436554,0.6341018080711365,0.6304696798324585
Soft Missing Token,12171,0,0.2418988049030304,0.023630328476428986,0.6223737597465515,0.646439254283905
Soft Missing Token,12173,0,0.26218968629837036,-0.0008951576892286539,0.6165313124656677,0.6331643462181091
Soft Missing Token,12177,0,0.22846320271492004,-0.03434746339917183,0.6096765995025635,0.6730639338493347
Soft Missing Token,12186,0,0.27916496992111206,-0.10508446395397186,0.630469799041748,0.6291224956512451
Soft Missing Token,12191,0,0.2618787884712219,0.058269012719392776,0.6250274777412415,0.6508333683013916
Soft Missing Token,12193,0,0.23832067847251892,-0.06649581342935562,0.595542311668396,0.6517165899276733
Soft Missing Token,12197,0,0.1079971119761467,-0.05934637039899826,0.5697563886642456,0.4915863871574402
Soft Missing Token,12206,0,0.26187822222709656,0.15673592686653137,0.6120246648788452,0.6533950567245483
Soft Missing Token,12208,0,0.3008386492729187,0.16910475492477417,0.6644542217254639,0.6224641799926758
Soft Missing Token,12213,0,0.24427983164787292,0.12125693261623383,0.597874641418457,0.6609076261520386
Soft Missing Token,12222,0,0.2829023599624634,-0.08716481178998947,0.6468092203140259,0.6290972232818604
Soft Missing Token,12241,0,0.24020704627037048,0.1905924379825592,0.597777783870697,0.655120313167572
Soft Missing Token,12242,0,0.24359029531478882,0.2117929458618164,0.6072342395782471,0.6716703772544861
Soft Missing Token,12254,0,0.2825130522251129,0.00305764377117157,0.638152003288269,0.6173247694969177
Soft Missing Token,12263,0,0.24812698364257812,0.10064516216516495,0.6452336311340332,0.6369863152503967
Soft Missing Token,12272,0,0.229798823595047,-0.018076682463288307,0.613333523273468,0.6707873940467834
Soft Missing Token,12279,0,0.23988783359527588,0.08685901761054993,0.5873442888259888,0.674467146396637
Soft Missing Token,12281,0,0.3035867214202881,-0.03553928807377815,0.6593174338340759,0.6143454313278198
Soft Missing Token,12284,0,0.20159274339675903,-0.06623876094818115,0.5824140906333923,0.704488217830658
Soft Missing Token,12297,0,0.22239968180656433,-0.05979480221867561,0.5977737307548523,0.6775869131088257
Soft Missing Token,12302,0,0.3563918173313141,-0.03541642799973488,0.6959022283554077,0.5722755789756775
Soft Missing Token,12317,0,0.26594632863998413,-0.00949570257216692,0.6372523903846741,0.6305473446846008
Soft Missing Token,12318,0,0.25976991653442383,-0.013441715389490128,0.6278014183044434,0.6366546154022217
Soft Missing Token,12327,0,0.08128852397203445,-0.020009761676192284,0.4637898802757263,0.7204675078392029
Soft Missing Token,12329,0,0.3154984414577484,-0.0671856477856636,0.6833569407463074,0.5849035382270813
Soft Missing Token,12336,0,0.22676298022270203,0.022415999323129654,0.5918784737586975,0.6525116562843323
Soft Missing Token,12340,0,0.20761409401893616,-0.04333136975765228,0.5824345946311951,0.6807870864868164
Soft Missing Token,12346,0,0.367756724357605,-0.08770381659269333,0.6932184100151062,0.5560544729232788
Soft Missing Token,12356,0,0.15186086297035217,-0.040873073041439056,0.4730362892150879,0.7435168623924255
Soft Missing Token,12361,0,0.22937193512916565,-0.0617741234600544,0.5945049524307251,0.6540329456329346
Soft Missing Token,12372,0,0.22272300720214844,0.08862493932247162,0.5553539991378784,0.6856982707977295
Soft Missing Token,12375,0,0.2565252482891083,-0.10291978716850281,0.613817572593689,0.6435054540634155
Soft Missing Token,12384,0,0.25520479679107666,0.19475719332695007,0.6362835764884949,0.6520007848739624
Soft Missing Token,12392,0,0.2647877335548401,0.07427613437175751,0.6667454838752747,0.640752375125885
Soft Missing Token,12395,0,0.23631158471107483,-0.12991686165332794,0.6244574189186096,0.659956693649292
Soft Missing Token,12401,0,0.23257693648338318,-0.015180252492427826,0.5999625325202942,0.6636906266212463
Soft Missing Token,12406,0,0.37676870822906494,-0.036237478256225586,0.7038693428039551,0.559431791305542
Soft Missing Token,12412,0,0.18844887614250183,-0.01874976046383381,0.4896789789199829,0.6999042630195618
Soft Missing Token,12414,0,0.27652713656425476,-0.16005189716815948,0.6687302589416504,0.6213863492012024
Soft Missing Token,12419,0,0.31544363498687744,-0.03172330930829048,0.6658296585083008,0.5869187712669373
Soft Missing Token,12422,0,0.25350266695022583,-0.07861679047346115,0.5909639000892639,0.6425288915634155
Soft Missing Token,12423,0,0.20027652382850647,-0.1427147388458252,0.57975172996521,0.6928719878196716
Soft Missing Token,12425,0,0.29270273447036743,0.0011118724942207336,0.6370331645011902,0.6107588410377502
Soft Missing Token,12437,0,0.17514780163764954,-0.032057564705610275,0.5173765420913696,0.7540005445480347
Soft Missing Token,12441,0,0.2501188814640045,0.06622154265642166,0.6121600866317749,0.6574634313583374
Soft Missing Token,12446,0,0.18567140400409698,-0.046762339770793915,0.5204936265945435,0.707251787185669
Soft Missing Token,12453,0,0.23747514188289642,0.015440234914422035,0.5934495329856873,0.6396076679229736
Soft Missing Token,12458,0,0.3728862702846527,-0.018084343522787094,0.6945728659629822,0.5605821013450623
Soft Missing Token,12461,0,0.26690730452537537,0.13444854319095612,0.6786993145942688,0.6286996006965637
Soft Missing Token,12480,0,0.3104184567928314,0.019433969631791115,0.6644525527954102,0.6016018390655518
Soft Missing Token,12494,0,0.27042433619499207,0.16864453256130219,0.6468816995620728,0.6226539611816406
Soft Missing Token,12499,0,0.233544260263443,-0.012385576963424683,0.6287854313850403,0.6623297333717346
Soft Missing Token,12538,0,0.24570956826210022,0.10571761429309845,0.5935522317886353,0.6669986844062805
Soft Missing Token,12539,0,0.2588902711868286,-0.05799425020813942,0.6165657639503479,0.652441680431366
Soft Missing Token,12545,0,0.17004750669002533,-0.00712145771831274,0.4670674502849579,0.7263627052307129
Soft Missing Token,12546,0,0.16091658174991608,-0.010444438084959984,0.4536459445953369,0.7825298309326172
Soft Missing Token,12548,0,0.2756234407424927,0.02074451558291912,0.6159238219261169,0.6263197064399719
Soft Missing Token,12556,0,0.3627466857433319,-0.021654032170772552,0.684374988079071,0.5649726986885071
Soft Missing Token,12563,0,0.1672021746635437,-0.10136114805936813,0.5667937994003296,0.5342674255371094
Soft Missing Token,12569,0,0.28029191493988037,0.001531383953988552,0.6226261854171753,0.6267764568328857
Soft Missing Token,12573,0,0.22922080755233765,0.20996777713298798,0.5845009088516235,0.677943766117096
Soft Missing Token,12581,0,0.2158634513616562,-0.1000128909945488,0.5922411680221558,0.6632795333862305
Soft Missing Token,12582,0,0.22526639699935913,-0.014604477211833,0.5948485732078552,0.6840018033981323
Soft Missing Token,12589,0,0.22575344145298004,-0.12155632674694061,0.6037101149559021,0.6892766952514648
Soft Missing Token,12595,0,0.24749454855918884,-0.09462252259254456,0.599501371383667,0.6644458174705505
Soft Missing Token,12606,0,0.22397521138191223,0.13431771099567413,0.5579648017883301,0.6960300207138062
Soft Missing Token,12611,0,0.21631914377212524,-0.03992302715778351,0.5822194218635559,0.6773762106895447
Soft Missing Token,12612,0,0.2803382873535156,0.07438378036022186,0.641476571559906,0.639033317565918
Soft Missing Token,12613,0,0.21826325356960297,0.17429770529270172,0.554390549659729,0.6968975067138672
Soft Missing Token,12623,0,0.21147140860557556,0.0039369575679302216,0.5907022953033447,0.6795941591262817
Soft Missing Token,12630,0,0.19297809898853302,-0.012063194066286087,0.5630420446395874,0.7086471915245056
Soft Missing Token,12639,0,0.24564290046691895,-0.08715344220399857,0.6238477826118469,0.6317518949508667
Soft Missing Token,12645,0,0.27501797676086426,-0.0798766165971756,0.6668756604194641,0.6143293976783752
Soft Missing Token,12648,0,0.23059841990470886,0.03174259513616562,0.5878693461418152,0.6683278679847717
Soft Missing Token,12669,0,0.2547512352466583,-0.10968907922506332,0.6438610553741455,0.6418826580047607
Soft Missing Token,12675,0,0.26428231596946716,-0.035270240157842636,0.6028967499732971,0.6433230638504028
Soft Missing Token,12686,0,0.2519833445549011,-0.04423152282834053,0.6503176689147949,0.6623907685279846
Soft Missing Token,12693,0,0.23421227931976318,0.04371213540434837,0.585107147693634,0.6604329347610474
Soft Missing Token,12694,0,0.22321972250938416,-0.06295627355575562,0.584245502948761,0.6874598264694214
Soft Missing Token,12723,0,0.2142169028520584,-0.12680287659168243,0.6065081357955933,0.6752203702926636
Soft Missing Token,12729,0,0.20725426077842712,-0.062033556401729584,0.562465250492096,0.6752104163169861
Soft Missing Token,12740,0,0.25904130935668945,-0.06011904031038284,0.6375987529754639,0.6445722579956055
Soft Missing Token,12748,0,0.21093180775642395,-0.13560320436954498,0.5824954509735107,0.6793666481971741
Soft Missing Token,12750,0,0.24004623293876648,-0.08166341483592987,0.5991080403327942,0.6488065719604492
Soft Missing Token,12752,0,0.22167804837226868,-0.07389964908361435,0.589367151260376,0.6640629768371582
Soft Missing Token,12755,0,0.19872915744781494,-0.14819979667663574,0.5476667881011963,0.7005415558815002
Soft Missing Token,12757,0,0.26148509979248047,0.10376913100481033,0.6036417484283447,0.6597760915756226
Soft Missing Token,12758,0,0.26448753476142883,0.0742248147726059,0.6432546377182007,0.6209465861320496
Soft Missing Token,12766,0,0.17294606566429138,-0.18288098275661469,0.6347407698631287,0.48106977343559265
Soft Missing Token,12767,0,0.2590017318725586,-0.0782114639878273,0.6292906403541565,0.6459864377975464
Soft Missing Token,12776,0,0.21787431836128235,-0.06772785633802414,0.5950717329978943,0.7025855183601379
Soft Missing Token,12786,0,0.21352940797805786,-0.07935717701911926,0.6001564860343933,0.6638072729110718
Soft Missing Token,12800,0,0.2620013654232025,-0.03143946826457977,0.6099557876586914,0.6183525919914246
Soft Missing Token,12806,0,0.29750901460647583,0.05468935891985893,0.6630210876464844,0.5917537808418274
Soft Missing Token,12822,0,0.19712896645069122,-0.037936389446258545,0.5463947057723999,0.6727770566940308
Soft Missing Token,12838,0,0.2625376582145691,0.14092105627059937,0.643929123878479,0.6329958438873291
Soft Missing Token,12845,0,0.27485573291778564,0.09827224910259247,0.6358875036239624,0.6442320942878723
Soft Missing Token,12851,0,0.21328336000442505,-0.026055773720145226,0.5710010528564453,0.6918455958366394
Soft Missing Token,12867,0,0.24261710047721863,0.1960602104663849,0.5952046513557434,0.6620956659317017
Soft Missing Token,12878,0,0.17637263238430023,-0.03737608343362808,0.5308626890182495,0.7076537013053894
Soft Missing Token,12881,0,0.1855749785900116,-0.15495087206363678,0.57987380027771,0.47956523299217224
Soft Missing Token,12883,0,0.1964336335659027,0.01247471570968628,0.49156907200813293,0.7087007761001587
Soft Missing Token,12888,0,0.2438628375530243,0.10576964914798737,0.6274331212043762,0.6615962982177734
Soft Missing Token,12890,0,0.10100036859512329,-0.06895647943019867,0.540237307548523,0.6257055997848511
Soft Missing Token,12892,0,0.23597843945026398,0.07259553670883179,0.6071999669075012,0.6705585718154907
Soft Missing Token,12903,0,0.21145527064800262,0.11383970081806183,0.5777551531791687,0.6940617561340332
Soft Missing Token,12933,0,0.3548758924007416,-0.0013522556982934475,0.6816564798355103,0.5706313848495483
Soft Missing Token,12937,0,0.22808368504047394,0.006266610696911812,0.5697914958000183,0.6526288390159607
Soft Missing Token,12938,0,0.24876150488853455,0.056670717895030975,0.622495710849762,0.6533984541893005
Soft Missing Token,12941,0,0.23723050951957703,0.03896434232592583,0.6212837100028992,0.656116247177124
Soft Missing Token,12948,0,0.2995128035545349,-0.05832965672016144,0.6512954831123352,0.5910800695419312
Soft Missing Token,12962,0,0.24657949805259705,-0.03562314435839653,0.6196054816246033,0.6728112697601318
Soft Missing Token,12964,0,0.2338019460439682,0.13130690157413483,0.623193621635437,0.6629466414451599
Soft Missing Token,12968,0,0.25439178943634033,-0.03190513700246811,0.6266710758209229,0.6501202583312988
Soft Missing Token,12972,0,0.2687027156352997,0.029821792617440224,0.6376799941062927,0.639041543006897
Soft Missing Token,12976,0,0.23115408420562744,-0.023395583033561707,0.539050281047821,0.669451892375946
Soft Missing Token,12978,0,0.3415081799030304,0.04951327294111252,0.6982215642929077,0.5844575762748718
Soft Missing Token,12979,0,0.21139174699783325,0.13490135967731476,0.5864449143409729,0.67791348695755
Soft Missing Token,12990,0,0.23939894139766693,-0.17172646522521973,0.6110700964927673,0.6502953767776489
Soft Missing Token,13001,0,0.4387381374835968,-0.013923305086791515,0.7412194013595581,0.5326175093650818
Soft Missing Token,13014,0,0.2017669975757599,0.05336104705929756,0.5646747350692749,0.7513209581375122
Soft Missing Token,13019,0,0.24565698206424713,0.10504874587059021,0.6221309900283813,0.6659913659095764
Soft Missing Token,13025,0,0.24373219907283783,0.08298284560441971,0.646007239818573,0.6591230630874634
Soft Missing Token,13028,0,0.24476031959056854,0.19842679798603058,0.6262699961662292,0.6522759795188904
Soft Missing Token,13038,0,0.22887548804283142,-0.0726001039147377,0.596746563911438,0.6684791445732117
Soft Missing Token,13039,0,0.22873277962207794,-0.015769967809319496,0.6091673970222473,0.661229133605957
Soft Missing Token,13040,0,0.24274082481861115,-0.018308525905013084,0.6045828461647034,0.6450924873352051
Soft Missing Token,13042,0,0.21256938576698303,-0.06612259149551392,0.5501489043235779,0.68464595079422
Soft Missing Token,13049,0,0.19225117564201355,-0.011368373408913612,0.5344703793525696,0.7101557850837708
Soft Missing Token,13054,0,0.2560158669948578,0.08507465571165085,0.647875189781189,0.6365116834640503
Soft Missing Token,13063,0,0.21433047950267792,-0.10820230096578598,0.595574676990509,0.6796004176139832
Soft Missing Token,13069,0,0.16836777329444885,0.0033722901716828346,0.540141761302948,0.738502562046051
Soft Missing Token,13074,0,0.25168249011039734,-0.024493908509612083,0.6948560476303101,0.6366254687309265
Soft Missing Token,13075,0,0.2976831793785095,0.2096826434135437,0.6618859767913818,0.6213831305503845
Soft Missing Token,13079,0,0.28979387879371643,-0.047085750848054886,0.6503934860229492,0.6199644207954407
Soft Missing Token,13090,0,0.18718813359737396,-0.02943749725818634,0.5432947874069214,0.6718814373016357
Soft Missing Token,13103,0,0.2012072652578354,-0.03649188578128815,0.5008599758148193,0.7014927268028259
Soft Missing Token,13110,0,0.2624916136264801,-0.19271546602249146,0.6818339824676514,0.6364530324935913
Soft Missing Token,13119,0,0.2849811017513275,-0.07137341797351837,0.6450881958007812,0.6380646824836731
Soft Missing Token,13121,0,0.2828332185745239,-0.009032929316163063,0.6431846022605896,0.6157227158546448
Soft Missing Token,13125,0,0.19849874079227448,-0.09279005974531174,0.566493809223175,0.6911770105361938
Soft Missing Token,13139,0,0.2879865765571594,-0.028398308902978897,0.6565117239952087,0.6093628406524658
Soft Missing Token,13141,0,0.25308695435523987,0.1282939463853836,0.6263583898544312,0.6622005105018616
Soft Missing Token,13188,0,0.28076237440109253,0.16032595932483673,0.6670807003974915,0.6209769248962402
Soft Missing Token,13193,0,0.25313666462898254,-0.03354828059673309,0.6301567554473877,0.6309970617294312
Soft Missing Token,13209,0,0.20245413482189178,-0.06171847879886627,0.5615941286087036,0.7125862836837769
Soft Missing Token,13210,0,0.23365841805934906,-0.04504499211907387,0.6027461886405945,0.66277015209198
Soft Missing Token,13214,0,0.22563029825687408,-0.1651419699192047,0.5973333120346069,0.6615739464759827
Soft Missing Token,13219,0,0.18712544441223145,-0.03513999655842781,0.6134964823722839,0.6143168807029724
Soft Missing Token,13222,0,0.08391981571912766,-0.028308050706982613,0.4796296954154968,0.5467163324356079
Soft Missing Token,13225,0,0.1633276641368866,-0.018854424357414246,0.47210562229156494,0.7716166973114014
Soft Missing Token,13230,0,0.27323588728904724,0.03036816045641899,0.6382105946540833,0.6251292824745178
Soft Missing Token,13241,0,0.22772905230522156,0.006421263795346022,0.6041219234466553,0.6534562706947327
Soft Missing Token,13258,0,0.21451005339622498,-0.017498066648840904,0.5701271891593933,0.6744976043701172
Soft Missing Token,13284,0,0.23773670196533203,0.20570141077041626,0.6144018769264221,0.6644290089607239
Soft Missing Token,13285,0,0.16918180882930756,-0.035946816205978394,0.44402170181274414,0.8125998973846436
Soft Missing Token,13289,0,0.23326990008354187,0.06404221057891846,0.605327308177948,0.6643316745758057
Soft Missing Token,13301,0,0.23373448848724365,0.05906554311513901,0.6159860491752625,0.6602100729942322
Soft Missing Token,13302,0,0.19055302441120148,-0.018595967441797256,0.5360701084136963,0.7324534058570862
Soft Missing Token,13311,0,0.2703561782836914,0.009483961388468742,0.6583600640296936,0.6183180809020996
Soft Missing Token,13313,0,0.20595544576644897,-0.11724398285150528,0.5757807493209839,0.6916824579238892
Soft Missing Token,13335,0,0.23045852780342102,0.15169444680213928,0.5832671523094177,0.6668224930763245
Soft Missing Token,13342,0,0.4096362590789795,-0.00044052116572856903,0.7156766057014465,0.5442553162574768
Soft Missing Token,13352,0,0.34971141815185547,-0.07531972229480743,0.6918823719024658,0.5641233325004578
Soft Missing Token,13366,0,0.22093555331230164,0.03177354484796524,0.5777094960212708,0.6630786061286926
Soft Missing Token,13373,0,-0.018629347905516624,-0.04684276878833771,0.46005281805992126,0.6543811559677124
Soft Missing Token,13380,0,0.1994219571352005,-0.08649622648954391,0.557584822177887,0.6942905187606812
Soft Missing Token,13410,0,0.22134040296077728,-0.018497375771403313,0.5780843496322632,0.6615071296691895
Soft Missing Token,13412,0,0.25603005290031433,0.01792663149535656,0.6317827105522156,0.6507145762443542
Soft Missing Token,13413,0,0.2578810453414917,0.2013007402420044,0.6079636812210083,0.6503676176071167
Soft Missing Token,13426,0,0.16127657890319824,-0.03761288523674011,0.5683742165565491,0.6977139115333557
Soft Missing Token,13427,0,0.24831578135490417,0.016738202422857285,0.6218583583831787,0.6499165892601013
Soft Missing Token,13444,0,0.32016241550445557,-0.07001155614852905,0.6649409532546997,0.6064220666885376
Soft Missing Token,13445,0,0.2725640535354614,-0.11158572137355804,0.6402086615562439,0.6312378644943237
Soft Missing Token,13456,0,0.2022642195224762,-0.02656112052500248,0.5936613082885742,0.6878648400306702
Soft Missing Token,13460,0,0.2242341935634613,0.13773348927497864,0.5886858701705933,0.6790968179702759
Soft Missing Token,13465,0,0.24011871218681335,-0.13133332133293152,0.6023811101913452,0.6606135964393616
Soft Missing Token,13478,0,0.27800992131233215,-0.016221724450588226,0.6444060802459717,0.636351466178894
Soft Missing Token,13483,0,0.2272304743528366,-0.027785703539848328,0.5963844060897827,0.6546007394790649
Soft Missing Token,13495,0,0.22433774173259735,0.010456522926688194,0.5735466480255127,0.6562860012054443
Soft Missing Token,13497,0,0.28948038816452026,-0.005173759534955025,0.6677858233451843,0.6222255825996399
Soft Missing Token,13498,0,0.250438392162323,0.10436075925827026,0.6067700386047363,0.6359808444976807
Soft Missing Token,13499,0,0.2697167694568634,0.06394074857234955,0.6368182301521301,0.6341878175735474
Soft Missing Token,13502,0,0.26795724034309387,0.08186741173267365,0.6367252469062805,0.6250428557395935
Soft Missing Token,13508,0,0.23384715616703033,0.05859556049108505,0.6108685731887817,0.6637164354324341
Soft Missing Token,13523,0,0.23535090684890747,0.056278422474861145,0.5990585088729858,0.6651747226715088
Soft Missing Token,13534,0,0.2585694491863251,-0.010235412046313286,0.6653153896331787,0.6353995203971863
Soft Missing Token,13550,0,0.16911447048187256,-0.03765961900353432,0.5317348837852478,0.7447600960731506
Soft Missing Token,13556,0,0.24979296326637268,-0.012846147641539574,0.6220322251319885,0.6559942960739136
Soft Missing Token,13558,0,0.2308526188135147,-0.12384835630655289,0.612188994884491,0.6667609214782715
Soft Missing Token,13561,0,0.23464064300060272,-0.06175629794597626,0.586546003818512,0.6734863519668579
Soft Missing Token,13575,0,0.28100693225860596,-0.04126008227467537,0.6454552412033081,0.632638692855835
Soft Missing Token,13601,0,0.19671684503555298,-0.03169313445687294,0.5248249173164368,0.7242639660835266
Soft Missing Token,13603,0,0.25050023198127747,-0.011230154894292355,0.6092988848686218,0.6173731088638306
Soft Missing Token,13621,0,0.21782787144184113,0.007926170714199543,0.6028746962547302,0.664577066898346
Soft Missing Token,13622,0,0.23019017279148102,-0.08642998337745667,0.6469629406929016,0.6632956266403198
Soft Missing Token,13646,0,0.27775734663009644,0.06265774369239807,0.67327481508255,0.6292252540588379
Soft Missing Token,13658,0,0.24613076448440552,0.14249283075332642,0.583893895149231,0.6564093232154846
Soft Missing Token,13662,0,0.27320051193237305,-0.0615120455622673,0.6514260768890381,0.6233512759208679
Soft Missing Token,13663,0,0.22066514194011688,-0.13200566172599792,0.5851258039474487,0.6594564914703369
Soft Missing Token,13665,0,0.2421458512544632,0.22827783226966858,0.6235767006874084,0.6555151343345642
Soft Missing Token,13678,0,0.1812022477388382,-0.022890882566571236,0.4873126149177551,0.7011016011238098
Soft Missing Token,13680,0,0.2735072672367096,0.15199187397956848,0.6077802181243896,0.6446203589439392
Soft Missing Token,13684,0,0.19004987180233002,-0.0024587498046457767,0.5390818119049072,0.7085754871368408
Soft Missing Token,13687,0,0.35238996148109436,-0.006550682708621025,0.681248128414154,0.5709310173988342
Soft Missing Token,13689,0,0.23298893868923187,0.2164883017539978,0.6162617206573486,0.6689021587371826
Soft Missing Token,13692,0,0.29993683099746704,0.02433408610522747,0.6595742106437683,0.6121784448623657
Soft Missing Token,13695,0,0.2960786819458008,0.10657656937837601,0.7155205011367798,0.6209288239479065
Soft Missing Token,13709,0,0.22733545303344727,0.12563839554786682,0.585991382598877,0.6852989196777344
Soft Missing Token,13711,0,0.2610694169998169,0.15046390891075134,0.6380799412727356,0.6340080499649048
Soft Missing Token,13728,0,0.2751855254173279,0.09441456943750381,0.6417751312255859,0.6240250468254089
Soft Missing Token,13732,0,0.31951406598091125,0.09446463733911514,0.6894481778144836,0.6016968488693237
Soft Missing Token,13733,0,0.2944582402706146,-0.008863700553774834,0.640018880367279,0.607910692691803
Soft Missing Token,13735,0,0.246654212474823,-0.007790116593241692,0.6205315589904785,0.6588042974472046
Soft Missing Token,13746,0,0.21290092170238495,-0.001549518434330821,0.5525869727134705,0.6743682026863098
Soft Missing Token,13754,0,0.19378997385501862,-0.11647619307041168,0.5906973481178284,0.6795235872268677
Soft Missing Token,13763,0,0.4144168496131897,-0.06305335462093353,0.7348934412002563,0.5401787757873535
Soft Missing Token,13772,0,0.23145659267902374,-0.0033750804141163826,0.6097370982170105,0.6805916428565979
Soft Missing Token,13773,0,0.22603799402713776,0.07479987293481827,0.5785648822784424,0.6800495386123657
Soft Missing Token,13789,0,0.35654735565185547,-0.09232721477746964,0.7078456878662109,0.5631125569343567
Soft Missing Token,13790,0,0.32619279623031616,0.012603383511304855,0.644091784954071,0.5823091864585876
Soft Missing Token,13792,0,0.22599893808364868,-0.017963295802474022,0.5855206847190857,0.6845080256462097
Soft Missing Token,13797,0,0.21398112177848816,-0.021681495010852814,0.6089908480644226,0.6893302202224731
Soft Missing Token,13798,0,0.20190027356147766,0.0026819524355232716,0.5107492208480835,0.6780428290367126
Soft Missing Token,13814,0,0.2918022871017456,-0.07588950544595718,0.6666811108589172,0.6258407831192017
Soft Missing Token,13817,0,0.19465163350105286,-0.01902717724442482,0.5202226042747498,0.6973310112953186
Soft Missing Token,13823,0,0.28715139627456665,-0.09907214343547821,0.667833685874939,0.6246311068534851
Soft Missing Token,13831,0,0.3098163902759552,0.008239232935011387,0.6713365316390991,0.6048822402954102
Soft Missing Token,13848,0,0.421073317527771,-0.033565547317266464,0.731033980846405,0.5413236618041992
Soft Missing Token,13855,0,0.28602245450019836,9.150197729468346e-05,0.7023206949234009,0.6204319596290588
Soft Missing Token,13864,0,0.37182682752609253,-0.06491661071777344,0.701840341091156,0.5521514415740967
Soft Missing Token,13867,0,0.24359595775604248,0.06739422678947449,0.6059632897377014,0.6506362557411194
Soft Missing Token,13868,0,0.2779945135116577,-0.11658674478530884,0.6429755091667175,0.6214715242385864
Soft Missing Token,13869,0,0.28204819560050964,0.10966896265745163,0.6230318546295166,0.6411125063896179
Soft Missing Token,13878,0,0.21820864081382751,-0.07861775904893875,0.5973237752914429,0.6597055196762085
Soft Missing Token,13881,0,0.2826292812824249,0.04691828787326813,0.6327021718025208,0.6298137307167053
Soft Missing Token,13885,0,0.3935284912586212,-0.008586784824728966,0.7157809138298035,0.5600184202194214
Soft Missing Token,13899,0,0.21990320086479187,-0.03142675384879112,0.5674694180488586,0.6372509598731995
Soft Missing Token,13908,0,0.24092715978622437,-0.0803418979048729,0.721458375453949,0.6336422562599182
Soft Missing Token,13912,0,0.06972229480743408,-0.14168541133403778,0.547257125377655,0.5339566469192505
Soft Missing Token,13915,0,0.23124176263809204,-0.03387712314724922,0.6012787818908691,0.6618619561195374
Soft Missing Token,13920,0,0.2471979856491089,0.1272115856409073,0.6306174397468567,0.6368235945701599
Soft Missing Token,13946,0,0.24065810441970825,0.05840076133608818,0.6222267150878906,0.6668688058853149
Soft Missing Token,13961,0,0.1947600096464157,0.0017638071440160275,0.5628148913383484,0.6768497228622437
Soft Missing Token,13967,0,0.22132006287574768,-0.05141402408480644,0.5817399024963379,0.6752138137817383
Soft Missing Token,13983,0,0.23874884843826294,-0.06404789537191391,0.6094025373458862,0.6513102054595947
Soft Missing Token,13985,0,0.24272644519805908,0.12377660721540451,0.6240488886833191,0.6660920977592468
Soft Missing Token,14002,0,0.2629939913749695,-0.02608141116797924,0.6349844932556152,0.6258289217948914
Soft Missing Token,14008,0,0.2469107210636139,-0.07666102051734924,0.6337029337882996,0.6505017280578613
Soft Missing Token,14015,0,0.2170063555240631,-0.05130886659026146,0.5826152563095093,0.6942168474197388
Soft Missing Token,14033,0,0.2761631906032562,-0.06921272724866867,0.6492484211921692,0.6403377056121826
Soft Missing Token,14068,0,0.21899625658988953,-0.025471720844507217,0.5890785455703735,0.6665145754814148
Soft Missing Token,14073,0,0.2790564298629761,0.13319005072116852,0.6329203844070435,0.6342360973358154
Soft Missing Token,14086,0,0.2131444364786148,0.002009299350902438,0.5303778052330017,0.6641314625740051
Soft Missing Token,14087,0,0.24364715814590454,0.11230644583702087,0.5874468684196472,0.6645573973655701
Soft Missing Token,14095,0,0.2526526153087616,-0.030141474679112434,0.6058974862098694,0.6501741409301758
Soft Missing Token,14110,0,0.36429524421691895,-0.03222676366567612,0.6881507039070129,0.5664354562759399
Soft Missing Token,14116,0,0.19623622298240662,-0.04648033529520035,0.5114164352416992,0.7124877572059631
Soft Missing Token,14121,0,0.25477758049964905,-0.06513404101133347,0.616381049156189,0.6298675537109375
Soft Missing Token,14124,0,0.23730066418647766,-0.09167680144309998,0.6413506269454956,0.6528278589248657
Soft Missing Token,14125,0,0.15670067071914673,-0.04344434291124344,0.5264095067977905,0.7467418909072876
Soft Missing Token,14130,0,0.20984531939029694,-0.010814870707690716,0.5664960145950317,0.7011566758155823
Soft Missing Token,14131,0,0.34408214688301086,-0.044147055596113205,0.6805354952812195,0.5709317922592163
Soft Missing Token,14139,0,0.28926363587379456,-0.05519182235002518,0.6567490100860596,0.6109774112701416
Soft Missing Token,14143,0,0.2225334644317627,-0.11621382087469101,0.5886330008506775,0.6610506176948547
Soft Missing Token,14155,0,0.25549715757369995,0.014565316028892994,0.6131297945976257,0.6460651755332947
Soft Missing Token,14164,0,0.2701450288295746,0.06587047874927521,0.6343761086463928,0.6255087852478027
Soft Missing Token,14166,0,0.22440659999847412,0.14675286412239075,0.5876342058181763,0.6806553602218628
Soft Missing Token,14172,0,0.2620302438735962,0.15769313275814056,0.6517640948295593,0.6224363446235657
Soft Missing Token,14175,0,0.3780422806739807,-0.058492377400398254,0.7021536827087402,0.5515179634094238
Soft Missing Token,14180,0,0.24644657969474792,0.11009208112955093,0.6244013905525208,0.6607210040092468
Soft Missing Token,14182,0,0.2752992808818817,0.10916563123464584,0.6375115513801575,0.6362892389297485
Soft Missing Token,14184,0,0.25189208984375,-0.053516026586294174,0.6906591653823853,0.6348561644554138
Soft Missing Token,14186,0,0.2946535050868988,-0.070390485227108,0.661910891532898,0.6139850616455078
Soft Missing Token,14191,0,0.2608170509338379,0.21449415385723114,0.6189681887626648,0.6450610756874084
Soft Missing Token,14208,0,0.28840798139572144,0.17845965921878815,0.683174192905426,0.6153056025505066
Soft Missing Token,14257,0,0.20683154463768005,0.007310665212571621,0.4986298978328705,0.6862186193466187
Soft Missing Token,14265,0,0.26282861828804016,-0.03881760686635971,0.6307857036590576,0.6383014917373657
Soft Missing Token,14266,0,0.24553640186786652,-0.04624868929386139,0.6321247816085815,0.6480686664581299
Soft Missing Token,14279,0,0.35692352056503296,-0.06468638777732849,0.6883073449134827,0.5581427812576294
Soft Missing Token,14284,0,0.22768941521644592,0.15295633673667908,0.5868192911148071,0.6716864705085754
Soft Missing Token,14297,0,0.21069394052028656,0.09283460676670074,0.5853679180145264,0.6840037703514099
Soft Missing Token,14315,0,0.36547836661338806,0.09569618850946426,0.6987652778625488,0.552544116973877
Soft Missing Token,14341,0,0.28173553943634033,0.03330421447753906,0.665360689163208,0.6176542043685913
Soft Missing Token,14343,0,0.21391896903514862,-0.14605610072612762,0.57943195104599,0.6797938346862793
Soft Missing Token,14352,0,0.24305018782615662,-0.04800249636173248,0.6129618287086487,0.6520378589630127
Soft Missing Token,14363,0,0.3113749623298645,0.039337076246738434,0.7231777906417847,0.6130828857421875
Soft Missing Token,14367,0,0.29516249895095825,0.02750571072101593,0.6828888058662415,0.6094018816947937
Soft Missing Token,14369,0,0.2615029215812683,-0.0052431607618927956,0.6091903448104858,0.6116055250167847
Soft Missing Token,14377,0,0.22238169610500336,-0.0826481506228447,0.5773492455482483,0.6766595244407654
Soft Missing Token,14397,0,0.3846663236618042,-0.012533506378531456,0.6897858381271362,0.5409291386604309
Soft Missing Token,14408,0,0.38592076301574707,-0.017002100124955177,0.6894447803497314,0.5398186445236206
Soft Missing Token,14411,0,0.38387012481689453,-0.006645141635090113,0.6926350593566895,0.5413157343864441
Soft Missing Token,14413,0,0.38424718379974365,-0.02017928473651409,0.6883977651596069,0.5389411449432373
Soft Missing Token,14419,0,0.37542814016342163,-0.012021922506392002,0.6847637295722961,0.5417206883430481
Soft Missing Token,14421,0,0.38991647958755493,-0.010465458035469055,0.69584721326828,0.5380896925926208
Soft Missing Token,14423,0,0.38497063517570496,-0.014554820954799652,0.6884645223617554,0.5405318737030029
Soft Missing Token,14433,0,0.37408456206321716,-0.021335864439606667,0.6799075603485107,0.5443705320358276
Soft Missing Token,14438,0,0.3864085376262665,-0.022061964496970177,0.6931305527687073,0.5412063002586365
Soft Missing Token,14439,0,0.3813220262527466,-0.019365912303328514,0.6884737610816956,0.5400207042694092
Soft Missing Token,14451,0,0.3842255473136902,-0.022905759513378143,0.6897727251052856,0.5401089787483215
Soft Missing Token,14453,0,0.3862777054309845,-0.010164419189095497,0.6991478204727173,0.5379358530044556
Soft Missing Token,14463,0,0.37936529517173767,-0.009733310900628567,0.6919113397598267,0.5389624834060669
Soft Missing Token,14467,0,0.38447022438049316,-0.01875990629196167,0.6822778582572937,0.5417182445526123
Soft Missing Token,14468,0,0.3846612572669983,-0.01817784272134304,0.6909554600715637,0.5378493070602417
Soft Missing Token,14477,0,0.38753601908683777,-0.023804910480976105,0.6986391544342041,0.5383380055427551
Soft Missing Token,14487,0,0.38313522934913635,-0.012098519131541252,0.6908217668533325,0.5405397415161133
Soft Missing Token,14504,0,0.3880053162574768,-0.004617797210812569,0.6942344903945923,0.5395014882087708
Soft Missing Token,14513,0,0.38845646381378174,-0.013997740112245083,0.6941723227500916,0.540216863155365
Soft Missing Token,14514,0,0.38667893409729004,-0.013361569494009018,0.6917304396629333,0.5401342511177063
Soft Missing Token,14517,0,0.38934236764907837,-0.009117773734033108,0.6933111548423767,0.5398197174072266
Soft Missing Token,14526,0,0.3869354724884033,-0.013355519622564316,0.6939805150032043,0.5396574139595032
Soft Missing Token,14529,0,0.38053661584854126,-0.01404267456382513,0.6881207227706909,0.5414851903915405
Soft Missing Token,14535,0,0.39006930589675903,-0.01443385798484087,0.6890583038330078,0.5404742956161499
Soft Missing Token,14546,0,0.3877423405647278,-0.019650720059871674,0.691246747970581,0.5404058694839478
Soft Missing Token,14550,0,0.3848536014556885,-0.020036688074469566,0.6916850209236145,0.5418155193328857
Soft Missing Token,14559,0,0.38793623447418213,-0.025179479271173477,0.689517617225647,0.5390873551368713
Soft Missing Token,14567,0,0.38099566102027893,-0.009431309066712856,0.6884063482284546,0.5410036444664001
Soft Missing Token,14569,0,0.38056036829948425,-0.003939971327781677,0.6848011612892151,0.5416127443313599
Soft Missing Token,14578,0,0.38618066906929016,-0.010490580461919308,0.6885743737220764,0.5401065945625305
Soft Missing Token,14590,0,0.3897835910320282,-0.011227783747017384,0.6928026080131531,0.540488064289093
Soft Missing Token,14596,0,0.5467043519020081,-0.02554750069975853,1.0981816053390503,0.355630099773407
Soft Missing Token,14597,0,0.3827666640281677,-0.015846775844693184,0.6919118762016296,0.5375601053237915
Soft Missing Token,14610,0,0.3852429687976837,-0.019475627690553665,0.6941008567810059,0.5401439070701599
Soft Missing Token,14625,0,0.37811070680618286,-0.0159263014793396,0.6850666999816895,0.5432626605033875
Soft Missing Token,14636,0,0.3877420723438263,-0.011684573255479336,0.694023072719574,0.5393187999725342
Soft Missing Token,14660,0,0.39362189173698425,-0.019214127212762833,0.6947327256202698,0.5383281707763672
Soft Missing Token,14672,0,0.3822340965270996,-0.01952957548201084,0.6906179785728455,0.5414915680885315
Soft Missing Token,14674,0,0.3900643587112427,-0.013569297268986702,0.6953786611557007,0.5378827452659607
Soft Missing Token,14675,0,0.37683942914009094,-0.011654796078801155,0.6838903427124023,0.5421245694160461
Soft Missing Token,14676,0,0.3908948600292206,-0.011456064879894257,0.6944139003753662,0.5378977060317993
Soft Missing Token,14691,0,0.37998083233833313,-0.022819412872195244,0.6829171180725098,0.5431341528892517
Soft Missing Token,14695,0,0.38356080651283264,-0.019330020993947983,0.6870336532592773,0.5407891273498535
Soft Missing Token,14698,0,0.38334470987319946,-0.017116382718086243,0.6871041059494019,0.541165828704834
Soft Missing Token,14720,0,0.3880438804626465,-0.016588374972343445,0.6962381601333618,0.5391731262207031
Soft Missing Token,14725,0,0.38573408126831055,-0.015829045325517654,0.6909525990486145,0.5392944812774658
Soft Missing Token,14727,0,0.382098525762558,-0.015471860766410828,0.6876580715179443,0.5429235696792603
Soft Missing Token,14744,0,0.3880595564842224,-0.021824344992637634,0.6934391260147095,0.5389133095741272
Soft Missing Token,14747,0,0.38194218277931213,-0.013904137536883354,0.6832128167152405,0.5418201684951782
Soft Missing Token,14755,0,0.38221296668052673,-0.02572639472782612,0.6860736012458801,0.541806697845459
Soft Missing Token,14768,0,0.38247719407081604,-0.016143400222063065,0.6938172578811646,0.5399150848388672
Soft Missing Token,14776,0,0.3854970932006836,-0.01107631716877222,0.6881890296936035,0.5406908988952637
Soft Missing Token,14781,0,0.38884392380714417,-0.011420546099543571,0.6928490996360779,0.538875162601471
Soft Missing Token,14792,0,0.3868424892425537,-0.010096883401274681,0.6904025077819824,0.5401846766471863
Soft Missing Token,14797,0,0.3879415690898895,-0.02202466130256653,0.6969109773635864,0.5396712422370911
Soft Missing Token,14801,0,0.3831406533718109,-0.015030864626169205,0.6899681091308594,0.5418291091918945
Soft Missing Token,14805,0,0.3866872787475586,-0.018035003915429115,0.6874806880950928,0.5392801761627197
Soft Missing Token,14806,0,0.37612855434417725,-0.014651687815785408,0.6835808753967285,0.540753185749054
Soft Missing Token,14812,0,0.3909880518913269,-0.015782037749886513,0.6943807601928711,0.5407372713088989
Soft Missing Token,14813,0,0.3869899809360504,-0.02037494257092476,0.6922567486763,0.5393112897872925
Soft Missing Token,14819,0,0.3816366195678711,-0.01578384079039097,0.6877261400222778,0.5405494570732117
Soft Missing Token,14821,0,0.3881150484085083,-0.01664765551686287,0.6899673938751221,0.540992259979248
Soft Missing Token,14827,0,0.38754063844680786,-0.01861281506717205,0.6881040334701538,0.537399172782898
Soft Missing Token,14832,0,0.3782748579978943,-0.015288813039660454,0.6844034790992737,0.5433893203735352
Soft Missing Token,14839,0,0.38108041882514954,-0.014395944774150848,0.6903865337371826,0.5416982769966125
Soft Missing Token,14843,0,0.3821118175983429,-0.023124225437641144,0.6890460848808289,0.5397939682006836
Soft Missing Token,14853,0,0.3926312029361725,-0.013230323791503906,0.7001916766166687,0.5381649732589722
Soft Missing Token,14856,0,0.5565714836120605,-0.02048233523964882,1.1266859769821167,0.3525581359863281
Soft Missing Token,14860,0,0.37716126441955566,-0.011885824613273144,0.6848638653755188,0.542168915271759
Soft Missing Token,14867,0,0.3853417932987213,-0.02809992805123329,0.6893295049667358,0.541641116142273
Soft Missing Token,14879,0,0.37945494055747986,-0.010973069816827774,0.6907191276550293,0.5415374040603638
Soft Missing Token,14885,0,0.38259682059288025,-0.01565859653055668,0.6882116794586182,0.5397091507911682
Soft Missing Token,14907,0,0.38917115330696106,-0.01850152388215065,0.6942671537399292,0.5392051339149475
Soft Missing Token,14914,0,0.3827555775642395,-0.019558154046535492,0.6861921548843384,0.5410420298576355
Soft Missing Token,14924,0,0.38413384556770325,-0.014474558643996716,0.6850113272666931,0.5410434007644653
Soft Missing Token,14927,0,0.37563326954841614,-0.017748050391674042,0.677981972694397,0.5439258813858032
Soft Missing Token,14928,0,0.3799152970314026,-0.010197755880653858,0.6887633204460144,0.5422787070274353
Soft Missing Token,14933,0,0.38378411531448364,-0.023914922028779984,0.6944517493247986,0.5397415161132812
Soft Missing Token,14938,0,0.38719576597213745,-0.018502872437238693,0.6954870223999023,0.5402333736419678
Soft Missing Token,14939,0,0.3886928856372833,-0.0188404843211174,0.6917844414710999,0.5414292216300964
Soft Missing Token,14940,0,0.3811747431755066,-0.013204382732510567,0.6874381303787231,0.5418910980224609
Soft Missing Token,14945,0,0.3880201280117035,-0.016526831313967705,0.6957841515541077,0.539353609085083
Soft Missing Token,14955,0,0.38348323106765747,-0.019587423652410507,0.6837559938430786,0.5415177941322327
Soft Missing Token,14960,0,0.3869655430316925,-0.012773909606039524,0.6935954093933105,0.5401448011398315
Soft Missing Token,14961,0,0.3807843327522278,-0.008188256993889809,0.6841721534729004,0.5438156127929688
Soft Missing Token,14967,0,0.38527965545654297,-0.010930517688393593,0.6936689615249634,0.5407883524894714
Soft Missing Token,14969,0,0.3822891116142273,-0.011751089245080948,0.6881833076477051,0.5399935245513916
Soft Missing Token,14971,0,0.38847616314888,-0.01886049099266529,0.6950844526290894,0.5400967597961426
Soft Missing Token,14979,0,0.38566428422927856,-0.0132378488779068,0.6916809678077698,0.5401802659034729
Soft Missing Token,14983,0,0.38770604133605957,-0.014719467610120773,0.6958989500999451,0.5387557744979858
Soft Missing Token,14985,0,0.37948209047317505,-0.01808849908411503,0.6826991438865662,0.5427461862564087
Soft Missing Token,14997,0,0.3824269771575928,-0.007072496693581343,0.6907011270523071,0.5419332981109619
