/mnt/c/Users/15513/Desktop/实验/实验室4090上的文件/DHNS-main/eval_hpsac.py:954: FutureWarning: You are using `torch.load` with `weights_only=False` (the current default value), which uses the default pickle module implicitly. It is possible to construct malicious pickle data which will execute arbitrary code during unpickling (See https://github.com/pytorch/pytorch/blob/main/SECURITY.md#untrusted-models for more details). In a future release, the default value for `weights_only` will be flipped to `True`. This limits the functions that could be executed during unpickling. Arbitrary objects will no longer be allowed to be loaded via this mode unless they are explicitly allowlisted by the user via `torch.serialization.add_safe_globals`. We recommend you start setting `weights_only=True` for any use case where you don't have full control of the loaded file. Please open an issue on GitHub for any issues related to this experimental feature.
  img_emb = torch.load(visual_path, map_location="cpu")
/mnt/c/Users/15513/Desktop/实验/实验室4090上的文件/DHNS-main/eval_hpsac.py:955: FutureWarning: You are using `torch.load` with `weights_only=False` (the current default value), which uses the default pickle module implicitly. It is possible to construct malicious pickle data which will execute arbitrary code during unpickling (See https://github.com/pytorch/pytorch/blob/main/SECURITY.md#untrusted-models for more details). In a future release, the default value for `weights_only` will be flipped to `True`. This limits the functions that could be executed during unpickling. Arbitrary objects will no longer be allowed to be loaded via this mode unless they are explicitly allowlisted by the user via `torch.serialization.add_safe_globals`. We recommend you start setting `weights_only=True` for any use case where you don't have full control of the loaded file. Please open an issue on GitHub for any issues related to this experimental feature.
  text_emb = torch.load(textual_path, map_location="cpu")
/mnt/c/Users/15513/Desktop/实验/实验室4090上的文件/DHNS-main/missing_text_protocol.py:72: FutureWarning: You are using `torch.load` with `weights_only=False` (the current default value), which uses the default pickle module implicitly. It is possible to construct malicious pickle data which will execute arbitrary code during unpickling (See https://github.com/pytorch/pytorch/blob/main/SECURITY.md#untrusted-models for more details). In a future release, the default value for `weights_only` will be flipped to `True`. This limits the functions that could be executed during unpickling. Arbitrary objects will no longer be allowed to be loaded via this mode unless they are explicitly allowlisted by the user via `torch.serialization.add_safe_globals`. We recommend you start setting `weights_only=True` for any use case where you don't have full control of the loaded file. Please open an issue on GitHub for any issues related to this experimental feature.
  payload = torch.load(path, map_location="cpu")
HPSAC config | dataset=MKG-Y | lambda_grid=1.0 | alpha_grid=0.0,0.1,0.2,0.3 | temperature_grid=0.5,0.75,1.0,1.25,1.5,2.0 | min_group_queries=30 | safe_delta=0.000200 | calibration_mode=alpha_only
HPSAC validation partition | separate_calibration_split=True | split_seed=2026
HPSAC injected text missingness | requested=0.3000 | applied=0.3000 | count=3695
HPSAC text mask | strategy=low_degree | source=loaded_file | checksum=c913edd722b7eb42d8cdbc248b7c16469a13a91c24ebe3ed19e2d6dd8d9b330b
HPSAC MT guard | lock_missing_text=False
HPSAC safety | training=False | new_network=False | internal_scoring_unchanged=True
/mnt/c/Users/15513/Desktop/实验/实验室4090上的文件/DHNS-main/eval_vgse.py:257: FutureWarning: You are using `torch.load` with `weights_only=False` (the current default value), which uses the default pickle module implicitly. It is possible to construct malicious pickle data which will execute arbitrary code during unpickling (See https://github.com/pytorch/pytorch/blob/main/SECURITY.md#untrusted-models for more details). In a future release, the default value for `weights_only` will be flipped to `True`. This limits the functions that could be executed during unpickling. Arbitrary objects will no longer be allowed to be loaded via this mode unless they are explicitly allowlisted by the user via `torch.serialization.add_safe_globals`. We recommend you start setting `weights_only=True` for any use case where you don't have full control of the loaded file. Please open an issue on GitHub for any issues related to this experimental feature.
  state_dict = torch.load(checkpoint_path, map_location="cpu")
HPSAC validation split | total=2665 | hyperparameter_selection=1332 | hpsac_calibration=1333 | calibration_checksum=00df99633122679f3703abb0e81b2cdec1ef316795ec82541377af69888eaccf

HPSAC valid search:   0%|          | 0/1333 [00:00<?, ?it/s]Active modalities | phase=eval | text_branch_enabled=True | modality_count=3 | modalities=structural,visual,text
Active modalities | phase=eval | text_branch_enabled=True | modality_count=3 | modalities=structural,visual,text
Retrieval missing-text debug | phase=NA | role=NA | batch_entity_count=15000 | topk=5 | pool_size=512/8621 | relation_avg_pool=NA | fallback_ratio=0.0000 | agg_mean_norm=0.869621 | source=global_text_pool

HPSAC valid search:   0%|          | 1/1333 [00:00<07:38,  2.90it/s]
HPSAC valid search:   0%|          | 3/1333 [00:00<03:02,  7.30it/s]
HPSAC valid search:   0%|          | 5/1333 [00:00<02:13,  9.95it/s]
HPSAC valid search:   1%|          | 7/1333 [00:00<01:52, 11.76it/s]
HPSAC valid search:   1%|          | 9/1333 [00:00<01:46, 12.44it/s]
HPSAC valid search:   1%|          | 11/1333 [00:01<01:40, 13.11it/s]
HPSAC valid search:   1%|          | 13/1333 [00:01<01:38, 13.46it/s]
HPSAC valid search:   1%|          | 15/1333 [00:01<01:34, 13.92it/s]
HPSAC valid search:   1%|▏         | 17/1333 [00:01<01:32, 14.21it/s]
HPSAC valid search:   1%|▏         | 19/1333 [00:01<01:32, 14.28it/s]
HPSAC valid search:   2%|▏         | 21/1333 [00:01<01:32, 14.15it/s]
HPSAC valid search:   2%|▏         | 23/1333 [00:01<01:31, 14.35it/s]
HPSAC valid search:   2%|▏         | 25/1333 [00:01<01:30, 14.43it/s]
HPSAC valid search:   2%|▏         | 27/1333 [00:02<01:29, 14.53it/s]
HPSAC valid search:   2%|▏         | 29/1333 [00:02<01:29, 14.58it/s]
HPSAC valid search:   2%|▏         | 31/1333 [00:02<01:29, 14.59it/s]
HPSAC valid search:   2%|▏         | 33/1333 [00:02<01:29, 14.58it/s]
HPSAC valid search:   3%|▎         | 35/1333 [00:02<01:27, 14.81it/s]
HPSAC valid search:   3%|▎         | 37/1333 [00:02<01:25, 15.07it/s]
HPSAC valid search:   3%|▎         | 39/1333 [00:02<01:25, 15.05it/s]
HPSAC valid search:   3%|▎         | 41/1333 [00:03<01:25, 15.10it/s]
HPSAC valid search:   3%|▎         | 43/1333 [00:03<01:24, 15.21it/s]
HPSAC valid search:   3%|▎         | 45/1333 [00:03<01:24, 15.19it/s]
HPSAC valid search:   4%|▎         | 47/1333 [00:03<01:25, 15.07it/s]
HPSAC valid search:   4%|▎         | 49/1333 [00:03<01:25, 15.08it/s]
HPSAC valid search:   4%|▍         | 51/1333 [00:03<01:25, 15.02it/s]
HPSAC valid search:   4%|▍         | 53/1333 [00:03<01:25, 14.96it/s]
HPSAC valid search:   4%|▍         | 55/1333 [00:03<01:25, 14.86it/s]
HPSAC valid search:   4%|▍         | 57/1333 [00:04<01:25, 14.87it/s]
HPSAC valid search:   4%|▍         | 59/1333 [00:04<01:25, 14.87it/s]
HPSAC valid search:   5%|▍         | 61/1333 [00:04<01:25, 14.93it/s]
HPSAC valid search:   5%|▍         | 63/1333 [00:04<01:25, 14.92it/s]
HPSAC valid search:   5%|▍         | 65/1333 [00:04<01:24, 15.02it/s]
HPSAC valid search:   5%|▌         | 67/1333 [00:04<01:24, 15.02it/s]
HPSAC valid search:   5%|▌         | 69/1333 [00:04<01:23, 15.11it/s]
HPSAC valid search:   5%|▌         | 71/1333 [00:05<01:23, 15.10it/s]
HPSAC valid search:   5%|▌         | 73/1333 [00:05<01:23, 15.02it/s]
HPSAC valid search:   6%|▌         | 75/1333 [00:05<01:23, 14.98it/s]
HPSAC valid search:   6%|▌         | 77/1333 [00:05<01:23, 14.96it/s]
HPSAC valid search:   6%|▌         | 79/1333 [00:05<01:25, 14.65it/s]
HPSAC valid search:   6%|▌         | 81/1333 [00:05<01:24, 14.81it/s]
HPSAC valid search:   7%|▋         | 96/1333 [00:05<00:29, 42.49it/s]
HPSAC valid search:   8%|▊         | 101/1333 [00:06<00:43, 28.58it/s]
HPSAC valid search:   8%|▊         | 105/1333 [00:06<00:52, 23.46it/s]
HPSAC valid search:   8%|▊         | 108/1333 [00:06<00:59, 20.68it/s]
HPSAC valid search:   8%|▊         | 111/1333 [00:06<01:03, 19.12it/s]
HPSAC valid search:   9%|▊         | 114/1333 [00:07<01:09, 17.57it/s]
HPSAC valid search:   9%|▊         | 116/1333 [00:07<01:12, 16.82it/s]
HPSAC valid search:   9%|▉         | 118/1333 [00:07<01:13, 16.46it/s]
HPSAC valid search:   9%|▉         | 120/1333 [00:07<01:16, 15.95it/s]
HPSAC valid search:   9%|▉         | 122/1333 [00:07<01:18, 15.44it/s]
HPSAC valid search:   9%|▉         | 124/1333 [00:07<01:19, 15.20it/s]
HPSAC valid search:   9%|▉         | 126/1333 [00:07<01:21, 14.83it/s]
HPSAC valid search:  10%|▉         | 128/1333 [00:08<01:22, 14.52it/s]
HPSAC valid search:  10%|▉         | 130/1333 [00:08<01:22, 14.62it/s]
HPSAC valid search:  10%|▉         | 132/1333 [00:08<01:23, 14.38it/s]
HPSAC valid search:  10%|█         | 134/1333 [00:08<01:22, 14.49it/s]
HPSAC valid search:  10%|█         | 136/1333 [00:08<01:20, 14.81it/s]
HPSAC valid search:  10%|█         | 138/1333 [00:08<01:20, 14.87it/s]
HPSAC valid search:  11%|█         | 140/1333 [00:08<01:22, 14.55it/s]
HPSAC valid search:  11%|█         | 142/1333 [00:09<01:23, 14.30it/s]
HPSAC valid search:  11%|█         | 144/1333 [00:09<01:22, 14.45it/s]
HPSAC valid search:  11%|█         | 146/1333 [00:09<01:20, 14.67it/s]
HPSAC valid search:  11%|█         | 148/1333 [00:09<01:20, 14.79it/s]
HPSAC valid search:  11%|█▏        | 150/1333 [00:09<01:19, 14.85it/s]
HPSAC valid search:  11%|█▏        | 152/1333 [00:09<01:19, 14.89it/s]
HPSAC valid search:  12%|█▏        | 154/1333 [00:09<01:20, 14.60it/s]
HPSAC valid search:  12%|█▏        | 156/1333 [00:09<01:21, 14.46it/s]
HPSAC valid search:  12%|█▏        | 158/1333 [00:10<01:20, 14.53it/s]
HPSAC valid search:  12%|█▏        | 160/1333 [00:10<01:22, 14.24it/s]
HPSAC valid search:  12%|█▏        | 162/1333 [00:10<01:22, 14.17it/s]
HPSAC valid search:  12%|█▏        | 164/1333 [00:10<01:21, 14.36it/s]
HPSAC valid search:  12%|█▏        | 166/1333 [00:10<01:21, 14.30it/s]
HPSAC valid search:  13%|█▎        | 168/1333 [00:10<01:21, 14.33it/s]
HPSAC valid search:  13%|█▎        | 170/1333 [00:10<01:19, 14.65it/s]
HPSAC valid search:  13%|█▎        | 172/1333 [00:11<01:19, 14.61it/s]
HPSAC valid search:  13%|█▎        | 174/1333 [00:11<01:20, 14.45it/s]
HPSAC valid search:  13%|█▎        | 176/1333 [00:11<01:20, 14.38it/s]
HPSAC valid search:  13%|█▎        | 178/1333 [00:11<01:18, 14.65it/s]
HPSAC valid search:  14%|█▎        | 180/1333 [00:11<01:18, 14.69it/s]
HPSAC valid search:  14%|█▎        | 182/1333 [00:11<01:18, 14.74it/s]
HPSAC valid search:  14%|█▍        | 184/1333 [00:11<01:17, 14.83it/s]
HPSAC valid search:  14%|█▍        | 186/1333 [00:12<01:16, 14.95it/s]
HPSAC valid search:  14%|█▍        | 188/1333 [00:12<01:16, 15.02it/s]
HPSAC valid search:  14%|█▍        | 190/1333 [00:12<01:16, 14.99it/s]
HPSAC valid search:  14%|█▍        | 192/1333 [00:12<01:15, 15.14it/s]
HPSAC valid search:  15%|█▍        | 194/1333 [00:12<01:15, 15.06it/s]
HPSAC valid search:  15%|█▍        | 196/1333 [00:12<01:16, 14.95it/s]
HPSAC valid search:  15%|█▍        | 198/1333 [00:12<01:15, 14.99it/s]
HPSAC valid search:  15%|█▌        | 200/1333 [00:12<01:16, 14.79it/s]
HPSAC valid search:  15%|█▌        | 202/1333 [00:13<01:17, 14.57it/s]
HPSAC valid search:  15%|█▌        | 204/1333 [00:13<01:18, 14.32it/s]
HPSAC valid search:  15%|█▌        | 206/1333 [00:13<01:19, 14.19it/s]
HPSAC valid search:  16%|█▌        | 208/1333 [00:13<01:18, 14.37it/s]
HPSAC valid search:  16%|█▌        | 210/1333 [00:13<01:18, 14.22it/s]
HPSAC valid search:  16%|█▌        | 212/1333 [00:13<01:20, 13.87it/s]
HPSAC valid search:  16%|█▌        | 214/1333 [00:13<01:21, 13.76it/s]
HPSAC valid search:  16%|█▌        | 216/1333 [00:14<01:19, 13.99it/s]
HPSAC valid search:  16%|█▋        | 218/1333 [00:14<01:19, 14.11it/s]
HPSAC valid search:  17%|█▋        | 220/1333 [00:14<01:18, 14.14it/s]
HPSAC valid search:  17%|█▋        | 222/1333 [00:14<01:20, 13.83it/s]
HPSAC valid search:  17%|█▋        | 224/1333 [00:14<01:19, 13.96it/s]
HPSAC valid search:  17%|█▋        | 226/1333 [00:14<01:17, 14.23it/s]
HPSAC valid search:  17%|█▋        | 228/1333 [00:14<01:16, 14.39it/s]
HPSAC valid search:  17%|█▋        | 230/1333 [00:15<01:18, 14.14it/s]
HPSAC valid search:  17%|█▋        | 232/1333 [00:15<01:18, 14.10it/s]
HPSAC valid search:  18%|█▊        | 234/1333 [00:15<01:18, 13.93it/s]
HPSAC valid search:  18%|█▊        | 236/1333 [00:15<01:19, 13.73it/s]
HPSAC valid search:  18%|█▊        | 238/1333 [00:15<01:20, 13.68it/s]
HPSAC valid search:  18%|█▊        | 240/1333 [00:15<01:17, 14.07it/s]
HPSAC valid search:  18%|█▊        | 242/1333 [00:15<01:16, 14.31it/s]
HPSAC valid search:  18%|█▊        | 244/1333 [00:16<01:14, 14.62it/s]
HPSAC valid search:  18%|█▊        | 246/1333 [00:16<01:13, 14.76it/s]
HPSAC valid search:  19%|█▊        | 248/1333 [00:16<01:13, 14.85it/s]
HPSAC valid search:  19%|█▉        | 250/1333 [00:16<01:12, 14.85it/s]
HPSAC valid search:  19%|█▉        | 252/1333 [00:16<01:12, 14.95it/s]
HPSAC valid search:  19%|█▉        | 254/1333 [00:16<01:13, 14.78it/s]
HPSAC valid search:  19%|█▉        | 256/1333 [00:16<01:12, 14.76it/s]
HPSAC valid search:  19%|█▉        | 258/1333 [00:17<01:12, 14.87it/s]
HPSAC valid search:  20%|█▉        | 260/1333 [00:17<01:12, 14.87it/s]
HPSAC valid search:  20%|█▉        | 262/1333 [00:17<01:11, 15.05it/s]
HPSAC valid search:  20%|█▉        | 264/1333 [00:17<01:11, 14.99it/s]
HPSAC valid search:  20%|█▉        | 266/1333 [00:17<01:10, 15.05it/s]
HPSAC valid search:  20%|██        | 268/1333 [00:17<01:10, 15.04it/s]
HPSAC valid search:  20%|██        | 270/1333 [00:17<01:10, 15.08it/s]
HPSAC valid search:  20%|██        | 272/1333 [00:17<01:10, 15.11it/s]
HPSAC valid search:  21%|██        | 274/1333 [00:18<01:10, 15.04it/s]
HPSAC valid search:  21%|██        | 276/1333 [00:18<01:10, 15.02it/s]
HPSAC valid search:  21%|██        | 278/1333 [00:18<01:10, 15.01it/s]
HPSAC valid search:  21%|██        | 280/1333 [00:18<01:09, 15.06it/s]
HPSAC valid search:  21%|██        | 282/1333 [00:18<01:09, 15.09it/s]
HPSAC valid search:  21%|██▏       | 284/1333 [00:18<01:09, 15.03it/s]
HPSAC valid search:  21%|██▏       | 286/1333 [00:18<01:09, 14.97it/s]
HPSAC valid search:  22%|██▏       | 288/1333 [00:19<01:10, 14.90it/s]
HPSAC valid search:  22%|██▏       | 290/1333 [00:19<01:10, 14.79it/s]
HPSAC valid search:  22%|██▏       | 292/1333 [00:19<01:09, 14.94it/s]
HPSAC valid search:  22%|██▏       | 294/1333 [00:19<01:09, 14.97it/s]
HPSAC valid search:  22%|██▏       | 296/1333 [00:19<01:08, 15.06it/s]
HPSAC valid search:  22%|██▏       | 298/1333 [00:19<01:09, 14.91it/s]
HPSAC valid search:  23%|██▎       | 300/1333 [00:19<01:11, 14.55it/s]
HPSAC valid search:  23%|██▎       | 302/1333 [00:19<01:10, 14.60it/s]
HPSAC valid search:  23%|██▎       | 304/1333 [00:20<01:10, 14.53it/s]
HPSAC valid search:  23%|██▎       | 306/1333 [00:20<01:11, 14.37it/s]
HPSAC valid search:  23%|██▎       | 308/1333 [00:20<01:11, 14.25it/s]
HPSAC valid search:  23%|██▎       | 310/1333 [00:20<01:12, 14.13it/s]
HPSAC valid search:  23%|██▎       | 312/1333 [00:20<01:12, 14.15it/s]
HPSAC valid search:  24%|██▎       | 314/1333 [00:20<01:12, 14.02it/s]
HPSAC valid search:  24%|██▎       | 316/1333 [00:20<01:12, 13.97it/s]
HPSAC valid search:  24%|██▍       | 318/1333 [00:21<01:12, 13.92it/s]
HPSAC valid search:  24%|██▍       | 320/1333 [00:21<01:12, 14.04it/s]
HPSAC valid search:  24%|██▍       | 322/1333 [00:21<01:12, 14.03it/s]
HPSAC valid search:  24%|██▍       | 324/1333 [00:21<01:10, 14.23it/s]
HPSAC valid search:  24%|██▍       | 326/1333 [00:21<01:09, 14.51it/s]
HPSAC valid search:  25%|██▍       | 328/1333 [00:21<01:09, 14.42it/s]
HPSAC valid search:  25%|██▍       | 330/1333 [00:21<01:10, 14.22it/s]
HPSAC valid search:  25%|██▍       | 332/1333 [00:22<01:11, 14.06it/s]
HPSAC valid search:  25%|██▌       | 334/1333 [00:22<01:10, 14.21it/s]
HPSAC valid search:  25%|██▌       | 336/1333 [00:22<01:09, 14.33it/s]
HPSAC valid search:  25%|██▌       | 338/1333 [00:22<01:08, 14.58it/s]
HPSAC valid search:  26%|██▌       | 340/1333 [00:22<01:07, 14.78it/s]
HPSAC valid search:  26%|██▌       | 342/1333 [00:22<01:08, 14.45it/s]
HPSAC valid search:  26%|██▌       | 344/1333 [00:22<01:08, 14.35it/s]
HPSAC valid search:  26%|██▌       | 346/1333 [00:23<01:10, 14.05it/s]
HPSAC valid search:  26%|██▌       | 348/1333 [00:23<01:10, 13.98it/s]
HPSAC valid search:  26%|██▋       | 350/1333 [00:23<01:09, 14.20it/s]
HPSAC valid search:  26%|██▋       | 352/1333 [00:23<01:08, 14.35it/s]
HPSAC valid search:  27%|██▋       | 354/1333 [00:23<01:07, 14.47it/s]
HPSAC valid search:  27%|██▋       | 356/1333 [00:23<01:06, 14.73it/s]
HPSAC valid search:  27%|██▋       | 358/1333 [00:23<01:05, 14.88it/s]
HPSAC valid search:  27%|██▋       | 360/1333 [00:24<01:05, 14.90it/s]
HPSAC valid search:  27%|██▋       | 362/1333 [00:24<01:05, 14.84it/s]
HPSAC valid search:  27%|██▋       | 364/1333 [00:24<01:05, 14.85it/s]
HPSAC valid search:  27%|██▋       | 366/1333 [00:24<01:05, 14.67it/s]
HPSAC valid search:  28%|██▊       | 368/1333 [00:24<01:07, 14.36it/s]
HPSAC valid search:  28%|██▊       | 370/1333 [00:24<01:06, 14.41it/s]
HPSAC valid search:  28%|██▊       | 372/1333 [00:24<01:06, 14.55it/s]
HPSAC valid search:  28%|██▊       | 374/1333 [00:25<01:05, 14.59it/s]
HPSAC valid search:  28%|██▊       | 376/1333 [00:25<01:05, 14.70it/s]
HPSAC valid search:  28%|██▊       | 378/1333 [00:25<01:05, 14.58it/s]
HPSAC valid search:  29%|██▊       | 380/1333 [00:25<01:05, 14.61it/s]
HPSAC valid search:  29%|██▊       | 382/1333 [00:25<01:05, 14.46it/s]
HPSAC valid search:  29%|██▉       | 384/1333 [00:25<01:05, 14.54it/s]
HPSAC valid search:  29%|██▉       | 386/1333 [00:25<01:04, 14.61it/s]
HPSAC valid search:  29%|██▉       | 388/1333 [00:25<01:04, 14.61it/s]
HPSAC valid search:  29%|██▉       | 390/1333 [00:26<01:04, 14.67it/s]
HPSAC valid search:  29%|██▉       | 392/1333 [00:26<01:04, 14.58it/s]
HPSAC valid search:  30%|██▉       | 394/1333 [00:26<01:14, 12.63it/s]
HPSAC valid search:  30%|██▉       | 396/1333 [00:26<01:15, 12.44it/s]
HPSAC valid search:  30%|██▉       | 398/1333 [00:26<01:11, 13.08it/s]
HPSAC valid search:  30%|███       | 400/1333 [00:26<01:08, 13.57it/s]
HPSAC valid search:  30%|███       | 402/1333 [00:27<01:07, 13.83it/s]
HPSAC valid search:  30%|███       | 404/1333 [00:27<01:06, 14.07it/s]
HPSAC valid search:  30%|███       | 406/1333 [00:27<01:04, 14.38it/s]
HPSAC valid search:  31%|███       | 408/1333 [00:27<01:04, 14.43it/s]
HPSAC valid search:  31%|███       | 410/1333 [00:27<01:03, 14.50it/s]
HPSAC valid search:  31%|███       | 412/1333 [00:27<01:03, 14.55it/s]
HPSAC valid search:  31%|███       | 414/1333 [00:27<01:02, 14.70it/s]
HPSAC valid search:  31%|███       | 416/1333 [00:27<01:02, 14.75it/s]
HPSAC valid search:  31%|███▏      | 418/1333 [00:28<01:01, 14.77it/s]
HPSAC valid search:  32%|███▏      | 420/1333 [00:28<01:01, 14.75it/s]
HPSAC valid search:  32%|███▏      | 422/1333 [00:28<01:04, 14.18it/s]
HPSAC valid search:  32%|███▏      | 424/1333 [00:28<01:03, 14.40it/s]
HPSAC valid search:  32%|███▏      | 426/1333 [00:28<01:02, 14.42it/s]
HPSAC valid search:  32%|███▏      | 428/1333 [00:28<01:02, 14.57it/s]
HPSAC valid search:  32%|███▏      | 430/1333 [00:28<01:02, 14.55it/s]
HPSAC valid search:  32%|███▏      | 432/1333 [00:29<01:02, 14.50it/s]
HPSAC valid search:  33%|███▎      | 434/1333 [00:29<01:05, 13.74it/s]
HPSAC valid search:  33%|███▎      | 436/1333 [00:29<01:05, 13.76it/s]
HPSAC valid search:  33%|███▎      | 438/1333 [00:29<01:04, 13.94it/s]
HPSAC valid search:  33%|███▎      | 440/1333 [00:29<01:04, 13.80it/s]
HPSAC valid search:  33%|███▎      | 442/1333 [00:29<01:03, 13.99it/s]
HPSAC valid search:  33%|███▎      | 444/1333 [00:29<01:02, 14.14it/s]
HPSAC valid search:  33%|███▎      | 446/1333 [00:30<01:02, 14.14it/s]
HPSAC valid search:  34%|███▎      | 448/1333 [00:30<01:02, 14.17it/s]
HPSAC valid search:  34%|███▍      | 450/1333 [00:30<01:02, 14.23it/s]
HPSAC valid search:  34%|███▍      | 452/1333 [00:30<01:01, 14.27it/s]
HPSAC valid search:  34%|███▍      | 454/1333 [00:30<01:02, 14.14it/s]
HPSAC valid search:  34%|███▍      | 456/1333 [00:30<01:02, 14.12it/s]
HPSAC valid search:  34%|███▍      | 458/1333 [00:30<01:01, 14.24it/s]
HPSAC valid search:  35%|███▍      | 460/1333 [00:31<01:01, 14.26it/s]
HPSAC valid search:  35%|███▍      | 462/1333 [00:31<01:01, 14.11it/s]
HPSAC valid search:  35%|███▍      | 464/1333 [00:31<01:01, 14.18it/s]
HPSAC valid search:  35%|███▍      | 466/1333 [00:31<01:01, 14.13it/s]
HPSAC valid search:  35%|███▌      | 468/1333 [00:31<01:01, 14.01it/s]
HPSAC valid search:  35%|███▌      | 470/1333 [00:31<01:01, 13.92it/s]
HPSAC valid search:  35%|███▌      | 472/1333 [00:31<01:02, 13.86it/s]
HPSAC valid search:  36%|███▌      | 474/1333 [00:32<01:01, 13.97it/s]
HPSAC valid search:  36%|███▌      | 476/1333 [00:32<01:01, 13.82it/s]
HPSAC valid search:  36%|███▌      | 478/1333 [00:32<01:02, 13.77it/s]
HPSAC valid search:  36%|███▌      | 480/1333 [00:32<01:01, 13.88it/s]
HPSAC valid search:  36%|███▌      | 482/1333 [00:32<01:00, 14.04it/s]
HPSAC valid search:  36%|███▋      | 484/1333 [00:32<01:00, 14.08it/s]
HPSAC valid search:  36%|███▋      | 486/1333 [00:32<00:59, 14.15it/s]
HPSAC valid search:  37%|███▋      | 488/1333 [00:33<01:00, 14.07it/s]
HPSAC valid search:  37%|███▋      | 490/1333 [00:33<01:00, 13.96it/s]
HPSAC valid search:  37%|███▋      | 492/1333 [00:33<00:59, 14.04it/s]
HPSAC valid search:  37%|███▋      | 494/1333 [00:33<00:59, 14.00it/s]
HPSAC valid search:  37%|███▋      | 496/1333 [00:33<01:00, 13.73it/s]
HPSAC valid search:  37%|███▋      | 498/1333 [00:33<01:01, 13.56it/s]
HPSAC valid search:  38%|███▊      | 500/1333 [00:33<01:01, 13.61it/s]
HPSAC valid search:  38%|███▊      | 502/1333 [00:34<01:01, 13.49it/s]
HPSAC valid search:  38%|███▊      | 504/1333 [00:34<01:01, 13.42it/s]
HPSAC valid search:  38%|███▊      | 506/1333 [00:34<01:02, 13.19it/s]
HPSAC valid search:  38%|███▊      | 508/1333 [00:34<01:03, 12.98it/s]
HPSAC valid search:  38%|███▊      | 510/1333 [00:34<01:02, 13.12it/s]
HPSAC valid search:  38%|███▊      | 512/1333 [00:34<01:03, 13.00it/s]
HPSAC valid search:  39%|███▊      | 514/1333 [00:35<01:02, 13.08it/s]
HPSAC valid search:  39%|███▊      | 516/1333 [00:35<01:01, 13.29it/s]
HPSAC valid search:  39%|███▉      | 518/1333 [00:35<01:01, 13.32it/s]
HPSAC valid search:  39%|███▉      | 520/1333 [00:35<01:02, 13.02it/s]
HPSAC valid search:  39%|███▉      | 522/1333 [00:35<01:01, 13.17it/s]
HPSAC valid search:  39%|███▉      | 524/1333 [00:35<01:01, 13.23it/s]
HPSAC valid search:  39%|███▉      | 526/1333 [00:35<00:59, 13.59it/s]
HPSAC valid search:  40%|███▉      | 528/1333 [00:36<00:57, 13.93it/s]
HPSAC valid search:  40%|███▉      | 530/1333 [00:36<00:57, 14.08it/s]
HPSAC valid search:  40%|███▉      | 532/1333 [00:36<00:56, 14.13it/s]
HPSAC valid search:  40%|████      | 534/1333 [00:36<00:56, 14.04it/s]
HPSAC valid search:  40%|████      | 536/1333 [00:36<00:56, 14.20it/s]
HPSAC valid search:  40%|████      | 538/1333 [00:36<00:55, 14.23it/s]
HPSAC valid search:  41%|████      | 540/1333 [00:36<00:56, 14.15it/s]
HPSAC valid search:  41%|████      | 542/1333 [00:37<00:55, 14.18it/s]
HPSAC valid search:  41%|████      | 544/1333 [00:37<00:55, 14.20it/s]
HPSAC valid search:  41%|████      | 546/1333 [00:37<00:57, 13.79it/s]
HPSAC valid search:  42%|████▏     | 559/1333 [00:37<00:19, 39.16it/s]
HPSAC valid search:  42%|████▏     | 564/1333 [00:37<00:30, 25.32it/s]
HPSAC valid search:  43%|████▎     | 568/1333 [00:38<00:36, 21.12it/s]
HPSAC valid search:  43%|████▎     | 571/1333 [00:38<00:39, 19.16it/s]
HPSAC valid search:  43%|████▎     | 574/1333 [00:38<00:42, 17.90it/s]
HPSAC valid search:  43%|████▎     | 577/1333 [00:38<00:44, 16.84it/s]
HPSAC valid search:  43%|████▎     | 579/1333 [00:38<00:46, 16.20it/s]
HPSAC valid search:  44%|████▎     | 581/1333 [00:39<00:47, 15.90it/s]
HPSAC valid search:  44%|████▎     | 583/1333 [00:39<00:48, 15.54it/s]
HPSAC valid search:  44%|████▍     | 585/1333 [00:39<00:48, 15.40it/s]
HPSAC valid search:  44%|████▍     | 587/1333 [00:39<00:48, 15.31it/s]
HPSAC valid search:  44%|████▍     | 589/1333 [00:39<00:48, 15.28it/s]
HPSAC valid search:  44%|████▍     | 591/1333 [00:39<00:49, 14.98it/s]
HPSAC valid search:  44%|████▍     | 593/1333 [00:39<00:49, 14.91it/s]
HPSAC valid search:  45%|████▍     | 595/1333 [00:39<00:49, 14.86it/s]
HPSAC valid search:  45%|████▍     | 597/1333 [00:40<00:49, 14.96it/s]
HPSAC valid search:  45%|████▍     | 599/1333 [00:40<00:49, 14.88it/s]
HPSAC valid search:  45%|████▌     | 601/1333 [00:40<00:49, 14.92it/s]
HPSAC valid search:  45%|████▌     | 603/1333 [00:40<00:49, 14.90it/s]
HPSAC valid search:  45%|████▌     | 605/1333 [00:40<00:48, 14.97it/s]
HPSAC valid search:  46%|████▌     | 607/1333 [00:40<00:49, 14.79it/s]
HPSAC valid search:  46%|████▌     | 609/1333 [00:40<00:48, 14.89it/s]
HPSAC valid search:  46%|████▌     | 611/1333 [00:41<00:48, 14.96it/s]
HPSAC valid search:  46%|████▌     | 613/1333 [00:41<00:47, 15.05it/s]
HPSAC valid search:  46%|████▌     | 615/1333 [00:41<00:48, 14.87it/s]
HPSAC valid search:  46%|████▋     | 617/1333 [00:41<00:48, 14.87it/s]
HPSAC valid search:  46%|████▋     | 619/1333 [00:41<00:48, 14.74it/s]
HPSAC valid search:  47%|████▋     | 621/1333 [00:41<00:48, 14.66it/s]
HPSAC valid search:  47%|████▋     | 623/1333 [00:41<00:48, 14.58it/s]
HPSAC valid search:  47%|████▋     | 625/1333 [00:41<00:47, 14.78it/s]
HPSAC valid search:  47%|████▋     | 627/1333 [00:42<00:48, 14.62it/s]
HPSAC valid search:  47%|████▋     | 629/1333 [00:42<00:48, 14.63it/s]
HPSAC valid search:  47%|████▋     | 631/1333 [00:42<00:48, 14.48it/s]
HPSAC valid search:  47%|████▋     | 633/1333 [00:42<00:48, 14.50it/s]
HPSAC valid search:  48%|████▊     | 635/1333 [00:42<00:48, 14.47it/s]
HPSAC valid search:  48%|████▊     | 637/1333 [00:42<00:48, 14.47it/s]
HPSAC valid search:  48%|████▊     | 639/1333 [00:42<00:47, 14.54it/s]
HPSAC valid search:  48%|████▊     | 641/1333 [00:43<00:47, 14.64it/s]
HPSAC valid search:  48%|████▊     | 643/1333 [00:43<00:47, 14.53it/s]
HPSAC valid search:  48%|████▊     | 645/1333 [00:43<00:47, 14.63it/s]
HPSAC valid search:  49%|████▊     | 647/1333 [00:43<00:46, 14.62it/s]
HPSAC valid search:  49%|████▊     | 649/1333 [00:43<00:46, 14.74it/s]
HPSAC valid search:  49%|████▉     | 651/1333 [00:43<00:45, 14.88it/s]
HPSAC valid search:  49%|████▉     | 653/1333 [00:43<00:46, 14.76it/s]
HPSAC valid search:  49%|████▉     | 655/1333 [00:44<00:46, 14.72it/s]
HPSAC valid search:  49%|████▉     | 657/1333 [00:44<00:45, 14.80it/s]
HPSAC valid search:  49%|████▉     | 659/1333 [00:44<00:45, 14.78it/s]
HPSAC valid search:  50%|████▉     | 661/1333 [00:44<00:45, 14.76it/s]
HPSAC valid search:  50%|████▉     | 663/1333 [00:44<00:46, 14.44it/s]
HPSAC valid search:  50%|████▉     | 665/1333 [00:44<00:45, 14.57it/s]
HPSAC valid search:  50%|█████     | 667/1333 [00:44<00:45, 14.79it/s]
HPSAC valid search:  50%|█████     | 669/1333 [00:44<00:45, 14.75it/s]
HPSAC valid search:  50%|█████     | 671/1333 [00:45<00:44, 14.80it/s]
HPSAC valid search:  50%|█████     | 673/1333 [00:45<00:44, 14.96it/s]
HPSAC valid search:  51%|█████     | 675/1333 [00:45<00:44, 14.93it/s]
HPSAC valid search:  51%|█████     | 677/1333 [00:45<00:44, 14.87it/s]
HPSAC valid search:  51%|█████     | 679/1333 [00:45<00:44, 14.65it/s]
HPSAC valid search:  51%|█████     | 681/1333 [00:45<00:44, 14.63it/s]
HPSAC valid search:  51%|█████     | 683/1333 [00:45<00:44, 14.62it/s]
HPSAC valid search:  51%|█████▏    | 685/1333 [00:46<00:44, 14.57it/s]
HPSAC valid search:  52%|█████▏    | 687/1333 [00:46<00:44, 14.44it/s]
HPSAC valid search:  52%|█████▏    | 689/1333 [00:46<00:44, 14.54it/s]
HPSAC valid search:  52%|█████▏    | 691/1333 [00:46<00:44, 14.49it/s]
HPSAC valid search:  52%|█████▏    | 693/1333 [00:46<00:44, 14.48it/s]
HPSAC valid search:  52%|█████▏    | 695/1333 [00:46<00:43, 14.59it/s]
HPSAC valid search:  52%|█████▏    | 697/1333 [00:46<00:43, 14.56it/s]
HPSAC valid search:  52%|█████▏    | 699/1333 [00:47<00:43, 14.51it/s]
HPSAC valid search:  53%|█████▎    | 701/1333 [00:47<00:43, 14.63it/s]
HPSAC valid search:  53%|█████▎    | 703/1333 [00:47<00:43, 14.63it/s]
HPSAC valid search:  53%|█████▎    | 705/1333 [00:47<00:42, 14.68it/s]
HPSAC valid search:  53%|█████▎    | 707/1333 [00:47<00:42, 14.59it/s]
HPSAC valid search:  53%|█████▎    | 709/1333 [00:47<00:42, 14.59it/s]
HPSAC valid search:  53%|█████▎    | 711/1333 [00:47<00:42, 14.60it/s]
HPSAC valid search:  53%|█████▎    | 713/1333 [00:47<00:42, 14.58it/s]
HPSAC valid search:  54%|█████▎    | 715/1333 [00:48<00:41, 14.79it/s]
HPSAC valid search:  54%|█████▍    | 717/1333 [00:48<00:42, 14.61it/s]
HPSAC valid search:  54%|█████▍    | 719/1333 [00:48<00:42, 14.55it/s]
HPSAC valid search:  54%|█████▍    | 721/1333 [00:48<00:42, 14.44it/s]
HPSAC valid search:  54%|█████▍    | 723/1333 [00:48<00:42, 14.39it/s]
HPSAC valid search:  54%|█████▍    | 725/1333 [00:48<00:42, 14.41it/s]
HPSAC valid search:  55%|█████▍    | 727/1333 [00:48<00:41, 14.49it/s]
HPSAC valid search:  55%|█████▍    | 729/1333 [00:49<00:41, 14.60it/s]
HPSAC valid search:  55%|█████▍    | 731/1333 [00:49<00:40, 14.78it/s]
HPSAC valid search:  55%|█████▍    | 733/1333 [00:49<00:40, 14.78it/s]
HPSAC valid search:  55%|█████▌    | 735/1333 [00:49<00:40, 14.62it/s]
HPSAC valid search:  55%|█████▌    | 737/1333 [00:49<00:40, 14.65it/s]
HPSAC valid search:  55%|█████▌    | 739/1333 [00:49<00:40, 14.69it/s]
HPSAC valid search:  56%|█████▌    | 741/1333 [00:49<00:40, 14.73it/s]
HPSAC valid search:  56%|█████▌    | 743/1333 [00:50<00:40, 14.58it/s]
HPSAC valid search:  56%|█████▌    | 745/1333 [00:50<00:40, 14.59it/s]
HPSAC valid search:  56%|█████▌    | 747/1333 [00:50<00:39, 14.71it/s]
HPSAC valid search:  56%|█████▌    | 749/1333 [00:50<00:40, 14.56it/s]
HPSAC valid search:  56%|█████▋    | 751/1333 [00:50<00:39, 14.60it/s]
HPSAC valid search:  56%|█████▋    | 753/1333 [00:50<00:39, 14.56it/s]
HPSAC valid search:  57%|█████▋    | 755/1333 [00:50<00:39, 14.60it/s]
HPSAC valid search:  57%|█████▋    | 757/1333 [00:51<00:39, 14.51it/s]
HPSAC valid search:  57%|█████▋    | 759/1333 [00:51<00:39, 14.38it/s]
HPSAC valid search:  57%|█████▋    | 761/1333 [00:51<00:39, 14.58it/s]
HPSAC valid search:  57%|█████▋    | 763/1333 [00:51<00:39, 14.46it/s]
HPSAC valid search:  57%|█████▋    | 765/1333 [00:51<00:39, 14.50it/s]
HPSAC valid search:  58%|█████▊    | 767/1333 [00:51<00:38, 14.55it/s]
HPSAC valid search:  58%|█████▊    | 769/1333 [00:51<00:38, 14.56it/s]
HPSAC valid search:  58%|█████▊    | 771/1333 [00:51<00:39, 14.40it/s]
HPSAC valid search:  58%|█████▊    | 773/1333 [00:52<00:38, 14.52it/s]
HPSAC valid search:  58%|█████▊    | 775/1333 [00:52<00:38, 14.49it/s]
HPSAC valid search:  58%|█████▊    | 777/1333 [00:52<00:37, 14.70it/s]
HPSAC valid search:  58%|█████▊    | 779/1333 [00:52<00:37, 14.75it/s]
HPSAC valid search:  59%|█████▊    | 781/1333 [00:52<00:37, 14.80it/s]
HPSAC valid search:  59%|█████▊    | 783/1333 [00:52<00:37, 14.83it/s]
HPSAC valid search:  59%|█████▉    | 785/1333 [00:52<00:37, 14.70it/s]
HPSAC valid search:  59%|█████▉    | 787/1333 [00:53<00:36, 14.83it/s]
HPSAC valid search:  59%|█████▉    | 789/1333 [00:53<00:36, 14.86it/s]
HPSAC valid search:  59%|█████▉    | 791/1333 [00:53<00:36, 14.90it/s]
HPSAC valid search:  59%|█████▉    | 793/1333 [00:53<00:36, 14.73it/s]
HPSAC valid search:  60%|█████▉    | 795/1333 [00:53<00:36, 14.72it/s]
HPSAC valid search:  60%|█████▉    | 797/1333 [00:53<00:36, 14.71it/s]
HPSAC valid search:  60%|█████▉    | 799/1333 [00:53<00:36, 14.73it/s]
HPSAC valid search:  60%|██████    | 801/1333 [00:54<00:36, 14.70it/s]
HPSAC valid search:  60%|██████    | 803/1333 [00:54<00:35, 14.74it/s]
HPSAC valid search:  60%|██████    | 805/1333 [00:54<00:35, 14.72it/s]
HPSAC valid search:  61%|██████    | 807/1333 [00:54<00:36, 14.58it/s]
HPSAC valid search:  61%|██████    | 809/1333 [00:54<00:36, 14.28it/s]
HPSAC valid search:  61%|██████    | 811/1333 [00:54<00:36, 14.28it/s]
HPSAC valid search:  61%|██████    | 813/1333 [00:54<00:36, 14.17it/s]
HPSAC valid search:  61%|██████    | 815/1333 [00:55<00:37, 13.88it/s]
HPSAC valid search:  61%|██████▏   | 817/1333 [00:55<00:37, 13.66it/s]
HPSAC valid search:  61%|██████▏   | 819/1333 [00:55<00:37, 13.62it/s]
HPSAC valid search:  62%|██████▏   | 821/1333 [00:55<00:37, 13.52it/s]
HPSAC valid search:  62%|██████▏   | 823/1333 [00:55<00:38, 13.32it/s]
HPSAC valid search:  62%|██████▏   | 825/1333 [00:55<00:37, 13.59it/s]
HPSAC valid search:  62%|██████▏   | 827/1333 [00:55<00:36, 13.84it/s]
HPSAC valid search:  62%|██████▏   | 829/1333 [00:56<00:36, 13.83it/s]
HPSAC valid search:  62%|██████▏   | 831/1333 [00:56<00:37, 13.28it/s]
HPSAC valid search:  62%|██████▏   | 833/1333 [00:56<00:38, 13.09it/s]
HPSAC valid search:  63%|██████▎   | 835/1333 [00:56<00:38, 12.97it/s]
HPSAC valid search:  63%|██████▎   | 837/1333 [00:56<00:37, 13.29it/s]
HPSAC valid search:  63%|██████▎   | 839/1333 [00:56<00:36, 13.72it/s]
HPSAC valid search:  63%|██████▎   | 841/1333 [00:56<00:36, 13.63it/s]
HPSAC valid search:  63%|██████▎   | 843/1333 [00:57<00:35, 13.93it/s]
HPSAC valid search:  63%|██████▎   | 845/1333 [00:57<00:35, 13.88it/s]
HPSAC valid search:  64%|██████▎   | 847/1333 [00:57<00:34, 13.91it/s]
HPSAC valid search:  64%|██████▎   | 849/1333 [00:57<00:34, 14.15it/s]
HPSAC valid search:  64%|██████▍   | 851/1333 [00:57<00:33, 14.41it/s]
HPSAC valid search:  64%|██████▍   | 853/1333 [00:57<00:33, 14.32it/s]
HPSAC valid search:  64%|██████▍   | 855/1333 [00:57<00:33, 14.07it/s]
HPSAC valid search:  64%|██████▍   | 857/1333 [00:58<00:33, 14.04it/s]
HPSAC valid search:  64%|██████▍   | 859/1333 [00:58<00:33, 14.00it/s]
HPSAC valid search:  65%|██████▍   | 861/1333 [00:58<00:33, 14.24it/s]
HPSAC valid search:  65%|██████▍   | 863/1333 [00:58<00:32, 14.40it/s]
HPSAC valid search:  65%|██████▍   | 865/1333 [00:58<00:32, 14.55it/s]
HPSAC valid search:  65%|██████▌   | 867/1333 [00:58<00:31, 14.57it/s]
HPSAC valid search:  65%|██████▌   | 869/1333 [00:58<00:32, 14.45it/s]
HPSAC valid search:  65%|██████▌   | 871/1333 [00:59<00:31, 14.51it/s]
HPSAC valid search:  65%|██████▌   | 873/1333 [00:59<00:31, 14.60it/s]
HPSAC valid search:  66%|██████▌   | 875/1333 [00:59<00:31, 14.75it/s]
HPSAC valid search:  66%|██████▌   | 877/1333 [00:59<00:31, 14.55it/s]
HPSAC valid search:  66%|██████▌   | 879/1333 [00:59<00:31, 14.58it/s]
HPSAC valid search:  66%|██████▌   | 881/1333 [00:59<00:30, 14.63it/s]
HPSAC valid search:  66%|██████▌   | 883/1333 [00:59<00:30, 14.75it/s]
HPSAC valid search:  66%|██████▋   | 885/1333 [00:59<00:30, 14.74it/s]
HPSAC valid search:  67%|██████▋   | 887/1333 [01:00<00:30, 14.78it/s]
HPSAC valid search:  67%|██████▋   | 889/1333 [01:00<00:30, 14.77it/s]
HPSAC valid search:  67%|██████▋   | 891/1333 [01:00<00:30, 14.59it/s]
HPSAC valid search:  67%|██████▋   | 893/1333 [01:00<00:30, 14.58it/s]
HPSAC valid search:  67%|██████▋   | 895/1333 [01:00<00:30, 14.54it/s]
HPSAC valid search:  67%|██████▋   | 897/1333 [01:00<00:29, 14.54it/s]
HPSAC valid search:  67%|██████▋   | 899/1333 [01:00<00:30, 14.46it/s]
HPSAC valid search:  68%|██████▊   | 901/1333 [01:01<00:30, 14.35it/s]
HPSAC valid search:  68%|██████▊   | 903/1333 [01:01<00:29, 14.40it/s]
HPSAC valid search:  68%|██████▊   | 905/1333 [01:01<00:29, 14.31it/s]
HPSAC valid search:  68%|██████▊   | 907/1333 [01:01<00:29, 14.46it/s]
HPSAC valid search:  68%|██████▊   | 909/1333 [01:01<00:29, 14.41it/s]
HPSAC valid search:  68%|██████▊   | 911/1333 [01:01<00:29, 14.48it/s]
HPSAC valid search:  68%|██████▊   | 913/1333 [01:01<00:29, 14.44it/s]
HPSAC valid search:  69%|██████▊   | 915/1333 [01:02<00:28, 14.57it/s]
HPSAC valid search:  69%|██████▉   | 917/1333 [01:02<00:28, 14.63it/s]
HPSAC valid search:  69%|██████▉   | 919/1333 [01:02<00:28, 14.74it/s]
HPSAC valid search:  69%|██████▉   | 921/1333 [01:02<00:27, 14.80it/s]
HPSAC valid search:  69%|██████▉   | 923/1333 [01:02<00:27, 14.75it/s]
HPSAC valid search:  69%|██████▉   | 925/1333 [01:02<00:27, 14.72it/s]
HPSAC valid search:  70%|██████▉   | 927/1333 [01:02<00:27, 14.69it/s]
HPSAC valid search:  70%|██████▉   | 929/1333 [01:02<00:27, 14.69it/s]
HPSAC valid search:  70%|██████▉   | 931/1333 [01:03<00:27, 14.79it/s]
HPSAC valid search:  70%|██████▉   | 933/1333 [01:03<00:27, 14.80it/s]
HPSAC valid search:  70%|███████   | 935/1333 [01:03<00:26, 14.76it/s]
HPSAC valid search:  70%|███████   | 937/1333 [01:03<00:26, 14.79it/s]
HPSAC valid search:  70%|███████   | 939/1333 [01:03<00:26, 14.95it/s]
HPSAC valid search:  71%|███████   | 941/1333 [01:03<00:26, 14.69it/s]
HPSAC valid search:  71%|███████   | 943/1333 [01:03<00:26, 14.69it/s]
HPSAC valid search:  71%|███████   | 945/1333 [01:04<00:26, 14.65it/s]
HPSAC valid search:  71%|███████   | 947/1333 [01:04<00:26, 14.57it/s]
HPSAC valid search:  71%|███████   | 949/1333 [01:04<00:26, 14.62it/s]
HPSAC valid search:  71%|███████▏  | 951/1333 [01:04<00:25, 14.70it/s]
HPSAC valid search:  71%|███████▏  | 953/1333 [01:04<00:25, 14.63it/s]
HPSAC valid search:  72%|███████▏  | 955/1333 [01:04<00:25, 14.72it/s]
HPSAC valid search:  72%|███████▏  | 957/1333 [01:04<00:25, 14.71it/s]
HPSAC valid search:  72%|███████▏  | 959/1333 [01:05<00:25, 14.83it/s]
HPSAC valid search:  72%|███████▏  | 961/1333 [01:05<00:25, 14.64it/s]
HPSAC valid search:  72%|███████▏  | 963/1333 [01:05<00:25, 14.64it/s]
HPSAC valid search:  72%|███████▏  | 965/1333 [01:05<00:25, 14.65it/s]
HPSAC valid search:  73%|███████▎  | 967/1333 [01:05<00:24, 14.77it/s]
HPSAC valid search:  73%|███████▎  | 969/1333 [01:05<00:24, 14.74it/s]
HPSAC valid search:  73%|███████▎  | 971/1333 [01:05<00:24, 14.89it/s]
HPSAC valid search:  73%|███████▎  | 973/1333 [01:05<00:24, 14.81it/s]
HPSAC valid search:  73%|███████▎  | 975/1333 [01:06<00:23, 14.94it/s]
HPSAC valid search:  73%|███████▎  | 977/1333 [01:06<00:23, 15.09it/s]
HPSAC valid search:  73%|███████▎  | 979/1333 [01:06<00:23, 15.14it/s]
HPSAC valid search:  74%|███████▎  | 981/1333 [01:06<00:23, 15.03it/s]
HPSAC valid search:  74%|███████▎  | 983/1333 [01:06<00:23, 15.05it/s]
HPSAC valid search:  74%|███████▍  | 985/1333 [01:06<00:23, 14.88it/s]
HPSAC valid search:  74%|███████▍  | 987/1333 [01:06<00:23, 14.89it/s]
HPSAC valid search:  74%|███████▍  | 989/1333 [01:07<00:23, 14.80it/s]
HPSAC valid search:  74%|███████▍  | 991/1333 [01:07<00:23, 14.85it/s]
HPSAC valid search:  74%|███████▍  | 993/1333 [01:07<00:22, 14.84it/s]
HPSAC valid search:  75%|███████▍  | 995/1333 [01:07<00:22, 14.77it/s]
HPSAC valid search:  75%|███████▍  | 997/1333 [01:07<00:23, 14.40it/s]
HPSAC valid search:  75%|███████▍  | 999/1333 [01:07<00:23, 14.47it/s]
HPSAC valid search:  75%|███████▌  | 1001/1333 [01:07<00:23, 14.32it/s]
HPSAC valid search:  75%|███████▌  | 1003/1333 [01:08<00:23, 14.24it/s]
HPSAC valid search:  75%|███████▌  | 1005/1333 [01:08<00:22, 14.29it/s]
HPSAC valid search:  76%|███████▌  | 1007/1333 [01:08<00:23, 14.12it/s]
HPSAC valid search:  76%|███████▌  | 1009/1333 [01:08<00:22, 14.24it/s]
HPSAC valid search:  76%|███████▌  | 1011/1333 [01:08<00:22, 14.08it/s]
HPSAC valid search:  76%|███████▌  | 1013/1333 [01:08<00:22, 14.00it/s]
HPSAC valid search:  76%|███████▌  | 1015/1333 [01:08<00:22, 13.99it/s]
HPSAC valid search:  76%|███████▋  | 1017/1333 [01:09<00:22, 14.07it/s]
HPSAC valid search:  77%|███████▋  | 1031/1333 [01:09<00:07, 40.70it/s]
HPSAC valid search:  78%|███████▊  | 1036/1333 [01:09<00:11, 26.64it/s]
HPSAC valid search:  78%|███████▊  | 1040/1333 [01:09<00:13, 21.94it/s]
HPSAC valid search:  78%|███████▊  | 1043/1333 [01:10<00:14, 19.50it/s]
HPSAC valid search:  78%|███████▊  | 1046/1333 [01:10<00:16, 17.88it/s]
HPSAC valid search:  79%|███████▊  | 1049/1333 [01:10<00:17, 16.64it/s]
HPSAC valid search:  79%|███████▉  | 1051/1333 [01:10<00:17, 15.85it/s]
HPSAC valid search:  79%|███████▉  | 1053/1333 [01:10<00:18, 15.49it/s]
HPSAC valid search:  79%|███████▉  | 1055/1333 [01:10<00:18, 14.94it/s]
HPSAC valid search:  79%|███████▉  | 1057/1333 [01:11<00:18, 14.56it/s]
HPSAC valid search:  79%|███████▉  | 1059/1333 [01:11<00:18, 14.44it/s]
HPSAC valid search:  80%|███████▉  | 1061/1333 [01:11<00:19, 14.23it/s]
HPSAC valid search:  80%|███████▉  | 1063/1333 [01:11<00:19, 14.13it/s]
HPSAC valid search:  80%|███████▉  | 1065/1333 [01:11<00:19, 14.05it/s]
HPSAC valid search:  80%|████████  | 1067/1333 [01:11<00:19, 13.86it/s]
HPSAC valid search:  80%|████████  | 1069/1333 [01:11<00:18, 13.95it/s]
HPSAC valid search:  80%|████████  | 1071/1333 [01:12<00:18, 14.02it/s]
HPSAC valid search:  80%|████████  | 1073/1333 [01:12<00:18, 14.00it/s]
HPSAC valid search:  81%|████████  | 1075/1333 [01:12<00:18, 14.02it/s]
HPSAC valid search:  81%|████████  | 1077/1333 [01:12<00:18, 14.15it/s]
HPSAC valid search:  81%|████████  | 1079/1333 [01:12<00:18, 14.04it/s]
HPSAC valid search:  81%|████████  | 1081/1333 [01:12<00:17, 14.09it/s]
HPSAC valid search:  81%|████████  | 1083/1333 [01:12<00:17, 14.11it/s]
HPSAC valid search:  81%|████████▏ | 1085/1333 [01:13<00:17, 14.21it/s]
HPSAC valid search:  82%|████████▏ | 1087/1333 [01:13<00:17, 13.91it/s]
HPSAC valid search:  82%|████████▏ | 1089/1333 [01:13<00:17, 13.85it/s]
HPSAC valid search:  82%|████████▏ | 1091/1333 [01:13<00:17, 14.06it/s]
HPSAC valid search:  82%|████████▏ | 1093/1333 [01:13<00:17, 14.08it/s]
HPSAC valid search:  82%|████████▏ | 1095/1333 [01:13<00:16, 14.28it/s]
HPSAC valid search:  82%|████████▏ | 1097/1333 [01:13<00:16, 14.21it/s]
HPSAC valid search:  82%|████████▏ | 1099/1333 [01:14<00:16, 14.22it/s]
HPSAC valid search:  83%|████████▎ | 1101/1333 [01:14<00:16, 14.21it/s]
HPSAC valid search:  83%|████████▎ | 1103/1333 [01:14<00:16, 14.24it/s]
HPSAC valid search:  83%|████████▎ | 1105/1333 [01:14<00:15, 14.32it/s]
HPSAC valid search:  83%|████████▎ | 1107/1333 [01:14<00:15, 14.32it/s]
HPSAC valid search:  83%|████████▎ | 1109/1333 [01:14<00:15, 14.22it/s]
HPSAC valid search:  83%|████████▎ | 1111/1333 [01:14<00:15, 14.05it/s]
HPSAC valid search:  83%|████████▎ | 1113/1333 [01:15<00:15, 14.13it/s]
HPSAC valid search:  84%|████████▎ | 1115/1333 [01:15<00:15, 13.99it/s]
HPSAC valid search:  84%|████████▍ | 1117/1333 [01:15<00:15, 13.99it/s]
HPSAC valid search:  84%|████████▍ | 1119/1333 [01:15<00:15, 13.91it/s]
HPSAC valid search:  84%|████████▍ | 1121/1333 [01:15<00:15, 14.06it/s]
HPSAC valid search:  84%|████████▍ | 1123/1333 [01:15<00:15, 13.85it/s]
HPSAC valid search:  84%|████████▍ | 1125/1333 [01:15<00:14, 14.01it/s]
HPSAC valid search:  85%|████████▍ | 1127/1333 [01:16<00:14, 14.19it/s]
HPSAC valid search:  85%|████████▍ | 1129/1333 [01:16<00:14, 14.27it/s]
HPSAC valid search:  85%|████████▍ | 1131/1333 [01:16<00:13, 14.43it/s]
HPSAC valid search:  85%|████████▍ | 1133/1333 [01:16<00:13, 14.40it/s]
HPSAC valid search:  85%|████████▌ | 1135/1333 [01:16<00:13, 14.45it/s]
HPSAC valid search:  85%|████████▌ | 1137/1333 [01:16<00:13, 14.40it/s]
HPSAC valid search:  85%|████████▌ | 1139/1333 [01:16<00:13, 14.40it/s]
HPSAC valid search:  86%|████████▌ | 1141/1333 [01:16<00:13, 14.54it/s]
HPSAC valid search:  86%|████████▌ | 1143/1333 [01:17<00:13, 14.55it/s]
HPSAC valid search:  86%|████████▌ | 1145/1333 [01:17<00:12, 14.59it/s]
HPSAC valid search:  86%|████████▌ | 1147/1333 [01:17<00:12, 14.65it/s]
HPSAC valid search:  86%|████████▌ | 1149/1333 [01:17<00:12, 14.59it/s]
HPSAC valid search:  86%|████████▋ | 1151/1333 [01:17<00:12, 14.30it/s]
HPSAC valid search:  86%|████████▋ | 1153/1333 [01:17<00:12, 14.06it/s]
HPSAC valid search:  87%|████████▋ | 1155/1333 [01:17<00:12, 14.09it/s]
HPSAC valid search:  87%|████████▋ | 1157/1333 [01:18<00:12, 14.26it/s]
HPSAC valid search:  87%|████████▋ | 1159/1333 [01:18<00:12, 13.90it/s]
HPSAC valid search:  87%|████████▋ | 1161/1333 [01:18<00:12, 13.76it/s]
HPSAC valid search:  87%|████████▋ | 1163/1333 [01:18<00:12, 13.79it/s]
HPSAC valid search:  87%|████████▋ | 1165/1333 [01:18<00:12, 13.62it/s]
HPSAC valid search:  88%|████████▊ | 1167/1333 [01:18<00:12, 13.62it/s]
HPSAC valid search:  88%|████████▊ | 1169/1333 [01:18<00:11, 13.67it/s]
HPSAC valid search:  88%|████████▊ | 1171/1333 [01:19<00:11, 13.61it/s]
HPSAC valid search:  88%|████████▊ | 1173/1333 [01:19<00:11, 13.57it/s]
HPSAC valid search:  88%|████████▊ | 1175/1333 [01:19<00:11, 13.63it/s]
HPSAC valid search:  88%|████████▊ | 1177/1333 [01:19<00:11, 13.66it/s]
HPSAC valid search:  88%|████████▊ | 1179/1333 [01:19<00:11, 13.70it/s]
HPSAC valid search:  89%|████████▊ | 1181/1333 [01:19<00:10, 13.88it/s]
HPSAC valid search:  89%|████████▊ | 1183/1333 [01:20<00:10, 13.64it/s]
HPSAC valid search:  89%|████████▉ | 1185/1333 [01:20<00:10, 13.83it/s]
HPSAC valid search:  89%|████████▉ | 1187/1333 [01:20<00:10, 14.19it/s]
HPSAC valid search:  89%|████████▉ | 1189/1333 [01:20<00:10, 14.17it/s]
HPSAC valid search:  89%|████████▉ | 1191/1333 [01:20<00:10, 14.00it/s]
HPSAC valid search:  89%|████████▉ | 1193/1333 [01:20<00:10, 13.98it/s]
HPSAC valid search:  90%|████████▉ | 1195/1333 [01:20<00:10, 13.63it/s]
HPSAC valid search:  90%|████████▉ | 1197/1333 [01:21<00:09, 13.78it/s]
HPSAC valid search:  90%|████████▉ | 1199/1333 [01:21<00:09, 14.03it/s]
HPSAC valid search:  90%|█████████ | 1201/1333 [01:21<00:09, 14.27it/s]
HPSAC valid search:  90%|█████████ | 1203/1333 [01:21<00:09, 14.41it/s]
HPSAC valid search:  90%|█████████ | 1205/1333 [01:21<00:08, 14.29it/s]
HPSAC valid search:  91%|█████████ | 1207/1333 [01:21<00:08, 14.45it/s]
HPSAC valid search:  91%|█████████ | 1209/1333 [01:21<00:08, 14.45it/s]
HPSAC valid search:  91%|█████████ | 1211/1333 [01:21<00:08, 14.63it/s]
HPSAC valid search:  91%|█████████ | 1213/1333 [01:22<00:08, 14.46it/s]
HPSAC valid search:  91%|█████████ | 1215/1333 [01:22<00:08, 14.58it/s]
HPSAC valid search:  91%|█████████▏| 1217/1333 [01:22<00:07, 14.60it/s]
HPSAC valid search:  91%|█████████▏| 1219/1333 [01:22<00:07, 14.65it/s]
HPSAC valid search:  92%|█████████▏| 1221/1333 [01:22<00:07, 14.73it/s]
HPSAC valid search:  92%|█████████▏| 1223/1333 [01:22<00:07, 14.59it/s]
HPSAC valid search:  92%|█████████▏| 1225/1333 [01:22<00:07, 14.61it/s]
HPSAC valid search:  92%|█████████▏| 1227/1333 [01:23<00:07, 14.46it/s]
HPSAC valid search:  92%|█████████▏| 1229/1333 [01:23<00:07, 14.51it/s]
HPSAC valid search:  92%|█████████▏| 1231/1333 [01:23<00:07, 14.47it/s]
HPSAC valid search:  92%|█████████▏| 1233/1333 [01:23<00:06, 14.38it/s]
HPSAC valid search:  93%|█████████▎| 1235/1333 [01:23<00:06, 14.45it/s]
HPSAC valid search:  93%|█████████▎| 1237/1333 [01:23<00:06, 14.38it/s]
HPSAC valid search:  93%|█████████▎| 1239/1333 [01:23<00:06, 14.34it/s]
HPSAC valid search:  93%|█████████▎| 1241/1333 [01:24<00:06, 14.42it/s]
HPSAC valid search:  93%|█████████▎| 1243/1333 [01:24<00:06, 14.46it/s]
HPSAC valid search:  93%|█████████▎| 1245/1333 [01:24<00:06, 13.48it/s]
HPSAC valid search:  94%|█████████▎| 1247/1333 [01:24<00:06, 13.64it/s]
HPSAC valid search:  94%|█████████▎| 1249/1333 [01:24<00:06, 13.46it/s]
HPSAC valid search:  94%|█████████▍| 1251/1333 [01:24<00:06, 13.28it/s]
HPSAC valid search:  94%|█████████▍| 1253/1333 [01:24<00:06, 13.09it/s]
HPSAC valid search:  94%|█████████▍| 1255/1333 [01:25<00:06, 12.65it/s]
HPSAC valid search:  94%|█████████▍| 1257/1333 [01:25<00:05, 12.70it/s]
HPSAC valid search:  94%|█████████▍| 1259/1333 [01:25<00:05, 12.42it/s]
HPSAC valid search:  95%|█████████▍| 1261/1333 [01:25<00:05, 12.72it/s]
HPSAC valid search:  95%|█████████▍| 1263/1333 [01:25<00:05, 13.06it/s]
HPSAC valid search:  95%|█████████▍| 1265/1333 [01:25<00:05, 13.58it/s]
HPSAC valid search:  95%|█████████▌| 1267/1333 [01:26<00:04, 13.93it/s]
HPSAC valid search:  95%|█████████▌| 1269/1333 [01:26<00:04, 14.14it/s]
HPSAC valid search:  95%|█████████▌| 1271/1333 [01:26<00:04, 14.19it/s]
HPSAC valid search:  95%|█████████▌| 1273/1333 [01:26<00:04, 14.49it/s]
HPSAC valid search:  96%|█████████▌| 1275/1333 [01:26<00:04, 14.49it/s]
HPSAC valid search:  96%|█████████▌| 1277/1333 [01:26<00:03, 14.03it/s]
HPSAC valid search:  96%|█████████▌| 1279/1333 [01:26<00:03, 14.19it/s]
HPSAC valid search:  96%|█████████▌| 1281/1333 [01:26<00:03, 14.25it/s]
HPSAC valid search:  96%|█████████▌| 1283/1333 [01:27<00:03, 14.33it/s]
HPSAC valid search:  96%|█████████▋| 1285/1333 [01:27<00:03, 14.50it/s]
HPSAC valid search:  97%|█████████▋| 1287/1333 [01:27<00:03, 14.63it/s]
HPSAC valid search:  97%|█████████▋| 1289/1333 [01:27<00:02, 14.75it/s]
HPSAC valid search:  97%|█████████▋| 1291/1333 [01:27<00:02, 14.74it/s]
HPSAC valid search:  97%|█████████▋| 1293/1333 [01:27<00:02, 14.87it/s]
HPSAC valid search:  97%|█████████▋| 1295/1333 [01:27<00:02, 14.78it/s]
HPSAC valid search:  97%|█████████▋| 1297/1333 [01:28<00:02, 14.68it/s]
HPSAC valid search:  97%|█████████▋| 1299/1333 [01:28<00:02, 14.67it/s]
HPSAC valid search:  98%|█████████▊| 1301/1333 [01:28<00:02, 14.60it/s]
HPSAC valid search:  98%|█████████▊| 1303/1333 [01:28<00:02, 14.39it/s]
HPSAC valid search:  98%|█████████▊| 1305/1333 [01:28<00:02, 13.39it/s]
HPSAC valid search:  98%|█████████▊| 1307/1333 [01:28<00:01, 13.90it/s]
HPSAC valid search:  98%|█████████▊| 1309/1333 [01:28<00:01, 14.15it/s]
HPSAC valid search:  98%|█████████▊| 1311/1333 [01:29<00:01, 14.46it/s]
HPSAC valid search:  98%|█████████▊| 1313/1333 [01:29<00:01, 14.63it/s]
HPSAC valid search:  99%|█████████▊| 1315/1333 [01:29<00:01, 14.59it/s]
HPSAC valid search:  99%|█████████▉| 1317/1333 [01:29<00:01, 14.66it/s]
HPSAC valid search:  99%|█████████▉| 1319/1333 [01:29<00:00, 14.61it/s]
HPSAC valid search:  99%|█████████▉| 1321/1333 [01:29<00:00, 14.76it/s]
HPSAC valid search:  99%|█████████▉| 1323/1333 [01:29<00:00, 14.75it/s]
HPSAC valid search:  99%|█████████▉| 1325/1333 [01:29<00:00, 14.80it/s]
HPSAC valid search: 100%|█████████▉| 1327/1333 [01:30<00:00, 14.75it/s]
HPSAC valid search: 100%|█████████▉| 1329/1333 [01:30<00:00, 14.79it/s]
HPSAC valid search: 100%|█████████▉| 1331/1333 [01:30<00:00, 14.83it/s]
HPSAC valid search: 100%|██████████| 1333/1333 [01:30<00:00, 14.89it/s]
                                                                       
HPSAC selected groups | level1_groups=78 | non_fallback_effective=40 | non_fallback_both_have_text=19
HPSAC fallback stats | all_levels_total=84 | all_levels_specific=15 | all_levels_fallback=69 | effective_level1_specific=40 | effective_level1_fallback=38

HPSAC calibration_valid:   0%|          | 0/1333 [00:00<?, ?it/s]
HPSAC calibration_valid:   0%|          | 2/1333 [00:00<01:34, 14.09it/s]
HPSAC calibration_valid:   0%|          | 4/1333 [00:00<01:36, 13.72it/s]
HPSAC calibration_valid:   0%|          | 6/1333 [00:00<01:36, 13.81it/s]
HPSAC calibration_valid:   1%|          | 8/1333 [00:00<01:34, 14.05it/s]
HPSAC calibration_valid:   1%|          | 10/1333 [00:00<01:33, 14.12it/s]
HPSAC calibration_valid:   1%|          | 12/1333 [00:00<01:33, 14.15it/s]
HPSAC calibration_valid:   1%|          | 14/1333 [00:00<01:33, 14.14it/s]
HPSAC calibration_valid:   1%|          | 16/1333 [00:01<01:31, 14.33it/s]
HPSAC calibration_valid:   1%|▏         | 18/1333 [00:01<01:30, 14.56it/s]
HPSAC calibration_valid:   2%|▏         | 20/1333 [00:01<01:31, 14.33it/s]
HPSAC calibration_valid:   2%|▏         | 22/1333 [00:01<01:33, 14.00it/s]
HPSAC calibration_valid:   2%|▏         | 24/1333 [00:01<01:35, 13.76it/s]
HPSAC calibration_valid:   2%|▏         | 26/1333 [00:01<01:35, 13.63it/s]
HPSAC calibration_valid:   2%|▏         | 28/1333 [00:02<01:35, 13.63it/s]
HPSAC calibration_valid:   2%|▏         | 30/1333 [00:02<01:33, 13.92it/s]
HPSAC calibration_valid:   2%|▏         | 32/1333 [00:02<01:32, 14.11it/s]
HPSAC calibration_valid:   3%|▎         | 34/1333 [00:02<01:30, 14.32it/s]
HPSAC calibration_valid:   3%|▎         | 36/1333 [00:02<01:30, 14.26it/s]
HPSAC calibration_valid:   3%|▎         | 38/1333 [00:02<01:30, 14.35it/s]
HPSAC calibration_valid:   3%|▎         | 40/1333 [00:02<01:28, 14.58it/s]
HPSAC calibration_valid:   3%|▎         | 42/1333 [00:02<01:29, 14.35it/s]
HPSAC calibration_valid:   3%|▎         | 44/1333 [00:03<01:28, 14.49it/s]
HPSAC calibration_valid:   3%|▎         | 46/1333 [00:03<01:27, 14.65it/s]
HPSAC calibration_valid:   4%|▎         | 48/1333 [00:03<01:28, 14.56it/s]
HPSAC calibration_valid:   4%|▍         | 50/1333 [00:03<01:27, 14.61it/s]
HPSAC calibration_valid:   4%|▍         | 52/1333 [00:03<01:29, 14.38it/s]
HPSAC calibration_valid:   4%|▍         | 54/1333 [00:03<01:31, 14.05it/s]
HPSAC calibration_valid:   4%|▍         | 56/1333 [00:03<01:30, 14.18it/s]
HPSAC calibration_valid:   4%|▍         | 58/1333 [00:04<01:28, 14.36it/s]
HPSAC calibration_valid:   5%|▍         | 60/1333 [00:04<01:28, 14.45it/s]
HPSAC calibration_valid:   5%|▍         | 62/1333 [00:04<01:28, 14.33it/s]
HPSAC calibration_valid:   5%|▍         | 64/1333 [00:04<01:27, 14.47it/s]
HPSAC calibration_valid:   5%|▍         | 66/1333 [00:04<01:27, 14.54it/s]
HPSAC calibration_valid:   5%|▌         | 68/1333 [00:04<01:26, 14.63it/s]
HPSAC calibration_valid:   5%|▌         | 70/1333 [00:04<01:25, 14.83it/s]
HPSAC calibration_valid:   5%|▌         | 72/1333 [00:05<01:25, 14.73it/s]
HPSAC calibration_valid:   6%|▌         | 74/1333 [00:05<01:25, 14.70it/s]
HPSAC calibration_valid:   6%|▌         | 76/1333 [00:05<01:24, 14.83it/s]
HPSAC calibration_valid:   6%|▌         | 78/1333 [00:05<01:24, 14.80it/s]
HPSAC calibration_valid:   6%|▌         | 80/1333 [00:05<01:24, 14.75it/s]
HPSAC calibration_valid:   6%|▌         | 82/1333 [00:05<01:24, 14.73it/s]
HPSAC calibration_valid:   6%|▋         | 84/1333 [00:05<01:25, 14.69it/s]
HPSAC calibration_valid:   6%|▋         | 86/1333 [00:05<01:24, 14.71it/s]
HPSAC calibration_valid:   7%|▋         | 88/1333 [00:06<01:24, 14.68it/s]
HPSAC calibration_valid:   7%|▋         | 90/1333 [00:06<01:24, 14.78it/s]
HPSAC calibration_valid:   7%|▋         | 92/1333 [00:06<01:24, 14.71it/s]
HPSAC calibration_valid:   7%|▋         | 94/1333 [00:06<01:23, 14.78it/s]
HPSAC calibration_valid:   7%|▋         | 96/1333 [00:06<01:24, 14.67it/s]
HPSAC calibration_valid:   7%|▋         | 98/1333 [00:06<01:24, 14.68it/s]
HPSAC calibration_valid:   8%|▊         | 100/1333 [00:06<01:24, 14.67it/s]
HPSAC calibration_valid:   8%|▊         | 102/1333 [00:07<01:23, 14.74it/s]
HPSAC calibration_valid:   8%|▊         | 104/1333 [00:07<01:23, 14.68it/s]
HPSAC calibration_valid:   8%|▊         | 106/1333 [00:07<01:24, 14.54it/s]
HPSAC calibration_valid:   8%|▊         | 108/1333 [00:07<01:26, 14.23it/s]
HPSAC calibration_valid:   8%|▊         | 110/1333 [00:07<01:25, 14.28it/s]
HPSAC calibration_valid:   8%|▊         | 112/1333 [00:07<01:26, 14.19it/s]
HPSAC calibration_valid:   9%|▊         | 114/1333 [00:07<01:24, 14.38it/s]
HPSAC calibration_valid:   9%|▊         | 116/1333 [00:08<01:25, 14.25it/s]
HPSAC calibration_valid:   9%|▉         | 118/1333 [00:08<01:24, 14.45it/s]
HPSAC calibration_valid:   9%|▉         | 120/1333 [00:08<01:24, 14.43it/s]
HPSAC calibration_valid:   9%|▉         | 122/1333 [00:08<01:24, 14.35it/s]
HPSAC calibration_valid:   9%|▉         | 124/1333 [00:08<01:23, 14.51it/s]
HPSAC calibration_valid:   9%|▉         | 126/1333 [00:08<01:24, 14.36it/s]
HPSAC calibration_valid:  10%|▉         | 128/1333 [00:08<01:27, 13.71it/s]
HPSAC calibration_valid:  10%|▉         | 130/1333 [00:09<01:32, 12.97it/s]
HPSAC calibration_valid:  10%|▉         | 132/1333 [00:09<01:34, 12.74it/s]
HPSAC calibration_valid:  10%|█         | 134/1333 [00:09<01:35, 12.53it/s]
HPSAC calibration_valid:  10%|█         | 136/1333 [00:09<01:34, 12.60it/s]
HPSAC calibration_valid:  10%|█         | 138/1333 [00:09<01:34, 12.68it/s]
HPSAC calibration_valid:  11%|█         | 140/1333 [00:09<01:31, 13.03it/s]
HPSAC calibration_valid:  11%|█         | 142/1333 [00:10<01:28, 13.51it/s]
HPSAC calibration_valid:  11%|█         | 144/1333 [00:10<01:25, 13.84it/s]
HPSAC calibration_valid:  12%|█▏        | 158/1333 [00:10<00:27, 42.58it/s]
HPSAC calibration_valid:  12%|█▏        | 164/1333 [00:10<00:43, 26.70it/s]
HPSAC calibration_valid:  13%|█▎        | 169/1333 [00:10<00:52, 22.02it/s]
HPSAC calibration_valid:  13%|█▎        | 173/1333 [00:11<00:58, 19.72it/s]
HPSAC calibration_valid:  13%|█▎        | 176/1333 [00:11<01:02, 18.39it/s]
HPSAC calibration_valid:  13%|█▎        | 179/1333 [00:11<01:06, 17.26it/s]
HPSAC calibration_valid:  14%|█▎        | 182/1333 [00:11<01:09, 16.52it/s]
HPSAC calibration_valid:  14%|█▍        | 184/1333 [00:12<01:10, 16.21it/s]
HPSAC calibration_valid:  14%|█▍        | 186/1333 [00:12<01:12, 15.83it/s]
HPSAC calibration_valid:  14%|█▍        | 188/1333 [00:12<01:13, 15.65it/s]
HPSAC calibration_valid:  14%|█▍        | 190/1333 [00:12<01:14, 15.28it/s]
HPSAC calibration_valid:  14%|█▍        | 192/1333 [00:12<01:16, 14.94it/s]
HPSAC calibration_valid:  15%|█▍        | 194/1333 [00:12<01:17, 14.64it/s]
HPSAC calibration_valid:  15%|█▍        | 196/1333 [00:12<01:19, 14.38it/s]
HPSAC calibration_valid:  15%|█▍        | 198/1333 [00:12<01:18, 14.40it/s]
HPSAC calibration_valid:  15%|█▌        | 200/1333 [00:13<01:18, 14.35it/s]
HPSAC calibration_valid:  15%|█▌        | 202/1333 [00:13<01:18, 14.46it/s]
HPSAC calibration_valid:  15%|█▌        | 204/1333 [00:13<01:17, 14.48it/s]
HPSAC calibration_valid:  15%|█▌        | 206/1333 [00:13<01:17, 14.49it/s]
HPSAC calibration_valid:  16%|█▌        | 208/1333 [00:13<01:17, 14.55it/s]
HPSAC calibration_valid:  16%|█▌        | 210/1333 [00:13<01:16, 14.76it/s]
HPSAC calibration_valid:  16%|█▌        | 212/1333 [00:13<01:16, 14.67it/s]
HPSAC calibration_valid:  16%|█▌        | 214/1333 [00:14<01:16, 14.68it/s]
HPSAC calibration_valid:  16%|█▌        | 216/1333 [00:14<01:15, 14.70it/s]
HPSAC calibration_valid:  16%|█▋        | 218/1333 [00:14<01:17, 14.39it/s]
HPSAC calibration_valid:  17%|█▋        | 220/1333 [00:14<01:18, 14.23it/s]
HPSAC calibration_valid:  17%|█▋        | 222/1333 [00:14<01:19, 14.05it/s]
HPSAC calibration_valid:  17%|█▋        | 224/1333 [00:14<01:19, 13.92it/s]
HPSAC calibration_valid:  17%|█▋        | 226/1333 [00:14<01:19, 13.88it/s]
HPSAC calibration_valid:  17%|█▋        | 228/1333 [00:15<01:19, 13.97it/s]
HPSAC calibration_valid:  17%|█▋        | 230/1333 [00:15<01:18, 14.00it/s]
HPSAC calibration_valid:  17%|█▋        | 232/1333 [00:15<01:18, 14.03it/s]
HPSAC calibration_valid:  18%|█▊        | 234/1333 [00:15<01:18, 14.01it/s]
HPSAC calibration_valid:  18%|█▊        | 236/1333 [00:15<01:19, 13.78it/s]
HPSAC calibration_valid:  18%|█▊        | 238/1333 [00:15<01:20, 13.63it/s]
HPSAC calibration_valid:  18%|█▊        | 240/1333 [00:15<01:18, 13.93it/s]
HPSAC calibration_valid:  18%|█▊        | 242/1333 [00:16<01:18, 13.94it/s]
HPSAC calibration_valid:  18%|█▊        | 244/1333 [00:16<01:16, 14.16it/s]
HPSAC calibration_valid:  18%|█▊        | 246/1333 [00:16<01:16, 14.15it/s]
HPSAC calibration_valid:  19%|█▊        | 248/1333 [00:16<01:17, 14.09it/s]
HPSAC calibration_valid:  19%|█▉        | 250/1333 [00:16<01:17, 13.98it/s]
HPSAC calibration_valid:  19%|█▉        | 252/1333 [00:16<01:18, 13.76it/s]
HPSAC calibration_valid:  19%|█▉        | 254/1333 [00:16<01:20, 13.37it/s]
HPSAC calibration_valid:  19%|█▉        | 256/1333 [00:17<01:21, 13.20it/s]
HPSAC calibration_valid:  19%|█▉        | 258/1333 [00:17<01:21, 13.11it/s]
HPSAC calibration_valid:  20%|█▉        | 260/1333 [00:17<01:22, 12.97it/s]
HPSAC calibration_valid:  20%|█▉        | 262/1333 [00:17<01:22, 12.94it/s]
HPSAC calibration_valid:  20%|█▉        | 264/1333 [00:17<01:22, 12.97it/s]
HPSAC calibration_valid:  20%|█▉        | 266/1333 [00:17<01:22, 12.96it/s]
HPSAC calibration_valid:  20%|██        | 268/1333 [00:18<01:20, 13.21it/s]
HPSAC calibration_valid:  20%|██        | 270/1333 [00:18<01:19, 13.40it/s]
HPSAC calibration_valid:  20%|██        | 272/1333 [00:18<01:18, 13.51it/s]
HPSAC calibration_valid:  21%|██        | 274/1333 [00:18<01:18, 13.51it/s]
HPSAC calibration_valid:  21%|██        | 276/1333 [00:18<01:17, 13.60it/s]
HPSAC calibration_valid:  21%|██        | 278/1333 [00:18<01:17, 13.66it/s]
HPSAC calibration_valid:  21%|██        | 280/1333 [00:18<01:16, 13.69it/s]
HPSAC calibration_valid:  21%|██        | 282/1333 [00:19<01:16, 13.72it/s]
HPSAC calibration_valid:  21%|██▏       | 284/1333 [00:19<01:16, 13.75it/s]
HPSAC calibration_valid:  21%|██▏       | 286/1333 [00:19<01:15, 13.86it/s]
HPSAC calibration_valid:  22%|██▏       | 288/1333 [00:19<01:16, 13.71it/s]
HPSAC calibration_valid:  22%|██▏       | 290/1333 [00:19<01:15, 13.77it/s]
HPSAC calibration_valid:  22%|██▏       | 292/1333 [00:19<01:15, 13.78it/s]
HPSAC calibration_valid:  22%|██▏       | 294/1333 [00:19<01:16, 13.66it/s]
HPSAC calibration_valid:  22%|██▏       | 296/1333 [00:20<01:15, 13.76it/s]
HPSAC calibration_valid:  22%|██▏       | 298/1333 [00:20<01:15, 13.77it/s]
HPSAC calibration_valid:  23%|██▎       | 300/1333 [00:20<01:15, 13.75it/s]
HPSAC calibration_valid:  23%|██▎       | 302/1333 [00:20<01:14, 13.76it/s]
HPSAC calibration_valid:  23%|██▎       | 304/1333 [00:20<01:14, 13.84it/s]
HPSAC calibration_valid:  23%|██▎       | 306/1333 [00:20<01:13, 13.89it/s]
HPSAC calibration_valid:  23%|██▎       | 308/1333 [00:20<01:13, 13.86it/s]
HPSAC calibration_valid:  23%|██▎       | 310/1333 [00:21<01:14, 13.81it/s]
HPSAC calibration_valid:  23%|██▎       | 312/1333 [00:21<01:13, 13.80it/s]
HPSAC calibration_valid:  24%|██▎       | 314/1333 [00:21<01:13, 13.78it/s]
HPSAC calibration_valid:  24%|██▎       | 316/1333 [00:21<01:14, 13.74it/s]
HPSAC calibration_valid:  24%|██▍       | 318/1333 [00:21<01:14, 13.59it/s]
HPSAC calibration_valid:  24%|██▍       | 320/1333 [00:21<01:14, 13.54it/s]
HPSAC calibration_valid:  24%|██▍       | 322/1333 [00:21<01:13, 13.67it/s]
HPSAC calibration_valid:  24%|██▍       | 324/1333 [00:22<01:12, 13.89it/s]
HPSAC calibration_valid:  24%|██▍       | 326/1333 [00:22<01:12, 13.80it/s]
HPSAC calibration_valid:  25%|██▍       | 328/1333 [00:22<01:13, 13.76it/s]
HPSAC calibration_valid:  25%|██▍       | 330/1333 [00:22<01:13, 13.69it/s]
HPSAC calibration_valid:  25%|██▍       | 332/1333 [00:22<01:15, 13.29it/s]
HPSAC calibration_valid:  25%|██▌       | 334/1333 [00:22<01:16, 13.07it/s]
HPSAC calibration_valid:  25%|██▌       | 336/1333 [00:23<01:17, 12.82it/s]
HPSAC calibration_valid:  25%|██▌       | 338/1333 [00:23<01:16, 13.00it/s]
HPSAC calibration_valid:  26%|██▌       | 340/1333 [00:23<01:14, 13.37it/s]
HPSAC calibration_valid:  26%|██▌       | 342/1333 [00:23<01:14, 13.33it/s]
HPSAC calibration_valid:  26%|██▌       | 344/1333 [00:23<01:13, 13.39it/s]
HPSAC calibration_valid:  26%|██▌       | 346/1333 [00:23<01:13, 13.38it/s]
HPSAC calibration_valid:  26%|██▌       | 348/1333 [00:23<01:13, 13.38it/s]
HPSAC calibration_valid:  26%|██▋       | 350/1333 [00:24<01:14, 13.22it/s]
HPSAC calibration_valid:  26%|██▋       | 352/1333 [00:24<01:14, 13.19it/s]
HPSAC calibration_valid:  27%|██▋       | 354/1333 [00:24<01:13, 13.36it/s]
HPSAC calibration_valid:  27%|██▋       | 356/1333 [00:24<01:11, 13.63it/s]
HPSAC calibration_valid:  27%|██▋       | 358/1333 [00:24<01:09, 13.98it/s]
HPSAC calibration_valid:  27%|██▋       | 360/1333 [00:24<01:08, 14.30it/s]
HPSAC calibration_valid:  27%|██▋       | 362/1333 [00:24<01:07, 14.38it/s]
HPSAC calibration_valid:  27%|██▋       | 364/1333 [00:25<01:08, 14.07it/s]
HPSAC calibration_valid:  27%|██▋       | 366/1333 [00:25<01:09, 13.93it/s]
HPSAC calibration_valid:  28%|██▊       | 368/1333 [00:25<01:10, 13.72it/s]
HPSAC calibration_valid:  28%|██▊       | 370/1333 [00:25<01:09, 13.84it/s]
HPSAC calibration_valid:  28%|██▊       | 372/1333 [00:25<01:09, 13.91it/s]
HPSAC calibration_valid:  28%|██▊       | 374/1333 [00:25<01:08, 13.94it/s]
HPSAC calibration_valid:  28%|██▊       | 376/1333 [00:25<01:08, 14.03it/s]
HPSAC calibration_valid:  28%|██▊       | 378/1333 [00:26<01:09, 13.84it/s]
HPSAC calibration_valid:  29%|██▊       | 380/1333 [00:26<01:09, 13.77it/s]
HPSAC calibration_valid:  29%|██▊       | 382/1333 [00:26<01:08, 13.80it/s]
HPSAC calibration_valid:  29%|██▉       | 384/1333 [00:26<01:07, 14.03it/s]
HPSAC calibration_valid:  29%|██▉       | 386/1333 [00:26<01:07, 14.07it/s]
HPSAC calibration_valid:  29%|██▉       | 388/1333 [00:26<01:06, 14.19it/s]
HPSAC calibration_valid:  29%|██▉       | 390/1333 [00:26<01:06, 14.26it/s]
HPSAC calibration_valid:  29%|██▉       | 392/1333 [00:27<01:06, 14.24it/s]
HPSAC calibration_valid:  30%|██▉       | 394/1333 [00:27<01:05, 14.31it/s]
HPSAC calibration_valid:  30%|██▉       | 396/1333 [00:27<01:04, 14.47it/s]
HPSAC calibration_valid:  30%|██▉       | 398/1333 [00:27<01:04, 14.60it/s]
HPSAC calibration_valid:  30%|███       | 400/1333 [00:27<01:03, 14.73it/s]
HPSAC calibration_valid:  30%|███       | 402/1333 [00:27<01:03, 14.63it/s]
HPSAC calibration_valid:  30%|███       | 404/1333 [00:27<01:03, 14.57it/s]
HPSAC calibration_valid:  30%|███       | 406/1333 [00:28<01:03, 14.67it/s]
HPSAC calibration_valid:  31%|███       | 408/1333 [00:28<01:04, 14.40it/s]
HPSAC calibration_valid:  31%|███       | 410/1333 [00:28<01:03, 14.53it/s]
HPSAC calibration_valid:  31%|███       | 412/1333 [00:28<01:04, 14.37it/s]
HPSAC calibration_valid:  31%|███       | 414/1333 [00:28<01:03, 14.41it/s]
HPSAC calibration_valid:  31%|███       | 416/1333 [00:28<01:04, 14.32it/s]
HPSAC calibration_valid:  31%|███▏      | 418/1333 [00:28<01:04, 14.11it/s]
HPSAC calibration_valid:  32%|███▏      | 420/1333 [00:29<01:04, 14.10it/s]
HPSAC calibration_valid:  32%|███▏      | 422/1333 [00:29<01:04, 14.15it/s]
HPSAC calibration_valid:  32%|███▏      | 424/1333 [00:29<01:04, 14.18it/s]
HPSAC calibration_valid:  32%|███▏      | 426/1333 [00:29<01:04, 14.17it/s]
HPSAC calibration_valid:  32%|███▏      | 428/1333 [00:29<01:03, 14.35it/s]
HPSAC calibration_valid:  32%|███▏      | 430/1333 [00:29<01:02, 14.40it/s]
HPSAC calibration_valid:  32%|███▏      | 432/1333 [00:29<01:02, 14.49it/s]
HPSAC calibration_valid:  33%|███▎      | 434/1333 [00:29<01:01, 14.58it/s]
HPSAC calibration_valid:  33%|███▎      | 436/1333 [00:30<01:01, 14.63it/s]
HPSAC calibration_valid:  33%|███▎      | 438/1333 [00:30<01:00, 14.69it/s]
HPSAC calibration_valid:  33%|███▎      | 440/1333 [00:30<01:01, 14.58it/s]
HPSAC calibration_valid:  33%|███▎      | 442/1333 [00:30<01:00, 14.67it/s]
HPSAC calibration_valid:  33%|███▎      | 444/1333 [00:30<01:00, 14.57it/s]
HPSAC calibration_valid:  33%|███▎      | 446/1333 [00:30<01:01, 14.48it/s]
HPSAC calibration_valid:  34%|███▎      | 448/1333 [00:30<01:01, 14.40it/s]
HPSAC calibration_valid:  34%|███▍      | 450/1333 [00:31<01:01, 14.40it/s]
HPSAC calibration_valid:  34%|███▍      | 452/1333 [00:31<01:00, 14.46it/s]
HPSAC calibration_valid:  34%|███▍      | 454/1333 [00:31<01:01, 14.40it/s]
HPSAC calibration_valid:  34%|███▍      | 456/1333 [00:31<01:01, 14.36it/s]
HPSAC calibration_valid:  34%|███▍      | 458/1333 [00:31<01:00, 14.42it/s]
HPSAC calibration_valid:  35%|███▍      | 460/1333 [00:31<00:59, 14.61it/s]
HPSAC calibration_valid:  35%|███▍      | 462/1333 [00:31<00:59, 14.60it/s]
HPSAC calibration_valid:  35%|███▍      | 464/1333 [00:32<00:58, 14.75it/s]
HPSAC calibration_valid:  35%|███▍      | 466/1333 [00:32<00:58, 14.78it/s]
HPSAC calibration_valid:  35%|███▌      | 468/1333 [00:32<00:58, 14.80it/s]
HPSAC calibration_valid:  35%|███▌      | 470/1333 [00:32<00:58, 14.80it/s]
HPSAC calibration_valid:  35%|███▌      | 472/1333 [00:32<00:59, 14.55it/s]
HPSAC calibration_valid:  36%|███▌      | 474/1333 [00:32<00:59, 14.47it/s]
HPSAC calibration_valid:  36%|███▌      | 476/1333 [00:32<00:58, 14.55it/s]
HPSAC calibration_valid:  36%|███▌      | 478/1333 [00:33<00:59, 14.46it/s]
HPSAC calibration_valid:  36%|███▌      | 480/1333 [00:33<00:58, 14.47it/s]
HPSAC calibration_valid:  36%|███▌      | 482/1333 [00:33<00:58, 14.54it/s]
HPSAC calibration_valid:  36%|███▋      | 484/1333 [00:33<00:58, 14.62it/s]
HPSAC calibration_valid:  36%|███▋      | 486/1333 [00:33<00:57, 14.78it/s]
HPSAC calibration_valid:  37%|███▋      | 488/1333 [00:33<00:57, 14.76it/s]
HPSAC calibration_valid:  37%|███▋      | 490/1333 [00:33<00:57, 14.77it/s]
HPSAC calibration_valid:  37%|███▋      | 492/1333 [00:33<00:56, 14.88it/s]
HPSAC calibration_valid:  37%|███▋      | 494/1333 [00:34<00:56, 14.83it/s]
HPSAC calibration_valid:  37%|███▋      | 496/1333 [00:34<00:56, 14.73it/s]
HPSAC calibration_valid:  37%|███▋      | 498/1333 [00:34<00:56, 14.69it/s]
HPSAC calibration_valid:  38%|███▊      | 500/1333 [00:34<00:56, 14.78it/s]
HPSAC calibration_valid:  38%|███▊      | 502/1333 [00:34<00:56, 14.80it/s]
HPSAC calibration_valid:  38%|███▊      | 504/1333 [00:34<00:56, 14.76it/s]
HPSAC calibration_valid:  38%|███▊      | 506/1333 [00:34<00:56, 14.75it/s]
HPSAC calibration_valid:  38%|███▊      | 508/1333 [00:35<00:56, 14.67it/s]
HPSAC calibration_valid:  38%|███▊      | 510/1333 [00:35<00:56, 14.63it/s]
HPSAC calibration_valid:  38%|███▊      | 512/1333 [00:35<00:56, 14.51it/s]
HPSAC calibration_valid:  39%|███▊      | 514/1333 [00:35<00:56, 14.48it/s]
HPSAC calibration_valid:  39%|███▊      | 516/1333 [00:35<00:56, 14.48it/s]
HPSAC calibration_valid:  39%|███▉      | 518/1333 [00:35<00:56, 14.43it/s]
HPSAC calibration_valid:  39%|███▉      | 520/1333 [00:35<00:56, 14.42it/s]
HPSAC calibration_valid:  39%|███▉      | 522/1333 [00:36<00:56, 14.45it/s]
HPSAC calibration_valid:  39%|███▉      | 524/1333 [00:36<00:55, 14.47it/s]
HPSAC calibration_valid:  39%|███▉      | 526/1333 [00:36<00:55, 14.47it/s]
HPSAC calibration_valid:  40%|███▉      | 528/1333 [00:36<00:55, 14.55it/s]
HPSAC calibration_valid:  40%|███▉      | 530/1333 [00:36<00:55, 14.50it/s]
HPSAC calibration_valid:  40%|███▉      | 532/1333 [00:36<00:55, 14.55it/s]
HPSAC calibration_valid:  40%|████      | 534/1333 [00:36<00:55, 14.40it/s]
HPSAC calibration_valid:  40%|████      | 536/1333 [00:36<00:54, 14.57it/s]
HPSAC calibration_valid:  40%|████      | 538/1333 [00:37<00:54, 14.47it/s]
HPSAC calibration_valid:  41%|████      | 540/1333 [00:37<00:54, 14.50it/s]
HPSAC calibration_valid:  41%|████      | 542/1333 [00:37<00:54, 14.48it/s]
HPSAC calibration_valid:  41%|████      | 544/1333 [00:37<00:54, 14.53it/s]
HPSAC calibration_valid:  41%|████      | 546/1333 [00:37<00:53, 14.69it/s]
HPSAC calibration_valid:  41%|████      | 548/1333 [00:37<00:53, 14.72it/s]
HPSAC calibration_valid:  41%|████▏     | 550/1333 [00:37<00:52, 14.81it/s]
HPSAC calibration_valid:  41%|████▏     | 552/1333 [00:38<00:53, 14.71it/s]
HPSAC calibration_valid:  42%|████▏     | 554/1333 [00:38<00:53, 14.67it/s]
HPSAC calibration_valid:  42%|████▏     | 556/1333 [00:38<00:52, 14.74it/s]
HPSAC calibration_valid:  42%|████▏     | 558/1333 [00:38<00:52, 14.71it/s]
HPSAC calibration_valid:  42%|████▏     | 560/1333 [00:38<00:52, 14.84it/s]
HPSAC calibration_valid:  42%|████▏     | 562/1333 [00:38<00:52, 14.67it/s]
HPSAC calibration_valid:  42%|████▏     | 564/1333 [00:38<00:52, 14.74it/s]
HPSAC calibration_valid:  42%|████▏     | 566/1333 [00:39<00:52, 14.62it/s]
HPSAC calibration_valid:  43%|████▎     | 568/1333 [00:39<00:52, 14.68it/s]
HPSAC calibration_valid:  43%|████▎     | 570/1333 [00:39<00:51, 14.79it/s]
HPSAC calibration_valid:  43%|████▎     | 572/1333 [00:39<00:51, 14.85it/s]
HPSAC calibration_valid:  43%|████▎     | 574/1333 [00:39<00:51, 14.81it/s]
HPSAC calibration_valid:  43%|████▎     | 576/1333 [00:39<00:51, 14.83it/s]
HPSAC calibration_valid:  43%|████▎     | 578/1333 [00:39<00:51, 14.66it/s]
HPSAC calibration_valid:  44%|████▎     | 580/1333 [00:39<00:51, 14.61it/s]
HPSAC calibration_valid:  44%|████▎     | 582/1333 [00:40<00:51, 14.63it/s]
HPSAC calibration_valid:  44%|████▍     | 584/1333 [00:40<00:50, 14.72it/s]
HPSAC calibration_valid:  44%|████▍     | 586/1333 [00:40<00:50, 14.81it/s]
HPSAC calibration_valid:  44%|████▍     | 588/1333 [00:40<00:50, 14.63it/s]
HPSAC calibration_valid:  44%|████▍     | 590/1333 [00:40<00:51, 14.54it/s]
HPSAC calibration_valid:  44%|████▍     | 592/1333 [00:40<00:51, 14.35it/s]
HPSAC calibration_valid:  45%|████▍     | 594/1333 [00:40<00:50, 14.57it/s]
HPSAC calibration_valid:  45%|████▍     | 596/1333 [00:41<00:50, 14.67it/s]
HPSAC calibration_valid:  45%|████▍     | 598/1333 [00:41<00:50, 14.69it/s]
HPSAC calibration_valid:  45%|████▌     | 600/1333 [00:41<00:50, 14.65it/s]
HPSAC calibration_valid:  45%|████▌     | 602/1333 [00:41<00:49, 14.76it/s]
HPSAC calibration_valid:  45%|████▌     | 604/1333 [00:41<00:49, 14.67it/s]
HPSAC calibration_valid:  45%|████▌     | 606/1333 [00:41<00:49, 14.66it/s]
HPSAC calibration_valid:  47%|████▋     | 621/1333 [00:41<00:17, 41.18it/s]
HPSAC calibration_valid:  47%|████▋     | 625/1333 [00:42<00:24, 29.42it/s]
HPSAC calibration_valid:  47%|████▋     | 629/1333 [00:42<00:29, 23.78it/s]
HPSAC calibration_valid:  47%|████▋     | 632/1333 [00:42<00:33, 20.96it/s]
HPSAC calibration_valid:  48%|████▊     | 635/1333 [00:42<00:36, 18.96it/s]
HPSAC calibration_valid:  48%|████▊     | 638/1333 [00:43<00:39, 17.67it/s]
HPSAC calibration_valid:  48%|████▊     | 640/1333 [00:43<00:40, 17.02it/s]
HPSAC calibration_valid:  48%|████▊     | 642/1333 [00:43<00:42, 16.42it/s]
HPSAC calibration_valid:  48%|████▊     | 644/1333 [00:43<00:43, 15.89it/s]
HPSAC calibration_valid:  48%|████▊     | 646/1333 [00:43<00:44, 15.57it/s]
HPSAC calibration_valid:  49%|████▊     | 648/1333 [00:43<00:44, 15.35it/s]
HPSAC calibration_valid:  49%|████▉     | 650/1333 [00:43<00:44, 15.24it/s]
HPSAC calibration_valid:  49%|████▉     | 652/1333 [00:44<00:44, 15.22it/s]
HPSAC calibration_valid:  49%|████▉     | 654/1333 [00:44<00:45, 14.95it/s]
HPSAC calibration_valid:  49%|████▉     | 656/1333 [00:44<00:45, 14.76it/s]
HPSAC calibration_valid:  49%|████▉     | 658/1333 [00:44<00:45, 14.71it/s]
HPSAC calibration_valid:  50%|████▉     | 660/1333 [00:44<00:46, 14.62it/s]
HPSAC calibration_valid:  50%|████▉     | 662/1333 [00:44<00:46, 14.40it/s]
HPSAC calibration_valid:  50%|████▉     | 664/1333 [00:44<00:46, 14.52it/s]
HPSAC calibration_valid:  50%|████▉     | 666/1333 [00:44<00:45, 14.61it/s]
HPSAC calibration_valid:  50%|█████     | 668/1333 [00:45<00:45, 14.60it/s]
HPSAC calibration_valid:  50%|█████     | 670/1333 [00:45<00:45, 14.64it/s]
HPSAC calibration_valid:  50%|█████     | 672/1333 [00:45<00:45, 14.56it/s]
HPSAC calibration_valid:  51%|█████     | 674/1333 [00:45<00:44, 14.72it/s]
HPSAC calibration_valid:  51%|█████     | 676/1333 [00:45<00:44, 14.74it/s]
HPSAC calibration_valid:  51%|█████     | 678/1333 [00:45<00:44, 14.72it/s]
HPSAC calibration_valid:  51%|█████     | 680/1333 [00:45<00:44, 14.64it/s]
HPSAC calibration_valid:  51%|█████     | 682/1333 [00:46<00:44, 14.70it/s]
HPSAC calibration_valid:  51%|█████▏    | 684/1333 [00:46<00:44, 14.64it/s]
HPSAC calibration_valid:  51%|█████▏    | 686/1333 [00:46<00:44, 14.52it/s]
HPSAC calibration_valid:  52%|█████▏    | 688/1333 [00:46<00:44, 14.42it/s]
HPSAC calibration_valid:  52%|█████▏    | 690/1333 [00:46<00:43, 14.62it/s]
HPSAC calibration_valid:  52%|█████▏    | 692/1333 [00:46<00:43, 14.61it/s]
HPSAC calibration_valid:  52%|█████▏    | 694/1333 [00:46<00:43, 14.75it/s]
HPSAC calibration_valid:  52%|█████▏    | 696/1333 [00:47<00:42, 14.87it/s]
HPSAC calibration_valid:  52%|█████▏    | 698/1333 [00:47<00:42, 14.81it/s]
HPSAC calibration_valid:  53%|█████▎    | 700/1333 [00:47<00:42, 14.79it/s]
HPSAC calibration_valid:  53%|█████▎    | 702/1333 [00:47<00:42, 14.83it/s]
HPSAC calibration_valid:  53%|█████▎    | 704/1333 [00:47<00:42, 14.70it/s]
HPSAC calibration_valid:  53%|█████▎    | 706/1333 [00:47<00:42, 14.72it/s]
HPSAC calibration_valid:  53%|█████▎    | 708/1333 [00:47<00:42, 14.78it/s]
HPSAC calibration_valid:  53%|█████▎    | 710/1333 [00:47<00:42, 14.75it/s]
HPSAC calibration_valid:  53%|█████▎    | 712/1333 [00:48<00:42, 14.78it/s]
HPSAC calibration_valid:  54%|█████▎    | 714/1333 [00:48<00:41, 14.89it/s]
HPSAC calibration_valid:  54%|█████▎    | 716/1333 [00:48<00:41, 14.79it/s]
HPSAC calibration_valid:  54%|█████▍    | 718/1333 [00:48<00:41, 14.66it/s]
HPSAC calibration_valid:  54%|█████▍    | 720/1333 [00:48<00:41, 14.62it/s]
HPSAC calibration_valid:  54%|█████▍    | 722/1333 [00:48<00:42, 14.40it/s]
HPSAC calibration_valid:  54%|█████▍    | 724/1333 [00:48<00:41, 14.53it/s]
HPSAC calibration_valid:  54%|█████▍    | 726/1333 [00:49<00:41, 14.66it/s]
HPSAC calibration_valid:  55%|█████▍    | 728/1333 [00:49<00:41, 14.54it/s]
HPSAC calibration_valid:  55%|█████▍    | 730/1333 [00:49<00:41, 14.64it/s]
HPSAC calibration_valid:  55%|█████▍    | 732/1333 [00:49<00:40, 14.75it/s]
HPSAC calibration_valid:  55%|█████▌    | 734/1333 [00:49<00:41, 14.59it/s]
HPSAC calibration_valid:  55%|█████▌    | 736/1333 [00:49<00:40, 14.65it/s]
HPSAC calibration_valid:  55%|█████▌    | 738/1333 [00:49<00:40, 14.71it/s]
HPSAC calibration_valid:  56%|█████▌    | 740/1333 [00:50<00:40, 14.72it/s]
HPSAC calibration_valid:  56%|█████▌    | 742/1333 [00:50<00:40, 14.64it/s]
HPSAC calibration_valid:  56%|█████▌    | 744/1333 [00:50<00:40, 14.70it/s]
HPSAC calibration_valid:  56%|█████▌    | 746/1333 [00:50<00:39, 14.70it/s]
HPSAC calibration_valid:  56%|█████▌    | 748/1333 [00:50<00:39, 14.83it/s]
HPSAC calibration_valid:  56%|█████▋    | 750/1333 [00:50<00:39, 14.77it/s]
HPSAC calibration_valid:  56%|█████▋    | 752/1333 [00:50<00:39, 14.71it/s]
HPSAC calibration_valid:  57%|█████▋    | 754/1333 [00:50<00:39, 14.73it/s]
HPSAC calibration_valid:  57%|█████▋    | 756/1333 [00:51<00:38, 14.81it/s]
HPSAC calibration_valid:  57%|█████▋    | 758/1333 [00:51<00:39, 14.69it/s]
HPSAC calibration_valid:  57%|█████▋    | 760/1333 [00:51<00:38, 14.74it/s]
HPSAC calibration_valid:  57%|█████▋    | 762/1333 [00:51<00:38, 14.78it/s]
HPSAC calibration_valid:  57%|█████▋    | 764/1333 [00:51<00:38, 14.85it/s]
HPSAC calibration_valid:  57%|█████▋    | 766/1333 [00:51<00:38, 14.80it/s]
HPSAC calibration_valid:  58%|█████▊    | 768/1333 [00:51<00:38, 14.73it/s]
HPSAC calibration_valid:  58%|█████▊    | 770/1333 [00:52<00:38, 14.71it/s]
HPSAC calibration_valid:  58%|█████▊    | 772/1333 [00:52<00:38, 14.75it/s]
HPSAC calibration_valid:  58%|█████▊    | 774/1333 [00:52<00:38, 14.65it/s]
HPSAC calibration_valid:  58%|█████▊    | 776/1333 [00:52<00:38, 14.42it/s]
HPSAC calibration_valid:  58%|█████▊    | 778/1333 [00:52<00:39, 14.18it/s]
HPSAC calibration_valid:  59%|█████▊    | 780/1333 [00:52<00:38, 14.27it/s]
HPSAC calibration_valid:  59%|█████▊    | 782/1333 [00:52<00:39, 14.11it/s]
HPSAC calibration_valid:  59%|█████▉    | 784/1333 [00:53<00:38, 14.11it/s]
HPSAC calibration_valid:  59%|█████▉    | 786/1333 [00:53<00:38, 14.13it/s]
HPSAC calibration_valid:  59%|█████▉    | 788/1333 [00:53<00:38, 14.17it/s]
HPSAC calibration_valid:  59%|█████▉    | 790/1333 [00:53<00:37, 14.30it/s]
HPSAC calibration_valid:  59%|█████▉    | 792/1333 [00:53<00:37, 14.29it/s]
HPSAC calibration_valid:  60%|█████▉    | 794/1333 [00:53<00:38, 14.10it/s]
HPSAC calibration_valid:  60%|█████▉    | 796/1333 [00:53<00:38, 13.93it/s]
HPSAC calibration_valid:  60%|█████▉    | 798/1333 [00:54<00:38, 13.75it/s]
HPSAC calibration_valid:  60%|██████    | 800/1333 [00:54<00:38, 13.94it/s]
HPSAC calibration_valid:  60%|██████    | 802/1333 [00:54<00:37, 14.06it/s]
HPSAC calibration_valid:  60%|██████    | 804/1333 [00:54<00:37, 14.09it/s]
HPSAC calibration_valid:  60%|██████    | 806/1333 [00:54<00:37, 14.05it/s]
HPSAC calibration_valid:  61%|██████    | 808/1333 [00:54<00:37, 13.87it/s]
HPSAC calibration_valid:  61%|██████    | 810/1333 [00:54<00:37, 13.83it/s]
HPSAC calibration_valid:  61%|██████    | 812/1333 [00:55<00:37, 13.79it/s]
HPSAC calibration_valid:  61%|██████    | 814/1333 [00:55<00:37, 13.87it/s]
HPSAC calibration_valid:  61%|██████    | 816/1333 [00:55<00:37, 13.72it/s]
HPSAC calibration_valid:  61%|██████▏   | 818/1333 [00:55<00:37, 13.72it/s]
HPSAC calibration_valid:  62%|██████▏   | 820/1333 [00:55<00:36, 13.91it/s]
HPSAC calibration_valid:  62%|██████▏   | 822/1333 [00:55<00:36, 13.83it/s]
HPSAC calibration_valid:  62%|██████▏   | 824/1333 [00:55<00:37, 13.72it/s]
HPSAC calibration_valid:  62%|██████▏   | 826/1333 [00:56<00:37, 13.53it/s]
HPSAC calibration_valid:  62%|██████▏   | 828/1333 [00:56<00:37, 13.52it/s]
HPSAC calibration_valid:  62%|██████▏   | 830/1333 [00:56<00:37, 13.59it/s]
HPSAC calibration_valid:  62%|██████▏   | 832/1333 [00:56<00:36, 13.66it/s]
HPSAC calibration_valid:  63%|██████▎   | 834/1333 [00:56<00:36, 13.75it/s]
HPSAC calibration_valid:  63%|██████▎   | 836/1333 [00:56<00:36, 13.80it/s]
HPSAC calibration_valid:  63%|██████▎   | 838/1333 [00:56<00:36, 13.75it/s]
HPSAC calibration_valid:  63%|██████▎   | 840/1333 [00:57<00:36, 13.54it/s]
HPSAC calibration_valid:  63%|██████▎   | 842/1333 [00:57<00:36, 13.60it/s]
HPSAC calibration_valid:  63%|██████▎   | 844/1333 [00:57<00:36, 13.57it/s]
HPSAC calibration_valid:  63%|██████▎   | 846/1333 [00:57<00:36, 13.42it/s]
HPSAC calibration_valid:  64%|██████▎   | 848/1333 [00:57<00:35, 13.64it/s]
HPSAC calibration_valid:  64%|██████▍   | 850/1333 [00:57<00:35, 13.66it/s]
HPSAC calibration_valid:  64%|██████▍   | 852/1333 [00:57<00:34, 13.81it/s]
HPSAC calibration_valid:  64%|██████▍   | 854/1333 [00:58<00:34, 14.03it/s]
HPSAC calibration_valid:  64%|██████▍   | 856/1333 [00:58<00:34, 13.90it/s]
HPSAC calibration_valid:  64%|██████▍   | 858/1333 [00:58<00:34, 13.76it/s]
HPSAC calibration_valid:  65%|██████▍   | 860/1333 [00:58<00:34, 13.62it/s]
HPSAC calibration_valid:  65%|██████▍   | 862/1333 [00:58<00:34, 13.81it/s]
HPSAC calibration_valid:  65%|██████▍   | 864/1333 [00:58<00:34, 13.45it/s]
HPSAC calibration_valid:  65%|██████▍   | 866/1333 [00:58<00:34, 13.52it/s]
HPSAC calibration_valid:  65%|██████▌   | 868/1333 [00:59<00:34, 13.50it/s]
HPSAC calibration_valid:  65%|██████▌   | 870/1333 [00:59<00:34, 13.41it/s]
HPSAC calibration_valid:  65%|██████▌   | 872/1333 [00:59<00:34, 13.55it/s]
HPSAC calibration_valid:  66%|██████▌   | 874/1333 [00:59<00:33, 13.80it/s]
HPSAC calibration_valid:  66%|██████▌   | 876/1333 [00:59<00:32, 13.91it/s]
HPSAC calibration_valid:  66%|██████▌   | 878/1333 [00:59<00:32, 14.10it/s]
HPSAC calibration_valid:  66%|██████▌   | 880/1333 [00:59<00:31, 14.16it/s]
HPSAC calibration_valid:  66%|██████▌   | 882/1333 [01:00<00:32, 13.92it/s]
HPSAC calibration_valid:  66%|██████▋   | 884/1333 [01:00<00:31, 14.06it/s]
HPSAC calibration_valid:  66%|██████▋   | 886/1333 [01:00<00:32, 13.85it/s]
HPSAC calibration_valid:  67%|██████▋   | 888/1333 [01:00<00:31, 13.95it/s]
HPSAC calibration_valid:  67%|██████▋   | 890/1333 [01:00<00:31, 13.85it/s]
HPSAC calibration_valid:  67%|██████▋   | 892/1333 [01:00<00:32, 13.74it/s]
HPSAC calibration_valid:  67%|██████▋   | 894/1333 [01:01<00:31, 13.96it/s]
HPSAC calibration_valid:  67%|██████▋   | 896/1333 [01:01<00:31, 13.84it/s]
HPSAC calibration_valid:  67%|██████▋   | 898/1333 [01:01<00:31, 13.72it/s]
HPSAC calibration_valid:  68%|██████▊   | 900/1333 [01:01<00:31, 13.62it/s]
HPSAC calibration_valid:  68%|██████▊   | 902/1333 [01:01<00:32, 13.34it/s]
HPSAC calibration_valid:  68%|██████▊   | 904/1333 [01:01<00:32, 13.35it/s]
HPSAC calibration_valid:  68%|██████▊   | 906/1333 [01:01<00:32, 13.34it/s]
HPSAC calibration_valid:  68%|██████▊   | 908/1333 [01:02<00:31, 13.46it/s]
HPSAC calibration_valid:  68%|██████▊   | 910/1333 [01:02<00:31, 13.48it/s]
HPSAC calibration_valid:  68%|██████▊   | 912/1333 [01:02<00:30, 13.70it/s]
HPSAC calibration_valid:  69%|██████▊   | 914/1333 [01:02<00:30, 13.93it/s]
HPSAC calibration_valid:  69%|██████▊   | 916/1333 [01:02<00:29, 14.22it/s]
HPSAC calibration_valid:  69%|██████▉   | 918/1333 [01:02<00:28, 14.33it/s]
HPSAC calibration_valid:  69%|██████▉   | 920/1333 [01:02<00:28, 14.38it/s]
HPSAC calibration_valid:  69%|██████▉   | 922/1333 [01:03<00:28, 14.50it/s]
HPSAC calibration_valid:  69%|██████▉   | 924/1333 [01:03<00:28, 14.43it/s]
HPSAC calibration_valid:  69%|██████▉   | 926/1333 [01:03<00:28, 14.50it/s]
HPSAC calibration_valid:  70%|██████▉   | 928/1333 [01:03<00:27, 14.65it/s]
HPSAC calibration_valid:  70%|██████▉   | 930/1333 [01:03<00:27, 14.63it/s]
HPSAC calibration_valid:  70%|██████▉   | 932/1333 [01:03<00:27, 14.58it/s]
HPSAC calibration_valid:  70%|███████   | 934/1333 [01:03<00:27, 14.36it/s]
HPSAC calibration_valid:  70%|███████   | 936/1333 [01:04<00:27, 14.27it/s]
HPSAC calibration_valid:  70%|███████   | 938/1333 [01:04<00:27, 14.27it/s]
HPSAC calibration_valid:  71%|███████   | 940/1333 [01:04<00:27, 14.37it/s]
HPSAC calibration_valid:  71%|███████   | 942/1333 [01:04<00:27, 14.25it/s]
HPSAC calibration_valid:  71%|███████   | 944/1333 [01:04<00:27, 14.14it/s]
HPSAC calibration_valid:  71%|███████   | 946/1333 [01:04<00:27, 14.11it/s]
HPSAC calibration_valid:  71%|███████   | 948/1333 [01:04<00:27, 14.16it/s]
HPSAC calibration_valid:  71%|███████▏  | 950/1333 [01:04<00:26, 14.37it/s]
HPSAC calibration_valid:  71%|███████▏  | 952/1333 [01:05<00:26, 14.44it/s]
HPSAC calibration_valid:  72%|███████▏  | 954/1333 [01:05<00:26, 14.48it/s]
HPSAC calibration_valid:  72%|███████▏  | 956/1333 [01:05<00:25, 14.69it/s]
HPSAC calibration_valid:  72%|███████▏  | 958/1333 [01:05<00:25, 14.69it/s]
HPSAC calibration_valid:  72%|███████▏  | 960/1333 [01:05<00:25, 14.78it/s]
HPSAC calibration_valid:  72%|███████▏  | 962/1333 [01:05<00:25, 14.73it/s]
HPSAC calibration_valid:  72%|███████▏  | 964/1333 [01:05<00:25, 14.69it/s]
HPSAC calibration_valid:  72%|███████▏  | 966/1333 [01:06<00:25, 14.45it/s]
HPSAC calibration_valid:  73%|███████▎  | 968/1333 [01:06<00:25, 14.46it/s]
HPSAC calibration_valid:  73%|███████▎  | 970/1333 [01:06<00:25, 14.50it/s]
HPSAC calibration_valid:  73%|███████▎  | 972/1333 [01:06<00:24, 14.62it/s]
HPSAC calibration_valid:  73%|███████▎  | 974/1333 [01:06<00:24, 14.59it/s]
HPSAC calibration_valid:  73%|███████▎  | 976/1333 [01:06<00:24, 14.72it/s]
HPSAC calibration_valid:  73%|███████▎  | 978/1333 [01:06<00:24, 14.73it/s]
HPSAC calibration_valid:  74%|███████▎  | 980/1333 [01:07<00:24, 14.70it/s]
HPSAC calibration_valid:  74%|███████▎  | 982/1333 [01:07<00:23, 14.69it/s]
HPSAC calibration_valid:  74%|███████▍  | 984/1333 [01:07<00:23, 14.66it/s]
HPSAC calibration_valid:  74%|███████▍  | 986/1333 [01:07<00:24, 14.38it/s]
HPSAC calibration_valid:  74%|███████▍  | 988/1333 [01:07<00:23, 14.59it/s]
HPSAC calibration_valid:  74%|███████▍  | 990/1333 [01:07<00:23, 14.50it/s]
HPSAC calibration_valid:  74%|███████▍  | 992/1333 [01:07<00:23, 14.68it/s]
HPSAC calibration_valid:  75%|███████▍  | 994/1333 [01:07<00:23, 14.63it/s]
HPSAC calibration_valid:  75%|███████▍  | 996/1333 [01:08<00:23, 14.45it/s]
HPSAC calibration_valid:  75%|███████▍  | 998/1333 [01:08<00:22, 14.57it/s]
HPSAC calibration_valid:  75%|███████▌  | 1000/1333 [01:08<00:22, 14.49it/s]
HPSAC calibration_valid:  75%|███████▌  | 1002/1333 [01:08<00:22, 14.53it/s]
HPSAC calibration_valid:  75%|███████▌  | 1004/1333 [01:08<00:22, 14.44it/s]
HPSAC calibration_valid:  75%|███████▌  | 1006/1333 [01:08<00:22, 14.48it/s]
HPSAC calibration_valid:  76%|███████▌  | 1008/1333 [01:08<00:22, 14.50it/s]
HPSAC calibration_valid:  76%|███████▌  | 1010/1333 [01:09<00:22, 14.50it/s]
HPSAC calibration_valid:  76%|███████▌  | 1012/1333 [01:09<00:22, 14.56it/s]
HPSAC calibration_valid:  76%|███████▌  | 1014/1333 [01:09<00:21, 14.68it/s]
HPSAC calibration_valid:  76%|███████▌  | 1016/1333 [01:09<00:21, 14.75it/s]
HPSAC calibration_valid:  76%|███████▋  | 1018/1333 [01:09<00:21, 14.78it/s]
HPSAC calibration_valid:  77%|███████▋  | 1020/1333 [01:09<00:21, 14.69it/s]
HPSAC calibration_valid:  77%|███████▋  | 1022/1333 [01:09<00:21, 14.68it/s]
HPSAC calibration_valid:  77%|███████▋  | 1024/1333 [01:10<00:21, 14.62it/s]
HPSAC calibration_valid:  77%|███████▋  | 1026/1333 [01:10<00:20, 14.72it/s]
HPSAC calibration_valid:  77%|███████▋  | 1028/1333 [01:10<00:20, 14.69it/s]
HPSAC calibration_valid:  77%|███████▋  | 1030/1333 [01:10<00:20, 14.70it/s]
HPSAC calibration_valid:  77%|███████▋  | 1032/1333 [01:10<00:20, 14.79it/s]
HPSAC calibration_valid:  78%|███████▊  | 1034/1333 [01:10<00:20, 14.66it/s]
HPSAC calibration_valid:  78%|███████▊  | 1036/1333 [01:10<00:20, 14.66it/s]
HPSAC calibration_valid:  78%|███████▊  | 1038/1333 [01:10<00:20, 14.71it/s]
HPSAC calibration_valid:  78%|███████▊  | 1040/1333 [01:11<00:19, 14.78it/s]
HPSAC calibration_valid:  78%|███████▊  | 1042/1333 [01:11<00:19, 14.79it/s]
HPSAC calibration_valid:  78%|███████▊  | 1044/1333 [01:11<00:19, 14.70it/s]
HPSAC calibration_valid:  78%|███████▊  | 1046/1333 [01:11<00:19, 14.76it/s]
HPSAC calibration_valid:  79%|███████▊  | 1048/1333 [01:11<00:19, 14.59it/s]
HPSAC calibration_valid:  79%|███████▉  | 1050/1333 [01:11<00:19, 14.71it/s]
HPSAC calibration_valid:  79%|███████▉  | 1052/1333 [01:11<00:19, 14.72it/s]
HPSAC calibration_valid:  79%|███████▉  | 1054/1333 [01:12<00:18, 14.78it/s]
HPSAC calibration_valid:  79%|███████▉  | 1056/1333 [01:12<00:18, 14.77it/s]
HPSAC calibration_valid:  79%|███████▉  | 1058/1333 [01:12<00:18, 14.74it/s]
HPSAC calibration_valid:  80%|███████▉  | 1060/1333 [01:12<00:18, 14.82it/s]
HPSAC calibration_valid:  80%|███████▉  | 1062/1333 [01:12<00:18, 14.77it/s]
HPSAC calibration_valid:  80%|███████▉  | 1064/1333 [01:12<00:18, 14.73it/s]
HPSAC calibration_valid:  80%|███████▉  | 1066/1333 [01:12<00:18, 14.78it/s]
HPSAC calibration_valid:  80%|████████  | 1068/1333 [01:13<00:18, 14.69it/s]
HPSAC calibration_valid:  80%|████████  | 1070/1333 [01:13<00:17, 14.71it/s]
HPSAC calibration_valid:  80%|████████  | 1072/1333 [01:13<00:17, 14.78it/s]
HPSAC calibration_valid:  81%|████████  | 1074/1333 [01:13<00:17, 14.79it/s]
HPSAC calibration_valid:  82%|████████▏ | 1089/1333 [01:13<00:05, 41.68it/s]
HPSAC calibration_valid:  82%|████████▏ | 1093/1333 [01:13<00:08, 29.36it/s]
HPSAC calibration_valid:  82%|████████▏ | 1097/1333 [01:14<00:10, 23.58it/s]
HPSAC calibration_valid:  83%|████████▎ | 1100/1333 [01:14<00:11, 20.80it/s]
HPSAC calibration_valid:  83%|████████▎ | 1103/1333 [01:14<00:12, 18.74it/s]
HPSAC calibration_valid:  83%|████████▎ | 1106/1333 [01:14<00:12, 17.67it/s]
HPSAC calibration_valid:  83%|████████▎ | 1108/1333 [01:14<00:13, 16.99it/s]
HPSAC calibration_valid:  83%|████████▎ | 1110/1333 [01:15<00:13, 16.35it/s]
HPSAC calibration_valid:  83%|████████▎ | 1112/1333 [01:15<00:13, 15.87it/s]
HPSAC calibration_valid:  84%|████████▎ | 1114/1333 [01:15<00:14, 15.53it/s]
HPSAC calibration_valid:  84%|████████▎ | 1116/1333 [01:15<00:14, 15.30it/s]
HPSAC calibration_valid:  84%|████████▍ | 1118/1333 [01:15<00:14, 15.13it/s]
HPSAC calibration_valid:  84%|████████▍ | 1120/1333 [01:15<00:14, 15.02it/s]
HPSAC calibration_valid:  84%|████████▍ | 1122/1333 [01:15<00:14, 14.92it/s]
HPSAC calibration_valid:  84%|████████▍ | 1124/1333 [01:15<00:14, 14.89it/s]
HPSAC calibration_valid:  84%|████████▍ | 1126/1333 [01:16<00:13, 14.89it/s]
HPSAC calibration_valid:  85%|████████▍ | 1128/1333 [01:16<00:13, 14.95it/s]
HPSAC calibration_valid:  85%|████████▍ | 1130/1333 [01:16<00:13, 14.98it/s]
HPSAC calibration_valid:  85%|████████▍ | 1132/1333 [01:16<00:13, 15.02it/s]
HPSAC calibration_valid:  85%|████████▌ | 1134/1333 [01:16<00:13, 14.76it/s]
HPSAC calibration_valid:  85%|████████▌ | 1136/1333 [01:16<00:13, 14.87it/s]
HPSAC calibration_valid:  85%|████████▌ | 1138/1333 [01:16<00:13, 14.87it/s]
HPSAC calibration_valid:  86%|████████▌ | 1140/1333 [01:17<00:12, 14.88it/s]
HPSAC calibration_valid:  86%|████████▌ | 1142/1333 [01:17<00:12, 14.99it/s]
HPSAC calibration_valid:  86%|████████▌ | 1144/1333 [01:17<00:12, 14.99it/s]
HPSAC calibration_valid:  86%|████████▌ | 1146/1333 [01:17<00:12, 14.99it/s]
HPSAC calibration_valid:  86%|████████▌ | 1148/1333 [01:17<00:12, 14.91it/s]
HPSAC calibration_valid:  86%|████████▋ | 1150/1333 [01:17<00:12, 14.90it/s]
HPSAC calibration_valid:  86%|████████▋ | 1152/1333 [01:17<00:12, 14.92it/s]
HPSAC calibration_valid:  87%|████████▋ | 1154/1333 [01:18<00:11, 14.99it/s]
HPSAC calibration_valid:  87%|████████▋ | 1156/1333 [01:18<00:11, 14.88it/s]
HPSAC calibration_valid:  87%|████████▋ | 1158/1333 [01:18<00:11, 14.90it/s]
HPSAC calibration_valid:  87%|████████▋ | 1160/1333 [01:18<00:11, 14.67it/s]
HPSAC calibration_valid:  87%|████████▋ | 1162/1333 [01:18<00:11, 14.69it/s]
HPSAC calibration_valid:  87%|████████▋ | 1164/1333 [01:18<00:11, 14.49it/s]
HPSAC calibration_valid:  87%|████████▋ | 1166/1333 [01:18<00:11, 14.66it/s]
HPSAC calibration_valid:  88%|████████▊ | 1168/1333 [01:18<00:11, 14.82it/s]
HPSAC calibration_valid:  88%|████████▊ | 1170/1333 [01:19<00:10, 14.87it/s]
HPSAC calibration_valid:  88%|████████▊ | 1172/1333 [01:19<00:10, 14.88it/s]
HPSAC calibration_valid:  88%|████████▊ | 1174/1333 [01:19<00:10, 14.95it/s]
HPSAC calibration_valid:  88%|████████▊ | 1176/1333 [01:19<00:10, 15.02it/s]
HPSAC calibration_valid:  88%|████████▊ | 1178/1333 [01:19<00:10, 14.91it/s]
HPSAC calibration_valid:  89%|████████▊ | 1180/1333 [01:19<00:10, 14.90it/s]
HPSAC calibration_valid:  89%|████████▊ | 1182/1333 [01:19<00:10, 14.86it/s]
HPSAC calibration_valid:  89%|████████▉ | 1184/1333 [01:20<00:10, 14.67it/s]
HPSAC calibration_valid:  89%|████████▉ | 1186/1333 [01:20<00:10, 14.64it/s]
HPSAC calibration_valid:  89%|████████▉ | 1188/1333 [01:20<00:09, 14.53it/s]
HPSAC calibration_valid:  89%|████████▉ | 1190/1333 [01:20<00:10, 14.14it/s]
HPSAC calibration_valid:  89%|████████▉ | 1192/1333 [01:20<00:10, 13.63it/s]
HPSAC calibration_valid:  90%|████████▉ | 1194/1333 [01:20<00:10, 13.37it/s]
HPSAC calibration_valid:  90%|████████▉ | 1196/1333 [01:20<00:10, 13.67it/s]
HPSAC calibration_valid:  90%|████████▉ | 1198/1333 [01:21<00:09, 13.88it/s]
HPSAC calibration_valid:  90%|█████████ | 1200/1333 [01:21<00:09, 14.08it/s]
HPSAC calibration_valid:  90%|█████████ | 1202/1333 [01:21<00:09, 14.35it/s]
HPSAC calibration_valid:  90%|█████████ | 1204/1333 [01:21<00:08, 14.44it/s]
HPSAC calibration_valid:  90%|█████████ | 1206/1333 [01:21<00:08, 14.52it/s]
HPSAC calibration_valid:  91%|█████████ | 1208/1333 [01:21<00:08, 14.53it/s]
HPSAC calibration_valid:  91%|█████████ | 1210/1333 [01:21<00:08, 14.54it/s]
HPSAC calibration_valid:  91%|█████████ | 1212/1333 [01:22<00:08, 14.39it/s]
HPSAC calibration_valid:  91%|█████████ | 1214/1333 [01:22<00:08, 14.45it/s]
HPSAC calibration_valid:  91%|█████████ | 1216/1333 [01:22<00:08, 14.52it/s]
HPSAC calibration_valid:  91%|█████████▏| 1218/1333 [01:22<00:07, 14.66it/s]
HPSAC calibration_valid:  92%|█████████▏| 1220/1333 [01:22<00:07, 14.70it/s]
HPSAC calibration_valid:  92%|█████████▏| 1222/1333 [01:22<00:07, 14.68it/s]
HPSAC calibration_valid:  92%|█████████▏| 1224/1333 [01:22<00:07, 14.66it/s]
HPSAC calibration_valid:  92%|█████████▏| 1226/1333 [01:22<00:07, 14.58it/s]
HPSAC calibration_valid:  92%|█████████▏| 1228/1333 [01:23<00:07, 14.49it/s]
HPSAC calibration_valid:  92%|█████████▏| 1230/1333 [01:23<00:07, 14.63it/s]
HPSAC calibration_valid:  92%|█████████▏| 1232/1333 [01:23<00:06, 14.74it/s]
HPSAC calibration_valid:  93%|█████████▎| 1234/1333 [01:23<00:06, 14.77it/s]
HPSAC calibration_valid:  93%|█████████▎| 1236/1333 [01:23<00:06, 14.84it/s]
HPSAC calibration_valid:  93%|█████████▎| 1238/1333 [01:23<00:06, 14.80it/s]
HPSAC calibration_valid:  93%|█████████▎| 1240/1333 [01:23<00:06, 14.72it/s]
HPSAC calibration_valid:  93%|█████████▎| 1242/1333 [01:24<00:06, 14.62it/s]
HPSAC calibration_valid:  93%|█████████▎| 1244/1333 [01:24<00:06, 14.78it/s]
HPSAC calibration_valid:  93%|█████████▎| 1246/1333 [01:24<00:05, 14.70it/s]
HPSAC calibration_valid:  94%|█████████▎| 1248/1333 [01:24<00:05, 14.59it/s]
HPSAC calibration_valid:  94%|█████████▍| 1250/1333 [01:24<00:05, 14.60it/s]
HPSAC calibration_valid:  94%|█████████▍| 1252/1333 [01:24<00:05, 14.68it/s]
HPSAC calibration_valid:  94%|█████████▍| 1254/1333 [01:24<00:05, 14.70it/s]
HPSAC calibration_valid:  94%|█████████▍| 1256/1333 [01:25<00:05, 14.80it/s]
HPSAC calibration_valid:  94%|█████████▍| 1258/1333 [01:25<00:05, 14.86it/s]
HPSAC calibration_valid:  95%|█████████▍| 1260/1333 [01:25<00:04, 14.90it/s]
HPSAC calibration_valid:  95%|█████████▍| 1262/1333 [01:25<00:04, 14.88it/s]
HPSAC calibration_valid:  95%|█████████▍| 1264/1333 [01:25<00:04, 14.75it/s]
HPSAC calibration_valid:  95%|█████████▍| 1266/1333 [01:25<00:04, 14.79it/s]
HPSAC calibration_valid:  95%|█████████▌| 1268/1333 [01:25<00:04, 14.90it/s]
HPSAC calibration_valid:  95%|█████████▌| 1270/1333 [01:25<00:04, 14.80it/s]
HPSAC calibration_valid:  95%|█████████▌| 1272/1333 [01:26<00:04, 14.66it/s]
HPSAC calibration_valid:  96%|█████████▌| 1274/1333 [01:26<00:04, 14.24it/s]
HPSAC calibration_valid:  96%|█████████▌| 1276/1333 [01:26<00:04, 14.13it/s]
HPSAC calibration_valid:  96%|█████████▌| 1278/1333 [01:26<00:03, 14.19it/s]
HPSAC calibration_valid:  96%|█████████▌| 1280/1333 [01:26<00:03, 14.28it/s]
HPSAC calibration_valid:  96%|█████████▌| 1282/1333 [01:26<00:03, 14.35it/s]
HPSAC calibration_valid:  96%|█████████▋| 1284/1333 [01:26<00:03, 14.36it/s]
HPSAC calibration_valid:  96%|█████████▋| 1286/1333 [01:27<00:03, 14.39it/s]
HPSAC calibration_valid:  97%|█████████▋| 1288/1333 [01:27<00:03, 14.31it/s]
HPSAC calibration_valid:  97%|█████████▋| 1290/1333 [01:27<00:03, 14.26it/s]
HPSAC calibration_valid:  97%|█████████▋| 1292/1333 [01:27<00:02, 14.33it/s]
HPSAC calibration_valid:  97%|█████████▋| 1294/1333 [01:27<00:02, 14.21it/s]
HPSAC calibration_valid:  97%|█████████▋| 1296/1333 [01:27<00:02, 14.07it/s]
HPSAC calibration_valid:  97%|█████████▋| 1298/1333 [01:27<00:02, 14.16it/s]
HPSAC calibration_valid:  98%|█████████▊| 1300/1333 [01:28<00:02, 14.16it/s]
HPSAC calibration_valid:  98%|█████████▊| 1302/1333 [01:28<00:02, 14.08it/s]
HPSAC calibration_valid:  98%|█████████▊| 1304/1333 [01:28<00:02, 14.08it/s]
HPSAC calibration_valid:  98%|█████████▊| 1306/1333 [01:28<00:01, 13.53it/s]
HPSAC calibration_valid:  98%|█████████▊| 1308/1333 [01:28<00:01, 13.61it/s]
HPSAC calibration_valid:  98%|█████████▊| 1310/1333 [01:28<00:01, 13.78it/s]
HPSAC calibration_valid:  98%|█████████▊| 1312/1333 [01:28<00:01, 14.04it/s]
HPSAC calibration_valid:  99%|█████████▊| 1314/1333 [01:29<00:01, 14.25it/s]
HPSAC calibration_valid:  99%|█████████▊| 1316/1333 [01:29<00:01, 14.34it/s]
HPSAC calibration_valid:  99%|█████████▉| 1318/1333 [01:29<00:01, 14.31it/s]
HPSAC calibration_valid:  99%|█████████▉| 1320/1333 [01:29<00:00, 14.16it/s]
HPSAC calibration_valid:  99%|█████████▉| 1322/1333 [01:29<00:00, 14.30it/s]
HPSAC calibration_valid:  99%|█████████▉| 1324/1333 [01:29<00:00, 14.41it/s]
HPSAC calibration_valid:  99%|█████████▉| 1326/1333 [01:29<00:00, 14.47it/s]
HPSAC calibration_valid: 100%|█████████▉| 1328/1333 [01:30<00:00, 14.41it/s]
HPSAC calibration_valid: 100%|█████████▉| 1330/1333 [01:30<00:00, 14.60it/s]
HPSAC calibration_valid: 100%|█████████▉| 1332/1333 [01:30<00:00, 14.72it/s]
                                                                            

HPSAC test:   0%|          | 0/2663 [00:00<?, ?it/s]
HPSAC test:   0%|          | 2/2663 [00:00<03:00, 14.78it/s]
HPSAC test:   0%|          | 4/2663 [00:00<03:03, 14.53it/s]
HPSAC test:   0%|          | 6/2663 [00:00<03:09, 14.03it/s]
HPSAC test:   0%|          | 8/2663 [00:00<03:08, 14.12it/s]
HPSAC test:   0%|          | 10/2663 [00:00<03:10, 13.93it/s]
HPSAC test:   0%|          | 12/2663 [00:00<03:10, 13.89it/s]
HPSAC test:   1%|          | 14/2663 [00:01<03:11, 13.85it/s]
HPSAC test:   1%|          | 16/2663 [00:01<03:14, 13.64it/s]
HPSAC test:   1%|          | 18/2663 [00:01<03:11, 13.81it/s]
HPSAC test:   1%|          | 20/2663 [00:01<03:12, 13.74it/s]
HPSAC test:   1%|          | 22/2663 [00:01<03:11, 13.82it/s]
HPSAC test:   1%|          | 24/2663 [00:01<03:12, 13.70it/s]
HPSAC test:   1%|          | 26/2663 [00:01<03:11, 13.76it/s]
HPSAC test:   1%|          | 28/2663 [00:02<03:11, 13.75it/s]
HPSAC test:   1%|          | 30/2663 [00:02<03:11, 13.77it/s]
HPSAC test:   1%|          | 32/2663 [00:02<03:09, 13.91it/s]
HPSAC test:   1%|▏         | 34/2663 [00:02<03:08, 13.98it/s]
HPSAC test:   1%|▏         | 36/2663 [00:02<03:06, 14.05it/s]
HPSAC test:   1%|▏         | 38/2663 [00:02<03:10, 13.75it/s]
HPSAC test:   2%|▏         | 40/2663 [00:02<03:11, 13.73it/s]
HPSAC test:   2%|▏         | 42/2663 [00:03<03:08, 13.90it/s]
HPSAC test:   2%|▏         | 44/2663 [00:03<03:10, 13.78it/s]
HPSAC test:   2%|▏         | 46/2663 [00:03<03:07, 13.93it/s]
HPSAC test:   2%|▏         | 48/2663 [00:03<03:08, 13.85it/s]
HPSAC test:   2%|▏         | 50/2663 [00:03<03:08, 13.85it/s]
HPSAC test:   2%|▏         | 52/2663 [00:03<03:09, 13.80it/s]
HPSAC test:   2%|▏         | 54/2663 [00:03<03:09, 13.77it/s]
HPSAC test:   2%|▏         | 56/2663 [00:04<03:09, 13.74it/s]
HPSAC test:   2%|▏         | 58/2663 [00:04<03:09, 13.77it/s]
HPSAC test:   2%|▏         | 60/2663 [00:04<03:06, 13.95it/s]
HPSAC test:   2%|▏         | 62/2663 [00:04<03:06, 13.95it/s]
HPSAC test:   2%|▏         | 64/2663 [00:04<03:07, 13.87it/s]
HPSAC test:   2%|▏         | 66/2663 [00:04<03:11, 13.59it/s]
HPSAC test:   3%|▎         | 68/2663 [00:04<03:12, 13.51it/s]
HPSAC test:   3%|▎         | 70/2663 [00:05<03:10, 13.64it/s]
HPSAC test:   3%|▎         | 72/2663 [00:05<03:13, 13.41it/s]
HPSAC test:   3%|▎         | 74/2663 [00:05<03:11, 13.49it/s]
HPSAC test:   3%|▎         | 76/2663 [00:05<03:13, 13.39it/s]
HPSAC test:   3%|▎         | 78/2663 [00:05<03:13, 13.37it/s]
HPSAC test:   3%|▎         | 80/2663 [00:05<03:13, 13.32it/s]
HPSAC test:   3%|▎         | 82/2663 [00:05<03:18, 13.01it/s]
HPSAC test:   3%|▎         | 84/2663 [00:06<03:17, 13.07it/s]
HPSAC test:   3%|▎         | 86/2663 [00:06<03:17, 13.02it/s]
HPSAC test:   3%|▎         | 88/2663 [00:06<03:14, 13.25it/s]
HPSAC test:   3%|▎         | 90/2663 [00:06<03:13, 13.28it/s]
HPSAC test:   3%|▎         | 92/2663 [00:06<03:13, 13.28it/s]
HPSAC test:   4%|▎         | 94/2663 [00:06<03:14, 13.18it/s]
HPSAC test:   4%|▎         | 96/2663 [00:07<03:10, 13.50it/s]
HPSAC test:   4%|▎         | 98/2663 [00:07<03:08, 13.63it/s]
HPSAC test:   4%|▍         | 100/2663 [00:07<03:04, 13.86it/s]
HPSAC test:   4%|▍         | 102/2663 [00:07<03:04, 13.92it/s]
HPSAC test:   4%|▍         | 104/2663 [00:07<03:03, 13.96it/s]
HPSAC test:   4%|▍         | 106/2663 [00:07<03:05, 13.76it/s]
HPSAC test:   4%|▍         | 108/2663 [00:07<03:04, 13.87it/s]
HPSAC test:   4%|▍         | 110/2663 [00:08<03:02, 13.99it/s]
HPSAC test:   4%|▍         | 112/2663 [00:08<03:02, 13.98it/s]
HPSAC test:   4%|▍         | 114/2663 [00:08<03:01, 14.04it/s]
HPSAC test:   4%|▍         | 116/2663 [00:08<03:05, 13.70it/s]
HPSAC test:   4%|▍         | 118/2663 [00:08<03:05, 13.72it/s]
HPSAC test:   5%|▍         | 120/2663 [00:08<03:04, 13.78it/s]
HPSAC test:   5%|▍         | 122/2663 [00:08<03:03, 13.81it/s]
HPSAC test:   5%|▍         | 124/2663 [00:09<03:02, 13.87it/s]
HPSAC test:   5%|▍         | 126/2663 [00:09<03:05, 13.64it/s]
HPSAC test:   5%|▍         | 128/2663 [00:09<03:07, 13.56it/s]
HPSAC test:   5%|▍         | 130/2663 [00:09<03:06, 13.55it/s]
HPSAC test:   5%|▍         | 132/2663 [00:09<03:08, 13.46it/s]
HPSAC test:   5%|▌         | 134/2663 [00:09<03:10, 13.27it/s]
HPSAC test:   5%|▌         | 136/2663 [00:09<03:08, 13.44it/s]
HPSAC test:   5%|▌         | 138/2663 [00:10<03:06, 13.55it/s]
HPSAC test:   5%|▌         | 140/2663 [00:10<03:07, 13.44it/s]
HPSAC test:   5%|▌         | 142/2663 [00:10<03:09, 13.29it/s]
HPSAC test:   5%|▌         | 144/2663 [00:10<03:08, 13.34it/s]
HPSAC test:   5%|▌         | 146/2663 [00:10<03:08, 13.38it/s]
HPSAC test:   6%|▌         | 148/2663 [00:10<03:06, 13.51it/s]
HPSAC test:   6%|▌         | 150/2663 [00:10<03:05, 13.53it/s]
HPSAC test:   6%|▌         | 152/2663 [00:11<03:02, 13.74it/s]
HPSAC test:   6%|▌         | 154/2663 [00:11<03:00, 13.93it/s]
HPSAC test:   6%|▌         | 156/2663 [00:11<02:56, 14.17it/s]
HPSAC test:   6%|▌         | 158/2663 [00:11<02:57, 14.13it/s]
HPSAC test:   6%|▌         | 160/2663 [00:11<02:57, 14.11it/s]
HPSAC test:   6%|▌         | 162/2663 [00:11<02:56, 14.18it/s]
HPSAC test:   6%|▌         | 164/2663 [00:11<02:55, 14.21it/s]
HPSAC test:   6%|▌         | 166/2663 [00:12<02:56, 14.13it/s]
HPSAC test:   6%|▋         | 168/2663 [00:12<02:54, 14.29it/s]
HPSAC test:   6%|▋         | 170/2663 [00:12<02:52, 14.42it/s]
HPSAC test:   6%|▋         | 172/2663 [00:12<02:53, 14.35it/s]
HPSAC test:   7%|▋         | 174/2663 [00:12<02:54, 14.29it/s]
HPSAC test:   7%|▋         | 176/2663 [00:12<02:55, 14.20it/s]
HPSAC test:   7%|▋         | 178/2663 [00:12<02:54, 14.20it/s]
HPSAC test:   7%|▋         | 180/2663 [00:13<02:53, 14.30it/s]
HPSAC test:   7%|▋         | 182/2663 [00:13<02:52, 14.40it/s]
HPSAC test:   7%|▋         | 184/2663 [00:13<02:50, 14.50it/s]
HPSAC test:   7%|▋         | 186/2663 [00:13<02:48, 14.73it/s]
HPSAC test:   7%|▋         | 188/2663 [00:13<02:48, 14.69it/s]
HPSAC test:   7%|▋         | 190/2663 [00:13<02:48, 14.64it/s]
HPSAC test:   7%|▋         | 192/2663 [00:13<02:47, 14.73it/s]
HPSAC test:   7%|▋         | 194/2663 [00:14<02:47, 14.74it/s]
HPSAC test:   7%|▋         | 196/2663 [00:14<02:46, 14.80it/s]
HPSAC test:   7%|▋         | 198/2663 [00:14<02:47, 14.73it/s]
HPSAC test:   8%|▊         | 200/2663 [00:14<02:49, 14.56it/s]
HPSAC test:   8%|▊         | 202/2663 [00:14<02:49, 14.55it/s]
HPSAC test:   8%|▊         | 217/2663 [00:14<01:00, 40.24it/s]
HPSAC test:   8%|▊         | 221/2663 [00:15<01:24, 28.74it/s]
HPSAC test:   8%|▊         | 225/2663 [00:15<01:45, 23.11it/s]
HPSAC test:   9%|▊         | 228/2663 [00:15<01:58, 20.60it/s]
HPSAC test:   9%|▊         | 231/2663 [00:15<02:08, 18.90it/s]
HPSAC test:   9%|▊         | 233/2663 [00:15<02:15, 17.98it/s]
HPSAC test:   9%|▉         | 235/2663 [00:15<02:21, 17.16it/s]
HPSAC test:   9%|▉         | 237/2663 [00:16<02:26, 16.56it/s]
HPSAC test:   9%|▉         | 239/2663 [00:16<02:30, 16.09it/s]
HPSAC test:   9%|▉         | 241/2663 [00:16<02:34, 15.64it/s]
HPSAC test:   9%|▉         | 243/2663 [00:16<02:36, 15.44it/s]
HPSAC test:   9%|▉         | 245/2663 [00:16<02:37, 15.33it/s]
HPSAC test:   9%|▉         | 247/2663 [00:16<02:40, 15.02it/s]
HPSAC test:   9%|▉         | 249/2663 [00:16<02:43, 14.75it/s]
HPSAC test:   9%|▉         | 251/2663 [00:17<02:45, 14.58it/s]
HPSAC test:  10%|▉         | 253/2663 [00:17<02:45, 14.58it/s]
HPSAC test:  10%|▉         | 255/2663 [00:17<02:46, 14.50it/s]
HPSAC test:  10%|▉         | 257/2663 [00:17<02:45, 14.53it/s]
HPSAC test:  10%|▉         | 259/2663 [00:17<02:46, 14.47it/s]
HPSAC test:  10%|▉         | 261/2663 [00:17<02:44, 14.60it/s]
HPSAC test:  10%|▉         | 263/2663 [00:17<02:46, 14.42it/s]
HPSAC test:  10%|▉         | 265/2663 [00:18<02:46, 14.38it/s]
HPSAC test:  10%|█         | 267/2663 [00:18<02:50, 14.07it/s]
HPSAC test:  10%|█         | 269/2663 [00:18<02:48, 14.17it/s]
HPSAC test:  10%|█         | 271/2663 [00:18<02:46, 14.36it/s]
HPSAC test:  10%|█         | 273/2663 [00:18<02:45, 14.43it/s]
HPSAC test:  10%|█         | 275/2663 [00:18<02:47, 14.29it/s]
HPSAC test:  10%|█         | 277/2663 [00:18<02:46, 14.35it/s]
HPSAC test:  10%|█         | 279/2663 [00:19<02:47, 14.27it/s]
HPSAC test:  11%|█         | 281/2663 [00:19<02:46, 14.30it/s]
HPSAC test:  11%|█         | 283/2663 [00:19<02:44, 14.43it/s]
HPSAC test:  11%|█         | 285/2663 [00:19<02:43, 14.50it/s]
HPSAC test:  11%|█         | 287/2663 [00:19<02:43, 14.50it/s]
HPSAC test:  11%|█         | 289/2663 [00:19<02:42, 14.62it/s]
HPSAC test:  11%|█         | 291/2663 [00:19<02:43, 14.54it/s]
HPSAC test:  11%|█         | 293/2663 [00:19<02:43, 14.46it/s]
HPSAC test:  11%|█         | 295/2663 [00:20<02:44, 14.37it/s]
HPSAC test:  11%|█         | 297/2663 [00:20<02:43, 14.46it/s]
HPSAC test:  11%|█         | 299/2663 [00:20<02:44, 14.36it/s]
HPSAC test:  11%|█▏        | 301/2663 [00:20<02:42, 14.51it/s]
HPSAC test:  11%|█▏        | 303/2663 [00:20<02:41, 14.59it/s]
HPSAC test:  11%|█▏        | 305/2663 [00:20<02:41, 14.62it/s]
HPSAC test:  12%|█▏        | 307/2663 [00:20<02:41, 14.55it/s]
HPSAC test:  12%|█▏        | 309/2663 [00:21<02:42, 14.53it/s]
HPSAC test:  12%|█▏        | 311/2663 [00:21<02:39, 14.73it/s]
HPSAC test:  12%|█▏        | 313/2663 [00:21<02:39, 14.70it/s]
HPSAC test:  12%|█▏        | 315/2663 [00:21<02:41, 14.58it/s]
HPSAC test:  12%|█▏        | 317/2663 [00:21<02:37, 14.88it/s]
HPSAC test:  12%|█▏        | 319/2663 [00:21<02:37, 14.86it/s]
HPSAC test:  12%|█▏        | 321/2663 [00:21<02:37, 14.86it/s]
HPSAC test:  12%|█▏        | 323/2663 [00:22<02:37, 14.89it/s]
HPSAC test:  12%|█▏        | 325/2663 [00:22<02:36, 14.93it/s]
HPSAC test:  12%|█▏        | 327/2663 [00:22<02:36, 14.90it/s]
HPSAC test:  12%|█▏        | 329/2663 [00:22<02:37, 14.82it/s]
HPSAC test:  12%|█▏        | 331/2663 [00:22<02:38, 14.75it/s]
HPSAC test:  13%|█▎        | 333/2663 [00:22<02:37, 14.79it/s]
HPSAC test:  13%|█▎        | 335/2663 [00:22<02:37, 14.80it/s]
HPSAC test:  13%|█▎        | 337/2663 [00:22<02:38, 14.70it/s]
HPSAC test:  13%|█▎        | 339/2663 [00:23<02:38, 14.63it/s]
HPSAC test:  13%|█▎        | 341/2663 [00:23<02:37, 14.70it/s]
HPSAC test:  13%|█▎        | 343/2663 [00:23<02:38, 14.68it/s]
HPSAC test:  13%|█▎        | 345/2663 [00:23<02:37, 14.70it/s]
HPSAC test:  13%|█▎        | 347/2663 [00:23<02:37, 14.74it/s]
HPSAC test:  13%|█▎        | 349/2663 [00:23<02:35, 14.89it/s]
HPSAC test:  13%|█▎        | 351/2663 [00:23<02:38, 14.62it/s]
HPSAC test:  13%|█▎        | 353/2663 [00:24<02:39, 14.50it/s]
HPSAC test:  13%|█▎        | 355/2663 [00:24<02:40, 14.37it/s]
HPSAC test:  13%|█▎        | 357/2663 [00:24<02:40, 14.41it/s]
HPSAC test:  13%|█▎        | 359/2663 [00:24<02:39, 14.45it/s]
HPSAC test:  14%|█▎        | 361/2663 [00:24<02:37, 14.58it/s]
HPSAC test:  14%|█▎        | 363/2663 [00:24<02:38, 14.50it/s]
HPSAC test:  14%|█▎        | 365/2663 [00:24<02:41, 14.27it/s]
HPSAC test:  14%|█▍        | 367/2663 [00:25<02:40, 14.26it/s]
HPSAC test:  14%|█▍        | 369/2663 [00:25<02:39, 14.40it/s]
HPSAC test:  14%|█▍        | 371/2663 [00:25<02:38, 14.46it/s]
HPSAC test:  14%|█▍        | 373/2663 [00:25<02:40, 14.31it/s]
HPSAC test:  14%|█▍        | 375/2663 [00:25<02:38, 14.39it/s]
HPSAC test:  14%|█▍        | 377/2663 [00:25<02:37, 14.52it/s]
HPSAC test:  14%|█▍        | 379/2663 [00:25<02:36, 14.62it/s]
HPSAC test:  14%|█▍        | 381/2663 [00:26<02:35, 14.68it/s]
HPSAC test:  14%|█▍        | 383/2663 [00:26<02:37, 14.48it/s]
HPSAC test:  14%|█▍        | 385/2663 [00:26<02:40, 14.17it/s]
HPSAC test:  15%|█▍        | 387/2663 [00:26<02:43, 13.91it/s]
HPSAC test:  15%|█▍        | 389/2663 [00:26<02:43, 13.89it/s]
HPSAC test:  15%|█▍        | 391/2663 [00:26<02:44, 13.84it/s]
HPSAC test:  15%|█▍        | 393/2663 [00:26<02:44, 13.76it/s]
HPSAC test:  15%|█▍        | 395/2663 [00:27<02:49, 13.41it/s]
HPSAC test:  15%|█▍        | 397/2663 [00:27<02:48, 13.43it/s]
HPSAC test:  15%|█▍        | 399/2663 [00:27<02:48, 13.40it/s]
HPSAC test:  15%|█▌        | 401/2663 [00:27<02:47, 13.47it/s]
HPSAC test:  15%|█▌        | 403/2663 [00:27<02:44, 13.75it/s]
HPSAC test:  15%|█▌        | 405/2663 [00:27<02:42, 13.91it/s]
HPSAC test:  15%|█▌        | 407/2663 [00:27<02:42, 13.87it/s]
HPSAC test:  15%|█▌        | 409/2663 [00:28<02:45, 13.62it/s]
HPSAC test:  15%|█▌        | 411/2663 [00:28<02:47, 13.47it/s]
HPSAC test:  16%|█▌        | 413/2663 [00:28<02:46, 13.49it/s]
HPSAC test:  16%|█▌        | 415/2663 [00:28<02:43, 13.76it/s]
HPSAC test:  16%|█▌        | 417/2663 [00:28<02:42, 13.79it/s]
HPSAC test:  16%|█▌        | 419/2663 [00:28<02:40, 13.97it/s]
HPSAC test:  16%|█▌        | 421/2663 [00:28<02:38, 14.11it/s]
HPSAC test:  16%|█▌        | 423/2663 [00:29<02:38, 14.12it/s]
HPSAC test:  16%|█▌        | 425/2663 [00:29<02:37, 14.18it/s]
HPSAC test:  16%|█▌        | 427/2663 [00:29<02:37, 14.22it/s]
HPSAC test:  16%|█▌        | 429/2663 [00:29<02:37, 14.18it/s]
HPSAC test:  16%|█▌        | 431/2663 [00:29<02:57, 12.59it/s]
HPSAC test:  16%|█▋        | 433/2663 [00:29<02:55, 12.70it/s]
HPSAC test:  16%|█▋        | 435/2663 [00:29<02:48, 13.18it/s]
HPSAC test:  16%|█▋        | 437/2663 [00:30<02:45, 13.46it/s]
HPSAC test:  16%|█▋        | 439/2663 [00:30<02:40, 13.83it/s]
HPSAC test:  17%|█▋        | 441/2663 [00:30<02:39, 13.95it/s]
HPSAC test:  17%|█▋        | 443/2663 [00:30<02:49, 13.07it/s]
HPSAC test:  17%|█▋        | 445/2663 [00:30<02:54, 12.74it/s]
HPSAC test:  17%|█▋        | 447/2663 [00:30<02:48, 13.14it/s]
HPSAC test:  17%|█▋        | 449/2663 [00:31<02:44, 13.50it/s]
HPSAC test:  17%|█▋        | 451/2663 [00:31<02:40, 13.76it/s]
HPSAC test:  17%|█▋        | 453/2663 [00:31<02:38, 13.92it/s]
HPSAC test:  17%|█▋        | 455/2663 [00:31<02:38, 13.95it/s]
HPSAC test:  17%|█▋        | 457/2663 [00:31<02:37, 14.02it/s]
HPSAC test:  17%|█▋        | 459/2663 [00:31<02:38, 13.92it/s]
HPSAC test:  17%|█▋        | 461/2663 [00:31<02:38, 13.91it/s]
HPSAC test:  17%|█▋        | 463/2663 [00:32<02:35, 14.11it/s]
HPSAC test:  17%|█▋        | 465/2663 [00:32<02:35, 14.16it/s]
HPSAC test:  18%|█▊        | 467/2663 [00:32<02:33, 14.27it/s]
HPSAC test:  18%|█▊        | 469/2663 [00:32<02:33, 14.25it/s]
HPSAC test:  18%|█▊        | 471/2663 [00:32<02:33, 14.26it/s]
HPSAC test:  18%|█▊        | 473/2663 [00:32<02:31, 14.42it/s]
HPSAC test:  18%|█▊        | 475/2663 [00:32<02:32, 14.39it/s]
HPSAC test:  18%|█▊        | 477/2663 [00:32<02:33, 14.28it/s]
HPSAC test:  18%|█▊        | 479/2663 [00:33<02:33, 14.20it/s]
HPSAC test:  18%|█▊        | 481/2663 [00:33<02:31, 14.39it/s]
HPSAC test:  18%|█▊        | 483/2663 [00:33<02:32, 14.27it/s]
HPSAC test:  18%|█▊        | 485/2663 [00:33<02:31, 14.34it/s]
HPSAC test:  18%|█▊        | 487/2663 [00:33<02:32, 14.23it/s]
HPSAC test:  18%|█▊        | 489/2663 [00:33<02:31, 14.31it/s]
HPSAC test:  18%|█▊        | 491/2663 [00:33<02:30, 14.39it/s]
HPSAC test:  19%|█▊        | 493/2663 [00:34<02:32, 14.24it/s]
HPSAC test:  19%|█▊        | 495/2663 [00:34<02:30, 14.41it/s]
HPSAC test:  19%|█▊        | 497/2663 [00:34<02:29, 14.46it/s]
HPSAC test:  19%|█▊        | 499/2663 [00:34<02:29, 14.47it/s]
HPSAC test:  19%|█▉        | 501/2663 [00:34<02:30, 14.32it/s]
HPSAC test:  19%|█▉        | 503/2663 [00:34<02:31, 14.27it/s]
HPSAC test:  19%|█▉        | 505/2663 [00:34<02:34, 13.92it/s]
HPSAC test:  19%|█▉        | 507/2663 [00:35<02:47, 12.91it/s]
HPSAC test:  19%|█▉        | 509/2663 [00:35<02:46, 12.94it/s]
HPSAC test:  19%|█▉        | 511/2663 [00:35<02:42, 13.23it/s]
HPSAC test:  19%|█▉        | 513/2663 [00:35<02:40, 13.38it/s]
HPSAC test:  19%|█▉        | 515/2663 [00:35<02:38, 13.52it/s]
HPSAC test:  19%|█▉        | 517/2663 [00:35<02:35, 13.78it/s]
HPSAC test:  19%|█▉        | 519/2663 [00:36<02:35, 13.79it/s]
HPSAC test:  20%|█▉        | 521/2663 [00:36<02:49, 12.62it/s]
HPSAC test:  20%|█▉        | 523/2663 [00:36<02:55, 12.20it/s]
HPSAC test:  20%|█▉        | 525/2663 [00:36<02:48, 12.70it/s]
HPSAC test:  20%|█▉        | 527/2663 [00:36<02:44, 13.02it/s]
HPSAC test:  20%|█▉        | 529/2663 [00:36<02:39, 13.38it/s]
HPSAC test:  20%|█▉        | 531/2663 [00:36<02:35, 13.67it/s]
HPSAC test:  20%|██        | 533/2663 [00:37<02:33, 13.84it/s]
HPSAC test:  20%|██        | 535/2663 [00:37<02:47, 12.72it/s]
HPSAC test:  20%|██        | 537/2663 [00:37<02:52, 12.35it/s]
HPSAC test:  20%|██        | 539/2663 [00:37<02:44, 12.87it/s]
HPSAC test:  20%|██        | 541/2663 [00:37<02:41, 13.12it/s]
HPSAC test:  20%|██        | 543/2663 [00:37<02:39, 13.27it/s]
HPSAC test:  20%|██        | 545/2663 [00:38<02:36, 13.51it/s]
HPSAC test:  21%|██        | 547/2663 [00:38<02:38, 13.35it/s]
HPSAC test:  21%|██        | 549/2663 [00:38<02:35, 13.57it/s]
HPSAC test:  21%|██        | 551/2663 [00:38<02:33, 13.77it/s]
HPSAC test:  21%|██        | 553/2663 [00:38<02:32, 13.85it/s]
HPSAC test:  21%|██        | 555/2663 [00:38<02:31, 13.88it/s]
HPSAC test:  21%|██        | 557/2663 [00:38<02:30, 13.99it/s]
HPSAC test:  21%|██        | 559/2663 [00:39<02:30, 13.95it/s]
HPSAC test:  21%|██        | 561/2663 [00:39<02:30, 13.99it/s]
HPSAC test:  21%|██        | 563/2663 [00:39<02:30, 13.94it/s]
HPSAC test:  21%|██        | 565/2663 [00:39<02:33, 13.66it/s]
HPSAC test:  21%|██▏       | 567/2663 [00:39<02:37, 13.34it/s]
HPSAC test:  21%|██▏       | 569/2663 [00:39<02:39, 13.14it/s]
HPSAC test:  21%|██▏       | 571/2663 [00:39<02:40, 13.00it/s]
HPSAC test:  22%|██▏       | 573/2663 [00:40<02:41, 12.93it/s]
HPSAC test:  22%|██▏       | 575/2663 [00:40<02:39, 13.08it/s]
HPSAC test:  22%|██▏       | 577/2663 [00:40<02:41, 12.94it/s]
HPSAC test:  22%|██▏       | 579/2663 [00:40<02:39, 13.09it/s]
HPSAC test:  22%|██▏       | 581/2663 [00:40<02:41, 12.93it/s]
HPSAC test:  22%|██▏       | 583/2663 [00:40<02:41, 12.87it/s]
HPSAC test:  22%|██▏       | 585/2663 [00:41<02:41, 12.88it/s]
HPSAC test:  22%|██▏       | 587/2663 [00:41<02:42, 12.80it/s]
HPSAC test:  22%|██▏       | 589/2663 [00:41<02:40, 12.95it/s]
HPSAC test:  22%|██▏       | 591/2663 [00:41<02:38, 13.04it/s]
HPSAC test:  22%|██▏       | 593/2663 [00:41<02:38, 13.07it/s]
HPSAC test:  22%|██▏       | 595/2663 [00:41<02:38, 13.07it/s]
HPSAC test:  22%|██▏       | 597/2663 [00:41<02:39, 12.93it/s]
HPSAC test:  22%|██▏       | 599/2663 [00:42<02:41, 12.79it/s]
HPSAC test:  23%|██▎       | 601/2663 [00:42<02:44, 12.52it/s]
HPSAC test:  23%|██▎       | 603/2663 [00:42<02:53, 11.89it/s]
HPSAC test:  23%|██▎       | 605/2663 [00:42<02:47, 12.26it/s]
HPSAC test:  23%|██▎       | 607/2663 [00:42<02:43, 12.54it/s]
HPSAC test:  23%|██▎       | 609/2663 [00:42<02:42, 12.64it/s]
HPSAC test:  23%|██▎       | 611/2663 [00:43<02:38, 12.93it/s]
HPSAC test:  23%|██▎       | 613/2663 [00:43<02:38, 12.94it/s]
HPSAC test:  23%|██▎       | 615/2663 [00:43<02:37, 13.00it/s]
HPSAC test:  23%|██▎       | 617/2663 [00:43<02:34, 13.22it/s]
HPSAC test:  23%|██▎       | 619/2663 [00:43<02:33, 13.32it/s]
HPSAC test:  23%|██▎       | 621/2663 [00:43<02:32, 13.39it/s]
HPSAC test:  23%|██▎       | 623/2663 [00:43<02:32, 13.39it/s]
HPSAC test:  23%|██▎       | 625/2663 [00:44<02:32, 13.33it/s]
HPSAC test:  24%|██▎       | 627/2663 [00:44<02:32, 13.37it/s]
HPSAC test:  24%|██▎       | 629/2663 [00:44<02:30, 13.53it/s]
HPSAC test:  24%|██▎       | 631/2663 [00:44<02:34, 13.11it/s]
HPSAC test:  24%|██▍       | 633/2663 [00:44<02:33, 13.27it/s]
HPSAC test:  24%|██▍       | 635/2663 [00:44<02:33, 13.17it/s]
HPSAC test:  24%|██▍       | 637/2663 [00:45<02:33, 13.21it/s]
HPSAC test:  24%|██▍       | 639/2663 [00:45<02:35, 13.04it/s]
HPSAC test:  24%|██▍       | 641/2663 [00:45<02:35, 13.01it/s]
HPSAC test:  24%|██▍       | 643/2663 [00:45<02:33, 13.13it/s]
HPSAC test:  24%|██▍       | 645/2663 [00:45<02:34, 13.06it/s]
HPSAC test:  24%|██▍       | 647/2663 [00:45<02:34, 13.05it/s]
HPSAC test:  24%|██▍       | 649/2663 [00:45<02:35, 12.99it/s]
HPSAC test:  25%|██▍       | 662/2663 [00:46<00:54, 36.67it/s]
HPSAC test:  25%|██▌       | 667/2663 [00:46<01:21, 24.62it/s]
HPSAC test:  25%|██▌       | 671/2663 [00:46<01:38, 20.24it/s]
HPSAC test:  25%|██▌       | 674/2663 [00:46<01:49, 18.21it/s]
HPSAC test:  25%|██▌       | 677/2663 [00:47<01:58, 16.71it/s]
HPSAC test:  25%|██▌       | 679/2663 [00:47<02:03, 16.04it/s]
HPSAC test:  26%|██▌       | 681/2663 [00:47<02:07, 15.56it/s]
HPSAC test:  26%|██▌       | 683/2663 [00:47<02:13, 14.86it/s]
HPSAC test:  26%|██▌       | 685/2663 [00:47<02:17, 14.40it/s]
HPSAC test:  26%|██▌       | 687/2663 [00:47<02:20, 14.07it/s]
HPSAC test:  26%|██▌       | 689/2663 [00:48<02:21, 13.92it/s]
HPSAC test:  26%|██▌       | 691/2663 [00:48<02:20, 13.99it/s]
HPSAC test:  26%|██▌       | 693/2663 [00:48<02:23, 13.73it/s]
HPSAC test:  26%|██▌       | 695/2663 [00:48<02:25, 13.57it/s]
HPSAC test:  26%|██▌       | 697/2663 [00:48<02:26, 13.46it/s]
HPSAC test:  26%|██▌       | 699/2663 [00:48<02:26, 13.40it/s]
HPSAC test:  26%|██▋       | 701/2663 [00:48<02:28, 13.25it/s]
HPSAC test:  26%|██▋       | 703/2663 [00:49<02:26, 13.39it/s]
HPSAC test:  26%|██▋       | 705/2663 [00:49<02:24, 13.59it/s]
HPSAC test:  27%|██▋       | 707/2663 [00:49<02:22, 13.73it/s]
HPSAC test:  27%|██▋       | 709/2663 [00:49<02:20, 13.86it/s]
HPSAC test:  27%|██▋       | 711/2663 [00:49<02:19, 13.96it/s]
HPSAC test:  27%|██▋       | 713/2663 [00:49<02:21, 13.75it/s]
HPSAC test:  27%|██▋       | 715/2663 [00:49<02:20, 13.90it/s]
HPSAC test:  27%|██▋       | 717/2663 [00:50<02:19, 13.93it/s]
HPSAC test:  27%|██▋       | 719/2663 [00:50<02:21, 13.70it/s]
HPSAC test:  27%|██▋       | 721/2663 [00:50<02:21, 13.74it/s]
HPSAC test:  27%|██▋       | 723/2663 [00:50<02:20, 13.79it/s]
HPSAC test:  27%|██▋       | 725/2663 [00:50<02:19, 13.87it/s]
HPSAC test:  27%|██▋       | 727/2663 [00:50<02:19, 13.84it/s]
HPSAC test:  27%|██▋       | 729/2663 [00:51<02:19, 13.87it/s]
HPSAC test:  27%|██▋       | 731/2663 [00:51<02:18, 13.97it/s]
HPSAC test:  28%|██▊       | 733/2663 [00:51<02:17, 14.03it/s]
HPSAC test:  28%|██▊       | 735/2663 [00:51<02:16, 14.12it/s]
HPSAC test:  28%|██▊       | 737/2663 [00:51<02:17, 13.97it/s]
HPSAC test:  28%|██▊       | 739/2663 [00:51<02:16, 14.08it/s]
HPSAC test:  28%|██▊       | 741/2663 [00:51<02:16, 14.06it/s]
HPSAC test:  28%|██▊       | 743/2663 [00:52<02:15, 14.13it/s]
HPSAC test:  28%|██▊       | 745/2663 [00:52<02:15, 14.13it/s]
HPSAC test:  28%|██▊       | 747/2663 [00:52<02:14, 14.23it/s]
HPSAC test:  28%|██▊       | 749/2663 [00:52<02:14, 14.28it/s]
HPSAC test:  28%|██▊       | 751/2663 [00:52<02:14, 14.20it/s]
HPSAC test:  28%|██▊       | 753/2663 [00:52<02:15, 14.14it/s]
HPSAC test:  28%|██▊       | 755/2663 [00:52<02:15, 14.12it/s]
HPSAC test:  28%|██▊       | 757/2663 [00:52<02:14, 14.22it/s]
HPSAC test:  29%|██▊       | 759/2663 [00:53<02:13, 14.25it/s]
HPSAC test:  29%|██▊       | 761/2663 [00:53<02:13, 14.26it/s]
HPSAC test:  29%|██▊       | 763/2663 [00:53<02:13, 14.28it/s]
HPSAC test:  29%|██▊       | 765/2663 [00:53<02:12, 14.38it/s]
HPSAC test:  29%|██▉       | 767/2663 [00:53<02:12, 14.33it/s]
HPSAC test:  29%|██▉       | 769/2663 [00:53<02:12, 14.31it/s]
HPSAC test:  29%|██▉       | 771/2663 [00:53<02:12, 14.33it/s]
HPSAC test:  29%|██▉       | 773/2663 [00:54<02:12, 14.24it/s]
HPSAC test:  29%|██▉       | 775/2663 [00:54<02:11, 14.32it/s]
HPSAC test:  29%|██▉       | 777/2663 [00:54<02:11, 14.37it/s]
HPSAC test:  29%|██▉       | 779/2663 [00:54<02:11, 14.29it/s]
HPSAC test:  29%|██▉       | 781/2663 [00:54<02:10, 14.38it/s]
HPSAC test:  29%|██▉       | 783/2663 [00:54<02:11, 14.29it/s]
HPSAC test:  29%|██▉       | 785/2663 [00:54<02:11, 14.25it/s]
HPSAC test:  30%|██▉       | 787/2663 [00:55<02:11, 14.24it/s]
HPSAC test:  30%|██▉       | 789/2663 [00:55<02:12, 14.16it/s]
HPSAC test:  30%|██▉       | 791/2663 [00:55<02:13, 14.05it/s]
HPSAC test:  30%|██▉       | 793/2663 [00:55<02:12, 14.09it/s]
HPSAC test:  30%|██▉       | 795/2663 [00:55<02:11, 14.25it/s]
HPSAC test:  30%|██▉       | 797/2663 [00:55<02:13, 14.03it/s]
HPSAC test:  30%|███       | 799/2663 [00:55<02:11, 14.19it/s]
HPSAC test:  30%|███       | 801/2663 [00:56<02:12, 14.02it/s]
HPSAC test:  30%|███       | 803/2663 [00:56<02:12, 14.08it/s]
HPSAC test:  30%|███       | 805/2663 [00:56<02:10, 14.19it/s]
HPSAC test:  30%|███       | 807/2663 [00:56<02:10, 14.18it/s]
HPSAC test:  30%|███       | 809/2663 [00:56<02:11, 14.15it/s]
HPSAC test:  30%|███       | 811/2663 [00:56<02:10, 14.22it/s]
HPSAC test:  31%|███       | 813/2663 [00:56<02:09, 14.25it/s]
HPSAC test:  31%|███       | 815/2663 [00:57<02:09, 14.28it/s]
HPSAC test:  31%|███       | 817/2663 [00:57<02:09, 14.29it/s]
HPSAC test:  31%|███       | 819/2663 [00:57<02:09, 14.26it/s]
HPSAC test:  31%|███       | 821/2663 [00:57<02:08, 14.35it/s]
HPSAC test:  31%|███       | 823/2663 [00:57<02:07, 14.40it/s]
HPSAC test:  31%|███       | 825/2663 [00:57<02:06, 14.52it/s]
HPSAC test:  31%|███       | 827/2663 [00:57<02:06, 14.47it/s]
HPSAC test:  31%|███       | 829/2663 [00:58<02:07, 14.35it/s]
HPSAC test:  31%|███       | 831/2663 [00:58<02:08, 14.26it/s]
HPSAC test:  31%|███▏      | 833/2663 [00:58<02:10, 14.05it/s]
HPSAC test:  31%|███▏      | 835/2663 [00:58<02:10, 14.04it/s]
HPSAC test:  31%|███▏      | 837/2663 [00:58<02:10, 14.02it/s]
HPSAC test:  32%|███▏      | 839/2663 [00:58<02:09, 14.10it/s]
HPSAC test:  32%|███▏      | 841/2663 [00:58<02:09, 14.05it/s]
HPSAC test:  32%|███▏      | 843/2663 [00:59<02:09, 14.09it/s]
HPSAC test:  32%|███▏      | 845/2663 [00:59<02:09, 14.03it/s]
HPSAC test:  32%|███▏      | 847/2663 [00:59<02:09, 14.07it/s]
HPSAC test:  32%|███▏      | 849/2663 [00:59<02:08, 14.10it/s]
HPSAC test:  32%|███▏      | 851/2663 [00:59<02:08, 14.11it/s]
HPSAC test:  32%|███▏      | 853/2663 [00:59<02:07, 14.23it/s]
HPSAC test:  32%|███▏      | 855/2663 [00:59<02:09, 13.99it/s]
HPSAC test:  32%|███▏      | 857/2663 [01:00<02:10, 13.87it/s]
HPSAC test:  32%|███▏      | 859/2663 [01:00<02:09, 13.97it/s]
HPSAC test:  32%|███▏      | 861/2663 [01:00<02:08, 14.04it/s]
HPSAC test:  32%|███▏      | 863/2663 [01:00<02:07, 14.13it/s]
HPSAC test:  32%|███▏      | 865/2663 [01:00<02:07, 14.16it/s]
HPSAC test:  33%|███▎      | 867/2663 [01:00<02:06, 14.23it/s]
HPSAC test:  33%|███▎      | 869/2663 [01:00<02:06, 14.22it/s]
HPSAC test:  33%|███▎      | 871/2663 [01:01<02:06, 14.12it/s]
HPSAC test:  33%|███▎      | 873/2663 [01:01<02:05, 14.22it/s]
HPSAC test:  33%|███▎      | 875/2663 [01:01<02:06, 14.16it/s]
HPSAC test:  33%|███▎      | 877/2663 [01:01<02:05, 14.19it/s]
HPSAC test:  33%|███▎      | 879/2663 [01:01<02:05, 14.25it/s]
HPSAC test:  33%|███▎      | 881/2663 [01:01<02:07, 13.95it/s]
HPSAC test:  33%|███▎      | 883/2663 [01:01<02:08, 13.89it/s]
HPSAC test:  33%|███▎      | 885/2663 [01:02<02:07, 13.90it/s]
HPSAC test:  33%|███▎      | 887/2663 [01:02<02:06, 14.05it/s]
HPSAC test:  33%|███▎      | 889/2663 [01:02<02:06, 14.06it/s]
HPSAC test:  33%|███▎      | 891/2663 [01:02<02:05, 14.14it/s]
HPSAC test:  34%|███▎      | 893/2663 [01:02<02:05, 14.15it/s]
HPSAC test:  34%|███▎      | 895/2663 [01:02<02:03, 14.29it/s]
HPSAC test:  34%|███▎      | 897/2663 [01:02<02:04, 14.23it/s]
HPSAC test:  34%|███▍      | 899/2663 [01:02<02:02, 14.41it/s]
HPSAC test:  34%|███▍      | 901/2663 [01:03<02:02, 14.41it/s]
HPSAC test:  34%|███▍      | 903/2663 [01:03<02:03, 14.31it/s]
HPSAC test:  34%|███▍      | 905/2663 [01:03<02:02, 14.32it/s]
HPSAC test:  34%|███▍      | 907/2663 [01:03<02:04, 14.14it/s]
HPSAC test:  34%|███▍      | 909/2663 [01:03<02:04, 14.09it/s]
HPSAC test:  34%|███▍      | 911/2663 [01:03<02:03, 14.15it/s]
HPSAC test:  34%|███▍      | 913/2663 [01:03<02:04, 14.07it/s]
HPSAC test:  34%|███▍      | 915/2663 [01:04<02:03, 14.14it/s]
HPSAC test:  34%|███▍      | 917/2663 [01:04<02:02, 14.26it/s]
HPSAC test:  35%|███▍      | 919/2663 [01:04<02:02, 14.27it/s]
HPSAC test:  35%|███▍      | 921/2663 [01:04<02:02, 14.22it/s]
HPSAC test:  35%|███▍      | 923/2663 [01:04<02:01, 14.32it/s]
HPSAC test:  35%|███▍      | 925/2663 [01:04<02:00, 14.38it/s]
HPSAC test:  35%|███▍      | 927/2663 [01:04<02:00, 14.46it/s]
HPSAC test:  35%|███▍      | 929/2663 [01:05<02:01, 14.32it/s]
HPSAC test:  35%|███▍      | 931/2663 [01:05<02:00, 14.42it/s]
HPSAC test:  35%|███▌      | 933/2663 [01:05<02:00, 14.38it/s]
HPSAC test:  35%|███▌      | 935/2663 [01:05<01:59, 14.46it/s]
HPSAC test:  35%|███▌      | 937/2663 [01:05<02:00, 14.38it/s]
HPSAC test:  35%|███▌      | 939/2663 [01:05<02:00, 14.33it/s]
HPSAC test:  35%|███▌      | 941/2663 [01:05<01:59, 14.46it/s]
HPSAC test:  35%|███▌      | 943/2663 [01:06<01:59, 14.42it/s]
HPSAC test:  35%|███▌      | 945/2663 [01:06<01:59, 14.42it/s]
HPSAC test:  36%|███▌      | 947/2663 [01:06<01:59, 14.33it/s]
HPSAC test:  36%|███▌      | 949/2663 [01:06<01:58, 14.47it/s]
HPSAC test:  36%|███▌      | 951/2663 [01:06<01:59, 14.34it/s]
HPSAC test:  36%|███▌      | 953/2663 [01:06<02:00, 14.23it/s]
HPSAC test:  36%|███▌      | 955/2663 [01:06<01:59, 14.28it/s]
HPSAC test:  36%|███▌      | 957/2663 [01:07<01:59, 14.30it/s]
HPSAC test:  36%|███▌      | 959/2663 [01:07<01:59, 14.24it/s]
HPSAC test:  36%|███▌      | 961/2663 [01:07<02:00, 14.17it/s]
HPSAC test:  36%|███▌      | 963/2663 [01:07<01:58, 14.32it/s]
HPSAC test:  36%|███▌      | 965/2663 [01:07<01:58, 14.34it/s]
HPSAC test:  36%|███▋      | 967/2663 [01:07<01:58, 14.33it/s]
HPSAC test:  36%|███▋      | 969/2663 [01:07<01:59, 14.22it/s]
HPSAC test:  36%|███▋      | 971/2663 [01:08<01:58, 14.26it/s]
HPSAC test:  37%|███▋      | 973/2663 [01:08<01:58, 14.32it/s]
HPSAC test:  37%|███▋      | 975/2663 [01:08<01:59, 14.14it/s]
HPSAC test:  37%|███▋      | 977/2663 [01:08<01:59, 14.16it/s]
HPSAC test:  37%|███▋      | 979/2663 [01:08<01:59, 14.07it/s]
HPSAC test:  37%|███▋      | 981/2663 [01:08<01:59, 14.11it/s]
HPSAC test:  37%|███▋      | 983/2663 [01:08<01:59, 14.04it/s]
HPSAC test:  37%|███▋      | 985/2663 [01:09<01:59, 14.06it/s]
HPSAC test:  37%|███▋      | 987/2663 [01:09<01:58, 14.15it/s]
HPSAC test:  37%|███▋      | 989/2663 [01:09<01:57, 14.23it/s]
HPSAC test:  37%|███▋      | 991/2663 [01:09<01:57, 14.24it/s]
HPSAC test:  37%|███▋      | 993/2663 [01:09<01:56, 14.29it/s]
HPSAC test:  37%|███▋      | 995/2663 [01:09<01:57, 14.23it/s]
HPSAC test:  37%|███▋      | 997/2663 [01:09<01:56, 14.34it/s]
HPSAC test:  38%|███▊      | 999/2663 [01:10<01:56, 14.33it/s]
HPSAC test:  38%|███▊      | 1001/2663 [01:10<01:56, 14.33it/s]
HPSAC test:  38%|███▊      | 1003/2663 [01:10<01:55, 14.32it/s]
HPSAC test:  38%|███▊      | 1005/2663 [01:10<01:54, 14.45it/s]
HPSAC test:  38%|███▊      | 1007/2663 [01:10<01:53, 14.58it/s]
HPSAC test:  38%|███▊      | 1009/2663 [01:10<01:54, 14.44it/s]
HPSAC test:  38%|███▊      | 1011/2663 [01:10<01:54, 14.48it/s]
HPSAC test:  38%|███▊      | 1013/2663 [01:10<01:53, 14.56it/s]
HPSAC test:  38%|███▊      | 1015/2663 [01:11<01:53, 14.52it/s]
HPSAC test:  38%|███▊      | 1017/2663 [01:11<01:54, 14.38it/s]
HPSAC test:  38%|███▊      | 1019/2663 [01:11<01:54, 14.37it/s]
HPSAC test:  38%|███▊      | 1021/2663 [01:11<01:57, 14.02it/s]
HPSAC test:  38%|███▊      | 1023/2663 [01:11<01:56, 14.10it/s]
HPSAC test:  38%|███▊      | 1025/2663 [01:11<01:57, 13.94it/s]
HPSAC test:  39%|███▊      | 1027/2663 [01:11<01:56, 14.03it/s]
HPSAC test:  39%|███▊      | 1029/2663 [01:12<01:57, 13.96it/s]
HPSAC test:  39%|███▊      | 1031/2663 [01:12<01:56, 14.04it/s]
HPSAC test:  39%|███▉      | 1033/2663 [01:12<01:56, 14.00it/s]
HPSAC test:  39%|███▉      | 1035/2663 [01:12<01:55, 14.08it/s]
HPSAC test:  39%|███▉      | 1037/2663 [01:12<01:56, 13.95it/s]
HPSAC test:  39%|███▉      | 1039/2663 [01:12<01:56, 13.92it/s]
HPSAC test:  39%|███▉      | 1041/2663 [01:12<01:56, 13.92it/s]
HPSAC test:  39%|███▉      | 1043/2663 [01:13<01:56, 13.88it/s]
HPSAC test:  39%|███▉      | 1045/2663 [01:13<01:57, 13.79it/s]
HPSAC test:  39%|███▉      | 1047/2663 [01:13<01:56, 13.92it/s]
HPSAC test:  39%|███▉      | 1049/2663 [01:13<01:55, 13.97it/s]
HPSAC test:  39%|███▉      | 1051/2663 [01:13<01:53, 14.18it/s]
HPSAC test:  40%|███▉      | 1053/2663 [01:13<01:52, 14.28it/s]
HPSAC test:  40%|███▉      | 1055/2663 [01:13<01:53, 14.17it/s]
HPSAC test:  40%|███▉      | 1057/2663 [01:14<01:52, 14.30it/s]
HPSAC test:  40%|███▉      | 1059/2663 [01:14<01:51, 14.38it/s]
HPSAC test:  40%|███▉      | 1061/2663 [01:14<01:50, 14.45it/s]
HPSAC test:  40%|███▉      | 1063/2663 [01:14<01:51, 14.40it/s]
HPSAC test:  40%|███▉      | 1065/2663 [01:14<01:51, 14.35it/s]
HPSAC test:  40%|████      | 1067/2663 [01:14<01:54, 13.92it/s]
HPSAC test:  40%|████      | 1069/2663 [01:14<01:54, 13.89it/s]
HPSAC test:  40%|████      | 1071/2663 [01:15<01:54, 13.95it/s]
HPSAC test:  40%|████      | 1073/2663 [01:15<01:53, 13.99it/s]
HPSAC test:  40%|████      | 1075/2663 [01:15<01:54, 13.87it/s]
HPSAC test:  40%|████      | 1077/2663 [01:15<01:53, 13.98it/s]
HPSAC test:  41%|████      | 1079/2663 [01:15<01:52, 14.03it/s]
HPSAC test:  41%|████      | 1081/2663 [01:15<01:52, 14.06it/s]
HPSAC test:  41%|████      | 1083/2663 [01:15<01:53, 13.96it/s]
HPSAC test:  41%|████      | 1085/2663 [01:16<01:52, 13.98it/s]
HPSAC test:  41%|████      | 1087/2663 [01:16<01:52, 13.98it/s]
HPSAC test:  41%|████      | 1089/2663 [01:16<01:53, 13.82it/s]
HPSAC test:  41%|████      | 1091/2663 [01:16<01:52, 14.01it/s]
HPSAC test:  41%|████      | 1093/2663 [01:16<01:51, 14.13it/s]
HPSAC test:  41%|████      | 1095/2663 [01:16<01:51, 14.09it/s]
HPSAC test:  41%|████      | 1097/2663 [01:16<01:51, 13.99it/s]
HPSAC test:  41%|████▏     | 1099/2663 [01:17<01:51, 14.06it/s]
HPSAC test:  41%|████▏     | 1101/2663 [01:17<01:51, 14.02it/s]
HPSAC test:  41%|████▏     | 1103/2663 [01:17<01:51, 14.02it/s]
HPSAC test:  42%|████▏     | 1117/2663 [01:17<00:37, 41.72it/s]
HPSAC test:  42%|████▏     | 1122/2663 [01:17<00:59, 25.69it/s]
HPSAC test:  42%|████▏     | 1126/2663 [01:18<01:15, 20.38it/s]
HPSAC test:  42%|████▏     | 1129/2663 [01:18<01:27, 17.63it/s]
HPSAC test:  43%|████▎     | 1132/2663 [01:18<01:38, 15.60it/s]
HPSAC test:  43%|████▎     | 1135/2663 [01:18<01:43, 14.74it/s]
HPSAC test:  43%|████▎     | 1137/2663 [01:19<01:46, 14.34it/s]
HPSAC test:  43%|████▎     | 1139/2663 [01:19<01:50, 13.83it/s]
HPSAC test:  43%|████▎     | 1141/2663 [01:19<01:52, 13.57it/s]
HPSAC test:  43%|████▎     | 1143/2663 [01:19<01:53, 13.44it/s]
HPSAC test:  43%|████▎     | 1145/2663 [01:19<01:53, 13.43it/s]
HPSAC test:  43%|████▎     | 1147/2663 [01:19<01:54, 13.23it/s]
HPSAC test:  43%|████▎     | 1149/2663 [01:20<01:53, 13.32it/s]
HPSAC test:  43%|████▎     | 1151/2663 [01:20<01:54, 13.21it/s]
HPSAC test:  43%|████▎     | 1153/2663 [01:20<01:55, 13.08it/s]
HPSAC test:  43%|████▎     | 1155/2663 [01:20<01:54, 13.15it/s]
HPSAC test:  43%|████▎     | 1157/2663 [01:20<01:55, 13.08it/s]
HPSAC test:  44%|████▎     | 1159/2663 [01:20<01:54, 13.09it/s]
HPSAC test:  44%|████▎     | 1161/2663 [01:20<01:55, 12.98it/s]
HPSAC test:  44%|████▎     | 1163/2663 [01:21<01:53, 13.22it/s]
HPSAC test:  44%|████▎     | 1165/2663 [01:21<01:53, 13.15it/s]
HPSAC test:  44%|████▍     | 1167/2663 [01:21<01:52, 13.34it/s]
HPSAC test:  44%|████▍     | 1169/2663 [01:21<01:49, 13.60it/s]
HPSAC test:  44%|████▍     | 1171/2663 [01:21<01:51, 13.38it/s]
HPSAC test:  44%|████▍     | 1173/2663 [01:21<01:48, 13.68it/s]
HPSAC test:  44%|████▍     | 1175/2663 [01:22<01:49, 13.57it/s]
HPSAC test:  44%|████▍     | 1177/2663 [01:22<01:49, 13.55it/s]
HPSAC test:  44%|████▍     | 1179/2663 [01:22<01:52, 13.18it/s]
HPSAC test:  44%|████▍     | 1181/2663 [01:22<01:50, 13.46it/s]
HPSAC test:  44%|████▍     | 1183/2663 [01:22<01:50, 13.36it/s]
HPSAC test:  44%|████▍     | 1185/2663 [01:22<01:50, 13.37it/s]
HPSAC test:  45%|████▍     | 1187/2663 [01:22<01:47, 13.69it/s]
HPSAC test:  45%|████▍     | 1189/2663 [01:23<01:49, 13.44it/s]
HPSAC test:  45%|████▍     | 1191/2663 [01:23<01:50, 13.38it/s]
HPSAC test:  45%|████▍     | 1193/2663 [01:23<01:51, 13.21it/s]
HPSAC test:  45%|████▍     | 1195/2663 [01:23<01:51, 13.16it/s]
HPSAC test:  45%|████▍     | 1197/2663 [01:23<01:52, 13.02it/s]
HPSAC test:  45%|████▌     | 1199/2663 [01:23<01:50, 13.29it/s]
HPSAC test:  45%|████▌     | 1201/2663 [01:23<01:49, 13.33it/s]
HPSAC test:  45%|████▌     | 1203/2663 [01:24<01:49, 13.32it/s]
HPSAC test:  45%|████▌     | 1205/2663 [01:24<01:48, 13.39it/s]
HPSAC test:  45%|████▌     | 1207/2663 [01:24<01:47, 13.57it/s]
HPSAC test:  45%|████▌     | 1209/2663 [01:24<01:47, 13.55it/s]
HPSAC test:  45%|████▌     | 1211/2663 [01:24<01:48, 13.34it/s]
HPSAC test:  46%|████▌     | 1213/2663 [01:24<01:47, 13.49it/s]
HPSAC test:  46%|████▌     | 1215/2663 [01:24<01:46, 13.59it/s]
HPSAC test:  46%|████▌     | 1217/2663 [01:25<01:46, 13.54it/s]
HPSAC test:  46%|████▌     | 1219/2663 [01:25<01:45, 13.66it/s]
HPSAC test:  46%|████▌     | 1221/2663 [01:25<01:44, 13.80it/s]
HPSAC test:  46%|████▌     | 1223/2663 [01:25<01:42, 14.09it/s]
HPSAC test:  46%|████▌     | 1225/2663 [01:25<01:42, 14.01it/s]
HPSAC test:  46%|████▌     | 1227/2663 [01:25<01:42, 14.02it/s]
HPSAC test:  46%|████▌     | 1229/2663 [01:25<01:43, 13.88it/s]
HPSAC test:  46%|████▌     | 1231/2663 [01:26<01:42, 13.91it/s]
HPSAC test:  46%|████▋     | 1233/2663 [01:26<01:43, 13.78it/s]
HPSAC test:  46%|████▋     | 1235/2663 [01:26<01:43, 13.76it/s]
HPSAC test:  46%|████▋     | 1237/2663 [01:26<01:45, 13.57it/s]
HPSAC test:  47%|████▋     | 1239/2663 [01:26<01:45, 13.52it/s]
HPSAC test:  47%|████▋     | 1241/2663 [01:26<01:43, 13.69it/s]
HPSAC test:  47%|████▋     | 1243/2663 [01:27<01:44, 13.61it/s]
HPSAC test:  47%|████▋     | 1245/2663 [01:27<01:44, 13.57it/s]
HPSAC test:  47%|████▋     | 1247/2663 [01:27<01:44, 13.59it/s]
HPSAC test:  47%|████▋     | 1249/2663 [01:27<01:44, 13.54it/s]
HPSAC test:  47%|████▋     | 1251/2663 [01:27<01:43, 13.65it/s]
HPSAC test:  47%|████▋     | 1253/2663 [01:27<01:41, 13.94it/s]
HPSAC test:  47%|████▋     | 1255/2663 [01:27<01:39, 14.18it/s]
HPSAC test:  47%|████▋     | 1257/2663 [01:28<01:37, 14.40it/s]
HPSAC test:  47%|████▋     | 1259/2663 [01:28<01:36, 14.54it/s]
HPSAC test:  47%|████▋     | 1261/2663 [01:28<01:36, 14.58it/s]
HPSAC test:  47%|████▋     | 1263/2663 [01:28<01:34, 14.79it/s]
HPSAC test:  48%|████▊     | 1265/2663 [01:28<01:34, 14.75it/s]
HPSAC test:  48%|████▊     | 1267/2663 [01:28<01:34, 14.77it/s]
HPSAC test:  48%|████▊     | 1269/2663 [01:28<01:33, 14.90it/s]
HPSAC test:  48%|████▊     | 1271/2663 [01:28<01:33, 14.84it/s]
HPSAC test:  48%|████▊     | 1273/2663 [01:29<01:33, 14.82it/s]
HPSAC test:  48%|████▊     | 1275/2663 [01:29<01:33, 14.84it/s]
HPSAC test:  48%|████▊     | 1277/2663 [01:29<01:33, 14.84it/s]
HPSAC test:  48%|████▊     | 1279/2663 [01:29<01:33, 14.78it/s]
HPSAC test:  48%|████▊     | 1281/2663 [01:29<01:32, 14.91it/s]
HPSAC test:  48%|████▊     | 1283/2663 [01:29<01:33, 14.84it/s]
HPSAC test:  48%|████▊     | 1285/2663 [01:29<01:33, 14.69it/s]
HPSAC test:  48%|████▊     | 1287/2663 [01:30<01:34, 14.55it/s]
HPSAC test:  48%|████▊     | 1289/2663 [01:30<01:36, 14.30it/s]
HPSAC test:  48%|████▊     | 1291/2663 [01:30<01:35, 14.35it/s]
HPSAC test:  49%|████▊     | 1293/2663 [01:30<01:35, 14.36it/s]
HPSAC test:  49%|████▊     | 1295/2663 [01:30<01:37, 14.10it/s]
HPSAC test:  49%|████▊     | 1297/2663 [01:30<01:36, 14.18it/s]
HPSAC test:  49%|████▉     | 1299/2663 [01:30<01:36, 14.20it/s]
HPSAC test:  49%|████▉     | 1301/2663 [01:31<01:35, 14.22it/s]
HPSAC test:  49%|████▉     | 1303/2663 [01:31<01:35, 14.18it/s]
HPSAC test:  49%|████▉     | 1305/2663 [01:31<01:35, 14.28it/s]
HPSAC test:  49%|████▉     | 1307/2663 [01:31<01:34, 14.30it/s]
HPSAC test:  49%|████▉     | 1309/2663 [01:31<01:34, 14.40it/s]
HPSAC test:  49%|████▉     | 1311/2663 [01:31<01:34, 14.37it/s]
HPSAC test:  49%|████▉     | 1313/2663 [01:31<01:32, 14.59it/s]
HPSAC test:  49%|████▉     | 1315/2663 [01:32<01:31, 14.71it/s]
HPSAC test:  49%|████▉     | 1317/2663 [01:32<01:31, 14.77it/s]
HPSAC test:  50%|████▉     | 1319/2663 [01:32<01:31, 14.71it/s]
HPSAC test:  50%|████▉     | 1321/2663 [01:32<01:31, 14.72it/s]
HPSAC test:  50%|████▉     | 1323/2663 [01:32<01:30, 14.84it/s]
HPSAC test:  50%|████▉     | 1325/2663 [01:32<01:29, 14.87it/s]
HPSAC test:  50%|████▉     | 1327/2663 [01:32<01:29, 14.96it/s]
HPSAC test:  50%|████▉     | 1329/2663 [01:32<01:29, 14.83it/s]
HPSAC test:  50%|████▉     | 1331/2663 [01:33<01:29, 14.88it/s]
HPSAC test:  50%|█████     | 1333/2663 [01:33<01:30, 14.74it/s]
HPSAC test:  50%|█████     | 1335/2663 [01:33<01:30, 14.73it/s]
HPSAC test:  50%|█████     | 1337/2663 [01:33<01:31, 14.55it/s]
HPSAC test:  50%|█████     | 1339/2663 [01:33<01:31, 14.43it/s]
HPSAC test:  50%|█████     | 1341/2663 [01:33<01:31, 14.44it/s]
HPSAC test:  50%|█████     | 1343/2663 [01:33<01:30, 14.60it/s]
HPSAC test:  51%|█████     | 1345/2663 [01:34<01:30, 14.50it/s]
HPSAC test:  51%|█████     | 1347/2663 [01:34<01:30, 14.50it/s]
HPSAC test:  51%|█████     | 1349/2663 [01:34<01:31, 14.41it/s]
HPSAC test:  51%|█████     | 1351/2663 [01:34<01:30, 14.48it/s]
HPSAC test:  51%|█████     | 1353/2663 [01:34<01:31, 14.35it/s]
HPSAC test:  51%|█████     | 1355/2663 [01:34<01:31, 14.30it/s]
HPSAC test:  51%|█████     | 1357/2663 [01:34<01:30, 14.51it/s]
HPSAC test:  51%|█████     | 1359/2663 [01:35<01:29, 14.54it/s]
HPSAC test:  51%|█████     | 1361/2663 [01:35<01:29, 14.59it/s]
HPSAC test:  51%|█████     | 1363/2663 [01:35<01:28, 14.65it/s]
HPSAC test:  51%|█████▏    | 1365/2663 [01:35<01:28, 14.73it/s]
HPSAC test:  51%|█████▏    | 1367/2663 [01:35<01:27, 14.82it/s]
HPSAC test:  51%|█████▏    | 1369/2663 [01:35<01:27, 14.85it/s]
HPSAC test:  51%|█████▏    | 1371/2663 [01:35<01:26, 14.87it/s]
HPSAC test:  52%|█████▏    | 1373/2663 [01:35<01:26, 14.97it/s]
HPSAC test:  52%|█████▏    | 1375/2663 [01:36<01:25, 15.01it/s]
HPSAC test:  52%|█████▏    | 1377/2663 [01:36<01:26, 14.81it/s]
HPSAC test:  52%|█████▏    | 1379/2663 [01:36<01:26, 14.91it/s]
HPSAC test:  52%|█████▏    | 1381/2663 [01:36<01:26, 14.84it/s]
HPSAC test:  52%|█████▏    | 1383/2663 [01:36<01:26, 14.88it/s]
HPSAC test:  52%|█████▏    | 1385/2663 [01:36<01:25, 14.88it/s]
HPSAC test:  52%|█████▏    | 1387/2663 [01:36<01:25, 15.00it/s]
HPSAC test:  52%|█████▏    | 1389/2663 [01:37<01:25, 14.91it/s]
HPSAC test:  52%|█████▏    | 1391/2663 [01:37<01:25, 14.91it/s]
HPSAC test:  52%|█████▏    | 1393/2663 [01:37<01:25, 14.83it/s]
HPSAC test:  52%|█████▏    | 1395/2663 [01:37<01:25, 14.86it/s]
HPSAC test:  52%|█████▏    | 1397/2663 [01:37<01:24, 14.99it/s]
HPSAC test:  53%|█████▎    | 1399/2663 [01:37<01:23, 15.10it/s]
HPSAC test:  53%|█████▎    | 1401/2663 [01:37<01:24, 14.86it/s]
HPSAC test:  53%|█████▎    | 1403/2663 [01:37<01:25, 14.69it/s]
HPSAC test:  53%|█████▎    | 1405/2663 [01:38<01:26, 14.62it/s]
HPSAC test:  53%|█████▎    | 1407/2663 [01:38<01:26, 14.49it/s]
HPSAC test:  53%|█████▎    | 1409/2663 [01:38<01:25, 14.72it/s]
HPSAC test:  53%|█████▎    | 1411/2663 [01:38<01:26, 14.55it/s]
HPSAC test:  53%|█████▎    | 1413/2663 [01:38<01:28, 14.17it/s]
HPSAC test:  53%|█████▎    | 1415/2663 [01:38<01:32, 13.51it/s]
HPSAC test:  53%|█████▎    | 1417/2663 [01:38<01:32, 13.42it/s]
HPSAC test:  53%|█████▎    | 1419/2663 [01:39<01:31, 13.64it/s]
HPSAC test:  53%|█████▎    | 1421/2663 [01:39<01:31, 13.64it/s]
HPSAC test:  53%|█████▎    | 1423/2663 [01:39<01:29, 13.82it/s]
HPSAC test:  54%|█████▎    | 1425/2663 [01:39<01:28, 13.93it/s]
HPSAC test:  54%|█████▎    | 1427/2663 [01:39<01:26, 14.26it/s]
HPSAC test:  54%|█████▎    | 1429/2663 [01:39<01:26, 14.31it/s]
HPSAC test:  54%|█████▎    | 1431/2663 [01:39<01:24, 14.53it/s]
HPSAC test:  54%|█████▍    | 1433/2663 [01:40<01:23, 14.71it/s]
HPSAC test:  54%|█████▍    | 1435/2663 [01:40<01:23, 14.70it/s]
HPSAC test:  54%|█████▍    | 1437/2663 [01:40<01:23, 14.70it/s]
HPSAC test:  54%|█████▍    | 1439/2663 [01:40<01:22, 14.79it/s]
HPSAC test:  54%|█████▍    | 1441/2663 [01:40<01:22, 14.80it/s]
HPSAC test:  54%|█████▍    | 1443/2663 [01:40<01:22, 14.81it/s]
HPSAC test:  54%|█████▍    | 1445/2663 [01:40<01:21, 14.92it/s]
HPSAC test:  54%|█████▍    | 1447/2663 [01:41<01:21, 14.93it/s]
HPSAC test:  54%|█████▍    | 1449/2663 [01:41<01:21, 14.90it/s]
HPSAC test:  54%|█████▍    | 1451/2663 [01:41<01:21, 14.91it/s]
HPSAC test:  55%|█████▍    | 1453/2663 [01:41<01:22, 14.75it/s]
HPSAC test:  55%|█████▍    | 1455/2663 [01:41<01:21, 14.78it/s]
HPSAC test:  55%|█████▍    | 1457/2663 [01:41<01:21, 14.71it/s]
HPSAC test:  55%|█████▍    | 1459/2663 [01:41<01:21, 14.72it/s]
HPSAC test:  55%|█████▍    | 1461/2663 [01:41<01:21, 14.74it/s]
HPSAC test:  55%|█████▍    | 1463/2663 [01:42<01:20, 14.85it/s]
HPSAC test:  55%|█████▌    | 1465/2663 [01:42<01:20, 14.80it/s]
HPSAC test:  55%|█████▌    | 1467/2663 [01:42<01:20, 14.86it/s]
HPSAC test:  55%|█████▌    | 1469/2663 [01:42<01:20, 14.86it/s]
HPSAC test:  55%|█████▌    | 1471/2663 [01:42<01:20, 14.86it/s]
HPSAC test:  55%|█████▌    | 1473/2663 [01:42<01:19, 15.05it/s]
HPSAC test:  55%|█████▌    | 1475/2663 [01:42<01:19, 14.89it/s]
HPSAC test:  55%|█████▌    | 1477/2663 [01:43<01:19, 14.84it/s]
HPSAC test:  56%|█████▌    | 1479/2663 [01:43<01:21, 14.58it/s]
HPSAC test:  56%|█████▌    | 1481/2663 [01:43<01:21, 14.43it/s]
HPSAC test:  56%|█████▌    | 1483/2663 [01:43<01:21, 14.50it/s]
HPSAC test:  56%|█████▌    | 1485/2663 [01:43<01:20, 14.59it/s]
HPSAC test:  56%|█████▌    | 1487/2663 [01:43<01:20, 14.62it/s]
HPSAC test:  56%|█████▌    | 1489/2663 [01:43<01:20, 14.60it/s]
HPSAC test:  56%|█████▌    | 1491/2663 [01:44<01:20, 14.63it/s]
HPSAC test:  56%|█████▌    | 1493/2663 [01:44<01:20, 14.56it/s]
HPSAC test:  56%|█████▌    | 1495/2663 [01:44<01:19, 14.69it/s]
HPSAC test:  56%|█████▌    | 1497/2663 [01:44<01:18, 14.80it/s]
HPSAC test:  56%|█████▋    | 1499/2663 [01:44<01:19, 14.70it/s]
HPSAC test:  56%|█████▋    | 1501/2663 [01:44<01:19, 14.67it/s]
HPSAC test:  56%|█████▋    | 1503/2663 [01:44<01:19, 14.54it/s]
HPSAC test:  57%|█████▋    | 1505/2663 [01:44<01:18, 14.69it/s]
HPSAC test:  57%|█████▋    | 1507/2663 [01:45<01:18, 14.74it/s]
HPSAC test:  57%|█████▋    | 1509/2663 [01:45<01:18, 14.77it/s]
HPSAC test:  57%|█████▋    | 1511/2663 [01:45<01:18, 14.75it/s]
HPSAC test:  57%|█████▋    | 1513/2663 [01:45<01:18, 14.73it/s]
HPSAC test:  57%|█████▋    | 1515/2663 [01:45<01:18, 14.70it/s]
HPSAC test:  57%|█████▋    | 1517/2663 [01:45<01:18, 14.67it/s]
HPSAC test:  57%|█████▋    | 1519/2663 [01:45<01:18, 14.63it/s]
HPSAC test:  57%|█████▋    | 1521/2663 [01:46<01:18, 14.62it/s]
HPSAC test:  57%|█████▋    | 1523/2663 [01:46<01:18, 14.57it/s]
HPSAC test:  57%|█████▋    | 1525/2663 [01:46<01:17, 14.62it/s]
HPSAC test:  57%|█████▋    | 1527/2663 [01:46<01:17, 14.75it/s]
HPSAC test:  57%|█████▋    | 1529/2663 [01:46<01:16, 14.78it/s]
HPSAC test:  57%|█████▋    | 1531/2663 [01:46<01:16, 14.82it/s]
HPSAC test:  58%|█████▊    | 1533/2663 [01:46<01:16, 14.84it/s]
HPSAC test:  58%|█████▊    | 1535/2663 [01:47<01:15, 14.93it/s]
HPSAC test:  58%|█████▊    | 1537/2663 [01:47<01:15, 14.95it/s]
HPSAC test:  58%|█████▊    | 1539/2663 [01:47<01:15, 14.94it/s]
HPSAC test:  58%|█████▊    | 1541/2663 [01:47<01:14, 15.06it/s]
HPSAC test:  58%|█████▊    | 1543/2663 [01:47<01:13, 15.14it/s]
HPSAC test:  58%|█████▊    | 1545/2663 [01:47<01:14, 14.94it/s]
HPSAC test:  58%|█████▊    | 1547/2663 [01:47<01:14, 15.01it/s]
HPSAC test:  58%|█████▊    | 1549/2663 [01:47<01:14, 14.97it/s]
HPSAC test:  58%|█████▊    | 1551/2663 [01:48<01:15, 14.76it/s]
HPSAC test:  58%|█████▊    | 1553/2663 [01:48<01:15, 14.67it/s]
HPSAC test:  58%|█████▊    | 1555/2663 [01:48<01:16, 14.57it/s]
HPSAC test:  58%|█████▊    | 1557/2663 [01:48<01:15, 14.67it/s]
HPSAC test:  59%|█████▊    | 1559/2663 [01:48<01:14, 14.86it/s]
HPSAC test:  59%|█████▊    | 1561/2663 [01:48<01:13, 14.93it/s]
HPSAC test:  59%|█████▉    | 1575/2663 [01:48<00:24, 43.81it/s]
HPSAC test:  59%|█████▉    | 1580/2663 [01:49<00:38, 28.18it/s]
HPSAC test:  59%|█████▉    | 1584/2663 [01:49<00:46, 22.99it/s]
HPSAC test:  60%|█████▉    | 1588/2663 [01:49<00:54, 19.69it/s]
HPSAC test:  60%|█████▉    | 1591/2663 [01:49<00:59, 17.97it/s]
HPSAC test:  60%|█████▉    | 1594/2663 [01:50<01:04, 16.58it/s]
HPSAC test:  60%|█████▉    | 1596/2663 [01:50<01:06, 16.10it/s]
HPSAC test:  60%|██████    | 1598/2663 [01:50<01:07, 15.79it/s]
HPSAC test:  60%|██████    | 1600/2663 [01:50<01:08, 15.54it/s]
HPSAC test:  60%|██████    | 1602/2663 [01:50<01:09, 15.33it/s]
HPSAC test:  60%|██████    | 1604/2663 [01:50<01:10, 15.02it/s]
HPSAC test:  60%|██████    | 1606/2663 [01:51<01:10, 14.97it/s]
HPSAC test:  60%|██████    | 1608/2663 [01:51<01:10, 14.95it/s]
HPSAC test:  60%|██████    | 1610/2663 [01:51<01:10, 14.86it/s]
HPSAC test:  61%|██████    | 1612/2663 [01:51<01:12, 14.53it/s]
HPSAC test:  61%|██████    | 1614/2663 [01:51<01:12, 14.43it/s]
HPSAC test:  61%|██████    | 1616/2663 [01:51<01:13, 14.34it/s]
HPSAC test:  61%|██████    | 1618/2663 [01:51<01:12, 14.39it/s]
HPSAC test:  61%|██████    | 1620/2663 [01:52<01:12, 14.32it/s]
HPSAC test:  61%|██████    | 1622/2663 [01:52<01:12, 14.31it/s]
HPSAC test:  61%|██████    | 1624/2663 [01:52<01:12, 14.35it/s]
HPSAC test:  61%|██████    | 1626/2663 [01:52<01:11, 14.47it/s]
HPSAC test:  61%|██████    | 1628/2663 [01:52<01:11, 14.42it/s]
HPSAC test:  61%|██████    | 1630/2663 [01:52<01:11, 14.44it/s]
HPSAC test:  61%|██████▏   | 1632/2663 [01:52<01:11, 14.45it/s]
HPSAC test:  61%|██████▏   | 1634/2663 [01:52<01:11, 14.47it/s]
HPSAC test:  61%|██████▏   | 1636/2663 [01:53<01:11, 14.35it/s]
HPSAC test:  62%|██████▏   | 1638/2663 [01:53<01:10, 14.44it/s]
HPSAC test:  62%|██████▏   | 1640/2663 [01:53<01:10, 14.45it/s]
HPSAC test:  62%|██████▏   | 1642/2663 [01:53<01:09, 14.62it/s]
HPSAC test:  62%|██████▏   | 1644/2663 [01:53<01:09, 14.68it/s]
HPSAC test:  62%|██████▏   | 1646/2663 [01:53<01:10, 14.48it/s]
HPSAC test:  62%|██████▏   | 1648/2663 [01:53<01:09, 14.62it/s]
HPSAC test:  62%|██████▏   | 1650/2663 [01:54<01:10, 14.35it/s]
HPSAC test:  62%|██████▏   | 1652/2663 [01:54<01:10, 14.37it/s]
HPSAC test:  62%|██████▏   | 1654/2663 [01:54<01:10, 14.26it/s]
HPSAC test:  62%|██████▏   | 1656/2663 [01:54<01:10, 14.37it/s]
HPSAC test:  62%|██████▏   | 1658/2663 [01:54<01:09, 14.48it/s]
HPSAC test:  62%|██████▏   | 1660/2663 [01:54<01:10, 14.32it/s]
HPSAC test:  62%|██████▏   | 1662/2663 [01:54<01:09, 14.32it/s]
HPSAC test:  62%|██████▏   | 1664/2663 [01:55<01:09, 14.44it/s]
HPSAC test:  63%|██████▎   | 1666/2663 [01:55<01:09, 14.43it/s]
HPSAC test:  63%|██████▎   | 1668/2663 [01:55<01:09, 14.42it/s]
HPSAC test:  63%|██████▎   | 1670/2663 [01:55<01:10, 14.15it/s]
HPSAC test:  63%|██████▎   | 1672/2663 [01:55<01:09, 14.31it/s]
HPSAC test:  63%|██████▎   | 1674/2663 [01:55<01:08, 14.46it/s]
HPSAC test:  63%|██████▎   | 1676/2663 [01:55<01:07, 14.58it/s]
HPSAC test:  63%|██████▎   | 1678/2663 [01:56<01:09, 14.19it/s]
HPSAC test:  63%|██████▎   | 1680/2663 [01:56<01:09, 14.06it/s]
HPSAC test:  63%|██████▎   | 1682/2663 [01:56<01:11, 13.79it/s]
HPSAC test:  63%|██████▎   | 1684/2663 [01:56<01:11, 13.74it/s]
HPSAC test:  63%|██████▎   | 1686/2663 [01:56<01:11, 13.65it/s]
HPSAC test:  63%|██████▎   | 1688/2663 [01:56<01:10, 13.75it/s]
HPSAC test:  63%|██████▎   | 1690/2663 [01:56<01:10, 13.71it/s]
HPSAC test:  64%|██████▎   | 1692/2663 [01:57<01:11, 13.49it/s]
HPSAC test:  64%|██████▎   | 1694/2663 [01:57<01:13, 13.18it/s]
HPSAC test:  64%|██████▎   | 1696/2663 [01:57<01:15, 12.84it/s]
HPSAC test:  64%|██████▍   | 1698/2663 [01:57<01:15, 12.85it/s]
HPSAC test:  64%|██████▍   | 1700/2663 [01:57<01:16, 12.60it/s]
HPSAC test:  64%|██████▍   | 1702/2663 [01:57<01:16, 12.59it/s]
HPSAC test:  64%|██████▍   | 1704/2663 [01:58<01:14, 12.80it/s]
HPSAC test:  64%|██████▍   | 1706/2663 [01:58<01:13, 12.97it/s]
HPSAC test:  64%|██████▍   | 1708/2663 [01:58<01:13, 13.05it/s]
HPSAC test:  64%|██████▍   | 1710/2663 [01:58<01:15, 12.68it/s]
HPSAC test:  64%|██████▍   | 1712/2663 [01:58<01:14, 12.80it/s]
HPSAC test:  64%|██████▍   | 1714/2663 [01:58<01:14, 12.74it/s]
HPSAC test:  64%|██████▍   | 1716/2663 [01:58<01:13, 12.92it/s]
HPSAC test:  65%|██████▍   | 1718/2663 [01:59<01:13, 12.86it/s]
HPSAC test:  65%|██████▍   | 1720/2663 [01:59<01:11, 13.21it/s]
HPSAC test:  65%|██████▍   | 1722/2663 [01:59<01:11, 13.22it/s]
HPSAC test:  65%|██████▍   | 1724/2663 [01:59<01:09, 13.51it/s]
HPSAC test:  65%|██████▍   | 1726/2663 [01:59<01:10, 13.35it/s]
HPSAC test:  65%|██████▍   | 1728/2663 [01:59<01:10, 13.30it/s]
HPSAC test:  65%|██████▍   | 1730/2663 [02:00<01:09, 13.47it/s]
HPSAC test:  65%|██████▌   | 1732/2663 [02:00<01:08, 13.63it/s]
HPSAC test:  65%|██████▌   | 1734/2663 [02:00<01:07, 13.69it/s]
HPSAC test:  65%|██████▌   | 1736/2663 [02:00<01:07, 13.81it/s]
HPSAC test:  65%|██████▌   | 1738/2663 [02:00<01:07, 13.70it/s]
HPSAC test:  65%|██████▌   | 1740/2663 [02:00<01:08, 13.55it/s]
HPSAC test:  65%|██████▌   | 1742/2663 [02:00<01:07, 13.73it/s]
HPSAC test:  65%|██████▌   | 1744/2663 [02:01<01:06, 13.73it/s]
HPSAC test:  66%|██████▌   | 1746/2663 [02:01<01:08, 13.39it/s]
HPSAC test:  66%|██████▌   | 1748/2663 [02:01<01:10, 12.96it/s]
HPSAC test:  66%|██████▌   | 1750/2663 [02:01<01:10, 12.95it/s]
HPSAC test:  66%|██████▌   | 1752/2663 [02:01<01:09, 13.13it/s]
HPSAC test:  66%|██████▌   | 1754/2663 [02:01<01:12, 12.60it/s]
HPSAC test:  66%|██████▌   | 1756/2663 [02:01<01:12, 12.52it/s]
HPSAC test:  66%|██████▌   | 1758/2663 [02:02<01:12, 12.44it/s]
HPSAC test:  66%|██████▌   | 1760/2663 [02:02<01:11, 12.65it/s]
HPSAC test:  66%|██████▌   | 1762/2663 [02:02<01:09, 12.89it/s]
HPSAC test:  66%|██████▌   | 1764/2663 [02:02<01:08, 13.10it/s]
HPSAC test:  66%|██████▋   | 1766/2663 [02:02<01:07, 13.34it/s]
HPSAC test:  66%|██████▋   | 1768/2663 [02:02<01:07, 13.30it/s]
HPSAC test:  66%|██████▋   | 1770/2663 [02:03<01:06, 13.43it/s]
HPSAC test:  67%|██████▋   | 1772/2663 [02:03<01:06, 13.43it/s]
HPSAC test:  67%|██████▋   | 1774/2663 [02:03<01:06, 13.36it/s]
HPSAC test:  67%|██████▋   | 1776/2663 [02:03<01:05, 13.56it/s]
HPSAC test:  67%|██████▋   | 1778/2663 [02:03<01:04, 13.74it/s]
HPSAC test:  67%|██████▋   | 1780/2663 [02:03<01:03, 14.00it/s]
HPSAC test:  67%|██████▋   | 1782/2663 [02:03<01:01, 14.27it/s]
HPSAC test:  67%|██████▋   | 1784/2663 [02:04<01:02, 14.03it/s]
HPSAC test:  67%|██████▋   | 1786/2663 [02:04<01:02, 14.10it/s]
HPSAC test:  67%|██████▋   | 1788/2663 [02:04<01:01, 14.23it/s]
HPSAC test:  67%|██████▋   | 1790/2663 [02:04<01:00, 14.42it/s]
HPSAC test:  67%|██████▋   | 1792/2663 [02:04<01:00, 14.51it/s]
HPSAC test:  67%|██████▋   | 1794/2663 [02:04<01:00, 14.47it/s]
HPSAC test:  67%|██████▋   | 1796/2663 [02:04<00:59, 14.59it/s]
HPSAC test:  68%|██████▊   | 1798/2663 [02:05<00:59, 14.50it/s]
HPSAC test:  68%|██████▊   | 1800/2663 [02:05<00:59, 14.42it/s]
HPSAC test:  68%|██████▊   | 1802/2663 [02:05<01:00, 14.27it/s]
HPSAC test:  68%|██████▊   | 1804/2663 [02:05<01:00, 14.27it/s]
HPSAC test:  68%|██████▊   | 1806/2663 [02:05<01:00, 14.28it/s]
HPSAC test:  68%|██████▊   | 1808/2663 [02:05<00:59, 14.43it/s]
HPSAC test:  68%|██████▊   | 1810/2663 [02:05<00:59, 14.46it/s]
HPSAC test:  68%|██████▊   | 1812/2663 [02:05<00:58, 14.51it/s]
HPSAC test:  68%|██████▊   | 1814/2663 [02:06<00:58, 14.44it/s]
HPSAC test:  68%|██████▊   | 1816/2663 [02:06<00:58, 14.39it/s]
HPSAC test:  68%|██████▊   | 1818/2663 [02:06<00:58, 14.36it/s]
HPSAC test:  68%|██████▊   | 1820/2663 [02:06<00:59, 14.28it/s]
HPSAC test:  68%|██████▊   | 1822/2663 [02:06<00:58, 14.28it/s]
HPSAC test:  68%|██████▊   | 1824/2663 [02:06<00:58, 14.38it/s]
HPSAC test:  69%|██████▊   | 1826/2663 [02:06<00:58, 14.40it/s]
HPSAC test:  69%|██████▊   | 1828/2663 [02:07<00:58, 14.28it/s]
HPSAC test:  69%|██████▊   | 1830/2663 [02:07<00:58, 14.15it/s]
HPSAC test:  69%|██████▉   | 1832/2663 [02:07<00:57, 14.33it/s]
HPSAC test:  69%|██████▉   | 1834/2663 [02:07<00:57, 14.32it/s]
HPSAC test:  69%|██████▉   | 1836/2663 [02:07<00:57, 14.50it/s]
HPSAC test:  69%|██████▉   | 1838/2663 [02:07<00:56, 14.57it/s]
HPSAC test:  69%|██████▉   | 1840/2663 [02:07<00:56, 14.67it/s]
HPSAC test:  69%|██████▉   | 1842/2663 [02:08<00:55, 14.87it/s]
HPSAC test:  69%|██████▉   | 1844/2663 [02:08<00:55, 14.85it/s]
HPSAC test:  69%|██████▉   | 1846/2663 [02:08<00:55, 14.78it/s]
HPSAC test:  69%|██████▉   | 1848/2663 [02:08<00:55, 14.63it/s]
HPSAC test:  69%|██████▉   | 1850/2663 [02:08<00:55, 14.54it/s]
HPSAC test:  70%|██████▉   | 1852/2663 [02:08<00:55, 14.65it/s]
HPSAC test:  70%|██████▉   | 1854/2663 [02:08<00:55, 14.55it/s]
HPSAC test:  70%|██████▉   | 1856/2663 [02:09<00:55, 14.50it/s]
HPSAC test:  70%|██████▉   | 1858/2663 [02:09<00:55, 14.52it/s]
HPSAC test:  70%|██████▉   | 1860/2663 [02:09<00:54, 14.63it/s]
HPSAC test:  70%|██████▉   | 1862/2663 [02:09<00:54, 14.75it/s]
HPSAC test:  70%|██████▉   | 1864/2663 [02:09<00:54, 14.62it/s]
HPSAC test:  70%|███████   | 1866/2663 [02:09<00:54, 14.61it/s]
HPSAC test:  70%|███████   | 1868/2663 [02:09<00:54, 14.59it/s]
HPSAC test:  70%|███████   | 1870/2663 [02:09<00:54, 14.45it/s]
HPSAC test:  70%|███████   | 1872/2663 [02:10<00:54, 14.50it/s]
HPSAC test:  70%|███████   | 1874/2663 [02:10<00:54, 14.47it/s]
HPSAC test:  70%|███████   | 1876/2663 [02:10<00:54, 14.46it/s]
HPSAC test:  71%|███████   | 1878/2663 [02:10<00:53, 14.56it/s]
HPSAC test:  71%|███████   | 1880/2663 [02:10<00:54, 14.47it/s]
HPSAC test:  71%|███████   | 1882/2663 [02:10<00:54, 14.45it/s]
HPSAC test:  71%|███████   | 1884/2663 [02:10<00:53, 14.69it/s]
HPSAC test:  71%|███████   | 1886/2663 [02:11<00:53, 14.51it/s]
HPSAC test:  71%|███████   | 1888/2663 [02:11<00:53, 14.59it/s]
HPSAC test:  71%|███████   | 1890/2663 [02:11<00:54, 14.16it/s]
HPSAC test:  71%|███████   | 1892/2663 [02:11<00:54, 14.02it/s]
HPSAC test:  71%|███████   | 1894/2663 [02:11<00:54, 14.02it/s]
HPSAC test:  71%|███████   | 1896/2663 [02:11<00:56, 13.69it/s]
HPSAC test:  71%|███████▏  | 1898/2663 [02:11<00:55, 13.76it/s]
HPSAC test:  71%|███████▏  | 1900/2663 [02:12<00:55, 13.72it/s]
HPSAC test:  71%|███████▏  | 1902/2663 [02:12<00:55, 13.64it/s]
HPSAC test:  71%|███████▏  | 1904/2663 [02:12<00:54, 13.84it/s]
HPSAC test:  72%|███████▏  | 1906/2663 [02:12<00:53, 14.05it/s]
HPSAC test:  72%|███████▏  | 1908/2663 [02:12<00:53, 14.24it/s]
HPSAC test:  72%|███████▏  | 1910/2663 [02:12<00:52, 14.42it/s]
HPSAC test:  72%|███████▏  | 1912/2663 [02:12<00:51, 14.57it/s]
HPSAC test:  72%|███████▏  | 1914/2663 [02:13<00:51, 14.53it/s]
HPSAC test:  72%|███████▏  | 1916/2663 [02:13<00:51, 14.60it/s]
HPSAC test:  72%|███████▏  | 1918/2663 [02:13<00:51, 14.57it/s]
HPSAC test:  72%|███████▏  | 1920/2663 [02:13<00:51, 14.50it/s]
HPSAC test:  72%|███████▏  | 1922/2663 [02:13<00:51, 14.30it/s]
HPSAC test:  72%|███████▏  | 1924/2663 [02:13<00:51, 14.24it/s]
HPSAC test:  72%|███████▏  | 1926/2663 [02:13<00:51, 14.17it/s]
HPSAC test:  72%|███████▏  | 1928/2663 [02:14<00:51, 14.36it/s]
HPSAC test:  72%|███████▏  | 1930/2663 [02:14<00:51, 14.13it/s]
HPSAC test:  73%|███████▎  | 1932/2663 [02:14<00:50, 14.40it/s]
HPSAC test:  73%|███████▎  | 1934/2663 [02:14<00:50, 14.51it/s]
HPSAC test:  73%|███████▎  | 1936/2663 [02:14<00:50, 14.43it/s]
HPSAC test:  73%|███████▎  | 1938/2663 [02:14<00:50, 14.50it/s]
HPSAC test:  73%|███████▎  | 1940/2663 [02:14<00:50, 14.43it/s]
HPSAC test:  73%|███████▎  | 1942/2663 [02:15<00:49, 14.61it/s]
HPSAC test:  73%|███████▎  | 1944/2663 [02:15<00:49, 14.46it/s]
HPSAC test:  73%|███████▎  | 1946/2663 [02:15<00:49, 14.60it/s]
HPSAC test:  73%|███████▎  | 1948/2663 [02:15<00:49, 14.57it/s]
HPSAC test:  73%|███████▎  | 1950/2663 [02:15<00:48, 14.56it/s]
HPSAC test:  73%|███████▎  | 1952/2663 [02:15<00:48, 14.64it/s]
HPSAC test:  73%|███████▎  | 1954/2663 [02:15<00:48, 14.72it/s]
HPSAC test:  73%|███████▎  | 1956/2663 [02:15<00:48, 14.71it/s]
HPSAC test:  74%|███████▎  | 1958/2663 [02:16<00:47, 14.84it/s]
HPSAC test:  74%|███████▎  | 1960/2663 [02:16<00:47, 14.69it/s]
HPSAC test:  74%|███████▎  | 1962/2663 [02:16<00:47, 14.65it/s]
HPSAC test:  74%|███████▍  | 1964/2663 [02:16<00:47, 14.84it/s]
HPSAC test:  74%|███████▍  | 1966/2663 [02:16<00:46, 14.83it/s]
HPSAC test:  74%|███████▍  | 1968/2663 [02:16<00:46, 14.81it/s]
HPSAC test:  74%|███████▍  | 1970/2663 [02:16<00:47, 14.74it/s]
HPSAC test:  74%|███████▍  | 1972/2663 [02:17<00:47, 14.67it/s]
HPSAC test:  74%|███████▍  | 1974/2663 [02:17<00:47, 14.53it/s]
HPSAC test:  74%|███████▍  | 1976/2663 [02:17<00:47, 14.38it/s]
HPSAC test:  74%|███████▍  | 1978/2663 [02:17<00:47, 14.32it/s]
HPSAC test:  74%|███████▍  | 1980/2663 [02:17<00:47, 14.35it/s]
HPSAC test:  74%|███████▍  | 1982/2663 [02:17<00:47, 14.35it/s]
HPSAC test:  75%|███████▍  | 1984/2663 [02:17<00:47, 14.41it/s]
HPSAC test:  75%|███████▍  | 1986/2663 [02:18<00:46, 14.55it/s]
HPSAC test:  75%|███████▍  | 1988/2663 [02:18<00:45, 14.71it/s]
HPSAC test:  75%|███████▍  | 1990/2663 [02:18<00:45, 14.70it/s]
HPSAC test:  75%|███████▍  | 1992/2663 [02:18<00:45, 14.71it/s]
HPSAC test:  75%|███████▍  | 1994/2663 [02:18<00:45, 14.71it/s]
HPSAC test:  75%|███████▍  | 1996/2663 [02:18<00:45, 14.55it/s]
HPSAC test:  75%|███████▌  | 1998/2663 [02:18<00:45, 14.58it/s]
HPSAC test:  75%|███████▌  | 2000/2663 [02:18<00:45, 14.70it/s]
HPSAC test:  75%|███████▌  | 2002/2663 [02:19<00:45, 14.64it/s]
HPSAC test:  75%|███████▌  | 2004/2663 [02:19<00:45, 14.59it/s]
HPSAC test:  75%|███████▌  | 2006/2663 [02:19<00:45, 14.54it/s]
HPSAC test:  75%|███████▌  | 2008/2663 [02:19<00:44, 14.66it/s]
HPSAC test:  75%|███████▌  | 2010/2663 [02:19<00:44, 14.60it/s]
HPSAC test:  76%|███████▌  | 2012/2663 [02:19<00:44, 14.52it/s]
HPSAC test:  76%|███████▌  | 2014/2663 [02:19<00:44, 14.73it/s]
HPSAC test:  76%|███████▌  | 2016/2663 [02:20<00:43, 14.75it/s]
HPSAC test:  76%|███████▌  | 2018/2663 [02:20<00:43, 14.67it/s]
HPSAC test:  76%|███████▌  | 2020/2663 [02:20<00:43, 14.67it/s]
HPSAC test:  76%|███████▌  | 2022/2663 [02:20<00:43, 14.71it/s]
HPSAC test:  76%|███████▋  | 2037/2663 [02:20<00:14, 42.15it/s]
HPSAC test:  77%|███████▋  | 2042/2663 [02:20<00:22, 27.96it/s]
HPSAC test:  77%|███████▋  | 2046/2663 [02:21<00:26, 23.12it/s]
HPSAC test:  77%|███████▋  | 2049/2663 [02:21<00:29, 20.65it/s]
HPSAC test:  77%|███████▋  | 2052/2663 [02:21<00:32, 18.91it/s]
HPSAC test:  77%|███████▋  | 2055/2663 [02:21<00:34, 17.67it/s]
HPSAC test:  77%|███████▋  | 2057/2663 [02:21<00:35, 17.04it/s]
HPSAC test:  77%|███████▋  | 2059/2663 [02:22<00:36, 16.44it/s]
HPSAC test:  77%|███████▋  | 2061/2663 [02:22<00:37, 15.95it/s]
HPSAC test:  77%|███████▋  | 2063/2663 [02:22<00:38, 15.69it/s]
HPSAC test:  78%|███████▊  | 2065/2663 [02:22<00:39, 15.33it/s]
HPSAC test:  78%|███████▊  | 2067/2663 [02:22<00:39, 15.10it/s]
HPSAC test:  78%|███████▊  | 2069/2663 [02:22<00:39, 15.06it/s]
HPSAC test:  78%|███████▊  | 2071/2663 [02:22<00:39, 14.90it/s]
HPSAC test:  78%|███████▊  | 2073/2663 [02:23<00:39, 14.89it/s]
HPSAC test:  78%|███████▊  | 2075/2663 [02:23<00:39, 14.79it/s]
HPSAC test:  78%|███████▊  | 2077/2663 [02:23<00:39, 14.76it/s]
HPSAC test:  78%|███████▊  | 2079/2663 [02:23<00:40, 14.60it/s]
HPSAC test:  78%|███████▊  | 2081/2663 [02:23<00:39, 14.57it/s]
HPSAC test:  78%|███████▊  | 2083/2663 [02:23<00:40, 14.47it/s]
HPSAC test:  78%|███████▊  | 2085/2663 [02:23<00:39, 14.56it/s]
HPSAC test:  78%|███████▊  | 2087/2663 [02:24<00:39, 14.45it/s]
HPSAC test:  78%|███████▊  | 2089/2663 [02:24<00:39, 14.51it/s]
HPSAC test:  79%|███████▊  | 2091/2663 [02:24<00:39, 14.63it/s]
HPSAC test:  79%|███████▊  | 2093/2663 [02:24<00:39, 14.56it/s]
HPSAC test:  79%|███████▊  | 2095/2663 [02:24<00:39, 14.48it/s]
HPSAC test:  79%|███████▊  | 2097/2663 [02:24<00:38, 14.61it/s]
HPSAC test:  79%|███████▉  | 2099/2663 [02:24<00:38, 14.71it/s]
HPSAC test:  79%|███████▉  | 2101/2663 [02:25<00:38, 14.69it/s]
HPSAC test:  79%|███████▉  | 2103/2663 [02:25<00:37, 14.78it/s]
HPSAC test:  79%|███████▉  | 2105/2663 [02:25<00:37, 14.69it/s]
HPSAC test:  79%|███████▉  | 2107/2663 [02:25<00:37, 14.75it/s]
HPSAC test:  79%|███████▉  | 2109/2663 [02:25<00:37, 14.73it/s]
HPSAC test:  79%|███████▉  | 2111/2663 [02:25<00:37, 14.79it/s]
HPSAC test:  79%|███████▉  | 2113/2663 [02:25<00:37, 14.84it/s]
HPSAC test:  79%|███████▉  | 2115/2663 [02:25<00:36, 14.84it/s]
HPSAC test:  79%|███████▉  | 2117/2663 [02:26<00:37, 14.70it/s]
HPSAC test:  80%|███████▉  | 2119/2663 [02:26<00:37, 14.51it/s]
HPSAC test:  80%|███████▉  | 2121/2663 [02:26<00:37, 14.63it/s]
HPSAC test:  80%|███████▉  | 2123/2663 [02:26<00:36, 14.74it/s]
HPSAC test:  80%|███████▉  | 2125/2663 [02:26<00:36, 14.77it/s]
HPSAC test:  80%|███████▉  | 2127/2663 [02:26<00:36, 14.74it/s]
HPSAC test:  80%|███████▉  | 2129/2663 [02:26<00:36, 14.57it/s]
HPSAC test:  80%|████████  | 2131/2663 [02:27<00:36, 14.43it/s]
HPSAC test:  80%|████████  | 2133/2663 [02:27<00:36, 14.46it/s]
HPSAC test:  80%|████████  | 2135/2663 [02:27<00:36, 14.36it/s]
HPSAC test:  80%|████████  | 2137/2663 [02:27<00:36, 14.39it/s]
HPSAC test:  80%|████████  | 2139/2663 [02:27<00:36, 14.39it/s]
HPSAC test:  80%|████████  | 2141/2663 [02:27<00:36, 14.38it/s]
HPSAC test:  80%|████████  | 2143/2663 [02:27<00:36, 14.34it/s]
HPSAC test:  81%|████████  | 2145/2663 [02:28<00:35, 14.45it/s]
HPSAC test:  81%|████████  | 2147/2663 [02:28<00:36, 14.27it/s]
HPSAC test:  81%|████████  | 2149/2663 [02:28<00:36, 14.14it/s]
HPSAC test:  81%|████████  | 2151/2663 [02:28<00:36, 14.17it/s]
HPSAC test:  81%|████████  | 2153/2663 [02:28<00:35, 14.35it/s]
HPSAC test:  81%|████████  | 2155/2663 [02:28<00:35, 14.41it/s]
HPSAC test:  81%|████████  | 2157/2663 [02:28<00:35, 14.44it/s]
HPSAC test:  81%|████████  | 2159/2663 [02:29<00:34, 14.61it/s]
HPSAC test:  81%|████████  | 2161/2663 [02:29<00:33, 14.77it/s]
HPSAC test:  81%|████████  | 2163/2663 [02:29<00:33, 14.85it/s]
HPSAC test:  81%|████████▏ | 2165/2663 [02:29<00:33, 14.91it/s]
HPSAC test:  81%|████████▏ | 2167/2663 [02:29<00:33, 14.76it/s]
HPSAC test:  81%|████████▏ | 2169/2663 [02:29<00:33, 14.74it/s]
HPSAC test:  82%|████████▏ | 2171/2663 [02:29<00:33, 14.68it/s]
HPSAC test:  82%|████████▏ | 2173/2663 [02:29<00:33, 14.71it/s]
HPSAC test:  82%|████████▏ | 2175/2663 [02:30<00:33, 14.65it/s]
HPSAC test:  82%|████████▏ | 2177/2663 [02:30<00:33, 14.62it/s]
HPSAC test:  82%|████████▏ | 2179/2663 [02:30<00:33, 14.49it/s]
HPSAC test:  82%|████████▏ | 2181/2663 [02:30<00:33, 14.57it/s]
HPSAC test:  82%|████████▏ | 2183/2663 [02:30<00:32, 14.66it/s]
HPSAC test:  82%|████████▏ | 2185/2663 [02:30<00:32, 14.68it/s]
HPSAC test:  82%|████████▏ | 2187/2663 [02:30<00:32, 14.82it/s]
HPSAC test:  82%|████████▏ | 2189/2663 [02:31<00:31, 14.94it/s]
HPSAC test:  82%|████████▏ | 2191/2663 [02:31<00:31, 14.82it/s]
HPSAC test:  82%|████████▏ | 2193/2663 [02:31<00:31, 14.78it/s]
HPSAC test:  82%|████████▏ | 2195/2663 [02:31<00:31, 14.81it/s]
HPSAC test:  83%|████████▎ | 2197/2663 [02:31<00:31, 14.87it/s]
HPSAC test:  83%|████████▎ | 2199/2663 [02:31<00:31, 14.83it/s]
HPSAC test:  83%|████████▎ | 2201/2663 [02:31<00:30, 14.92it/s]
HPSAC test:  83%|████████▎ | 2203/2663 [02:31<00:31, 14.75it/s]
HPSAC test:  83%|████████▎ | 2205/2663 [02:32<00:31, 14.70it/s]
HPSAC test:  83%|████████▎ | 2207/2663 [02:32<00:31, 14.58it/s]
HPSAC test:  83%|████████▎ | 2209/2663 [02:32<00:31, 14.52it/s]
HPSAC test:  83%|████████▎ | 2211/2663 [02:32<00:30, 14.67it/s]
HPSAC test:  83%|████████▎ | 2213/2663 [02:32<00:30, 14.57it/s]
HPSAC test:  83%|████████▎ | 2215/2663 [02:32<00:30, 14.69it/s]
HPSAC test:  83%|████████▎ | 2217/2663 [02:32<00:30, 14.75it/s]
HPSAC test:  83%|████████▎ | 2219/2663 [02:33<00:29, 14.84it/s]
HPSAC test:  83%|████████▎ | 2221/2663 [02:33<00:29, 14.82it/s]
HPSAC test:  83%|████████▎ | 2223/2663 [02:33<00:29, 14.75it/s]
HPSAC test:  84%|████████▎ | 2225/2663 [02:33<00:29, 14.64it/s]
HPSAC test:  84%|████████▎ | 2227/2663 [02:33<00:29, 14.56it/s]
HPSAC test:  84%|████████▎ | 2229/2663 [02:33<00:29, 14.58it/s]
HPSAC test:  84%|████████▍ | 2231/2663 [02:33<00:29, 14.54it/s]
HPSAC test:  84%|████████▍ | 2233/2663 [02:34<00:29, 14.63it/s]
HPSAC test:  84%|████████▍ | 2235/2663 [02:34<00:29, 14.73it/s]
HPSAC test:  84%|████████▍ | 2237/2663 [02:34<00:29, 14.50it/s]
HPSAC test:  84%|████████▍ | 2239/2663 [02:34<00:29, 14.57it/s]
HPSAC test:  84%|████████▍ | 2241/2663 [02:34<00:28, 14.58it/s]
HPSAC test:  84%|████████▍ | 2243/2663 [02:34<00:28, 14.55it/s]
HPSAC test:  84%|████████▍ | 2245/2663 [02:34<00:28, 14.56it/s]
HPSAC test:  84%|████████▍ | 2247/2663 [02:34<00:28, 14.60it/s]
HPSAC test:  84%|████████▍ | 2249/2663 [02:35<00:28, 14.69it/s]
HPSAC test:  85%|████████▍ | 2251/2663 [02:35<00:28, 14.64it/s]
HPSAC test:  85%|████████▍ | 2253/2663 [02:35<00:27, 14.66it/s]
HPSAC test:  85%|████████▍ | 2255/2663 [02:35<00:27, 14.63it/s]
HPSAC test:  85%|████████▍ | 2257/2663 [02:35<00:27, 14.64it/s]
HPSAC test:  85%|████████▍ | 2259/2663 [02:35<00:27, 14.65it/s]
HPSAC test:  85%|████████▍ | 2261/2663 [02:35<00:27, 14.69it/s]
HPSAC test:  85%|████████▍ | 2263/2663 [02:36<00:27, 14.60it/s]
HPSAC test:  85%|████████▌ | 2265/2663 [02:36<00:27, 14.47it/s]
HPSAC test:  85%|████████▌ | 2267/2663 [02:36<00:27, 14.32it/s]
HPSAC test:  85%|████████▌ | 2269/2663 [02:36<00:27, 14.36it/s]
HPSAC test:  85%|████████▌ | 2271/2663 [02:36<00:27, 14.17it/s]
HPSAC test:  85%|████████▌ | 2273/2663 [02:36<00:27, 14.31it/s]
HPSAC test:  85%|████████▌ | 2275/2663 [02:36<00:27, 14.24it/s]
HPSAC test:  86%|████████▌ | 2277/2663 [02:37<00:26, 14.33it/s]
HPSAC test:  86%|████████▌ | 2279/2663 [02:37<00:26, 14.41it/s]
HPSAC test:  86%|████████▌ | 2281/2663 [02:37<00:26, 14.57it/s]
HPSAC test:  86%|████████▌ | 2283/2663 [02:37<00:26, 14.57it/s]
HPSAC test:  86%|████████▌ | 2285/2663 [02:37<00:26, 14.39it/s]
HPSAC test:  86%|████████▌ | 2287/2663 [02:37<00:25, 14.49it/s]
HPSAC test:  86%|████████▌ | 2289/2663 [02:37<00:25, 14.57it/s]
HPSAC test:  86%|████████▌ | 2291/2663 [02:38<00:25, 14.58it/s]
HPSAC test:  86%|████████▌ | 2293/2663 [02:38<00:25, 14.75it/s]
HPSAC test:  86%|████████▌ | 2295/2663 [02:38<00:25, 14.65it/s]
HPSAC test:  86%|████████▋ | 2297/2663 [02:38<00:24, 14.70it/s]
HPSAC test:  86%|████████▋ | 2299/2663 [02:38<00:25, 14.51it/s]
HPSAC test:  86%|████████▋ | 2301/2663 [02:38<00:25, 14.47it/s]
HPSAC test:  86%|████████▋ | 2303/2663 [02:38<00:24, 14.64it/s]
HPSAC test:  87%|████████▋ | 2305/2663 [02:38<00:24, 14.62it/s]
HPSAC test:  87%|████████▋ | 2307/2663 [02:39<00:24, 14.82it/s]
HPSAC test:  87%|████████▋ | 2309/2663 [02:39<00:24, 14.58it/s]
HPSAC test:  87%|████████▋ | 2311/2663 [02:39<00:23, 14.67it/s]
HPSAC test:  87%|████████▋ | 2313/2663 [02:39<00:23, 14.62it/s]
HPSAC test:  87%|████████▋ | 2315/2663 [02:39<00:23, 14.65it/s]
HPSAC test:  87%|████████▋ | 2317/2663 [02:39<00:23, 14.62it/s]
HPSAC test:  87%|████████▋ | 2319/2663 [02:39<00:23, 14.42it/s]
HPSAC test:  87%|████████▋ | 2321/2663 [02:40<00:23, 14.49it/s]
HPSAC test:  87%|████████▋ | 2323/2663 [02:40<00:23, 14.58it/s]
HPSAC test:  87%|████████▋ | 2325/2663 [02:40<00:23, 14.57it/s]
HPSAC test:  87%|████████▋ | 2327/2663 [02:40<00:22, 14.64it/s]
HPSAC test:  87%|████████▋ | 2329/2663 [02:40<00:22, 14.65it/s]
HPSAC test:  88%|████████▊ | 2331/2663 [02:40<00:22, 14.67it/s]
HPSAC test:  88%|████████▊ | 2333/2663 [02:40<00:22, 14.60it/s]
HPSAC test:  88%|████████▊ | 2335/2663 [02:41<00:22, 14.63it/s]
HPSAC test:  88%|████████▊ | 2337/2663 [02:41<00:22, 14.60it/s]
HPSAC test:  88%|████████▊ | 2339/2663 [02:41<00:22, 14.57it/s]
HPSAC test:  88%|████████▊ | 2341/2663 [02:41<00:22, 14.17it/s]
HPSAC test:  88%|████████▊ | 2343/2663 [02:41<00:23, 13.88it/s]
HPSAC test:  88%|████████▊ | 2345/2663 [02:41<00:23, 13.76it/s]
HPSAC test:  88%|████████▊ | 2347/2663 [02:41<00:22, 13.74it/s]
HPSAC test:  88%|████████▊ | 2349/2663 [02:42<00:23, 13.39it/s]
HPSAC test:  88%|████████▊ | 2351/2663 [02:42<00:23, 13.33it/s]
HPSAC test:  88%|████████▊ | 2353/2663 [02:42<00:23, 13.42it/s]
HPSAC test:  88%|████████▊ | 2355/2663 [02:42<00:22, 13.40it/s]
HPSAC test:  89%|████████▊ | 2357/2663 [02:42<00:22, 13.38it/s]
HPSAC test:  89%|████████▊ | 2359/2663 [02:42<00:22, 13.30it/s]
HPSAC test:  89%|████████▊ | 2361/2663 [02:42<00:22, 13.38it/s]
HPSAC test:  89%|████████▊ | 2363/2663 [02:43<00:22, 13.38it/s]
HPSAC test:  89%|████████▉ | 2365/2663 [02:43<00:22, 13.40it/s]
HPSAC test:  89%|████████▉ | 2367/2663 [02:43<00:22, 13.37it/s]
HPSAC test:  89%|████████▉ | 2369/2663 [02:43<00:21, 13.44it/s]
HPSAC test:  89%|████████▉ | 2371/2663 [02:43<00:21, 13.50it/s]
HPSAC test:  89%|████████▉ | 2373/2663 [02:43<00:21, 13.40it/s]
HPSAC test:  89%|████████▉ | 2375/2663 [02:44<00:21, 13.17it/s]
HPSAC test:  89%|████████▉ | 2377/2663 [02:44<00:22, 12.90it/s]
HPSAC test:  89%|████████▉ | 2379/2663 [02:44<00:21, 12.95it/s]
HPSAC test:  89%|████████▉ | 2381/2663 [02:44<00:21, 12.85it/s]
HPSAC test:  89%|████████▉ | 2383/2663 [02:44<00:21, 12.95it/s]
HPSAC test:  90%|████████▉ | 2385/2663 [02:44<00:21, 12.98it/s]
HPSAC test:  90%|████████▉ | 2387/2663 [02:44<00:21, 12.87it/s]
HPSAC test:  90%|████████▉ | 2389/2663 [02:45<00:21, 12.81it/s]
HPSAC test:  90%|████████▉ | 2391/2663 [02:45<00:21, 12.70it/s]
HPSAC test:  90%|████████▉ | 2393/2663 [02:45<00:21, 12.64it/s]
HPSAC test:  90%|████████▉ | 2395/2663 [02:45<00:21, 12.45it/s]
HPSAC test:  90%|█████████ | 2397/2663 [02:45<00:21, 12.57it/s]
HPSAC test:  90%|█████████ | 2399/2663 [02:45<00:20, 12.72it/s]
HPSAC test:  90%|█████████ | 2401/2663 [02:46<00:20, 12.84it/s]
HPSAC test:  90%|█████████ | 2403/2663 [02:46<00:19, 13.05it/s]
HPSAC test:  90%|█████████ | 2405/2663 [02:46<00:19, 13.27it/s]
HPSAC test:  90%|█████████ | 2407/2663 [02:46<00:19, 13.24it/s]
HPSAC test:  90%|█████████ | 2409/2663 [02:46<00:19, 13.03it/s]
HPSAC test:  91%|█████████ | 2411/2663 [02:46<00:19, 13.21it/s]
HPSAC test:  91%|█████████ | 2413/2663 [02:46<00:19, 13.00it/s]
HPSAC test:  91%|█████████ | 2415/2663 [02:47<00:18, 13.25it/s]
HPSAC test:  91%|█████████ | 2417/2663 [02:47<00:18, 13.31it/s]
HPSAC test:  91%|█████████ | 2419/2663 [02:47<00:18, 13.46it/s]
HPSAC test:  91%|█████████ | 2421/2663 [02:47<00:18, 13.16it/s]
HPSAC test:  91%|█████████ | 2423/2663 [02:47<00:17, 13.42it/s]
HPSAC test:  91%|█████████ | 2425/2663 [02:47<00:17, 13.31it/s]
HPSAC test:  91%|█████████ | 2427/2663 [02:48<00:17, 13.19it/s]
HPSAC test:  91%|█████████ | 2429/2663 [02:48<00:17, 13.18it/s]
HPSAC test:  91%|█████████▏| 2431/2663 [02:48<00:17, 13.25it/s]
HPSAC test:  91%|█████████▏| 2433/2663 [02:48<00:17, 13.49it/s]
HPSAC test:  91%|█████████▏| 2435/2663 [02:48<00:17, 13.35it/s]
HPSAC test:  92%|█████████▏| 2437/2663 [02:48<00:16, 13.46it/s]
HPSAC test:  92%|█████████▏| 2439/2663 [02:48<00:16, 13.60it/s]
HPSAC test:  92%|█████████▏| 2441/2663 [02:49<00:16, 13.69it/s]
HPSAC test:  92%|█████████▏| 2443/2663 [02:49<00:15, 13.78it/s]
HPSAC test:  92%|█████████▏| 2445/2663 [02:49<00:16, 13.62it/s]
HPSAC test:  92%|█████████▏| 2447/2663 [02:49<00:16, 13.30it/s]
HPSAC test:  92%|█████████▏| 2449/2663 [02:49<00:16, 13.36it/s]
HPSAC test:  92%|█████████▏| 2451/2663 [02:49<00:15, 13.35it/s]
HPSAC test:  92%|█████████▏| 2453/2663 [02:49<00:15, 13.35it/s]
HPSAC test:  92%|█████████▏| 2455/2663 [02:50<00:15, 13.39it/s]
HPSAC test:  92%|█████████▏| 2457/2663 [02:50<00:15, 13.43it/s]
HPSAC test:  92%|█████████▏| 2459/2663 [02:50<00:15, 13.37it/s]
HPSAC test:  92%|█████████▏| 2461/2663 [02:50<00:15, 13.20it/s]
HPSAC test:  92%|█████████▏| 2463/2663 [02:50<00:15, 13.28it/s]
HPSAC test:  93%|█████████▎| 2465/2663 [02:50<00:14, 13.30it/s]
HPSAC test:  93%|█████████▎| 2467/2663 [02:50<00:14, 13.43it/s]
HPSAC test:  93%|█████████▎| 2469/2663 [02:51<00:14, 13.41it/s]
HPSAC test:  93%|█████████▎| 2471/2663 [02:51<00:14, 13.57it/s]
HPSAC test:  93%|█████████▎| 2473/2663 [02:51<00:13, 13.79it/s]
HPSAC test:  93%|█████████▎| 2475/2663 [02:51<00:13, 13.90it/s]
HPSAC test:  93%|█████████▎| 2477/2663 [02:51<00:13, 13.93it/s]
HPSAC test:  93%|█████████▎| 2479/2663 [02:51<00:13, 14.10it/s]
HPSAC test:  93%|█████████▎| 2481/2663 [02:51<00:12, 14.11it/s]
HPSAC test:  94%|█████████▎| 2495/2663 [02:52<00:04, 41.22it/s]
HPSAC test:  94%|█████████▍| 2500/2663 [02:52<00:06, 27.14it/s]
HPSAC test:  94%|█████████▍| 2504/2663 [02:52<00:07, 22.42it/s]
HPSAC test:  94%|█████████▍| 2507/2663 [02:52<00:07, 20.02it/s]
HPSAC test:  94%|█████████▍| 2510/2663 [02:53<00:08, 18.54it/s]
HPSAC test:  94%|█████████▍| 2513/2663 [02:53<00:08, 17.43it/s]
HPSAC test:  94%|█████████▍| 2515/2663 [02:53<00:08, 16.76it/s]
HPSAC test:  95%|█████████▍| 2517/2663 [02:53<00:09, 16.22it/s]
HPSAC test:  95%|█████████▍| 2519/2663 [02:53<00:09, 15.85it/s]
HPSAC test:  95%|█████████▍| 2521/2663 [02:53<00:09, 15.55it/s]
HPSAC test:  95%|█████████▍| 2523/2663 [02:54<00:09, 15.34it/s]
HPSAC test:  95%|█████████▍| 2525/2663 [02:54<00:09, 15.15it/s]
HPSAC test:  95%|█████████▍| 2527/2663 [02:54<00:09, 15.10it/s]
HPSAC test:  95%|█████████▍| 2529/2663 [02:54<00:09, 14.89it/s]
HPSAC test:  95%|█████████▌| 2531/2663 [02:54<00:08, 14.86it/s]
HPSAC test:  95%|█████████▌| 2533/2663 [02:54<00:08, 14.88it/s]
HPSAC test:  95%|█████████▌| 2535/2663 [02:54<00:08, 14.72it/s]
HPSAC test:  95%|█████████▌| 2537/2663 [02:54<00:08, 14.85it/s]
HPSAC test:  95%|█████████▌| 2539/2663 [02:55<00:08, 14.82it/s]
HPSAC test:  95%|█████████▌| 2541/2663 [02:55<00:08, 14.83it/s]
HPSAC test:  95%|█████████▌| 2543/2663 [02:55<00:08, 14.92it/s]
HPSAC test:  96%|█████████▌| 2545/2663 [02:55<00:07, 14.91it/s]
HPSAC test:  96%|█████████▌| 2547/2663 [02:55<00:07, 15.03it/s]
HPSAC test:  96%|█████████▌| 2549/2663 [02:55<00:07, 14.89it/s]
HPSAC test:  96%|█████████▌| 2551/2663 [02:55<00:07, 14.98it/s]
HPSAC test:  96%|█████████▌| 2553/2663 [02:56<00:07, 14.81it/s]
HPSAC test:  96%|█████████▌| 2555/2663 [02:56<00:07, 14.83it/s]
HPSAC test:  96%|█████████▌| 2557/2663 [02:56<00:07, 14.97it/s]
HPSAC test:  96%|█████████▌| 2559/2663 [02:56<00:06, 15.10it/s]
HPSAC test:  96%|█████████▌| 2561/2663 [02:56<00:06, 15.08it/s]
HPSAC test:  96%|█████████▌| 2563/2663 [02:56<00:06, 15.02it/s]
HPSAC test:  96%|█████████▋| 2565/2663 [02:56<00:06, 15.02it/s]
HPSAC test:  96%|█████████▋| 2567/2663 [02:56<00:06, 14.96it/s]
HPSAC test:  96%|█████████▋| 2569/2663 [02:57<00:06, 15.02it/s]
HPSAC test:  97%|█████████▋| 2571/2663 [02:57<00:06, 14.85it/s]
HPSAC test:  97%|█████████▋| 2573/2663 [02:57<00:06, 14.99it/s]
HPSAC test:  97%|█████████▋| 2575/2663 [02:57<00:05, 15.00it/s]
HPSAC test:  97%|█████████▋| 2577/2663 [02:57<00:05, 15.04it/s]
HPSAC test:  97%|█████████▋| 2579/2663 [02:57<00:05, 15.08it/s]
HPSAC test:  97%|█████████▋| 2581/2663 [02:57<00:05, 15.10it/s]
HPSAC test:  97%|█████████▋| 2583/2663 [02:58<00:05, 15.01it/s]
HPSAC test:  97%|█████████▋| 2585/2663 [02:58<00:05, 14.96it/s]
HPSAC test:  97%|█████████▋| 2587/2663 [02:58<00:05, 14.86it/s]
HPSAC test:  97%|█████████▋| 2589/2663 [02:58<00:04, 14.90it/s]
HPSAC test:  97%|█████████▋| 2591/2663 [02:58<00:04, 14.94it/s]
HPSAC test:  97%|█████████▋| 2593/2663 [02:58<00:04, 15.01it/s]
HPSAC test:  97%|█████████▋| 2595/2663 [02:58<00:04, 14.97it/s]
HPSAC test:  98%|█████████▊| 2597/2663 [02:58<00:04, 14.92it/s]
HPSAC test:  98%|█████████▊| 2599/2663 [02:59<00:04, 14.84it/s]
HPSAC test:  98%|█████████▊| 2601/2663 [02:59<00:04, 14.69it/s]
HPSAC test:  98%|█████████▊| 2603/2663 [02:59<00:04, 14.91it/s]
HPSAC test:  98%|█████████▊| 2605/2663 [02:59<00:03, 14.83it/s]
HPSAC test:  98%|█████████▊| 2607/2663 [02:59<00:03, 14.89it/s]
HPSAC test:  98%|█████████▊| 2609/2663 [02:59<00:03, 14.90it/s]
HPSAC test:  98%|█████████▊| 2611/2663 [02:59<00:03, 15.00it/s]
HPSAC test:  98%|█████████▊| 2613/2663 [03:00<00:03, 15.07it/s]
HPSAC test:  98%|█████████▊| 2615/2663 [03:00<00:03, 15.08it/s]
HPSAC test:  98%|█████████▊| 2617/2663 [03:00<00:03, 14.91it/s]
HPSAC test:  98%|█████████▊| 2619/2663 [03:00<00:02, 14.88it/s]
HPSAC test:  98%|█████████▊| 2621/2663 [03:00<00:02, 14.76it/s]
HPSAC test:  98%|█████████▊| 2623/2663 [03:00<00:02, 14.83it/s]
HPSAC test:  99%|█████████▊| 2625/2663 [03:00<00:02, 14.92it/s]
HPSAC test:  99%|█████████▊| 2627/2663 [03:01<00:02, 15.02it/s]
HPSAC test:  99%|█████████▊| 2629/2663 [03:01<00:02, 14.96it/s]
HPSAC test:  99%|█████████▉| 2631/2663 [03:01<00:02, 14.90it/s]
HPSAC test:  99%|█████████▉| 2633/2663 [03:01<00:02, 14.90it/s]
HPSAC test:  99%|█████████▉| 2635/2663 [03:01<00:01, 14.87it/s]
HPSAC test:  99%|█████████▉| 2637/2663 [03:01<00:01, 14.98it/s]
HPSAC test:  99%|█████████▉| 2639/2663 [03:01<00:01, 14.89it/s]
HPSAC test:  99%|█████████▉| 2641/2663 [03:01<00:01, 14.91it/s]
HPSAC test:  99%|█████████▉| 2643/2663 [03:02<00:01, 14.81it/s]
HPSAC test:  99%|█████████▉| 2645/2663 [03:02<00:01, 14.90it/s]
HPSAC test:  99%|█████████▉| 2647/2663 [03:02<00:01, 14.89it/s]
HPSAC test:  99%|█████████▉| 2649/2663 [03:02<00:00, 14.77it/s]
HPSAC test: 100%|█████████▉| 2651/2663 [03:02<00:00, 14.66it/s]
HPSAC test: 100%|█████████▉| 2653/2663 [03:02<00:00, 14.62it/s]
HPSAC test: 100%|█████████▉| 2655/2663 [03:02<00:00, 14.38it/s]
HPSAC test: 100%|█████████▉| 2657/2663 [03:03<00:00, 14.49it/s]
HPSAC test: 100%|█████████▉| 2659/2663 [03:03<00:00, 14.54it/s]
HPSAC test: 100%|█████████▉| 2661/2663 [03:03<00:00, 14.59it/s]
HPSAC test: 100%|██████████| 2663/2663 [03:03<00:00, 14.53it/s]
                                                               
HPSAC validation overall:
  MRR: 0.343548
  MR: 1122.364591
  hit@10: 0.421980
  hit@3: 0.366467
  hit@1: 0.298950
HPSAC validation Head/Tail Missing Text:
  MRR: 0.288871
  MR: 1485.309224
  hit@10: 0.361111
  hit@3: 0.309748
  hit@1: 0.248428
HPSAC validation Head Missing Text:
  MRR: 0.277197
  MR: 1630.916118
  hit@10: 0.340461
  hit@3: 0.296053
  hit@1: 0.237664
HPSAC validation Tail Missing Text:
  MRR: 0.270830
  MR: 1471.668175
  hit@10: 0.337858
  hit@3: 0.289593
  hit@1: 0.235294
HPSAC validation Head/Tail Both Have Text:
  MRR: 0.481178
  MR: 208.778364
  hit@10: 0.575198
  hit@3: 0.509235
  hit@1: 0.426121
HPSAC test overall:
  MRR: 0.368643
  MR: 1046.924521
  hit@10: 0.441419
  hit@3: 0.395794
  hit@1: 0.322756
HPSAC test Head/Tail Missing Text:
  MRR: 0.304279
  MR: 1411.604032
  hit@10: 0.363172
  hit@3: 0.327419
  hit@1: 0.266129
HPSAC test Head Missing Text:
  MRR: 0.305165
  MR: 1445.732283
  hit@10: 0.361767
  hit@3: 0.327647
  hit@1: 0.267717
HPSAC test Tail Missing Text:
  MRR: 0.276819
  MR: 1587.909434
  hit@10: 0.330943
  hit@3: 0.297736
  hit@1: 0.242264
HPSAC test Head/Tail Both Have Text:
  MRR: 0.517729
  MR: 202.212329
  hit@10: 0.622665
  hit@3: 0.554172
  hit@1: 0.453923
MT-Guard summary | lock_missing_text=False | valid_missing_text_equal_bv1=False | test_missing_text_equal_bv1=False | test_overall_mrr_delta=0.000518 | test_both_have_text_mrr_delta=0.002024 | non_fallback_both_have_text=19
RESULT_JSON: {"alpha_grid": [0.0, 0.1, 0.2, 0.3], "calibration_mode": "alpha_only", "calibration_search_space": {"alpha_search_enabled": true, "fixed_default_parameters": false, "group_level_search_enabled": true, "lambda_search_enabled": false, "temperature_scaling_rank_invariant_for_positive_T": false, "temperature_search_enabled": false}, "candidate_order": "entity_id_ascending_0_to_ent_tot_minus_1", "checkpoint_a": "checkpoint/revision_mkgy_low_degree_text30_A_seed1.ckpt", "checkpoint_b": "checkpoint/revision_mkgy_low_degree_text30_AB_seed1.ckpt", "checkpoint_id_order_check": "state_dict entity/relation embedding shapes match dataset counts", "dataset": "MKG-Y", "disabled_training_side_modules": {"confidence_calibration": true, "diffheg": true, "gate_expert_router_imputer_training": true, "relation_aware_retrieval": true}, "effective_level1_group_configs": {"relation=0|side=head_prediction|text=both_have_text": {"accepted": true, "reason": "accepted", "resolved_group": "side=head_prediction|text=both_have_text", "resolved_level": "level2", "selected_alpha": 0.3, "selected_lambda": 1.0, "selected_temperature": 1.0, "text_state": "both_have_text"}, "relation=0|side=head_prediction|text=missing_text": {"accepted": false, "reason": "pareto_safe_rejected", "resolved_group": "side=head_prediction|text=missing_text", "resolved_level": "level2", "selected_alpha": 0.0, "selected_lambda": 1.0, "selected_temperature": 1.0, "text_state": "missing_text"}, "relation=0|side=tail_prediction|text=both_have_text": {"accepted": false, "reason": "pareto_safe_rejected", "resolved_group": "side=tail_prediction|text=both_have_text", "resolved_level": "level2", "selected_alpha": 0.0, "selected_lambda": 1.0, "selected_temperature": 1.0, "text_state": "both_have_text"}, "relation=0|side=tail_prediction|text=missing_text": {"accepted": true, "reason": "accepted", "resolved_group": "side=tail_prediction|text=missing_text", "resolved_level": "level2", "selected_alpha": 0.2, "selected_lambda": 1.0, "selected_temperature": 1.0, "text_state": "missing_text"}, "relation=10|side=head_prediction|text=both_have_text": {"accepted": true, "reason": "accepted", "resolved_group": "side=head_prediction|text=both_have_text", "resolved_level": "level2", "selected_alpha": 0.3, "selected_lambda": 1.0, "selected_temperature": 1.0, "text_state": "both_have_text"}, "relation=10|side=head_prediction|text=missing_text": {"accepted": false, "reason": "pareto_safe_rejected", "resolved_group": "side=head_prediction|text=missing_text", "resolved_level": "level2", "selected_alpha": 0.0, "selected_lambda": 1.0, "selected_temperature": 1.0, "text_state": "missing_text"}, "relation=10|side=tail_prediction|text=both_have_text": {"accepted": false, "reason": "pareto_safe_rejected", "resolved_group": "side=tail_prediction|text=both_have_text", "resolved_level": "level2", "selected_alpha": 0.0, "selected_lambda": 1.0, "selected_temperature": 1.0, "text_state": "both_have_text"}, "relation=10|side=tail_prediction|text=missing_text": {"accepted": true, "reason": "accepted", "resolved_group": "side=tail_prediction|text=missing_text", "resolved_level": "level2", "selected_alpha": 0.2, "selected_lambda": 1.0, "selected_temperature": 1.0, "text_state": "missing_text"}, "relation=11|side=head_prediction|text=both_have_text": {"accepted": true, "reason": "accepted", "resolved_group": "side=head_prediction|text=both_have_text", "resolved_level": "level2", "selected_alpha": 0.3, "selected_lambda": 1.0, "selected_temperature": 1.0, "text_state": "both_have_text"}, "relation=11|side=head_prediction|text=missing_text": {"accepted": false, "reason": "pareto_safe_rejected", "resolved_group": "side=head_prediction|text=missing_text", "resolved_level": "level2", "selected_alpha": 0.0, "selected_lambda": 1.0, "selected_temperature": 1.0, "text_state": "missing_text"}, "relation=11|side=tail_prediction|text=both_have_text": {"accepted": false, "reason": "pareto_safe_rejected", "resolved_group": "side=tail_prediction|text=both_have_text", "resolved_level": "level2", "selected_alpha": 0.0, "selected_lambda": 1.0, "selected_temperature": 1.0, "text_state": "both_have_text"}, "relation=11|side=tail_prediction|text=missing_text": {"accepted": true, "reason": "accepted", "resolved_group": "side=tail_prediction|text=missing_text", "resolved_level": "level2", "selected_alpha": 0.2, "selected_lambda": 1.0, "selected_temperature": 1.0, "text_state": "missing_text"}, "relation=12|side=head_prediction|text=both_have_text": {"accepted": true, "reason": "accepted", "resolved_group": "side=head_prediction|text=both_have_text", "resolved_level": "level2", "selected_alpha": 0.3, "selected_lambda": 1.0, "selected_temperature": 1.0, "text_state": "both_have_text"}, "relation=12|side=head_prediction|text=missing_text": {"accepted": false, "reason": "pareto_safe_rejected", "resolved_group": "side=head_prediction|text=missing_text", "resolved_level": "level2", "selected_alpha": 0.0, "selected_lambda": 1.0, "selected_temperature": 1.0, "text_state": "missing_text"}, "relation=12|side=tail_prediction|text=both_have_text": {"accepted": false, "reason": "pareto_safe_rejected", "resolved_group": "side=tail_prediction|text=both_have_text", "resolved_level": "level2", "selected_alpha": 0.0, "selected_lambda": 1.0, "selected_temperature": 1.0, "text_state": "both_have_text"}, "relation=12|side=tail_prediction|text=missing_text": {"accepted": true, "reason": "accepted", "resolved_group": "side=tail_prediction|text=missing_text", "resolved_level": "level2", "selected_alpha": 0.2, "selected_lambda": 1.0, "selected_temperature": 1.0, "text_state": "missing_text"}, "relation=13|side=head_prediction|text=missing_text": {"accepted": false, "reason": "pareto_safe_rejected", "resolved_group": "side=head_prediction|text=missing_text", "resolved_level": "level2", "selected_alpha": 0.0, "selected_lambda": 1.0, "selected_temperature": 1.0, "text_state": "missing_text"}, "relation=13|side=tail_prediction|text=missing_text": {"accepted": true, "reason": "accepted", "resolved_group": "side=tail_prediction|text=missing_text", "resolved_level": "level2", "selected_alpha": 0.2, "selected_lambda": 1.0, "selected_temperature": 1.0, "text_state": "missing_text"}, "relation=14|side=head_prediction|text=missing_text": {"accepted": false, "reason": "pareto_safe_rejected", "resolved_group": "side=head_prediction|text=missing_text", "resolved_level": "level2", "selected_alpha": 0.0, "selected_lambda": 1.0, "selected_temperature": 1.0, "text_state": "missing_text"}, "relation=14|side=tail_prediction|text=missing_text": {"accepted": true, "reason": "accepted", "resolved_group": "side=tail_prediction|text=missing_text", "resolved_level": "level2", "selected_alpha": 0.2, "selected_lambda": 1.0, "selected_temperature": 1.0, "text_state": "missing_text"}, "relation=15|side=head_prediction|text=missing_text": {"accepted": false, "reason": "pareto_safe_rejected", "resolved_group": "side=head_prediction|text=missing_text", "resolved_level": "level2", "selected_alpha": 0.0, "selected_lambda": 1.0, "selected_temperature": 1.0, "text_state": "missing_text"}, "relation=15|side=tail_prediction|text=missing_text": {"accepted": true, "reason": "accepted", "resolved_group": "side=tail_prediction|text=missing_text", "resolved_level": "level2", "selected_alpha": 0.2, "selected_lambda": 1.0, "selected_temperature": 1.0, "text_state": "missing_text"}, "relation=16|side=head_prediction|text=missing_text": {"accepted": false, "reason": "pareto_safe_rejected", "resolved_group": "side=head_prediction|text=missing_text", "resolved_level": "level2", "selected_alpha": 0.0, "selected_lambda": 1.0, "selected_temperature": 1.0, "text_state": "missing_text"}, "relation=16|side=tail_prediction|text=missing_text": {"accepted": true, "reason": "accepted", "resolved_group": "side=tail_prediction|text=missing_text", "resolved_level": "level2", "selected_alpha": 0.2, "selected_lambda": 1.0, "selected_temperature": 1.0, "text_state": "missing_text"}, "relation=17|side=head_prediction|text=both_have_text": {"accepted": true, "reason": "accepted", "resolved_group": "side=head_prediction|text=both_have_text", "resolved_level": "level2", "selected_alpha": 0.3, "selected_lambda": 1.0, "selected_temperature": 1.0, "text_state": "both_have_text"}, "relation=17|side=head_prediction|text=missing_text": {"accepted": false, "reason": "pareto_safe_rejected", "resolved_group": "side=head_prediction|text=missing_text", "resolved_level": "level2", "selected_alpha": 0.0, "selected_lambda": 1.0, "selected_temperature": 1.0, "text_state": "missing_text"}, "relation=17|side=tail_prediction|text=both_have_text": {"accepted": false, "reason": "pareto_safe_rejected", "resolved_group": "side=tail_prediction|text=both_have_text", "resolved_level": "level2", "selected_alpha": 0.0, "selected_lambda": 1.0, "selected_temperature": 1.0, "text_state": "both_have_text"}, "relation=17|side=tail_prediction|text=missing_text": {"accepted": true, "reason": "accepted", "resolved_group": "side=tail_prediction|text=missing_text", "resolved_level": "level2", "selected_alpha": 0.2, "selected_lambda": 1.0, "selected_temperature": 1.0, "text_state": "missing_text"}, "relation=18|side=head_prediction|text=missing_text": {"accepted": false, "reason": "pareto_safe_rejected", "resolved_group": "side=head_prediction|text=missing_text", "resolved_level": "level2", "selected_alpha": 0.0, "selected_lambda": 1.0, "selected_temperature": 1.0, "text_state": "missing_text"}, "relation=18|side=tail_prediction|text=missing_text": {"accepted": true, "reason": "accepted", "resolved_group": "side=tail_prediction|text=missing_text", "resolved_level": "level2", "selected_alpha": 0.2, "selected_lambda": 1.0, "selected_temperature": 1.0, "text_state": "missing_text"}, "relation=19|side=head_prediction|text=both_have_text": {"accepted": true, "reason": "accepted", "resolved_group": "side=head_prediction|text=both_have_text", "resolved_level": "level2", "selected_alpha": 0.3, "selected_lambda": 1.0, "selected_temperature": 1.0, "text_state": "both_have_text"}, "relation=19|side=tail_prediction|text=both_have_text": {"accepted": false, "reason": "pareto_safe_rejected", "resolved_group": "side=tail_prediction|text=both_have_text", "resolved_level": "level2", "selected_alpha": 0.0, "selected_lambda": 1.0, "selected_temperature": 1.0, "text_state": "both_have_text"}, "relation=1|side=head_prediction|text=both_have_text": {"accepted": true, "reason": "accepted", "resolved_group": "relation=1|side=head_prediction|text=both_have_text", "resolved_level": "level1", "selected_alpha": 0.2, "selected_lambda": 1.0, "selected_temperature": 1.0, "text_state": "both_have_text"}, "relation=1|side=head_prediction|text=missing_text": {"accepted": true, "reason": "accepted", "resolved_group": "relation=1|side=head_prediction|text=missing_text", "resolved_level": "level1", "selected_alpha": 0.1, "selected_lambda": 1.0, "selected_temperature": 1.0, "text_state": "missing_text"}, "relation=1|side=tail_prediction|text=both_have_text": {"accepted": false, "reason": "pareto_safe_rejected", "resolved_group": "relation=1|side=tail_prediction|text=both_have_text", "resolved_level": "level1", "selected_alpha": 0.0, "selected_lambda": 1.0, "selected_temperature": 1.0, "text_state": "both_have_text"}, "relation=1|side=tail_prediction|text=missing_text": {"accepted": false, "reason": "pareto_safe_rejected", "resolved_group": "relation=1|side=tail_prediction|text=missing_text", "resolved_level": "level1", "selected_alpha": 0.0, "selected_lambda": 1.0, "selected_temperature": 1.0, "text_state": "missing_text"}, "relation=20|side=head_prediction|text=both_have_text": {"accepted": true, "reason": "accepted", "resolved_group": "side=head_prediction|text=both_have_text", "resolved_level": "level2", "selected_alpha": 0.3, "selected_lambda": 1.0, "selected_temperature": 1.0, "text_state": "both_have_text"}, "relation=20|side=tail_prediction|text=both_have_text": {"accepted": false, "reason": "pareto_safe_rejected", "resolved_group": "side=tail_prediction|text=both_have_text", "resolved_level": "level2", "selected_alpha": 0.0, "selected_lambda": 1.0, "selected_temperature": 1.0, "text_state": "both_have_text"}, "relation=21|side=head_prediction|text=missing_text": {"accepted": false, "reason": "pareto_safe_rejected", "resolved_group": "side=head_prediction|text=missing_text", "resolved_level": "level2", "selected_alpha": 0.0, "selected_lambda": 1.0, "selected_temperature": 1.0, "text_state": "missing_text"}, "relation=21|side=tail_prediction|text=missing_text": {"accepted": true, "reason": "accepted", "resolved_group": "side=tail_prediction|text=missing_text", "resolved_level": "level2", "selected_alpha": 0.2, "selected_lambda": 1.0, "selected_temperature": 1.0, "text_state": "missing_text"}, "relation=22|side=head_prediction|text=both_have_text": {"accepted": true, "reason": "accepted", "resolved_group": "side=head_prediction|text=both_have_text", "resolved_level": "level2", "selected_alpha": 0.3, "selected_lambda": 1.0, "selected_temperature": 1.0, "text_state": "both_have_text"}, "relation=22|side=tail_prediction|text=both_have_text": {"accepted": false, "reason": "pareto_safe_rejected", "resolved_group": "side=tail_prediction|text=both_have_text", "resolved_level": "level2", "selected_alpha": 0.0, "selected_lambda": 1.0, "selected_temperature": 1.0, "text_state": "both_have_text"}, "relation=23|side=head_prediction|text=missing_text": {"accepted": false, "reason": "pareto_safe_rejected", "resolved_group": "side=head_prediction|text=missing_text", "resolved_level": "level2", "selected_alpha": 0.0, "selected_lambda": 1.0, "selected_temperature": 1.0, "text_state": "missing_text"}, "relation=23|side=tail_prediction|text=missing_text": {"accepted": true, "reason": "accepted", "resolved_group": "side=tail_prediction|text=missing_text", "resolved_level": "level2", "selected_alpha": 0.2, "selected_lambda": 1.0, "selected_temperature": 1.0, "text_state": "missing_text"}, "relation=26|side=head_prediction|text=both_have_text": {"accepted": true, "reason": "accepted", "resolved_group": "side=head_prediction|text=both_have_text", "resolved_level": "level2", "selected_alpha": 0.3, "selected_lambda": 1.0, "selected_temperature": 1.0, "text_state": "both_have_text"}, "relation=26|side=tail_prediction|text=both_have_text": {"accepted": false, "reason": "pareto_safe_rejected", "resolved_group": "side=tail_prediction|text=both_have_text", "resolved_level": "level2", "selected_alpha": 0.0, "selected_lambda": 1.0, "selected_temperature": 1.0, "text_state": "both_have_text"}, "relation=2|side=head_prediction|text=both_have_text": {"accepted": true, "reason": "accepted", "resolved_group": "side=head_prediction|text=both_have_text", "resolved_level": "level2", "selected_alpha": 0.3, "selected_lambda": 1.0, "selected_temperature": 1.0, "text_state": "both_have_text"}, "relation=2|side=head_prediction|text=missing_text": {"accepted": false, "reason": "pareto_safe_rejected", "resolved_group": "relation=2|side=head_prediction|text=missing_text", "resolved_level": "level1", "selected_alpha": 0.0, "selected_lambda": 1.0, "selected_temperature": 1.0, "text_state": "missing_text"}, "relation=2|side=tail_prediction|text=both_have_text": {"accepted": false, "reason": "pareto_safe_rejected", "resolved_group": "side=tail_prediction|text=both_have_text", "resolved_level": "level2", "selected_alpha": 0.0, "selected_lambda": 1.0, "selected_temperature": 1.0, "text_state": "both_have_text"}, "relation=2|side=tail_prediction|text=missing_text": {"accepted": true, "reason": "accepted", "resolved_group": "relation=2|side=tail_prediction|text=missing_text", "resolved_level": "level1", "selected_alpha": 0.1, "selected_lambda": 1.0, "selected_temperature": 1.0, "text_state": "missing_text"}, "relation=3|side=head_prediction|text=both_have_text": {"accepted": true, "reason": "accepted", "resolved_group": "relation=3|side=head_prediction|text=both_have_text", "resolved_level": "level1", "selected_alpha": 0.3, "selected_lambda": 1.0, "selected_temperature": 1.0, "text_state": "both_have_text"}, "relation=3|side=head_prediction|text=missing_text": {"accepted": false, "reason": "pareto_safe_rejected", "resolved_group": "relation=3|side=head_prediction|text=missing_text", "resolved_level": "level1", "selected_alpha": 0.0, "selected_lambda": 1.0, "selected_temperature": 1.0, "text_state": "missing_text"}, "relation=3|side=tail_prediction|text=both_have_text": {"accepted": false, "reason": "pareto_safe_rejected", "resolved_group": "relation=3|side=tail_prediction|text=both_have_text", "resolved_level": "level1", "selected_alpha": 0.0, "selected_lambda": 1.0, "selected_temperature": 1.0, "text_state": "both_have_text"}, "relation=3|side=tail_prediction|text=missing_text": {"accepted": true, "reason": "accepted", "resolved_group": "relation=3|side=tail_prediction|text=missing_text", "resolved_level": "level1", "selected_alpha": 0.1, "selected_lambda": 1.0, "selected_temperature": 1.0, "text_state": "missing_text"}, "relation=4|side=head_prediction|text=both_have_text": {"accepted": true, "reason": "accepted", "resolved_group": "relation=4|side=head_prediction|text=both_have_text", "resolved_level": "level1", "selected_alpha": 0.3, "selected_lambda": 1.0, "selected_temperature": 1.0, "text_state": "both_have_text"}, "relation=4|side=head_prediction|text=missing_text": {"accepted": false, "reason": "pareto_safe_rejected", "resolved_group": "relation=4|side=head_prediction|text=missing_text", "resolved_level": "level1", "selected_alpha": 0.0, "selected_lambda": 1.0, "selected_temperature": 1.0, "text_state": "missing_text"}, "relation=4|side=tail_prediction|text=both_have_text": {"accepted": false, "reason": "pareto_safe_rejected", "resolved_group": "relation=4|side=tail_prediction|text=both_have_text", "resolved_level": "level1", "selected_alpha": 0.0, "selected_lambda": 1.0, "selected_temperature": 1.0, "text_state": "both_have_text"}, "relation=4|side=tail_prediction|text=missing_text": {"accepted": false, "reason": "pareto_safe_rejected", "resolved_group": "relation=4|side=tail_prediction|text=missing_text", "resolved_level": "level1", "selected_alpha": 0.0, "selected_lambda": 1.0, "selected_temperature": 1.0, "text_state": "missing_text"}, "relation=5|side=head_prediction|text=both_have_text": {"accepted": true, "reason": "accepted", "resolved_group": "side=head_prediction|text=both_have_text", "resolved_level": "level2", "selected_alpha": 0.3, "selected_lambda": 1.0, "selected_temperature": 1.0, "text_state": "both_have_text"}, "relation=5|side=head_prediction|text=missing_text": {"accepted": false, "reason": "pareto_safe_rejected", "resolved_group": "relation=5|side=head_prediction|text=missing_text", "resolved_level": "level1", "selected_alpha": 0.0, "selected_lambda": 1.0, "selected_temperature": 1.0, "text_state": "missing_text"}, "relation=5|side=tail_prediction|text=both_have_text": {"accepted": false, "reason": "pareto_safe_rejected", "resolved_group": "side=tail_prediction|text=both_have_text", "resolved_level": "level2", "selected_alpha": 0.0, "selected_lambda": 1.0, "selected_temperature": 1.0, "text_state": "both_have_text"}, "relation=5|side=tail_prediction|text=missing_text": {"accepted": true, "reason": "accepted", "resolved_group": "relation=5|side=tail_prediction|text=missing_text", "resolved_level": "level1", "selected_alpha": 0.3, "selected_lambda": 1.0, "selected_temperature": 1.0, "text_state": "missing_text"}, "relation=6|side=head_prediction|text=both_have_text": {"accepted": true, "reason": "accepted", "resolved_group": "side=head_prediction|text=both_have_text", "resolved_level": "level2", "selected_alpha": 0.3, "selected_lambda": 1.0, "selected_temperature": 1.0, "text_state": "both_have_text"}, "relation=6|side=head_prediction|text=missing_text": {"accepted": false, "reason": "pareto_safe_rejected", "resolved_group": "relation=6|side=head_prediction|text=missing_text", "resolved_level": "level1", "selected_alpha": 0.0, "selected_lambda": 1.0, "selected_temperature": 1.0, "text_state": "missing_text"}, "relation=6|side=tail_prediction|text=both_have_text": {"accepted": false, "reason": "pareto_safe_rejected", "resolved_group": "side=tail_prediction|text=both_have_text", "resolved_level": "level2", "selected_alpha": 0.0, "selected_lambda": 1.0, "selected_temperature": 1.0, "text_state": "both_have_text"}, "relation=6|side=tail_prediction|text=missing_text": {"accepted": true, "reason": "accepted", "resolved_group": "relation=6|side=tail_prediction|text=missing_text", "resolved_level": "level1", "selected_alpha": 0.2, "selected_lambda": 1.0, "selected_temperature": 1.0, "text_state": "missing_text"}, "relation=7|side=head_prediction|text=both_have_text": {"accepted": true, "reason": "accepted", "resolved_group": "side=head_prediction|text=both_have_text", "resolved_level": "level2", "selected_alpha": 0.3, "selected_lambda": 1.0, "selected_temperature": 1.0, "text_state": "both_have_text"}, "relation=7|side=head_prediction|text=missing_text": {"accepted": false, "reason": "pareto_safe_rejected", "resolved_group": "side=head_prediction|text=missing_text", "resolved_level": "level2", "selected_alpha": 0.0, "selected_lambda": 1.0, "selected_temperature": 1.0, "text_state": "missing_text"}, "relation=7|side=tail_prediction|text=both_have_text": {"accepted": false, "reason": "pareto_safe_rejected", "resolved_group": "side=tail_prediction|text=both_have_text", "resolved_level": "level2", "selected_alpha": 0.0, "selected_lambda": 1.0, "selected_temperature": 1.0, "text_state": "both_have_text"}, "relation=7|side=tail_prediction|text=missing_text": {"accepted": true, "reason": "accepted", "resolved_group": "side=tail_prediction|text=missing_text", "resolved_level": "level2", "selected_alpha": 0.2, "selected_lambda": 1.0, "selected_temperature": 1.0, "text_state": "missing_text"}, "relation=8|side=head_prediction|text=both_have_text": {"accepted": true, "reason": "accepted", "resolved_group": "side=head_prediction|text=both_have_text", "resolved_level": "level2", "selected_alpha": 0.3, "selected_lambda": 1.0, "selected_temperature": 1.0, "text_state": "both_have_text"}, "relation=8|side=head_prediction|text=missing_text": {"accepted": false, "reason": "pareto_safe_rejected", "resolved_group": "side=head_prediction|text=missing_text", "resolved_level": "level2", "selected_alpha": 0.0, "selected_lambda": 1.0, "selected_temperature": 1.0, "text_state": "missing_text"}, "relation=8|side=tail_prediction|text=both_have_text": {"accepted": false, "reason": "pareto_safe_rejected", "resolved_group": "side=tail_prediction|text=both_have_text", "resolved_level": "level2", "selected_alpha": 0.0, "selected_lambda": 1.0, "selected_temperature": 1.0, "text_state": "both_have_text"}, "relation=8|side=tail_prediction|text=missing_text": {"accepted": true, "reason": "accepted", "resolved_group": "side=tail_prediction|text=missing_text", "resolved_level": "level2", "selected_alpha": 0.2, "selected_lambda": 1.0, "selected_temperature": 1.0, "text_state": "missing_text"}, "relation=9|side=head_prediction|text=both_have_text": {"accepted": true, "reason": "accepted", "resolved_group": "relation=9|side=head_prediction|text=both_have_text", "resolved_level": "level1", "selected_alpha": 0.3, "selected_lambda": 1.0, "selected_temperature": 1.0, "text_state": "both_have_text"}, "relation=9|side=head_prediction|text=missing_text": {"accepted": true, "reason": "accepted", "resolved_group": "relation=9|side=head_prediction|text=missing_text", "resolved_level": "level1", "selected_alpha": 0.2, "selected_lambda": 1.0, "selected_temperature": 1.0, "text_state": "missing_text"}, "relation=9|side=tail_prediction|text=both_have_text": {"accepted": true, "reason": "accepted", "resolved_group": "relation=9|side=tail_prediction|text=both_have_text", "resolved_level": "level1", "selected_alpha": 0.1, "selected_lambda": 1.0, "selected_temperature": 1.0, "text_state": "both_have_text"}, "relation=9|side=tail_prediction|text=missing_text": {"accepted": true, "reason": "accepted", "resolved_group": "relation=9|side=tail_prediction|text=missing_text", "resolved_level": "level1", "selected_alpha": 0.3, "selected_lambda": 1.0, "selected_temperature": 1.0, "text_state": "missing_text"}}, "entity_count": 15000, "fallback_alpha": 0.0, "fallback_lambda": 1.0, "fallback_temperature": 1.0, "global_selected_config": null, "group_records": {"level1": {"relation=0|side=head_prediction|text=both_have_text": {"accepted": false, "fallback_alpha": 0.0, "fallback_lambda": 1.0, "fallback_valid_metrics": {"hit1": 0.0, "hit10": 0.4, "hit3": 0.4, "mr": 2173.4, "mrr": 0.13575703037364045, "query_count": 5}, "group": "relation=0|side=head_prediction|text=both_have_text", "level": "level1", "query_count": 5, "reason": "insufficient_validation_queries", "selected_alpha": null, "selected_lambda": null, "text_state": "both_have_text"}, "relation=0|side=head_prediction|text=missing_text": {"accepted": false, "fallback_alpha": 0.0, "fallback_lambda": 1.0, "fallback_valid_metrics": {"hit1": 0.043478260869565216, "hit10": 0.08695652173913043, "hit3": 0.08695652173913043, "mr": 4457.739130434783, "mrr": 0.06279716746224585, "query_count": 23}, "group": "relation=0|side=head_prediction|text=missing_text", "level": "level1", "query_count": 23, "reason": "insufficient_validation_queries", "selected_alpha": null, "selected_lambda": null, "text_state": "missing_text"}, "relation=0|side=tail_prediction|text=both_have_text": {"accepted": false, "fallback_alpha": 0.0, "fallback_lambda": 1.0, "fallback_valid_metrics": {"hit1": 0.0, "hit10": 0.6, "hit3": 0.6, "mr": 471.6, "mrr": 0.27727874574945083, "query_count": 5}, "group": "relation=0|side=tail_prediction|text=both_have_text", "level": "level1", "query_count": 5, "reason": "insufficient_validation_queries", "selected_alpha": null, "selected_lambda": null, "text_state": "both_have_text"}, "relation=0|side=tail_prediction|text=missing_text": {"accepted": false, "fallback_alpha": 0.0, "fallback_lambda": 1.0, "fallback_valid_metrics": {"hit1": 0.043478260869565216, "hit10": 0.17391304347826086, "hit3": 0.08695652173913043, "mr": 1173.5652173913043, "mrr": 0.08349313809728988, "query_count": 23}, "group": "relation=0|side=tail_prediction|text=missing_text", "level": "level1", "query_count": 23, "reason": "insufficient_validation_queries", "selected_alpha": null, "selected_lambda": null, "text_state": "missing_text"}, "relation=10|side=head_prediction|text=both_have_text": {"accepted": false, "fallback_alpha": 0.0, "fallback_lambda": 1.0, "fallback_valid_metrics": {"hit1": 0.0, "hit10": 0.0, "hit3": 0.0, "mr": 1024.0, "mrr": 0.01041261651428831, "query_count": 11}, "group": "relation=10|side=head_prediction|text=both_have_text", "level": "level1", "query_count": 11, "reason": "insufficient_validation_queries", "selected_alpha": null, "selected_lambda": null, "text_state": "both_have_text"}, "relation=10|side=head_prediction|text=missing_text": {"accepted": false, "fallback_alpha": 0.0, "fallback_lambda": 1.0, "fallback_valid_metrics": {"hit1": 0.4, "hit10": 0.6, "hit3": 0.4, "mr": 1416.9, "mrr": 0.43562800191100753, "query_count": 10}, "group": "relation=10|side=head_prediction|text=missing_text", "level": "level1", "query_count": 10, "reason": "insufficient_validation_queries", "selected_alpha": null, "selected_lambda": null, "text_state": "missing_text"}, "relation=10|side=tail_prediction|text=both_have_text": {"accepted": false, "fallback_alpha": 0.0, "fallback_lambda": 1.0, "fallback_valid_metrics": {"hit1": 0.36363636363636365, "hit10": 0.8181818181818182, "hit3": 0.6363636363636364, "mr": 6.363636363636363, "mrr": 0.5132231404958678, "query_count": 11}, "group": "relation=10|side=tail_prediction|text=both_have_text", "level": "level1", "query_count": 11, "reason": "insufficient_validation_queries", "selected_alpha": null, "selected_lambda": null, "text_state": "both_have_text"}, "relation=10|side=tail_prediction|text=missing_text": {"accepted": false, "fallback_alpha": 0.0, "fallback_lambda": 1.0, "fallback_valid_metrics": {"hit1": 0.6, "hit10": 0.7, "hit3": 0.7, "mr": 64.9, "mrr": 0.6593341708542714, "query_count": 10}, "group": "relation=10|side=tail_prediction|text=missing_text", "level": "level1", "query_count": 10, "reason": "insufficient_validation_queries", "selected_alpha": null, "selected_lambda": null, "text_state": "missing_text"}, "relation=11|side=head_prediction|text=both_have_text": {"accepted": false, "fallback_alpha": 0.0, "fallback_lambda": 1.0, "fallback_valid_metrics": {"hit1": 0.0, "hit10": 0.0, "hit3": 0.0, "mr": 330.0, "mrr": 0.0030303030303030303, "query_count": 1}, "group": "relation=11|side=head_prediction|text=both_have_text", "level": "level1", "query_count": 1, "reason": "insufficient_validation_queries", "selected_alpha": null, "selected_lambda": null, "text_state": "both_have_text"}, "relation=11|side=head_prediction|text=missing_text": {"accepted": false, "fallback_alpha": 0.0, "fallback_lambda": 1.0, "fallback_valid_metrics": {"hit1": 0.0, "hit10": 0.0, "hit3": 0.0, "mr": 314.0, "mrr": 0.03400755611824521, "query_count": 3}, "group": "relation=11|side=head_prediction|text=missing_text", "level": "level1", "query_count": 3, "reason": "insufficient_validation_queries", "selected_alpha": null, "selected_lambda": null, "text_state": "missing_text"}, "relation=11|side=tail_prediction|text=both_have_text": {"accepted": false, "fallback_alpha": 0.0, "fallback_lambda": 1.0, "fallback_valid_metrics": {"hit1": 0.0, "hit10": 0.0, "hit3": 0.0, "mr": 277.0, "mrr": 0.0036101083032490976, "query_count": 1}, "group": "relation=11|side=tail_prediction|text=both_have_text", "level": "level1", "query_count": 1, "reason": "insufficient_validation_queries", "selected_alpha": null, "selected_lambda": null, "text_state": "both_have_text"}, "relation=11|side=tail_prediction|text=missing_text": {"accepted": false, "fallback_alpha": 0.0, "fallback_lambda": 1.0, "fallback_valid_metrics": {"hit1": 0.0, "hit10": 0.0, "hit3": 0.0, "mr": 761.6666666666666, "mrr": 0.006502626819635096, "query_count": 3}, "group": "relation=11|side=tail_prediction|text=missing_text", "level": "level1", "query_count": 3, "reason": "insufficient_validation_queries", "selected_alpha": null, "selected_lambda": null, "text_state": "missing_text"}, "relation=12|side=head_prediction|text=both_have_text": {"accepted": false, "fallback_alpha": 0.0, "fallback_lambda": 1.0, "fallback_valid_metrics": {"hit1": 0.13333333333333333, "hit10": 0.3333333333333333, "hit3": 0.13333333333333333, "mr": 42.93333333333333, "mrr": 0.19154834364004208, "query_count": 15}, "group": "relation=12|side=head_prediction|text=both_have_text", "level": "level1", "query_count": 15, "reason": "insufficient_validation_queries", "selected_alpha": null, "selected_lambda": null, "text_state": "both_have_text"}, "relation=12|side=head_prediction|text=missing_text": {"accepted": false, "fallback_alpha": 0.0, "fallback_lambda": 1.0, "fallback_valid_metrics": {"hit1": 0.2692307692307692, "hit10": 0.4230769230769231, "hit3": 0.34615384615384615, "mr": 308.8076923076923, "mrr": 0.31985580331612307, "query_count": 26}, "group": "relation=12|side=head_prediction|text=missing_text", "level": "level1", "query_count": 26, "reason": "insufficient_validation_queries", "selected_alpha": null, "selected_lambda": null, "text_state": "missing_text"}, "relation=12|side=tail_prediction|text=both_have_text": {"accepted": false, "fallback_alpha": 0.0, "fallback_lambda": 1.0, "fallback_valid_metrics": {"hit1": 0.13333333333333333, "hit10": 0.13333333333333333, "hit3": 0.13333333333333333, "mr": 510.53333333333336, "mrr": 0.13925842844727002, "query_count": 15}, "group": "relation=12|side=tail_prediction|text=both_have_text", "level": "level1", "query_count": 15, "reason": "insufficient_validation_queries", "selected_alpha": null, "selected_lambda": null, "text_state": "both_have_text"}, "relation=12|side=tail_prediction|text=missing_text": {"accepted": false, "fallback_alpha": 0.0, "fallback_lambda": 1.0, "fallback_valid_metrics": {"hit1": 0.2692307692307692, "hit10": 0.3076923076923077, "hit3": 0.2692307692307692, "mr": 1051.4615384615386, "mrr": 0.28016954673362293, "query_count": 26}, "group": "relation=12|side=tail_prediction|text=missing_text", "level": "level1", "query_count": 26, "reason": "insufficient_validation_queries", "selected_alpha": null, "selected_lambda": null, "text_state": "missing_text"}, "relation=13|side=head_prediction|text=missing_text": {"accepted": false, "fallback_alpha": 0.0, "fallback_lambda": 1.0, "fallback_valid_metrics": {"hit1": 0.5, "hit10": 0.5, "hit3": 0.5, "mr": 612.75, "mrr": 0.5026573581367894, "query_count": 4}, "group": "relation=13|side=head_prediction|text=missing_text", "level": "level1", "query_count": 4, "reason": "insufficient_validation_queries", "selected_alpha": null, "selected_lambda": null, "text_state": "missing_text"}, "relation=13|side=tail_prediction|text=missing_text": {"accepted": false, "fallback_alpha": 0.0, "fallback_lambda": 1.0, "fallback_valid_metrics": {"hit1": 0.5, "hit10": 0.5, "hit3": 0.5, "mr": 170.75, "mrr": 0.5122835497835498, "query_count": 4}, "group": "relation=13|side=tail_prediction|text=missing_text", "level": "level1", "query_count": 4, "reason": "insufficient_validation_queries", "selected_alpha": null, "selected_lambda": null, "text_state": "missing_text"}, "relation=14|side=head_prediction|text=missing_text": {"accepted": false, "fallback_alpha": 0.0, "fallback_lambda": 1.0, "fallback_valid_metrics": {"hit1": 0.0, "hit10": 0.0, "hit3": 0.0, "mr": 688.0, "mrr": 0.0014534883720930232, "query_count": 1}, "group": "relation=14|side=head_prediction|text=missing_text", "level": "level1", "query_count": 1, "reason": "insufficient_validation_queries", "selected_alpha": null, "selected_lambda": null, "text_state": "missing_text"}, "relation=14|side=tail_prediction|text=missing_text": {"accepted": false, "fallback_alpha": 0.0, "fallback_lambda": 1.0, "fallback_valid_metrics": {"hit1": 0.0, "hit10": 0.0, "hit3": 0.0, "mr": 11393.0, "mrr": 8.777319406653208e-05, "query_count": 1}, "group": "relation=14|side=tail_prediction|text=missing_text", "level": "level1", "query_count": 1, "reason": "insufficient_validation_queries", "selected_alpha": null, "selected_lambda": null, "text_state": "missing_text"}, "relation=15|side=head_prediction|text=missing_text": {"accepted": false, "fallback_alpha": 0.0, "fallback_lambda": 1.0, "fallback_valid_metrics": {"hit1": 0.2, "hit10": 0.4, "hit3": 0.2, "mr": 3201.0, "mrr": 0.24014604281296825, "query_count": 5}, "group": "relation=15|side=head_prediction|text=missing_text", "level": "level1", "query_count": 5, "reason": "insufficient_validation_queries", "selected_alpha": null, "selected_lambda": null, "text_state": "missing_text"}, "relation=15|side=tail_prediction|text=missing_text": {"accepted": false, "fallback_alpha": 0.0, "fallback_lambda": 1.0, "fallback_valid_metrics": {"hit1": 0.4, "hit10": 0.4, "hit3": 0.4, "mr": 822.8, "mrr": 0.4011673184601362, "query_count": 5}, "group": "relation=15|side=tail_prediction|text=missing_text", "level": "level1", "query_count": 5, "reason": "insufficient_validation_queries", "selected_alpha": null, "selected_lambda": null, "text_state": "missing_text"}, "relation=16|side=head_prediction|text=missing_text": {"accepted": false, "fallback_alpha": 0.0, "fallback_lambda": 1.0, "fallback_valid_metrics": {"hit1": 0.5, "hit10": 0.5, "hit3": 0.5, "mr": 445.5, "mrr": 0.500561797752809, "query_count": 2}, "group": "relation=16|side=head_prediction|text=missing_text", "level": "level1", "query_count": 2, "reason": "insufficient_validation_queries", "selected_alpha": null, "selected_lambda": null, "text_state": "missing_text"}, "relation=16|side=tail_prediction|text=missing_text": {"accepted": false, "fallback_alpha": 0.0, "fallback_lambda": 1.0, "fallback_valid_metrics": {"hit1": 0.5, "hit10": 0.5, "hit3": 0.5, "mr": 504.5, "mrr": 0.5004960317460317, "query_count": 2}, "group": "relation=16|side=tail_prediction|text=missing_text", "level": "level1", "query_count": 2, "reason": "insufficient_validation_queries", "selected_alpha": null, "selected_lambda": null, "text_state": "missing_text"}, "relation=17|side=head_prediction|text=both_have_text": {"accepted": false, "fallback_alpha": 0.0, "fallback_lambda": 1.0, "fallback_valid_metrics": {"hit1": 0.0, "hit10": 0.0, "hit3": 0.0, "mr": 21.0, "mrr": 0.047619047619047616, "query_count": 1}, "group": "relation=17|side=head_prediction|text=both_have_text", "level": "level1", "query_count": 1, "reason": "insufficient_validation_queries", "selected_alpha": null, "selected_lambda": null, "text_state": "both_have_text"}, "relation=17|side=head_prediction|text=missing_text": {"accepted": false, "fallback_alpha": 0.0, "fallback_lambda": 1.0, "fallback_valid_metrics": {"hit1": 0.08333333333333333, "hit10": 0.08333333333333333, "hit3": 0.08333333333333333, "mr": 2706.5833333333335, "mrr": 0.08574929733946174, "query_count": 12}, "group": "relation=17|side=head_prediction|text=missing_text", "level": "level1", "query_count": 12, "reason": "insufficient_validation_queries", "selected_alpha": null, "selected_lambda": null, "text_state": "missing_text"}, "relation=17|side=tail_prediction|text=both_have_text": {"accepted": false, "fallback_alpha": 0.0, "fallback_lambda": 1.0, "fallback_valid_metrics": {"hit1": 0.0, "hit10": 1.0, "hit3": 0.0, "mr": 6.0, "mrr": 0.16666666666666666, "query_count": 1}, "group": "relation=17|side=tail_prediction|text=both_have_text", "level": "level1", "query_count": 1, "reason": "insufficient_validation_queries", "selected_alpha": null, "selected_lambda": null, "text_state": "both_have_text"}, "relation=17|side=tail_prediction|text=missing_text": {"accepted": false, "fallback_alpha": 0.0, "fallback_lambda": 1.0, "fallback_valid_metrics": {"hit1": 0.08333333333333333, "hit10": 0.25, "hit3": 0.08333333333333333, "mr": 1338.0, "mrr": 0.11244411665777938, "query_count": 12}, "group": "relation=17|side=tail_prediction|text=missing_text", "level": "level1", "query_count": 12, "reason": "insufficient_validation_queries", "selected_alpha": null, "selected_lambda": null, "text_state": "missing_text"}, "relation=18|side=head_prediction|text=missing_text": {"accepted": false, "fallback_alpha": 0.0, "fallback_lambda": 1.0, "fallback_valid_metrics": {"hit1": 0.3333333333333333, "hit10": 0.6666666666666666, "hit3": 0.6666666666666666, "mr": 214.33333333333334, "mrr": 0.5005208333333333, "query_count": 3}, "group": "relation=18|side=head_prediction|text=missing_text", "level": "level1", "query_count": 3, "reason": "insufficient_validation_queries", "selected_alpha": null, "selected_lambda": null, "text_state": "missing_text"}, "relation=18|side=tail_prediction|text=missing_text": {"accepted": false, "fallback_alpha": 0.0, "fallback_lambda": 1.0, "fallback_valid_metrics": {"hit1": 0.3333333333333333, "hit10": 0.6666666666666666, "hit3": 0.6666666666666666, "mr": 1206.0, "mrr": 0.5000922083909636, "query_count": 3}, "group": "relation=18|side=tail_prediction|text=missing_text", "level": "level1", "query_count": 3, "reason": "insufficient_validation_queries", "selected_alpha": null, "selected_lambda": null, "text_state": "missing_text"}, "relation=19|side=head_prediction|text=both_have_text": {"accepted": false, "fallback_alpha": 0.0, "fallback_lambda": 1.0, "fallback_valid_metrics": {"hit1": 0.0, "hit10": 1.0, "hit3": 0.0, "mr": 8.0, "mrr": 0.125, "query_count": 1}, "group": "relation=19|side=head_prediction|text=both_have_text", "level": "level1", "query_count": 1, "reason": "insufficient_validation_queries", "selected_alpha": null, "selected_lambda": null, "text_state": "both_have_text"}, "relation=19|side=tail_prediction|text=both_have_text": {"accepted": false, "fallback_alpha": 0.0, "fallback_lambda": 1.0, "fallback_valid_metrics": {"hit1": 1.0, "hit10": 1.0, "hit3": 1.0, "mr": 1.0, "mrr": 1.0, "query_count": 1}, "group": "relation=19|side=tail_prediction|text=both_have_text", "level": "level1", "query_count": 1, "reason": "insufficient_validation_queries", "selected_alpha": null, "selected_lambda": null, "text_state": "both_have_text"}, "relation=1|side=head_prediction|text=both_have_text": {"accepted": true, "fallback_alpha": 0.0, "fallback_lambda": 1.0, "fallback_valid_metrics": {"hit1": 0.7894736842105263, "hit10": 0.9078947368421053, "hit3": 0.881578947368421, "mr": 37.56578947368421, "mrr": 0.8407988339022779, "query_count": 76}, "group": "relation=1|side=head_prediction|text=both_have_text", "level": "level1", "query_count": 76, "reason": "accepted", "selected_alpha": 0.2, "selected_lambda": 1.0, "selected_valid_metrics": {"hit1": 0.8026315789473685, "hit10": 0.9078947368421053, "hit3": 0.881578947368421, "mr": 34.078947368421055, "mrr": 0.8472767295542039, "query_count": 76}, "text_state": "both_have_text", "valid_mrr_delta_vs_bv1": 0.0064778956519259134}, "relation=1|side=head_prediction|text=missing_text": {"accepted": true, "fallback_alpha": 0.0, "fallback_lambda": 1.0, "fallback_valid_metrics": {"hit1": 0.6511627906976745, "hit10": 0.7906976744186046, "hit3": 0.7441860465116279, "mr": 949.0348837209302, "mrr": 0.7015224232812858, "query_count": 86}, "group": "relation=1|side=head_prediction|text=missing_text", "level": "level1", "query_count": 86, "reason": "accepted", "selected_alpha": 0.1, "selected_lambda": 1.0, "selected_valid_metrics": {"hit1": 0.6627906976744186, "hit10": 0.7906976744186046, "hit3": 0.7441860465116279, "mr": 937.4651162790698, "mrr": 0.7069237374757986, "query_count": 86}, "text_state": "missing_text", "valid_mrr_delta_vs_bv1": 0.005401314194512841}, "relation=1|side=tail_prediction|text=both_have_text": {"accepted": false, "fallback_alpha": 0.0, "fallback_lambda": 1.0, "fallback_valid_metrics": {"hit1": 0.8157894736842105, "hit10": 0.9210526315789473, "hit3": 0.8947368421052632, "mr": 5.092105263157895, "mrr": 0.8554685612334487, "query_count": 76}, "group": "relation=1|side=tail_prediction|text=both_have_text", "level": "level1", "query_count": 76, "reason": "pareto_safe_rejected", "selected_alpha": 0.0, "selected_lambda": 1.0, "selected_valid_metrics": {"hit1": 0.8157894736842105, "hit10": 0.9210526315789473, "hit3": 0.8947368421052632, "mr": 5.092105263157895, "mrr": 0.8554685612334487, "query_count": 76}, "text_state": "both_have_text", "valid_mrr_delta_vs_bv1": 0.0}, "relation=1|side=tail_prediction|text=missing_text": {"accepted": false, "fallback_alpha": 0.0, "fallback_lambda": 1.0, "fallback_valid_metrics": {"hit1": 0.6976744186046512, "hit10": 0.8023255813953488, "hit3": 0.7558139534883721, "mr": 638.4418604651163, "mrr": 0.732999047563753, "query_count": 86}, "group": "relation=1|side=tail_prediction|text=missing_text", "level": "level1", "query_count": 86, "reason": "pareto_safe_rejected", "selected_alpha": 0.0, "selected_lambda": 1.0, "selected_valid_metrics": {"hit1": 0.6976744186046512, "hit10": 0.8023255813953488, "hit3": 0.7558139534883721, "mr": 638.4418604651163, "mrr": 0.732999047563753, "query_count": 86}, "text_state": "missing_text", "valid_mrr_delta_vs_bv1": 0.0}, "relation=20|side=head_prediction|text=both_have_text": {"accepted": false, "fallback_alpha": 0.0, "fallback_lambda": 1.0, "fallback_valid_metrics": {"hit1": 0.0, "hit10": 0.0, "hit3": 0.0, "mr": 250.0, "mrr": 0.004, "query_count": 1}, "group": "relation=20|side=head_prediction|text=both_have_text", "level": "level1", "query_count": 1, "reason": "insufficient_validation_queries", "selected_alpha": null, "selected_lambda": null, "text_state": "both_have_text"}, "relation=20|side=tail_prediction|text=both_have_text": {"accepted": false, "fallback_alpha": 0.0, "fallback_lambda": 1.0, "fallback_valid_metrics": {"hit1": 0.0, "hit10": 0.0, "hit3": 0.0, "mr": 59.0, "mrr": 0.01694915254237288, "query_count": 1}, "group": "relation=20|side=tail_prediction|text=both_have_text", "level": "level1", "query_count": 1, "reason": "insufficient_validation_queries", "selected_alpha": null, "selected_lambda": null, "text_state": "both_have_text"}, "relation=21|side=head_prediction|text=missing_text": {"accepted": false, "fallback_alpha": 0.0, "fallback_lambda": 1.0, "fallback_valid_metrics": {"hit1": 0.0, "hit10": 0.0, "hit3": 0.0, "mr": 522.0, "mrr": 0.01997620110069909, "query_count": 3}, "group": "relation=21|side=head_prediction|text=missing_text", "level": "level1", "query_count": 3, "reason": "insufficient_validation_queries", "selected_alpha": null, "selected_lambda": null, "text_state": "missing_text"}, "relation=21|side=tail_prediction|text=missing_text": {"accepted": false, "fallback_alpha": 0.0, "fallback_lambda": 1.0, "fallback_valid_metrics": {"hit1": 0.0, "hit10": 0.0, "hit3": 0.0, "mr": 2375.6666666666665, "mrr": 0.01770116544287999, "query_count": 3}, "group": "relation=21|side=tail_prediction|text=missing_text", "level": "level1", "query_count": 3, "reason": "insufficient_validation_queries", "selected_alpha": null, "selected_lambda": null, "text_state": "missing_text"}, "relation=22|side=head_prediction|text=both_have_text": {"accepted": false, "fallback_alpha": 0.0, "fallback_lambda": 1.0, "fallback_valid_metrics": {"hit1": 0.0, "hit10": 0.0, "hit3": 0.0, "mr": 159.0, "mrr": 0.006289308176100629, "query_count": 1}, "group": "relation=22|side=head_prediction|text=both_have_text", "level": "level1", "query_count": 1, "reason": "insufficient_validation_queries", "selected_alpha": null, "selected_lambda": null, "text_state": "both_have_text"}, "relation=22|side=tail_prediction|text=both_have_text": {"accepted": false, "fallback_alpha": 0.0, "fallback_lambda": 1.0, "fallback_valid_metrics": {"hit1": 0.0, "hit10": 0.0, "hit3": 0.0, "mr": 196.0, "mrr": 0.00510204081632653, "query_count": 1}, "group": "relation=22|side=tail_prediction|text=both_have_text", "level": "level1", "query_count": 1, "reason": "insufficient_validation_queries", "selected_alpha": null, "selected_lambda": null, "text_state": "both_have_text"}, "relation=23|side=head_prediction|text=missing_text": {"accepted": false, "fallback_alpha": 0.0, "fallback_lambda": 1.0, "fallback_valid_metrics": {"hit1": 0.0, "hit10": 0.0, "hit3": 0.0, "mr": 3173.0, "mrr": 0.008247024769996718, "query_count": 3}, "group": "relation=23|side=head_prediction|text=missing_text", "level": "level1", "query_count": 3, "reason": "insufficient_validation_queries", "selected_alpha": null, "selected_lambda": null, "text_state": "missing_text"}, "relation=23|side=tail_prediction|text=missing_text": {"accepted": false, "fallback_alpha": 0.0, "fallback_lambda": 1.0, "fallback_valid_metrics": {"hit1": 0.0, "hit10": 0.3333333333333333, "hit3": 0.0, "mr": 754.6666666666666, "mrr": 0.04467150557613391, "query_count": 3}, "group": "relation=23|side=tail_prediction|text=missing_text", "level": "level1", "query_count": 3, "reason": "insufficient_validation_queries", "selected_alpha": null, "selected_lambda": null, "text_state": "missing_text"}, "relation=26|side=head_prediction|text=both_have_text": {"accepted": false, "fallback_alpha": 0.0, "fallback_lambda": 1.0, "fallback_valid_metrics": {"hit1": 0.0, "hit10": 1.0, "hit3": 0.0, "mr": 10.0, "mrr": 0.1, "query_count": 1}, "group": "relation=26|side=head_prediction|text=both_have_text", "level": "level1", "query_count": 1, "reason": "insufficient_validation_queries", "selected_alpha": null, "selected_lambda": null, "text_state": "both_have_text"}, "relation=26|side=tail_prediction|text=both_have_text": {"accepted": false, "fallback_alpha": 0.0, "fallback_lambda": 1.0, "fallback_valid_metrics": {"hit1": 0.0, "hit10": 0.0, "hit3": 0.0, "mr": 22.0, "mrr": 0.045454545454545456, "query_count": 1}, "group": "relation=26|side=tail_prediction|text=both_have_text", "level": "level1", "query_count": 1, "reason": "insufficient_validation_queries", "selected_alpha": null, "selected_lambda": null, "text_state": "both_have_text"}, "relation=2|side=head_prediction|text=both_have_text": {"accepted": false, "fallback_alpha": 0.0, "fallback_lambda": 1.0, "fallback_valid_metrics": {"hit1": 0.25, "hit10": 0.45, "hit3": 0.25, "mr": 189.9, "mrr": 0.2905572769151376, "query_count": 20}, "group": "relation=2|side=head_prediction|text=both_have_text", "level": "level1", "query_count": 20, "reason": "insufficient_validation_queries", "selected_alpha": null, "selected_lambda": null, "text_state": "both_have_text"}, "relation=2|side=head_prediction|text=missing_text": {"accepted": false, "fallback_alpha": 0.0, "fallback_lambda": 1.0, "fallback_valid_metrics": {"hit1": 0.13333333333333333, "hit10": 0.28888888888888886, "hit3": 0.2, "mr": 1140.4888888888888, "mrr": 0.18312638519852528, "query_count": 45}, "group": "relation=2|side=head_prediction|text=missing_text", "level": "level1", "query_count": 45, "reason": "pareto_safe_rejected", "selected_alpha": 0.0, "selected_lambda": 1.0, "selected_valid_metrics": {"hit1": 0.13333333333333333, "hit10": 0.28888888888888886, "hit3": 0.2, "mr": 1140.4888888888888, "mrr": 0.18312638519852528, "query_count": 45}, "text_state": "missing_text", "valid_mrr_delta_vs_bv1": 0.0}, "relation=2|side=tail_prediction|text=both_have_text": {"accepted": false, "fallback_alpha": 0.0, "fallback_lambda": 1.0, "fallback_valid_metrics": {"hit1": 0.15, "hit10": 0.25, "hit3": 0.25, "mr": 619.55, "mrr": 0.19574932472967416, "query_count": 20}, "group": "relation=2|side=tail_prediction|text=both_have_text", "level": "level1", "query_count": 20, "reason": "insufficient_validation_queries", "selected_alpha": null, "selected_lambda": null, "text_state": "both_have_text"}, "relation=2|side=tail_prediction|text=missing_text": {"accepted": true, "fallback_alpha": 0.0, "fallback_lambda": 1.0, "fallback_valid_metrics": {"hit1": 0.0, "hit10": 0.15555555555555556, "hit3": 0.044444444444444446, "mr": 2256.733333333333, "mrr": 0.042651420115807935, "query_count": 45}, "group": "relation=2|side=tail_prediction|text=missing_text", "level": "level1", "query_count": 45, "reason": "accepted", "selected_alpha": 0.1, "selected_lambda": 1.0, "selected_valid_metrics": {"hit1": 0.022222222222222223, "hit10": 0.15555555555555556, "hit3": 0.044444444444444446, "mr": 2273.711111111111, "mrr": 0.053195670052343075, "query_count": 45}, "text_state": "missing_text", "valid_mrr_delta_vs_bv1": 0.01054424993653514}, "relation=3|side=head_prediction|text=both_have_text": {"accepted": true, "fallback_alpha": 0.0, "fallback_lambda": 1.0, "fallback_valid_metrics": {"hit1": 0.4166666666666667, "hit10": 0.625, "hit3": 0.5, "mr": 197.6875, "mrr": 0.4835776381585363, "query_count": 48}, "group": "relation=3|side=head_prediction|text=both_have_text", "level": "level1", "query_count": 48, "reason": "accepted", "selected_alpha": 0.3, "selected_lambda": 1.0, "selected_valid_metrics": {"hit1": 0.4166666666666667, "hit10": 0.625, "hit3": 0.5, "mr": 169.9375, "mrr": 0.4840098705306987, "query_count": 48}, "text_state": "both_have_text", "valid_mrr_delta_vs_bv1": 0.00043223237216238886}, "relation=3|side=head_prediction|text=missing_text": {"accepted": false, "fallback_alpha": 0.0, "fallback_lambda": 1.0, "fallback_valid_metrics": {"hit1": 0.2802547770700637, "hit10": 0.37579617834394907, "hit3": 0.3630573248407643, "mr": 1323.5796178343949, "mrr": 0.32259230703351793, "query_count": 157}, "group": "relation=3|side=head_prediction|text=missing_text", "level": "level1", "query_count": 157, "reason": "pareto_safe_rejected", "selected_alpha": 0.0, "selected_lambda": 1.0, "selected_valid_metrics": {"hit1": 0.2802547770700637, "hit10": 0.37579617834394907, "hit3": 0.3630573248407643, "mr": 1323.5796178343949, "mrr": 0.32259230703351793, "query_count": 157}, "text_state": "missing_text", "valid_mrr_delta_vs_bv1": 0.0}, "relation=3|side=tail_prediction|text=both_have_text": {"accepted": false, "fallback_alpha": 0.0, "fallback_lambda": 1.0, "fallback_valid_metrics": {"hit1": 0.375, "hit10": 0.625, "hit3": 0.4583333333333333, "mr": 293.3333333333333, "mrr": 0.4457769369618501, "query_count": 48}, "group": "relation=3|side=tail_prediction|text=both_have_text", "level": "level1", "query_count": 48, "reason": "pareto_safe_rejected", "selected_alpha": 0.0, "selected_lambda": 1.0, "selected_valid_metrics": {"hit1": 0.375, "hit10": 0.625, "hit3": 0.4583333333333333, "mr": 293.3333333333333, "mrr": 0.4457769369618501, "query_count": 48}, "text_state": "both_have_text", "valid_mrr_delta_vs_bv1": 0.0}, "relation=3|side=tail_prediction|text=missing_text": {"accepted": true, "fallback_alpha": 0.0, "fallback_lambda": 1.0, "fallback_valid_metrics": {"hit1": 0.2611464968152866, "hit10": 0.35668789808917195, "hit3": 0.3057324840764331, "mr": 2055.019108280255, "mrr": 0.2944072744511575, "query_count": 157}, "group": "relation=3|side=tail_prediction|text=missing_text", "level": "level1", "query_count": 157, "reason": "accepted", "selected_alpha": 0.1, "selected_lambda": 1.0, "selected_valid_metrics": {"hit1": 0.267515923566879, "hit10": 0.35668789808917195, "hit3": 0.3057324840764331, "mr": 2039.5668789808917, "mrr": 0.2973536243615756, "query_count": 157}, "text_state": "missing_text", "valid_mrr_delta_vs_bv1": 0.002946349910418089}, "relation=4|side=head_prediction|text=both_have_text": {"accepted": true, "fallback_alpha": 0.0, "fallback_lambda": 1.0, "fallback_valid_metrics": {"hit1": 0.8309859154929577, "hit10": 0.9295774647887324, "hit3": 0.8732394366197183, "mr": 11.253521126760564, "mrr": 0.8607223399004851, "query_count": 71}, "group": "relation=4|side=head_prediction|text=both_have_text", "level": "level1", "query_count": 71, "reason": "accepted", "selected_alpha": 0.3, "selected_lambda": 1.0, "selected_valid_metrics": {"hit1": 0.8450704225352113, "hit10": 0.9295774647887324, "hit3": 0.8732394366197183, "mr": 10.704225352112676, "mrr": 0.8685314133814488, "query_count": 71}, "text_state": "both_have_text", "valid_mrr_delta_vs_bv1": 0.007809073480963713}, "relation=4|side=head_prediction|text=missing_text": {"accepted": false, "fallback_alpha": 0.0, "fallback_lambda": 1.0, "fallback_valid_metrics": {"hit1": 0.6274509803921569, "hit10": 0.7058823529411765, "hit3": 0.6666666666666666, "mr": 936.3627450980392, "mrr": 0.6490316541689899, "query_count": 102}, "group": "relation=4|side=head_prediction|text=missing_text", "level": "level1", "query_count": 102, "reason": "pareto_safe_rejected", "selected_alpha": 0.0, "selected_lambda": 1.0, "selected_valid_metrics": {"hit1": 0.6274509803921569, "hit10": 0.7058823529411765, "hit3": 0.6666666666666666, "mr": 936.3627450980392, "mrr": 0.6490316541689899, "query_count": 102}, "text_state": "missing_text", "valid_mrr_delta_vs_bv1": 0.0}, "relation=4|side=tail_prediction|text=both_have_text": {"accepted": false, "fallback_alpha": 0.0, "fallback_lambda": 1.0, "fallback_valid_metrics": {"hit1": 0.8450704225352113, "hit10": 0.9859154929577465, "hit3": 0.8873239436619719, "mr": 2.6901408450704225, "mrr": 0.8840179968701095, "query_count": 71}, "group": "relation=4|side=tail_prediction|text=both_have_text", "level": "level1", "query_count": 71, "reason": "pareto_safe_rejected", "selected_alpha": 0.0, "selected_lambda": 1.0, "selected_valid_metrics": {"hit1": 0.8450704225352113, "hit10": 0.9859154929577465, "hit3": 0.8873239436619719, "mr": 2.6901408450704225, "mrr": 0.8840179968701095, "query_count": 71}, "text_state": "both_have_text", "valid_mrr_delta_vs_bv1": 0.0}, "relation=4|side=tail_prediction|text=missing_text": {"accepted": false, "fallback_alpha": 0.0, "fallback_lambda": 1.0, "fallback_valid_metrics": {"hit1": 0.6274509803921569, "hit10": 0.7058823529411765, "hit3": 0.6764705882352942, "mr": 774.8333333333334, "mrr": 0.6558809198004024, "query_count": 102}, "group": "relation=4|side=tail_prediction|text=missing_text", "level": "level1", "query_count": 102, "reason": "pareto_safe_rejected", "selected_alpha": 0.0, "selected_lambda": 1.0, "selected_valid_metrics": {"hit1": 0.6274509803921569, "hit10": 0.7058823529411765, "hit3": 0.6764705882352942, "mr": 774.8333333333334, "mrr": 0.6558809198004024, "query_count": 102}, "text_state": "missing_text", "valid_mrr_delta_vs_bv1": 0.0}, "relation=5|side=head_prediction|text=both_have_text": {"accepted": false, "fallback_alpha": 0.0, "fallback_lambda": 1.0, "fallback_valid_metrics": {"hit1": 0.45454545454545453, "hit10": 0.8181818181818182, "hit3": 0.6363636363636364, "mr": 128.1818181818182, "mrr": 0.5634555960032389, "query_count": 11}, "group": "relation=5|side=head_prediction|text=both_have_text", "level": "level1", "query_count": 11, "reason": "insufficient_validation_queries", "selected_alpha": null, "selected_lambda": null, "text_state": "both_have_text"}, "relation=5|side=head_prediction|text=missing_text": {"accepted": false, "fallback_alpha": 0.0, "fallback_lambda": 1.0, "fallback_valid_metrics": {"hit1": 0.234375, "hit10": 0.515625, "hit3": 0.40625, "mr": 2415.484375, "mrr": 0.3398895701465, "query_count": 64}, "group": "relation=5|side=head_prediction|text=missing_text", "level": "level1", "query_count": 64, "reason": "pareto_safe_rejected", "selected_alpha": 0.0, "selected_lambda": 1.0, "selected_valid_metrics": {"hit1": 0.234375, "hit10": 0.515625, "hit3": 0.40625, "mr": 2415.484375, "mrr": 0.3398895701465, "query_count": 64}, "text_state": "missing_text", "valid_mrr_delta_vs_bv1": 0.0}, "relation=5|side=tail_prediction|text=both_have_text": {"accepted": false, "fallback_alpha": 0.0, "fallback_lambda": 1.0, "fallback_valid_metrics": {"hit1": 0.36363636363636365, "hit10": 0.7272727272727273, "hit3": 0.6363636363636364, "mr": 88.72727272727273, "mrr": 0.5308568954362873, "query_count": 11}, "group": "relation=5|side=tail_prediction|text=both_have_text", "level": "level1", "query_count": 11, "reason": "insufficient_validation_queries", "selected_alpha": null, "selected_lambda": null, "text_state": "both_have_text"}, "relation=5|side=tail_prediction|text=missing_text": {"accepted": true, "fallback_alpha": 0.0, "fallback_lambda": 1.0, "fallback_valid_metrics": {"hit1": 0.21875, "hit10": 0.546875, "hit3": 0.5, "mr": 1382.015625, "mrr": 0.35787125380970386, "query_count": 64}, "group": "relation=5|side=tail_prediction|text=missing_text", "level": "level1", "query_count": 64, "reason": "accepted", "selected_alpha": 0.3, "selected_lambda": 1.0, "selected_valid_metrics": {"hit1": 0.21875, "hit10": 0.546875, "hit3": 0.484375, "mr": 1375.5625, "mrr": 0.36267325918449667, "query_count": 64}, "text_state": "missing_text", "valid_mrr_delta_vs_bv1": 0.004802005374792806}, "relation=6|side=head_prediction|text=both_have_text": {"accepted": false, "fallback_alpha": 0.0, "fallback_lambda": 1.0, "fallback_valid_metrics": {"hit1": 0.06666666666666667, "hit10": 0.4, "hit3": 0.26666666666666666, "mr": 142.73333333333332, "mrr": 0.17900150571150472, "query_count": 15}, "group": "relation=6|side=head_prediction|text=both_have_text", "level": "level1", "query_count": 15, "reason": "insufficient_validation_queries", "selected_alpha": null, "selected_lambda": null, "text_state": "both_have_text"}, "relation=6|side=head_prediction|text=missing_text": {"accepted": false, "fallback_alpha": 0.0, "fallback_lambda": 1.0, "fallback_valid_metrics": {"hit1": 0.19753086419753085, "hit10": 0.32098765432098764, "hit3": 0.2962962962962963, "mr": 1642.7777777777778, "mrr": 0.25113563965613256, "query_count": 81}, "group": "relation=6|side=head_prediction|text=missing_text", "level": "level1", "query_count": 81, "reason": "pareto_safe_rejected", "selected_alpha": 0.0, "selected_lambda": 1.0, "selected_valid_metrics": {"hit1": 0.19753086419753085, "hit10": 0.32098765432098764, "hit3": 0.2962962962962963, "mr": 1642.7777777777778, "mrr": 0.25113563965613256, "query_count": 81}, "text_state": "missing_text", "valid_mrr_delta_vs_bv1": 0.0}, "relation=6|side=tail_prediction|text=both_have_text": {"accepted": false, "fallback_alpha": 0.0, "fallback_lambda": 1.0, "fallback_valid_metrics": {"hit1": 0.0, "hit10": 0.2, "hit3": 0.13333333333333333, "mr": 424.93333333333334, "mrr": 0.0874545708390448, "query_count": 15}, "group": "relation=6|side=tail_prediction|text=both_have_text", "level": "level1", "query_count": 15, "reason": "insufficient_validation_queries", "selected_alpha": null, "selected_lambda": null, "text_state": "both_have_text"}, "relation=6|side=tail_prediction|text=missing_text": {"accepted": true, "fallback_alpha": 0.0, "fallback_lambda": 1.0, "fallback_valid_metrics": {"hit1": 0.1728395061728395, "hit10": 0.30864197530864196, "hit3": 0.25925925925925924, "mr": 2474.1975308641977, "mrr": 0.22581210855232292, "query_count": 81}, "group": "relation=6|side=tail_prediction|text=missing_text", "level": "level1", "query_count": 81, "reason": "accepted", "selected_alpha": 0.2, "selected_lambda": 1.0, "selected_valid_metrics": {"hit1": 0.18518518518518517, "hit10": 0.30864197530864196, "hit3": 0.2716049382716049, "mr": 2447.962962962963, "mrr": 0.2351320974705241, "query_count": 81}, "text_state": "missing_text", "valid_mrr_delta_vs_bv1": 0.009319988918201183}, "relation=7|side=head_prediction|text=both_have_text": {"accepted": false, "fallback_alpha": 0.0, "fallback_lambda": 1.0, "fallback_valid_metrics": {"hit1": 0.2, "hit10": 0.2, "hit3": 0.2, "mr": 796.8, "mrr": 0.20174613292187304, "query_count": 5}, "group": "relation=7|side=head_prediction|text=both_have_text", "level": "level1", "query_count": 5, "reason": "insufficient_validation_queries", "selected_alpha": null, "selected_lambda": null, "text_state": "both_have_text"}, "relation=7|side=head_prediction|text=missing_text": {"accepted": false, "fallback_alpha": 0.0, "fallback_lambda": 1.0, "fallback_valid_metrics": {"hit1": 0.0, "hit10": 0.0, "hit3": 0.0, "mr": 42.0, "mrr": 0.023809523809523808, "query_count": 1}, "group": "relation=7|side=head_prediction|text=missing_text", "level": "level1", "query_count": 1, "reason": "insufficient_validation_queries", "selected_alpha": null, "selected_lambda": null, "text_state": "missing_text"}, "relation=7|side=tail_prediction|text=both_have_text": {"accepted": false, "fallback_alpha": 0.0, "fallback_lambda": 1.0, "fallback_valid_metrics": {"hit1": 0.6, "hit10": 1.0, "hit3": 0.8, "mr": 2.8, "mrr": 0.7222222222222222, "query_count": 5}, "group": "relation=7|side=tail_prediction|text=both_have_text", "level": "level1", "query_count": 5, "reason": "insufficient_validation_queries", "selected_alpha": null, "selected_lambda": null, "text_state": "both_have_text"}, "relation=7|side=tail_prediction|text=missing_text": {"accepted": false, "fallback_alpha": 0.0, "fallback_lambda": 1.0, "fallback_valid_metrics": {"hit1": 0.0, "hit10": 0.0, "hit3": 0.0, "mr": 90.0, "mrr": 0.011111111111111112, "query_count": 1}, "group": "relation=7|side=tail_prediction|text=missing_text", "level": "level1", "query_count": 1, "reason": "insufficient_validation_queries", "selected_alpha": null, "selected_lambda": null, "text_state": "missing_text"}, "relation=8|side=head_prediction|text=both_have_text": {"accepted": false, "fallback_alpha": 0.0, "fallback_lambda": 1.0, "fallback_valid_metrics": {"hit1": 0.25, "hit10": 1.0, "hit3": 1.0, "mr": 1.75, "mrr": 0.625, "query_count": 4}, "group": "relation=8|side=head_prediction|text=both_have_text", "level": "level1", "query_count": 4, "reason": "insufficient_validation_queries", "selected_alpha": null, "selected_lambda": null, "text_state": "both_have_text"}, "relation=8|side=head_prediction|text=missing_text": {"accepted": false, "fallback_alpha": 0.0, "fallback_lambda": 1.0, "fallback_valid_metrics": {"hit1": 0.5263157894736842, "hit10": 0.7894736842105263, "hit3": 0.7894736842105263, "mr": 147.10526315789474, "mrr": 0.6588080480312687, "query_count": 19}, "group": "relation=8|side=head_prediction|text=missing_text", "level": "level1", "query_count": 19, "reason": "insufficient_validation_queries", "selected_alpha": null, "selected_lambda": null, "text_state": "missing_text"}, "relation=8|side=tail_prediction|text=both_have_text": {"accepted": false, "fallback_alpha": 0.0, "fallback_lambda": 1.0, "fallback_valid_metrics": {"hit1": 0.25, "hit10": 1.0, "hit3": 1.0, "mr": 1.75, "mrr": 0.625, "query_count": 4}, "group": "relation=8|side=tail_prediction|text=both_have_text", "level": "level1", "query_count": 4, "reason": "insufficient_validation_queries", "selected_alpha": null, "selected_lambda": null, "text_state": "both_have_text"}, "relation=8|side=tail_prediction|text=missing_text": {"accepted": false, "fallback_alpha": 0.0, "fallback_lambda": 1.0, "fallback_valid_metrics": {"hit1": 0.5263157894736842, "hit10": 0.7894736842105263, "hit3": 0.7894736842105263, "mr": 308.36842105263156, "mrr": 0.6583631729575405, "query_count": 19}, "group": "relation=8|side=tail_prediction|text=missing_text", "level": "level1", "query_count": 19, "reason": "insufficient_validation_queries", "selected_alpha": null, "selected_lambda": null, "text_state": "missing_text"}, "relation=9|side=head_prediction|text=both_have_text": {"accepted": true, "fallback_alpha": 0.0, "fallback_lambda": 1.0, "fallback_valid_metrics": {"hit1": 0.06521739130434782, "hit10": 0.14130434782608695, "hit3": 0.10869565217391304, "mr": 262.7717391304348, "mrr": 0.10680199708239209, "query_count": 92}, "group": "relation=9|side=head_prediction|text=both_have_text", "level": "level1", "query_count": 92, "reason": "accepted", "selected_alpha": 0.3, "selected_lambda": 1.0, "selected_valid_metrics": {"hit1": 0.06521739130434782, "hit10": 0.15217391304347827, "hit3": 0.13043478260869565, "mr": 240.5108695652174, "mrr": 0.1094494950707588, "query_count": 92}, "text_state": "both_have_text", "valid_mrr_delta_vs_bv1": 0.0026474979883667066}, "relation=9|side=head_prediction|text=missing_text": {"accepted": true, "fallback_alpha": 0.0, "fallback_lambda": 1.0, "fallback_valid_metrics": {"hit1": 0.03289473684210526, "hit10": 0.13157894736842105, "hit3": 0.05921052631578947, "mr": 1187.717105263158, "mrr": 0.06140875818898237, "query_count": 304}, "group": "relation=9|side=head_prediction|text=missing_text", "level": "level1", "query_count": 304, "reason": "accepted", "selected_alpha": 0.2, "selected_lambda": 1.0, "selected_valid_metrics": {"hit1": 0.03289473684210526, "hit10": 0.13157894736842105, "hit3": 0.05921052631578947, "mr": 1144.358552631579, "mrr": 0.06163406214336683, "query_count": 304}, "text_state": "missing_text", "valid_mrr_delta_vs_bv1": 0.0002253039543844565}, "relation=9|side=tail_prediction|text=both_have_text": {"accepted": true, "fallback_alpha": 0.0, "fallback_lambda": 1.0, "fallback_valid_metrics": {"hit1": 0.03260869565217391, "hit10": 0.10869565217391304, "hit3": 0.07608695652173914, "mr": 518.7065217391304, "mrr": 0.06607451278777432, "query_count": 92}, "group": "relation=9|side=tail_prediction|text=both_have_text", "level": "level1", "query_count": 92, "reason": "accepted", "selected_alpha": 0.1, "selected_lambda": 1.0, "selected_valid_metrics": {"hit1": 0.043478260869565216, "hit10": 0.10869565217391304, "hit3": 0.07608695652173914, "mr": 511.5869565217391, "mrr": 0.0712139624577119, "query_count": 92}, "text_state": "both_have_text", "valid_mrr_delta_vs_bv1": 0.005139449669937582}, "relation=9|side=tail_prediction|text=missing_text": {"accepted": true, "fallback_alpha": 0.0, "fallback_lambda": 1.0, "fallback_valid_metrics": {"hit1": 0.023026315789473683, "hit10": 0.07894736842105263, "hit3": 0.039473684210526314, "mr": 2032.7467105263158, "mrr": 0.04287439471757121, "query_count": 304}, "group": "relation=9|side=tail_prediction|text=missing_text", "level": "level1", "query_count": 304, "reason": "accepted", "selected_alpha": 0.3, "selected_lambda": 1.0, "selected_valid_metrics": {"hit1": 0.023026315789473683, "hit10": 0.08881578947368421, "hit3": 0.039473684210526314, "mr": 2028.157894736842, "mrr": 0.04316940361653199, "query_count": 304}, "text_state": "missing_text", "valid_mrr_delta_vs_bv1": 0.0002950088989607802}}, "level2": {"side=head_prediction|text=both_have_text": {"accepted": true, "fallback_alpha": 0.0, "fallback_lambda": 1.0, "fallback_valid_metrics": {"hit1": 0.42216358839050133, "hit10": 0.5699208443271768, "hit3": 0.49604221635883905, "mr": 190.53034300791558, "mrr": 0.47547468592155445, "query_count": 379}, "group": "side=head_prediction|text=both_have_text", "level": "level2", "query_count": 379, "reason": "accepted", "selected_alpha": 0.3, "selected_lambda": 1.0, "selected_valid_metrics": {"hit1": 0.42480211081794195, "hit10": 0.5672823218997362, "hit3": 0.503957783641161, "mr": 174.13456464379948, "mrr": 0.47875224685464884, "query_count": 379}, "text_state": "both_have_text", "valid_mrr_delta_vs_bv1": 0.0032775609330943922}, "side=head_prediction|text=missing_text": {"accepted": false, "fallback_alpha": 0.0, "fallback_lambda": 1.0, "fallback_valid_metrics": {"hit1": 0.25052410901467503, "hit10": 0.370020964360587, "hit3": 0.31761006289308175, "mr": 1339.3280922431866, "mrr": 0.2932622953820666, "query_count": 954}, "group": "side=head_prediction|text=missing_text", "level": "level2", "query_count": 954, "reason": "pareto_safe_rejected", "selected_alpha": 0.0, "selected_lambda": 1.0, "selected_valid_metrics": {"hit1": 0.25052410901467503, "hit10": 0.370020964360587, "hit3": 0.31761006289308175, "mr": 1339.3280922431866, "mrr": 0.2932622953820666, "query_count": 954}, "text_state": "missing_text", "valid_mrr_delta_vs_bv1": 0.0}, "side=tail_prediction|text=both_have_text": {"accepted": false, "fallback_alpha": 0.0, "fallback_lambda": 1.0, "fallback_valid_metrics": {"hit1": 0.42480211081794195, "hit10": 0.58311345646438, "hit3": 0.5145118733509235, "mr": 244.82321899736147, "mrr": 0.4823031287993334, "query_count": 379}, "group": "side=tail_prediction|text=both_have_text", "level": "level2", "query_count": 379, "reason": "pareto_safe_rejected", "selected_alpha": 0.0, "selected_lambda": 1.0, "selected_valid_metrics": {"hit1": 0.42480211081794195, "hit10": 0.58311345646438, "hit3": 0.5145118733509235, "mr": 244.82321899736147, "mrr": 0.4823031287993334, "query_count": 379}, "text_state": "both_have_text", "valid_mrr_delta_vs_bv1": 0.0}, "side=tail_prediction|text=missing_text": {"accepted": true, "fallback_alpha": 0.0, "fallback_lambda": 1.0, "fallback_valid_metrics": {"hit1": 0.24213836477987422, "hit10": 0.3490566037735849, "hit3": 0.3018867924528302, "mr": 1650.3364779874214, "mrr": 0.28169577670726403, "query_count": 954}, "group": "side=tail_prediction|text=missing_text", "level": "level2", "query_count": 954, "reason": "accepted", "selected_alpha": 0.2, "selected_lambda": 1.0, "selected_valid_metrics": {"hit1": 0.24528301886792453, "hit10": 0.3522012578616352, "hit3": 0.3018867924528302, "mr": 1642.104821802935, "mrr": 0.28366167077232923, "query_count": 954}, "text_state": "missing_text", "valid_mrr_delta_vs_bv1": 0.001965894065065199}}, "level3": {"text=both_have_text": {"accepted": false, "fallback_alpha": 0.0, "fallback_lambda": 1.0, "fallback_valid_metrics": {"hit1": 0.4234828496042216, "hit10": 0.5765171503957783, "hit3": 0.5052770448548812, "mr": 217.67678100263853, "mrr": 0.478888907360444, "query_count": 758}, "group": "text=both_have_text", "level": "level3", "query_count": 758, "reason": "pareto_safe_rejected", "selected_alpha": 0.0, "selected_lambda": 1.0, "selected_valid_metrics": {"hit1": 0.4234828496042216, "hit10": 0.5765171503957783, "hit3": 0.5052770448548812, "mr": 217.67678100263853, "mrr": 0.478888907360444, "query_count": 758}, "text_state": "both_have_text", "valid_mrr_delta_vs_bv1": 0.0}, "text=missing_text": {"accepted": true, "fallback_alpha": 0.0, "fallback_lambda": 1.0, "fallback_valid_metrics": {"hit1": 0.24633123689727462, "hit10": 0.35953878406708595, "hit3": 0.30974842767295596, "mr": 1494.8322851153039, "mrr": 0.28747903604466535, "query_count": 1908}, "group": "text=missing_text", "level": "level3", "query_count": 1908, "reason": "accepted", "selected_alpha": 0.1, "selected_lambda": 1.0, "selected_valid_metrics": {"hit1": 0.24737945492662475, "hit10": 0.36058700209643607, "hit3": 0.3107966457023061, "mr": 1486.0607966457023, "mrr": 0.2882267755906259, "query_count": 1908}, "text_state": "missing_text", "valid_mrr_delta_vs_bv1": 0.0007477395459605796}}}, "hpsac_calibration_overall_metrics": {"count": 2666, "count_type": "query", "hit1": 0.2989497374343586, "hit10": 0.42198049512378094, "hit3": 0.3664666166541635, "mr": 1122.364591147787, "mrr": 0.34354802280833174, "triple_count": 1333}, "hpsac_calibration_subset_metrics": {"head_and_tail_have_text": {"count": 758, "count_type": "query", "hit1": 0.4261213720316623, "hit10": 0.575197889182058, "hit3": 0.5092348284960422, "mr": 208.778364116095, "mrr": 0.481177782177154, "triple_count": 379}, "head_missing_text": {"count": 1216, "count_type": "query", "hit1": 0.23766447368421054, "hit10": 0.3404605263157895, "hit3": 0.29605263157894735, "mr": 1630.9161184210527, "mrr": 0.2771970297977661, "triple_count": 608}, "head_or_tail_both_have_text": {"count": 758, "count_type": "query", "hit1": 0.4261213720316623, "hit10": 0.575197889182058, "hit3": 0.5092348284960422, "mr": 208.778364116095, "mrr": 0.481177782177154, "triple_count": 379}, "head_or_tail_missing_text": {"count": 1908, "count_type": "query", "hit1": 0.24842767295597484, "hit10": 0.3611111111111111, "hit3": 0.30974842767295596, "mr": 1485.3092243186584, "mrr": 0.2888712106481811, "triple_count": 954}, "tail_missing_text": {"count": 1326, "count_type": "query", "hit1": 0.23529411764705882, "hit10": 0.3378582202111614, "hit3": 0.2895927601809955, "mr": 1471.6681749622926, "mrr": 0.27082972105919856, "triple_count": 663}}, "hpsac_stats": {"all_levels_accepted_ratio": 0.17857142857142858, "all_levels_accepted_specific_parameter_group_count": 15, "all_levels_fallback_default_group_count": 69, "all_levels_fallback_group_count": 69, "all_levels_fallback_ratio": 0.8214285714285714, "all_levels_specific_parameter_group_count": 15, "all_levels_total_group_count": 84, "effective_level1_policy": {"default_fallback_group_count": 38, "default_fallback_ratio": 0.48717948717948717, "reason_counts": {"accepted": 40, "pareto_safe_rejected": 38}, "resolved_level_counts": {"level1": 22, "level2": 56}, "specific_parameter_group_count": 40, "specific_parameter_ratio": 0.5128205128205128, "total_group_count": 78}, "fallback_alpha": 0.0, "fallback_lambda": 1.0, "levels": {"level1": {"accepted_ratio": 0.15384615384615385, "accepted_specific_parameter_group_count": 12, "fallback_default_group_count": 66, "fallback_group_count": 66, "fallback_ratio": 0.8461538461538461, "insufficient_validation_queries_group_count": 56, "missing_text_locked_group_count": 0, "missing_text_mrr_below_bv1_group_count": 0, "no_candidate_group_count": 0, "pareto_safe_rejected_group_count": 10, "reason_counts": {"accepted": 12, "insufficient_validation_queries": 56, "pareto_safe_rejected": 10}, "specific_parameter_group_count": 12, "total_group_count": 78}, "level2": {"accepted_ratio": 0.5, "accepted_specific_parameter_group_count": 2, "fallback_default_group_count": 2, "fallback_group_count": 2, "fallback_ratio": 0.5, "insufficient_validation_queries_group_count": 0, "missing_text_locked_group_count": 0, "missing_text_mrr_below_bv1_group_count": 0, "no_candidate_group_count": 0, "pareto_safe_rejected_group_count": 2, "reason_counts": {"accepted": 2, "pareto_safe_rejected": 2}, "specific_parameter_group_count": 2, "total_group_count": 4}, "level3": {"accepted_ratio": 0.5, "accepted_specific_parameter_group_count": 1, "fallback_default_group_count": 1, "fallback_group_count": 1, "fallback_ratio": 0.5, "insufficient_validation_queries_group_count": 0, "missing_text_locked_group_count": 0, "missing_text_mrr_below_bv1_group_count": 0, "no_candidate_group_count": 0, "pareto_safe_rejected_group_count": 1, "reason_counts": {"accepted": 1, "pareto_safe_rejected": 1}, "specific_parameter_group_count": 1, "total_group_count": 2}}, "min_group_queries": 30, "min_group_queries_name": "N_min", "safe_delta": 0.0002, "safe_delta_name": "delta"}, "inject_text_missing_rate": 0.3, "injected_text_count": 3695, "injection_info": {"additional_masked_count": 3695, "available_text_before": 12316, "inject_rate_applied": 0.30001623903864894, "inject_rate_requested": 0.3, "loaded_mask_metadata": {"additional_masked_count": 3695, "available_text_before": 12316, "available_text_degree_summary": {"count": 12316, "degree_max": 78, "degree_mean": 2.771841526031494, "degree_min": 0}, "degree_observed_triple_count": 21310, "degree_source_splits": ["train2id.txt"], "degree_strategy": "low_degree", "inject_rate_applied": 0.30001623903864894, "inject_rate_requested": 0.3, "loaded_mask_metadata": {}, "mask_checksum_sha256": "c913edd722b7eb42d8cdbc248b7c16469a13a91c24ebe3ed19e2d6dd8d9b330b", "mask_path": null, "mask_scope": "entity_level_shared_across_train_valid_test", "mask_source": "generated", "mask_strategy": "low_degree", "masked_entity_ids_preview": [10, 13, 22, 26, 27, 59, 64, 67, 70, 90, 114, 129, 152, 157, 162, 173, 224, 239, 244, 245], "masked_text_degree_summary": {"count": 3695, "degree_max": 2, "degree_mean": 0.9290933609008789, "degree_min": 0}, "missingness_unit": "entity", "save_mask_path": "/home/student04/my_data/DHNS-main/masks/MKG-Y_low_degree_text30_seed1.pt", "seed": 1}, "mask_checksum_sha256": "c913edd722b7eb42d8cdbc248b7c16469a13a91c24ebe3ed19e2d6dd8d9b330b", "mask_path": "/mnt/c/Users/15513/Desktop/\u5b9e\u9a8c/\u5b9e\u9a8c\u5ba44090\u4e0a\u7684\u6587\u4ef6/DHNS-main/masks/MKG-Y_low_degree_text30_seed1.pt", "mask_scope": "entity_level_shared_across_train_valid_test", "mask_source": "loaded_file", "mask_strategy": "low_degree", "masked_entity_ids_preview": [10, 13, 22, 26, 27, 59, 64, 67, 70, 90, 114, 129, 152, 157, 162, 173, 224, 239, 244, 245], "missingness_unit": "entity", "save_mask_path": null, "seed": 0}, "lambda_grid": [1.0], "level1_group_count": 78, "lock_missing_text": false, "min_group_queries": 30, "missing_text_count": 6379, "non_fallback_both_have_text_group_count": 19, "non_fallback_effective_group_count": 40, "relation_count": 28, "requested_alpha_grid": [0.0, 0.1, 0.2, 0.3], "requested_lambda_grid": [1.0], "retrieval_pool_size": 512, "retrieval_source": "entity_embedding_knn", "retrieval_topk": 5, "runtime_cost": {"eval_wall_time_sec": 379.8179147770279}, "safe_delta": 0.0002, "save_text_missing_mask_path": null, "separate_calibration_split": true, "simulate_native_text_missing_rate": 0.0, "simulated_native_text_missing_count": 0, "simulated_native_text_missing_info": null, "temperature_grid": [0.5, 0.75, 1.0, 1.25, 1.5, 2.0], "temperature_selected_config": null, "test_bv1_overall_metrics": {"count": 5326, "count_type": "query", "hit1": 0.32200525722868945, "hit10": 0.4408561772437101, "hit3": 0.3957942170484416, "mr": 1052.975028163725, "mrr": 0.36812481167032024, "triple_count": 2663}, "test_bv1_subset_metrics": {"head_and_tail_have_text": {"count": 1606, "count_type": "query", "hit1": 0.45143212951432127, "hit10": 0.6220423412204235, "hit3": 0.5535491905354919, "mr": 205.11145703611456, "mrr": 0.5157050732140941, "triple_count": 803}, "head_missing_text": {"count": 2286, "count_type": "query", "hit1": 0.2664041994750656, "hit10": 0.36089238845144356, "hit3": 0.32720909886264216, "mr": 1459.2003499562554, "mrr": 0.30414711118340404, "triple_count": 1143}, "head_or_tail_both_have_text": {"count": 1606, "count_type": "query", "hit1": 0.45143212951432127, "hit10": 0.6220423412204235, "hit3": 0.5535491905354919, "mr": 205.11145703611456, "mrr": 0.5157050732140941, "triple_count": 803}, "head_or_tail_missing_text": {"count": 3720, "count_type": "query", "hit1": 0.2661290322580645, "hit10": 0.3626344086021505, "hit3": 0.32768817204301076, "mr": 1419.0150537634408, "mrr": 0.30441139768126096, "triple_count": 1860}, "tail_missing_text": {"count": 2650, "count_type": "query", "hit1": 0.24226415094339623, "hit10": 0.329811320754717, "hit3": 0.29735849056603775, "mr": 1595.7196226415094, "mrr": 0.2769506786190207, "triple_count": 1325}}, "test_delta_vs_bv1": {"head_and_tail_have_text": {"hit1": 0.00249066002490661, "hit10": 0.0006226650062266526, "hit3": 0.0006226650062266526, "mr": -2.8991282689912623, "mrr": 0.002024050022739088}, "head_missing_text": {"hit1": 0.001312335958005284, "hit10": 0.0008748906386701893, "hit3": 0.0004374453193350947, "mr": -13.468066491688433, "mrr": 0.001018151508054288}, "head_or_tail_missing_text": {"hit1": 0.0, "hit10": 0.0005376344086021612, "hit3": -0.00026881720430110834, "mr": -7.411021505376311, "mrr": -0.00013262908693428832}, "overall": {"hit1": 0.0007510326699211589, "hit10": 0.0005632745024408137, "hit3": 0.0, "mr": -6.050506947052099, "mrr": 0.0005176951057310752}, "tail_missing_text": {"hit1": 0.0, "hit10": 0.0011320754716981352, "hit3": 0.00037735849056602655, "mr": -7.810188679245357, "mrr": -0.00013142524321957394}}, "test_missing_text_equal_bv1": false, "test_overall_metrics": {"count": 5326, "count_type": "query", "hit1": 0.3227562898986106, "hit10": 0.44141945174615094, "hit3": 0.3957942170484416, "mr": 1046.924521216673, "mrr": 0.3686425067760513, "triple_count": 2663}, "test_policy_counts": {"level1|lambda=1.00|alpha=0.0": 1719, "level1|lambda=1.00|alpha=0.1": 803, "level1|lambda=1.00|alpha=0.2": 882, "level1|lambda=1.00|alpha=0.3": 1066, "level2|lambda=1.00|alpha=0.0": 428, "level2|lambda=1.00|alpha=0.2": 231, "level2|lambda=1.00|alpha=0.3": 197}, "test_subset_metrics": {"head_and_tail_have_text": {"count": 1606, "count_type": "query", "hit1": 0.4539227895392279, "hit10": 0.6226650062266501, "hit3": 0.5541718555417185, "mr": 202.2123287671233, "mrr": 0.5177291232368332, "triple_count": 803}, "head_missing_text": {"count": 2286, "count_type": "query", "hit1": 0.2677165354330709, "hit10": 0.36176727909011375, "hit3": 0.32764654418197725, "mr": 1445.732283464567, "mrr": 0.3051652626914583, "triple_count": 1143}, "head_or_tail_both_have_text": {"count": 1606, "count_type": "query", "hit1": 0.4539227895392279, "hit10": 0.6226650062266501, "hit3": 0.5541718555417185, "mr": 202.2123287671233, "mrr": 0.5177291232368332, "triple_count": 803}, "head_or_tail_missing_text": {"count": 3720, "count_type": "query", "hit1": 0.2661290322580645, "hit10": 0.3631720430107527, "hit3": 0.32741935483870965, "mr": 1411.6040322580645, "mrr": 0.3042787685943267, "triple_count": 1860}, "tail_missing_text": {"count": 2650, "count_type": "query", "hit1": 0.24226415094339623, "hit10": 0.3309433962264151, "hit3": 0.2977358490566038, "mr": 1587.909433962264, "mrr": 0.2768192533758011, "triple_count": 1325}}, "text_missing_mask_path": "/mnt/c/Users/15513/Desktop/\u5b9e\u9a8c/\u5b9e\u9a8c\u5ba44090\u4e0a\u7684\u6587\u4ef6/DHNS-main/masks/MKG-Y_low_degree_text30_seed1.pt", "text_missing_mask_seed": 0, "text_missing_mask_strategy": "low_degree", "validation_bv1_overall_metrics": {"count": 2666, "count_type": "query", "hit1": 0.29669917479369845, "hit10": 0.4212303075768942, "hit3": 0.36534133533383345, "mr": 1131.7100525131282, "mrr": 0.3419008974315221, "triple_count": 1333}, "validation_bv1_subset_metrics": {"head_and_tail_have_text": {"count": 758, "count_type": "query", "hit1": 0.4234828496042216, "hit10": 0.5765171503957783, "hit3": 0.5052770448548812, "mr": 217.67678100263853, "mrr": 0.478888907360444, "triple_count": 379}, "head_missing_text": {"count": 1216, "count_type": "query", "hit1": 0.23601973684210525, "hit10": 0.33881578947368424, "hit3": 0.296875, "mr": 1650.3396381578948, "mrr": 0.2759891040875215, "triple_count": 608}, "head_or_tail_both_have_text": {"count": 758, "count_type": "query", "hit1": 0.4234828496042216, "hit10": 0.5765171503957783, "hit3": 0.5052770448548812, "mr": 217.67678100263853, "mrr": 0.478888907360444, "triple_count": 379}, "head_or_tail_missing_text": {"count": 1908, "count_type": "query", "hit1": 0.24633123689727462, "hit10": 0.35953878406708595, "hit3": 0.30974842767295596, "mr": 1494.8322851153039, "mrr": 0.28747903604466535, "triple_count": 954}, "tail_missing_text": {"count": 1326, "count_type": "query", "hit1": 0.23227752639517346, "hit10": 0.33634992458521873, "hit3": 0.2888386123680241, "mr": 1473.444947209653, "mrr": 0.26886816156166327, "triple_count": 663}}, "validation_delta_vs_bv1": {"head_and_tail_have_text": {"hit1": 0.0026385224274406704, "hit10": -0.0013192612137202797, "hit3": 0.00395778364116095, "mr": -8.898416886543544, "mrr": 0.0022888748167100292}, "head_missing_text": {"hit1": 0.0016447368421052821, "hit10": 0.0016447368421052544, "hit3": -0.000822368421052655, "mr": -19.42351973684208, "mrr": 0.0012079257102446395}, "head_or_tail_missing_text": {"hit1": 0.0020964360587002184, "hit10": 0.0015723270440251569, "hit3": 0.0, "mr": -9.523060796645495, "mrr": 0.0013921746035157612}, "overall": {"hit1": 0.0022505626406601476, "hit10": 0.0007501875468867159, "hit3": 0.0011252813203300738, "mr": -9.34546136534118, "mrr": 0.001647125376809666}, "tail_missing_text": {"hit1": 0.003016591251885359, "hit10": 0.0015082956259426794, "hit3": 0.0007541478129713952, "mr": -1.7767722473604408, "mrr": 0.0019615594975352924}}, "validation_metrics_scope": "hpsac_calibration_half", "validation_missing_text_equal_bv1": false, "validation_overall_metrics": {"count": 2666, "count_type": "query", "hit1": 0.2989497374343586, "hit10": 0.42198049512378094, "hit3": 0.3664666166541635, "mr": 1122.364591147787, "mrr": 0.34354802280833174, "triple_count": 1333}, "validation_policy_counts": {"level1|lambda=1.00|alpha=0.0": 832, "level1|lambda=1.00|alpha=0.1": 380, "level1|lambda=1.00|alpha=0.2": 461, "level1|lambda=1.00|alpha=0.3": 579, "level2|lambda=1.00|alpha=0.0": 207, "level2|lambda=1.00|alpha=0.2": 115, "level2|lambda=1.00|alpha=0.3": 92}, "validation_split_info": {"hpsac_calibration_index_checksum_sha256": "00df99633122679f3703abb0e81b2cdec1ef316795ec82541377af69888eaccf", "hpsac_calibration_indices_preview": [950, 1243, 100, 1418, 1817, 2211, 2647, 896, 2295, 622, 85, 193, 1435, 2508, 1372, 105, 1815, 1245, 1597, 192], "hpsac_calibration_triple_count": 1333, "hpsac_partition_usage": "groupwise_lambda_alpha_selection_and_safety_checks", "hyperparameter_partition_usage": "reserved_for_upstream_epoch_learning_rate_and_base_model_selection", "hyperparameter_selection_index_checksum_sha256": "5ddf46e3532aedc62a18aa8fa88010aba9e4eb23c60842a102006880c8bd8d15", "hyperparameter_selection_indices_preview": [147, 886, 2371, 370, 1791, 2659, 304, 923, 1511, 196, 1506, 2545, 1887, 641, 937, 808, 968, 840, 1459, 2156], "hyperparameter_selection_triple_count": 1332, "mode": "random_50_50_separate_calibration", "original_validation_triple_count": 2665, "partitions_cover_validation": true, "partitions_disjoint": true, "random_generator": "numpy.random.default_rng(PCG64)", "separate_calibration_split": true, "validation_split_seed": 2026}, "validation_split_seed": 2026, "validation_subset_metrics": {"head_and_tail_have_text": {"count": 758, "count_type": "query", "hit1": 0.4261213720316623, "hit10": 0.575197889182058, "hit3": 0.5092348284960422, "mr": 208.778364116095, "mrr": 0.481177782177154, "triple_count": 379}, "head_missing_text": {"count": 1216, "count_type": "query", "hit1": 0.23766447368421054, "hit10": 0.3404605263157895, "hit3": 0.29605263157894735, "mr": 1630.9161184210527, "mrr": 0.2771970297977661, "triple_count": 608}, "head_or_tail_both_have_text": {"count": 758, "count_type": "query", "hit1": 0.4261213720316623, "hit10": 0.575197889182058, "hit3": 0.5092348284960422, "mr": 208.778364116095, "mrr": 0.481177782177154, "triple_count": 379}, "head_or_tail_missing_text": {"count": 1908, "count_type": "query", "hit1": 0.24842767295597484, "hit10": 0.3611111111111111, "hit3": 0.30974842767295596, "mr": 1485.3092243186584, "mrr": 0.2888712106481811, "triple_count": 954}, "tail_missing_text": {"count": 1326, "count_type": "query", "hit1": 0.23529411764705882, "hit10": 0.3378582202111614, "hit3": 0.2895927601809955, "mr": 1471.6681749622926, "mrr": 0.27082972105919856, "triple_count": 663}}}
