/mnt/c/Users/15513/Desktop/实验/实验室4090上的文件/DHNS-main/eval_hpsac.py:954: FutureWarning: You are using `torch.load` with `weights_only=False` (the current default value), which uses the default pickle module implicitly. It is possible to construct malicious pickle data which will execute arbitrary code during unpickling (See https://github.com/pytorch/pytorch/blob/main/SECURITY.md#untrusted-models for more details). In a future release, the default value for `weights_only` will be flipped to `True`. This limits the functions that could be executed during unpickling. Arbitrary objects will no longer be allowed to be loaded via this mode unless they are explicitly allowlisted by the user via `torch.serialization.add_safe_globals`. We recommend you start setting `weights_only=True` for any use case where you don't have full control of the loaded file. Please open an issue on GitHub for any issues related to this experimental feature.
  img_emb = torch.load(visual_path, map_location="cpu")
/mnt/c/Users/15513/Desktop/实验/实验室4090上的文件/DHNS-main/eval_hpsac.py:955: FutureWarning: You are using `torch.load` with `weights_only=False` (the current default value), which uses the default pickle module implicitly. It is possible to construct malicious pickle data which will execute arbitrary code during unpickling (See https://github.com/pytorch/pytorch/blob/main/SECURITY.md#untrusted-models for more details). In a future release, the default value for `weights_only` will be flipped to `True`. This limits the functions that could be executed during unpickling. Arbitrary objects will no longer be allowed to be loaded via this mode unless they are explicitly allowlisted by the user via `torch.serialization.add_safe_globals`. We recommend you start setting `weights_only=True` for any use case where you don't have full control of the loaded file. Please open an issue on GitHub for any issues related to this experimental feature.
  text_emb = torch.load(textual_path, map_location="cpu")
/mnt/c/Users/15513/Desktop/实验/实验室4090上的文件/DHNS-main/missing_text_protocol.py:72: FutureWarning: You are using `torch.load` with `weights_only=False` (the current default value), which uses the default pickle module implicitly. It is possible to construct malicious pickle data which will execute arbitrary code during unpickling (See https://github.com/pytorch/pytorch/blob/main/SECURITY.md#untrusted-models for more details). In a future release, the default value for `weights_only` will be flipped to `True`. This limits the functions that could be executed during unpickling. Arbitrary objects will no longer be allowed to be loaded via this mode unless they are explicitly allowlisted by the user via `torch.serialization.add_safe_globals`. We recommend you start setting `weights_only=True` for any use case where you don't have full control of the loaded file. Please open an issue on GitHub for any issues related to this experimental feature.
  payload = torch.load(path, map_location="cpu")
HPSAC config | dataset=MKG-Y | lambda_grid=1.0 | alpha_grid=0.0 | temperature_grid=0.5,0.75,1.0,1.25,1.5,2.0 | min_group_queries=30 | safe_delta=0.000200 | calibration_mode=fixed
HPSAC validation partition | separate_calibration_split=True | split_seed=2026
HPSAC injected text missingness | requested=0.3000 | applied=0.3000 | count=3695
HPSAC text mask | strategy=low_degree | source=loaded_file | checksum=500e660692f0decd75ba57c71d0d5b31ecfc10b05756832f67ea40ff7ae3417f
HPSAC MT guard | lock_missing_text=False
HPSAC safety | training=False | new_network=False | internal_scoring_unchanged=True
/mnt/c/Users/15513/Desktop/实验/实验室4090上的文件/DHNS-main/eval_vgse.py:257: FutureWarning: You are using `torch.load` with `weights_only=False` (the current default value), which uses the default pickle module implicitly. It is possible to construct malicious pickle data which will execute arbitrary code during unpickling (See https://github.com/pytorch/pytorch/blob/main/SECURITY.md#untrusted-models for more details). In a future release, the default value for `weights_only` will be flipped to `True`. This limits the functions that could be executed during unpickling. Arbitrary objects will no longer be allowed to be loaded via this mode unless they are explicitly allowlisted by the user via `torch.serialization.add_safe_globals`. We recommend you start setting `weights_only=True` for any use case where you don't have full control of the loaded file. Please open an issue on GitHub for any issues related to this experimental feature.
  state_dict = torch.load(checkpoint_path, map_location="cpu")
HPSAC validation split | total=2665 | hyperparameter_selection=1332 | hpsac_calibration=1333 | calibration_checksum=00df99633122679f3703abb0e81b2cdec1ef316795ec82541377af69888eaccf

HPSAC valid search:   0%|          | 0/1333 [00:00<?, ?it/s]Active modalities | phase=eval | text_branch_enabled=True | modality_count=3 | modalities=structural,visual,text
Active modalities | phase=eval | text_branch_enabled=True | modality_count=3 | modalities=structural,visual,text
Retrieval missing-text debug | phase=NA | role=NA | batch_entity_count=15000 | topk=5 | pool_size=512/8621 | relation_avg_pool=NA | fallback_ratio=0.0000 | agg_mean_norm=0.959391 | source=global_text_pool

HPSAC valid search:   0%|          | 1/1333 [00:00<12:32,  1.77it/s]
HPSAC valid search:   0%|          | 3/1333 [00:00<04:15,  5.20it/s]
HPSAC valid search:   0%|          | 5/1333 [00:00<02:47,  7.91it/s]
HPSAC valid search:   1%|          | 7/1333 [00:00<02:11, 10.10it/s]
HPSAC valid search:   1%|          | 9/1333 [00:01<01:54, 11.59it/s]
HPSAC valid search:   1%|          | 11/1333 [00:01<01:42, 12.85it/s]
HPSAC valid search:   1%|          | 13/1333 [00:01<01:36, 13.66it/s]
HPSAC valid search:   1%|          | 15/1333 [00:01<01:33, 14.13it/s]
HPSAC valid search:   1%|▏         | 17/1333 [00:01<01:30, 14.55it/s]
HPSAC valid search:   1%|▏         | 19/1333 [00:01<01:28, 14.90it/s]
HPSAC valid search:   2%|▏         | 21/1333 [00:01<01:27, 15.08it/s]
HPSAC valid search:   2%|▏         | 23/1333 [00:01<01:26, 15.20it/s]
HPSAC valid search:   2%|▏         | 25/1333 [00:02<01:26, 15.19it/s]
HPSAC valid search:   2%|▏         | 27/1333 [00:02<01:24, 15.41it/s]
HPSAC valid search:   2%|▏         | 29/1333 [00:02<01:24, 15.34it/s]
HPSAC valid search:   2%|▏         | 31/1333 [00:02<01:24, 15.37it/s]
HPSAC valid search:   2%|▏         | 33/1333 [00:02<01:25, 15.20it/s]
HPSAC valid search:   3%|▎         | 35/1333 [00:02<01:28, 14.62it/s]
HPSAC valid search:   3%|▎         | 37/1333 [00:02<01:30, 14.37it/s]
HPSAC valid search:   3%|▎         | 39/1333 [00:03<01:28, 14.69it/s]
HPSAC valid search:   3%|▎         | 41/1333 [00:03<01:26, 14.96it/s]
HPSAC valid search:   3%|▎         | 43/1333 [00:03<01:26, 14.94it/s]
HPSAC valid search:   3%|▎         | 45/1333 [00:03<01:25, 15.14it/s]
HPSAC valid search:   4%|▎         | 47/1333 [00:03<01:24, 15.21it/s]
HPSAC valid search:   4%|▎         | 49/1333 [00:03<01:24, 15.21it/s]
HPSAC valid search:   4%|▍         | 51/1333 [00:03<01:24, 15.23it/s]
HPSAC valid search:   4%|▍         | 53/1333 [00:03<01:24, 15.17it/s]
HPSAC valid search:   4%|▍         | 55/1333 [00:04<01:24, 15.19it/s]
HPSAC valid search:   4%|▍         | 57/1333 [00:04<01:23, 15.24it/s]
HPSAC valid search:   4%|▍         | 59/1333 [00:04<01:23, 15.26it/s]
HPSAC valid search:   5%|▍         | 61/1333 [00:04<01:23, 15.26it/s]
HPSAC valid search:   5%|▍         | 63/1333 [00:04<01:23, 15.22it/s]
HPSAC valid search:   5%|▍         | 65/1333 [00:04<01:23, 15.21it/s]
HPSAC valid search:   5%|▌         | 67/1333 [00:04<01:23, 15.19it/s]
HPSAC valid search:   5%|▌         | 69/1333 [00:05<01:22, 15.25it/s]
HPSAC valid search:   5%|▌         | 71/1333 [00:05<01:22, 15.28it/s]
HPSAC valid search:   5%|▌         | 73/1333 [00:05<01:22, 15.18it/s]
HPSAC valid search:   6%|▌         | 75/1333 [00:05<01:22, 15.25it/s]
HPSAC valid search:   6%|▌         | 77/1333 [00:05<01:22, 15.25it/s]
HPSAC valid search:   6%|▌         | 79/1333 [00:05<01:25, 14.73it/s]
HPSAC valid search:   6%|▌         | 81/1333 [00:05<01:25, 14.57it/s]
HPSAC valid search:   6%|▌         | 83/1333 [00:05<01:26, 14.47it/s]
HPSAC valid search:   6%|▋         | 85/1333 [00:06<01:27, 14.31it/s]
HPSAC valid search:   7%|▋         | 87/1333 [00:06<01:27, 14.22it/s]
HPSAC valid search:   7%|▋         | 89/1333 [00:06<01:27, 14.22it/s]
HPSAC valid search:   7%|▋         | 91/1333 [00:06<01:26, 14.31it/s]
HPSAC valid search:   7%|▋         | 93/1333 [00:06<01:26, 14.30it/s]
HPSAC valid search:   7%|▋         | 95/1333 [00:06<01:26, 14.24it/s]
HPSAC valid search:   7%|▋         | 97/1333 [00:06<01:26, 14.27it/s]
HPSAC valid search:   7%|▋         | 99/1333 [00:07<01:27, 14.13it/s]
HPSAC valid search:   8%|▊         | 101/1333 [00:07<01:25, 14.43it/s]
HPSAC valid search:   8%|▊         | 103/1333 [00:07<01:24, 14.63it/s]
HPSAC valid search:   8%|▊         | 105/1333 [00:07<01:23, 14.67it/s]
HPSAC valid search:   8%|▊         | 107/1333 [00:07<01:23, 14.72it/s]
HPSAC valid search:   8%|▊         | 109/1333 [00:07<01:22, 14.87it/s]
HPSAC valid search:   8%|▊         | 111/1333 [00:07<01:22, 14.87it/s]
HPSAC valid search:   8%|▊         | 113/1333 [00:08<01:22, 14.87it/s]
HPSAC valid search:   9%|▊         | 115/1333 [00:08<01:23, 14.66it/s]
HPSAC valid search:   9%|▉         | 117/1333 [00:08<01:22, 14.77it/s]
HPSAC valid search:   9%|▉         | 119/1333 [00:08<01:21, 14.97it/s]
HPSAC valid search:   9%|▉         | 121/1333 [00:08<01:21, 14.79it/s]
HPSAC valid search:   9%|▉         | 123/1333 [00:08<01:22, 14.73it/s]
HPSAC valid search:   9%|▉         | 125/1333 [00:08<01:21, 14.77it/s]
HPSAC valid search:  10%|▉         | 127/1333 [00:08<01:20, 14.89it/s]
HPSAC valid search:  10%|▉         | 129/1333 [00:09<01:20, 14.90it/s]
HPSAC valid search:  10%|▉         | 131/1333 [00:09<01:20, 14.98it/s]
HPSAC valid search:  10%|▉         | 133/1333 [00:09<01:19, 15.13it/s]
HPSAC valid search:  10%|█         | 135/1333 [00:09<01:19, 15.15it/s]
HPSAC valid search:  10%|█         | 137/1333 [00:09<01:18, 15.30it/s]
HPSAC valid search:  10%|█         | 139/1333 [00:09<01:18, 15.16it/s]
HPSAC valid search:  11%|█         | 141/1333 [00:09<01:19, 14.96it/s]
HPSAC valid search:  11%|█         | 143/1333 [00:10<01:20, 14.86it/s]
HPSAC valid search:  11%|█         | 145/1333 [00:10<01:20, 14.75it/s]
HPSAC valid search:  11%|█         | 147/1333 [00:10<01:20, 14.74it/s]
HPSAC valid search:  11%|█         | 149/1333 [00:10<01:19, 14.85it/s]
HPSAC valid search:  11%|█▏        | 151/1333 [00:10<01:19, 14.82it/s]
HPSAC valid search:  11%|█▏        | 153/1333 [00:10<01:20, 14.72it/s]
HPSAC valid search:  12%|█▏        | 155/1333 [00:10<01:21, 14.49it/s]
HPSAC valid search:  12%|█▏        | 157/1333 [00:10<01:21, 14.52it/s]
HPSAC valid search:  12%|█▏        | 159/1333 [00:11<01:19, 14.80it/s]
HPSAC valid search:  12%|█▏        | 161/1333 [00:11<01:19, 14.74it/s]
HPSAC valid search:  12%|█▏        | 163/1333 [00:11<01:19, 14.80it/s]
HPSAC valid search:  12%|█▏        | 165/1333 [00:11<01:19, 14.65it/s]
HPSAC valid search:  13%|█▎        | 167/1333 [00:11<01:19, 14.62it/s]
HPSAC valid search:  13%|█▎        | 169/1333 [00:11<01:18, 14.79it/s]
HPSAC valid search:  13%|█▎        | 171/1333 [00:11<01:18, 14.82it/s]
HPSAC valid search:  13%|█▎        | 173/1333 [00:12<01:18, 14.86it/s]
HPSAC valid search:  13%|█▎        | 175/1333 [00:12<01:18, 14.81it/s]
HPSAC valid search:  13%|█▎        | 177/1333 [00:12<01:18, 14.82it/s]
HPSAC valid search:  13%|█▎        | 179/1333 [00:12<01:18, 14.72it/s]
HPSAC valid search:  14%|█▎        | 181/1333 [00:12<01:18, 14.69it/s]
HPSAC valid search:  14%|█▎        | 183/1333 [00:12<01:18, 14.73it/s]
HPSAC valid search:  14%|█▍        | 185/1333 [00:12<01:18, 14.59it/s]
HPSAC valid search:  14%|█▍        | 187/1333 [00:13<01:18, 14.65it/s]
HPSAC valid search:  14%|█▍        | 189/1333 [00:13<01:18, 14.63it/s]
HPSAC valid search:  14%|█▍        | 191/1333 [00:13<01:18, 14.59it/s]
HPSAC valid search:  14%|█▍        | 193/1333 [00:13<01:18, 14.60it/s]
HPSAC valid search:  15%|█▍        | 195/1333 [00:13<01:17, 14.72it/s]
HPSAC valid search:  15%|█▍        | 197/1333 [00:13<01:17, 14.63it/s]
HPSAC valid search:  15%|█▍        | 199/1333 [00:13<01:16, 14.75it/s]
HPSAC valid search:  15%|█▌        | 201/1333 [00:13<01:16, 14.88it/s]
HPSAC valid search:  15%|█▌        | 203/1333 [00:14<01:16, 14.76it/s]
HPSAC valid search:  15%|█▌        | 205/1333 [00:14<01:16, 14.72it/s]
HPSAC valid search:  16%|█▌        | 207/1333 [00:14<01:16, 14.76it/s]
HPSAC valid search:  16%|█▌        | 209/1333 [00:14<01:16, 14.65it/s]
HPSAC valid search:  16%|█▌        | 211/1333 [00:14<01:16, 14.72it/s]
HPSAC valid search:  16%|█▌        | 213/1333 [00:14<01:16, 14.71it/s]
HPSAC valid search:  16%|█▌        | 215/1333 [00:14<01:15, 14.79it/s]
HPSAC valid search:  16%|█▋        | 217/1333 [00:15<01:16, 14.52it/s]
HPSAC valid search:  16%|█▋        | 219/1333 [00:15<01:16, 14.49it/s]
HPSAC valid search:  17%|█▋        | 221/1333 [00:15<01:16, 14.55it/s]
HPSAC valid search:  17%|█▋        | 223/1333 [00:15<01:16, 14.43it/s]
HPSAC valid search:  17%|█▋        | 225/1333 [00:15<01:15, 14.59it/s]
HPSAC valid search:  17%|█▋        | 227/1333 [00:15<01:15, 14.69it/s]
HPSAC valid search:  17%|█▋        | 229/1333 [00:15<01:15, 14.64it/s]
HPSAC valid search:  17%|█▋        | 231/1333 [00:16<01:15, 14.68it/s]
HPSAC valid search:  17%|█▋        | 233/1333 [00:16<01:14, 14.67it/s]
HPSAC valid search:  18%|█▊        | 235/1333 [00:16<01:15, 14.63it/s]
HPSAC valid search:  18%|█▊        | 237/1333 [00:16<01:16, 14.35it/s]
HPSAC valid search:  18%|█▊        | 239/1333 [00:16<01:15, 14.46it/s]
HPSAC valid search:  18%|█▊        | 241/1333 [00:16<01:14, 14.63it/s]
HPSAC valid search:  18%|█▊        | 243/1333 [00:16<01:15, 14.53it/s]
HPSAC valid search:  18%|█▊        | 245/1333 [00:16<01:13, 14.71it/s]
HPSAC valid search:  19%|█▊        | 247/1333 [00:17<01:14, 14.62it/s]
HPSAC valid search:  19%|█▊        | 249/1333 [00:17<01:13, 14.71it/s]
HPSAC valid search:  19%|█▉        | 251/1333 [00:17<01:13, 14.81it/s]
HPSAC valid search:  19%|█▉        | 253/1333 [00:17<01:13, 14.73it/s]
HPSAC valid search:  19%|█▉        | 255/1333 [00:17<01:13, 14.75it/s]
HPSAC valid search:  19%|█▉        | 257/1333 [00:17<01:12, 14.83it/s]
HPSAC valid search:  19%|█▉        | 259/1333 [00:17<01:13, 14.65it/s]
HPSAC valid search:  20%|█▉        | 261/1333 [00:18<01:13, 14.60it/s]
HPSAC valid search:  20%|█▉        | 263/1333 [00:18<01:13, 14.60it/s]
HPSAC valid search:  20%|█▉        | 265/1333 [00:18<01:12, 14.68it/s]
HPSAC valid search:  20%|██        | 267/1333 [00:18<01:12, 14.75it/s]
HPSAC valid search:  20%|██        | 269/1333 [00:18<01:11, 14.86it/s]
HPSAC valid search:  20%|██        | 271/1333 [00:18<01:11, 14.91it/s]
HPSAC valid search:  20%|██        | 273/1333 [00:18<01:11, 14.82it/s]
HPSAC valid search:  21%|██        | 275/1333 [00:19<01:10, 14.90it/s]
HPSAC valid search:  21%|██        | 277/1333 [00:19<01:12, 14.65it/s]
HPSAC valid search:  21%|██        | 279/1333 [00:19<01:11, 14.79it/s]
HPSAC valid search:  21%|██        | 281/1333 [00:19<01:11, 14.77it/s]
HPSAC valid search:  21%|██        | 283/1333 [00:19<01:11, 14.61it/s]
HPSAC valid search:  21%|██▏       | 285/1333 [00:19<01:10, 14.78it/s]
HPSAC valid search:  22%|██▏       | 287/1333 [00:19<01:10, 14.86it/s]
HPSAC valid search:  22%|██▏       | 289/1333 [00:19<01:09, 14.98it/s]
HPSAC valid search:  22%|██▏       | 291/1333 [00:20<01:09, 15.09it/s]
HPSAC valid search:  22%|██▏       | 293/1333 [00:20<01:08, 15.17it/s]
HPSAC valid search:  22%|██▏       | 295/1333 [00:20<01:08, 15.17it/s]
HPSAC valid search:  22%|██▏       | 297/1333 [00:20<01:08, 15.21it/s]
HPSAC valid search:  22%|██▏       | 299/1333 [00:20<01:08, 15.11it/s]
HPSAC valid search:  23%|██▎       | 301/1333 [00:20<01:08, 15.03it/s]
HPSAC valid search:  23%|██▎       | 303/1333 [00:20<01:08, 14.96it/s]
HPSAC valid search:  23%|██▎       | 305/1333 [00:21<01:08, 15.02it/s]
HPSAC valid search:  23%|██▎       | 307/1333 [00:21<01:08, 15.00it/s]
HPSAC valid search:  23%|██▎       | 309/1333 [00:21<01:08, 15.03it/s]
HPSAC valid search:  23%|██▎       | 311/1333 [00:21<01:08, 15.02it/s]
HPSAC valid search:  23%|██▎       | 313/1333 [00:21<01:07, 15.11it/s]
HPSAC valid search:  24%|██▎       | 315/1333 [00:21<01:07, 15.09it/s]
HPSAC valid search:  24%|██▍       | 317/1333 [00:21<01:08, 14.86it/s]
HPSAC valid search:  24%|██▍       | 319/1333 [00:21<01:07, 14.94it/s]
HPSAC valid search:  24%|██▍       | 321/1333 [00:22<01:07, 14.98it/s]
HPSAC valid search:  24%|██▍       | 323/1333 [00:22<01:08, 14.82it/s]
HPSAC valid search:  24%|██▍       | 325/1333 [00:22<01:07, 14.90it/s]
HPSAC valid search:  25%|██▍       | 327/1333 [00:22<01:07, 14.98it/s]
HPSAC valid search:  25%|██▍       | 329/1333 [00:22<01:06, 15.16it/s]
HPSAC valid search:  25%|██▍       | 331/1333 [00:22<01:06, 15.18it/s]
HPSAC valid search:  25%|██▍       | 333/1333 [00:22<01:06, 14.99it/s]
HPSAC valid search:  25%|██▌       | 335/1333 [00:23<01:06, 14.94it/s]
HPSAC valid search:  25%|██▌       | 337/1333 [00:23<01:05, 15.17it/s]
HPSAC valid search:  25%|██▌       | 339/1333 [00:23<01:05, 15.11it/s]
HPSAC valid search:  26%|██▌       | 341/1333 [00:23<01:05, 15.12it/s]
HPSAC valid search:  26%|██▌       | 343/1333 [00:23<01:05, 15.13it/s]
HPSAC valid search:  26%|██▌       | 345/1333 [00:23<01:05, 15.05it/s]
HPSAC valid search:  26%|██▌       | 347/1333 [00:23<01:05, 15.06it/s]
HPSAC valid search:  26%|██▌       | 349/1333 [00:23<01:05, 15.02it/s]
HPSAC valid search:  26%|██▋       | 351/1333 [00:24<01:05, 15.07it/s]
HPSAC valid search:  26%|██▋       | 353/1333 [00:24<01:05, 15.04it/s]
HPSAC valid search:  27%|██▋       | 355/1333 [00:24<01:04, 15.13it/s]
HPSAC valid search:  27%|██▋       | 357/1333 [00:24<01:05, 14.90it/s]
HPSAC valid search:  27%|██▋       | 359/1333 [00:24<01:06, 14.64it/s]
HPSAC valid search:  27%|██▋       | 361/1333 [00:24<01:06, 14.56it/s]
HPSAC valid search:  27%|██▋       | 363/1333 [00:24<01:07, 14.31it/s]
HPSAC valid search:  27%|██▋       | 365/1333 [00:25<01:07, 14.37it/s]
HPSAC valid search:  28%|██▊       | 367/1333 [00:25<01:08, 14.11it/s]
HPSAC valid search:  28%|██▊       | 369/1333 [00:25<01:08, 14.14it/s]
HPSAC valid search:  28%|██▊       | 371/1333 [00:25<01:08, 14.11it/s]
HPSAC valid search:  28%|██▊       | 373/1333 [00:25<01:08, 14.01it/s]
HPSAC valid search:  28%|██▊       | 375/1333 [00:25<01:07, 14.27it/s]
HPSAC valid search:  28%|██▊       | 377/1333 [00:25<01:06, 14.36it/s]
HPSAC valid search:  28%|██▊       | 379/1333 [00:26<01:07, 14.14it/s]
HPSAC valid search:  29%|██▊       | 381/1333 [00:26<01:06, 14.32it/s]
HPSAC valid search:  29%|██▊       | 383/1333 [00:26<01:06, 14.22it/s]
HPSAC valid search:  29%|██▉       | 385/1333 [00:26<01:05, 14.52it/s]
HPSAC valid search:  29%|██▉       | 387/1333 [00:26<01:04, 14.63it/s]
HPSAC valid search:  29%|██▉       | 389/1333 [00:26<01:03, 14.79it/s]
HPSAC valid search:  30%|███       | 403/1333 [00:26<00:22, 42.02it/s]
HPSAC valid search:  31%|███       | 408/1333 [00:27<00:33, 27.37it/s]
HPSAC valid search:  31%|███       | 412/1333 [00:27<00:40, 22.89it/s]
HPSAC valid search:  31%|███       | 415/1333 [00:27<00:44, 20.50it/s]
HPSAC valid search:  31%|███▏      | 418/1333 [00:27<00:48, 18.83it/s]
HPSAC valid search:  32%|███▏      | 421/1333 [00:28<00:51, 17.63it/s]
HPSAC valid search:  32%|███▏      | 423/1333 [00:28<00:54, 16.81it/s]
HPSAC valid search:  32%|███▏      | 425/1333 [00:28<00:56, 16.10it/s]
HPSAC valid search:  32%|███▏      | 427/1333 [00:28<00:58, 15.53it/s]
HPSAC valid search:  32%|███▏      | 429/1333 [00:28<00:59, 15.21it/s]
HPSAC valid search:  32%|███▏      | 431/1333 [00:28<01:00, 14.95it/s]
HPSAC valid search:  32%|███▏      | 433/1333 [00:28<01:01, 14.68it/s]
HPSAC valid search:  33%|███▎      | 435/1333 [00:29<01:00, 14.81it/s]
HPSAC valid search:  33%|███▎      | 437/1333 [00:29<01:00, 14.84it/s]
HPSAC valid search:  33%|███▎      | 439/1333 [00:29<01:00, 14.89it/s]
HPSAC valid search:  33%|███▎      | 441/1333 [00:29<00:59, 15.07it/s]
HPSAC valid search:  33%|███▎      | 443/1333 [00:29<00:59, 14.98it/s]
HPSAC valid search:  33%|███▎      | 445/1333 [00:29<00:58, 15.06it/s]
HPSAC valid search:  34%|███▎      | 447/1333 [00:29<00:59, 14.98it/s]
HPSAC valid search:  34%|███▎      | 449/1333 [00:29<00:59, 14.96it/s]
HPSAC valid search:  34%|███▍      | 451/1333 [00:30<01:00, 14.66it/s]
HPSAC valid search:  34%|███▍      | 453/1333 [00:30<01:00, 14.48it/s]
HPSAC valid search:  34%|███▍      | 455/1333 [00:30<01:00, 14.40it/s]
HPSAC valid search:  34%|███▍      | 457/1333 [00:30<01:01, 14.35it/s]
HPSAC valid search:  34%|███▍      | 459/1333 [00:30<01:01, 14.29it/s]
HPSAC valid search:  35%|███▍      | 461/1333 [00:30<01:01, 14.26it/s]
HPSAC valid search:  35%|███▍      | 463/1333 [00:30<01:02, 13.98it/s]
HPSAC valid search:  35%|███▍      | 465/1333 [00:31<01:03, 13.73it/s]
HPSAC valid search:  35%|███▌      | 467/1333 [00:31<01:03, 13.74it/s]
HPSAC valid search:  35%|███▌      | 469/1333 [00:31<01:04, 13.37it/s]
HPSAC valid search:  35%|███▌      | 471/1333 [00:31<01:04, 13.31it/s]
HPSAC valid search:  35%|███▌      | 473/1333 [00:31<01:05, 13.21it/s]
HPSAC valid search:  36%|███▌      | 475/1333 [00:31<01:07, 12.79it/s]
HPSAC valid search:  36%|███▌      | 477/1333 [00:32<01:06, 12.95it/s]
HPSAC valid search:  36%|███▌      | 479/1333 [00:32<01:02, 13.58it/s]
HPSAC valid search:  36%|███▌      | 481/1333 [00:32<01:02, 13.72it/s]
HPSAC valid search:  36%|███▌      | 483/1333 [00:32<01:01, 13.85it/s]
HPSAC valid search:  36%|███▋      | 485/1333 [00:32<01:01, 13.87it/s]
HPSAC valid search:  37%|███▋      | 487/1333 [00:32<01:00, 13.94it/s]
HPSAC valid search:  37%|███▋      | 489/1333 [00:32<01:00, 14.03it/s]
HPSAC valid search:  37%|███▋      | 491/1333 [00:33<01:00, 13.88it/s]
HPSAC valid search:  37%|███▋      | 493/1333 [00:33<00:59, 14.02it/s]
HPSAC valid search:  37%|███▋      | 495/1333 [00:33<00:59, 14.11it/s]
HPSAC valid search:  37%|███▋      | 497/1333 [00:33<00:59, 14.16it/s]
HPSAC valid search:  37%|███▋      | 499/1333 [00:33<00:59, 13.95it/s]
HPSAC valid search:  38%|███▊      | 501/1333 [00:33<00:59, 13.98it/s]
HPSAC valid search:  38%|███▊      | 503/1333 [00:33<00:58, 14.19it/s]
HPSAC valid search:  38%|███▊      | 505/1333 [00:34<00:59, 14.02it/s]
HPSAC valid search:  38%|███▊      | 507/1333 [00:34<00:57, 14.36it/s]
HPSAC valid search:  38%|███▊      | 509/1333 [00:34<00:57, 14.44it/s]
HPSAC valid search:  38%|███▊      | 511/1333 [00:34<00:55, 14.68it/s]
HPSAC valid search:  38%|███▊      | 513/1333 [00:34<00:55, 14.72it/s]
HPSAC valid search:  39%|███▊      | 515/1333 [00:34<00:56, 14.42it/s]
HPSAC valid search:  39%|███▉      | 517/1333 [00:34<00:55, 14.57it/s]
HPSAC valid search:  39%|███▉      | 519/1333 [00:35<00:56, 14.38it/s]
HPSAC valid search:  39%|███▉      | 521/1333 [00:35<00:56, 14.31it/s]
HPSAC valid search:  39%|███▉      | 523/1333 [00:35<00:56, 14.24it/s]
HPSAC valid search:  39%|███▉      | 525/1333 [00:35<00:57, 14.12it/s]
HPSAC valid search:  40%|███▉      | 527/1333 [00:35<00:57, 14.10it/s]
HPSAC valid search:  40%|███▉      | 529/1333 [00:35<00:56, 14.13it/s]
HPSAC valid search:  40%|███▉      | 531/1333 [00:35<00:57, 14.01it/s]
HPSAC valid search:  40%|███▉      | 533/1333 [00:35<00:55, 14.33it/s]
HPSAC valid search:  40%|████      | 535/1333 [00:36<00:54, 14.58it/s]
HPSAC valid search:  40%|████      | 537/1333 [00:36<00:54, 14.66it/s]
HPSAC valid search:  40%|████      | 539/1333 [00:36<00:54, 14.67it/s]
HPSAC valid search:  41%|████      | 541/1333 [00:36<00:54, 14.66it/s]
HPSAC valid search:  41%|████      | 543/1333 [00:36<00:55, 14.13it/s]
HPSAC valid search:  41%|████      | 545/1333 [00:36<00:55, 14.11it/s]
HPSAC valid search:  41%|████      | 547/1333 [00:36<00:56, 14.01it/s]
HPSAC valid search:  41%|████      | 549/1333 [00:37<00:55, 14.01it/s]
HPSAC valid search:  41%|████▏     | 551/1333 [00:37<00:55, 14.07it/s]
HPSAC valid search:  41%|████▏     | 553/1333 [00:37<00:55, 13.97it/s]
HPSAC valid search:  42%|████▏     | 555/1333 [00:37<00:56, 13.69it/s]
HPSAC valid search:  42%|████▏     | 557/1333 [00:37<00:56, 13.78it/s]
HPSAC valid search:  42%|████▏     | 559/1333 [00:37<00:55, 13.88it/s]
HPSAC valid search:  42%|████▏     | 561/1333 [00:37<00:55, 13.86it/s]
HPSAC valid search:  42%|████▏     | 563/1333 [00:38<00:54, 14.08it/s]
HPSAC valid search:  42%|████▏     | 565/1333 [00:38<00:54, 14.19it/s]
HPSAC valid search:  43%|████▎     | 567/1333 [00:38<00:53, 14.44it/s]
HPSAC valid search:  43%|████▎     | 569/1333 [00:38<00:52, 14.55it/s]
HPSAC valid search:  43%|████▎     | 571/1333 [00:38<00:51, 14.71it/s]
HPSAC valid search:  43%|████▎     | 573/1333 [00:38<00:51, 14.65it/s]
HPSAC valid search:  43%|████▎     | 575/1333 [00:38<00:51, 14.65it/s]
HPSAC valid search:  43%|████▎     | 577/1333 [00:39<00:51, 14.61it/s]
HPSAC valid search:  43%|████▎     | 579/1333 [00:39<00:51, 14.59it/s]
HPSAC valid search:  44%|████▎     | 581/1333 [00:39<00:51, 14.61it/s]
HPSAC valid search:  44%|████▎     | 583/1333 [00:39<00:50, 14.75it/s]
HPSAC valid search:  44%|████▍     | 585/1333 [00:39<00:50, 14.72it/s]
HPSAC valid search:  44%|████▍     | 587/1333 [00:39<00:50, 14.86it/s]
HPSAC valid search:  44%|████▍     | 589/1333 [00:39<00:50, 14.84it/s]
HPSAC valid search:  44%|████▍     | 591/1333 [00:40<00:50, 14.81it/s]
HPSAC valid search:  44%|████▍     | 593/1333 [00:40<00:50, 14.72it/s]
HPSAC valid search:  45%|████▍     | 595/1333 [00:40<00:50, 14.63it/s]
HPSAC valid search:  45%|████▍     | 597/1333 [00:40<00:49, 14.79it/s]
HPSAC valid search:  45%|████▍     | 599/1333 [00:40<00:49, 14.80it/s]
HPSAC valid search:  45%|████▌     | 601/1333 [00:40<00:49, 14.88it/s]
HPSAC valid search:  45%|████▌     | 603/1333 [00:40<00:49, 14.86it/s]
HPSAC valid search:  45%|████▌     | 605/1333 [00:40<00:50, 14.46it/s]
HPSAC valid search:  46%|████▌     | 607/1333 [00:41<00:51, 14.22it/s]
HPSAC valid search:  46%|████▌     | 609/1333 [00:41<00:51, 14.18it/s]
HPSAC valid search:  46%|████▌     | 611/1333 [00:41<00:51, 14.10it/s]
HPSAC valid search:  46%|████▌     | 613/1333 [00:41<00:51, 14.09it/s]
HPSAC valid search:  46%|████▌     | 615/1333 [00:41<00:51, 14.06it/s]
HPSAC valid search:  46%|████▋     | 617/1333 [00:41<00:50, 14.14it/s]
HPSAC valid search:  46%|████▋     | 619/1333 [00:41<00:51, 13.95it/s]
HPSAC valid search:  47%|████▋     | 621/1333 [00:42<00:50, 14.02it/s]
HPSAC valid search:  47%|████▋     | 623/1333 [00:42<00:50, 14.10it/s]
HPSAC valid search:  47%|████▋     | 625/1333 [00:42<00:49, 14.21it/s]
HPSAC valid search:  47%|████▋     | 627/1333 [00:42<00:50, 14.04it/s]
HPSAC valid search:  47%|████▋     | 629/1333 [00:42<00:50, 13.99it/s]
HPSAC valid search:  47%|████▋     | 631/1333 [00:42<00:49, 14.10it/s]
HPSAC valid search:  47%|████▋     | 633/1333 [00:42<00:48, 14.30it/s]
HPSAC valid search:  48%|████▊     | 635/1333 [00:43<00:48, 14.27it/s]
HPSAC valid search:  48%|████▊     | 637/1333 [00:43<00:48, 14.36it/s]
HPSAC valid search:  48%|████▊     | 639/1333 [00:43<00:48, 14.46it/s]
HPSAC valid search:  48%|████▊     | 641/1333 [00:43<00:47, 14.50it/s]
HPSAC valid search:  48%|████▊     | 643/1333 [00:43<00:47, 14.51it/s]
HPSAC valid search:  48%|████▊     | 645/1333 [00:43<00:46, 14.66it/s]
HPSAC valid search:  49%|████▊     | 647/1333 [00:43<00:46, 14.77it/s]
HPSAC valid search:  49%|████▊     | 649/1333 [00:44<00:46, 14.75it/s]
HPSAC valid search:  49%|████▉     | 651/1333 [00:44<00:45, 14.97it/s]
HPSAC valid search:  49%|████▉     | 653/1333 [00:44<00:45, 14.96it/s]
HPSAC valid search:  49%|████▉     | 655/1333 [00:44<00:45, 14.89it/s]
HPSAC valid search:  49%|████▉     | 657/1333 [00:44<00:45, 14.87it/s]
HPSAC valid search:  49%|████▉     | 659/1333 [00:44<00:45, 14.92it/s]
HPSAC valid search:  50%|████▉     | 661/1333 [00:44<00:44, 14.96it/s]
HPSAC valid search:  50%|████▉     | 663/1333 [00:44<00:44, 14.91it/s]
HPSAC valid search:  50%|████▉     | 665/1333 [00:45<00:44, 14.88it/s]
HPSAC valid search:  50%|█████     | 667/1333 [00:45<00:45, 14.79it/s]
HPSAC valid search:  50%|█████     | 669/1333 [00:45<00:45, 14.71it/s]
HPSAC valid search:  50%|█████     | 671/1333 [00:45<00:45, 14.49it/s]
HPSAC valid search:  50%|█████     | 673/1333 [00:45<00:45, 14.41it/s]
HPSAC valid search:  51%|█████     | 675/1333 [00:45<00:46, 14.30it/s]
HPSAC valid search:  51%|█████     | 677/1333 [00:45<00:45, 14.29it/s]
HPSAC valid search:  51%|█████     | 679/1333 [00:46<00:46, 14.03it/s]
HPSAC valid search:  51%|█████     | 681/1333 [00:46<00:46, 14.05it/s]
HPSAC valid search:  51%|█████     | 683/1333 [00:46<00:46, 14.07it/s]
HPSAC valid search:  51%|█████▏    | 685/1333 [00:46<00:46, 14.05it/s]
HPSAC valid search:  52%|█████▏    | 687/1333 [00:46<00:46, 13.99it/s]
HPSAC valid search:  52%|█████▏    | 689/1333 [00:46<00:45, 14.01it/s]
HPSAC valid search:  52%|█████▏    | 691/1333 [00:46<00:45, 14.02it/s]
HPSAC valid search:  52%|█████▏    | 693/1333 [00:47<00:44, 14.25it/s]
HPSAC valid search:  52%|█████▏    | 695/1333 [00:47<00:44, 14.46it/s]
HPSAC valid search:  52%|█████▏    | 697/1333 [00:47<00:43, 14.56it/s]
HPSAC valid search:  52%|█████▏    | 699/1333 [00:47<00:43, 14.70it/s]
HPSAC valid search:  53%|█████▎    | 701/1333 [00:47<00:42, 14.83it/s]
HPSAC valid search:  53%|█████▎    | 703/1333 [00:47<00:42, 14.90it/s]
HPSAC valid search:  53%|█████▎    | 705/1333 [00:47<00:42, 14.83it/s]
HPSAC valid search:  53%|█████▎    | 707/1333 [00:48<00:42, 14.80it/s]
HPSAC valid search:  53%|█████▎    | 709/1333 [00:48<00:42, 14.66it/s]
HPSAC valid search:  53%|█████▎    | 711/1333 [00:48<00:41, 14.85it/s]
HPSAC valid search:  53%|█████▎    | 713/1333 [00:48<00:41, 14.85it/s]
HPSAC valid search:  54%|█████▎    | 715/1333 [00:48<00:41, 14.80it/s]
HPSAC valid search:  54%|█████▍    | 717/1333 [00:48<00:42, 14.57it/s]
HPSAC valid search:  54%|█████▍    | 719/1333 [00:48<00:42, 14.52it/s]
HPSAC valid search:  54%|█████▍    | 721/1333 [00:49<00:42, 14.42it/s]
HPSAC valid search:  54%|█████▍    | 723/1333 [00:49<00:42, 14.43it/s]
HPSAC valid search:  54%|█████▍    | 725/1333 [00:49<00:42, 14.42it/s]
HPSAC valid search:  55%|█████▍    | 727/1333 [00:49<00:41, 14.48it/s]
HPSAC valid search:  55%|█████▍    | 729/1333 [00:49<00:41, 14.46it/s]
HPSAC valid search:  55%|█████▍    | 731/1333 [00:49<00:41, 14.48it/s]
HPSAC valid search:  55%|█████▍    | 733/1333 [00:49<00:41, 14.50it/s]
HPSAC valid search:  55%|█████▌    | 735/1333 [00:49<00:41, 14.34it/s]
HPSAC valid search:  55%|█████▌    | 737/1333 [00:50<00:41, 14.30it/s]
HPSAC valid search:  55%|█████▌    | 739/1333 [00:50<00:41, 14.38it/s]
HPSAC valid search:  56%|█████▌    | 741/1333 [00:50<00:40, 14.48it/s]
HPSAC valid search:  56%|█████▌    | 743/1333 [00:50<00:40, 14.42it/s]
HPSAC valid search:  56%|█████▌    | 745/1333 [00:50<00:40, 14.46it/s]
HPSAC valid search:  56%|█████▌    | 747/1333 [00:50<00:41, 14.23it/s]
HPSAC valid search:  56%|█████▌    | 749/1333 [00:50<00:42, 13.79it/s]
HPSAC valid search:  56%|█████▋    | 751/1333 [00:51<00:42, 13.70it/s]
HPSAC valid search:  56%|█████▋    | 753/1333 [00:51<00:42, 13.63it/s]
HPSAC valid search:  57%|█████▋    | 755/1333 [00:51<00:42, 13.67it/s]
HPSAC valid search:  57%|█████▋    | 757/1333 [00:51<00:41, 13.75it/s]
HPSAC valid search:  57%|█████▋    | 759/1333 [00:51<00:41, 13.98it/s]
HPSAC valid search:  57%|█████▋    | 761/1333 [00:51<00:40, 14.04it/s]
HPSAC valid search:  57%|█████▋    | 763/1333 [00:51<00:40, 14.16it/s]
HPSAC valid search:  57%|█████▋    | 765/1333 [00:52<00:39, 14.32it/s]
HPSAC valid search:  58%|█████▊    | 767/1333 [00:52<00:39, 14.29it/s]
HPSAC valid search:  58%|█████▊    | 769/1333 [00:52<00:39, 14.36it/s]
HPSAC valid search:  58%|█████▊    | 771/1333 [00:52<00:38, 14.45it/s]
HPSAC valid search:  58%|█████▊    | 773/1333 [00:52<00:39, 14.18it/s]
HPSAC valid search:  58%|█████▊    | 775/1333 [00:52<00:40, 13.91it/s]
HPSAC valid search:  58%|█████▊    | 777/1333 [00:52<00:40, 13.84it/s]
HPSAC valid search:  58%|█████▊    | 779/1333 [00:53<00:40, 13.84it/s]
HPSAC valid search:  59%|█████▊    | 781/1333 [00:53<00:40, 13.75it/s]
HPSAC valid search:  59%|█████▊    | 783/1333 [00:53<00:39, 13.93it/s]
HPSAC valid search:  59%|█████▉    | 785/1333 [00:53<00:39, 13.95it/s]
HPSAC valid search:  59%|█████▉    | 787/1333 [00:53<00:38, 14.17it/s]
HPSAC valid search:  59%|█████▉    | 789/1333 [00:53<00:38, 14.09it/s]
HPSAC valid search:  59%|█████▉    | 791/1333 [00:53<00:37, 14.31it/s]
HPSAC valid search:  59%|█████▉    | 793/1333 [00:54<00:38, 14.12it/s]
HPSAC valid search:  60%|█████▉    | 795/1333 [00:54<00:38, 13.83it/s]
HPSAC valid search:  60%|█████▉    | 797/1333 [00:54<00:38, 13.88it/s]
HPSAC valid search:  60%|█████▉    | 799/1333 [00:54<00:39, 13.66it/s]
HPSAC valid search:  60%|██████    | 801/1333 [00:54<00:38, 13.65it/s]
HPSAC valid search:  60%|██████    | 803/1333 [00:54<00:39, 13.58it/s]
HPSAC valid search:  60%|██████    | 805/1333 [00:54<00:39, 13.47it/s]
HPSAC valid search:  61%|██████    | 807/1333 [00:55<00:38, 13.63it/s]
HPSAC valid search:  61%|██████    | 809/1333 [00:55<00:38, 13.46it/s]
HPSAC valid search:  61%|██████    | 811/1333 [00:55<00:38, 13.54it/s]
HPSAC valid search:  61%|██████    | 813/1333 [00:55<00:38, 13.56it/s]
HPSAC valid search:  61%|██████    | 815/1333 [00:55<00:40, 12.93it/s]
HPSAC valid search:  61%|██████▏   | 817/1333 [00:55<00:39, 12.98it/s]
HPSAC valid search:  61%|██████▏   | 819/1333 [00:56<00:39, 12.98it/s]
HPSAC valid search:  62%|██████▏   | 821/1333 [00:56<00:38, 13.22it/s]
HPSAC valid search:  62%|██████▏   | 823/1333 [00:56<00:37, 13.57it/s]
HPSAC valid search:  62%|██████▏   | 825/1333 [00:56<00:36, 13.86it/s]
HPSAC valid search:  62%|██████▏   | 827/1333 [00:56<00:37, 13.57it/s]
HPSAC valid search:  62%|██████▏   | 829/1333 [00:56<00:36, 13.67it/s]
HPSAC valid search:  62%|██████▏   | 831/1333 [00:56<00:36, 13.64it/s]
HPSAC valid search:  62%|██████▏   | 833/1333 [00:57<00:36, 13.73it/s]
HPSAC valid search:  63%|██████▎   | 835/1333 [00:57<00:36, 13.59it/s]
HPSAC valid search:  63%|██████▎   | 837/1333 [00:57<00:36, 13.71it/s]
HPSAC valid search:  63%|██████▎   | 839/1333 [00:57<00:35, 13.83it/s]
HPSAC valid search:  63%|██████▎   | 841/1333 [00:57<00:35, 13.95it/s]
HPSAC valid search:  63%|██████▎   | 843/1333 [00:57<00:34, 14.20it/s]
HPSAC valid search:  63%|██████▎   | 845/1333 [00:57<00:34, 14.30it/s]
HPSAC valid search:  64%|██████▎   | 847/1333 [00:58<00:35, 13.83it/s]
HPSAC valid search:  65%|██████▍   | 861/1333 [00:58<00:12, 36.56it/s]
HPSAC valid search:  65%|██████▍   | 865/1333 [00:58<00:18, 25.81it/s]
HPSAC valid search:  65%|██████▌   | 868/1333 [00:58<00:20, 22.39it/s]
HPSAC valid search:  65%|██████▌   | 871/1333 [00:58<00:23, 19.46it/s]
HPSAC valid search:  66%|██████▌   | 874/1333 [00:59<00:26, 17.57it/s]
HPSAC valid search:  66%|██████▌   | 876/1333 [00:59<00:27, 16.82it/s]
HPSAC valid search:  66%|██████▌   | 878/1333 [00:59<00:28, 16.03it/s]
HPSAC valid search:  66%|██████▌   | 880/1333 [00:59<00:29, 15.49it/s]
HPSAC valid search:  66%|██████▌   | 882/1333 [00:59<00:30, 15.02it/s]
HPSAC valid search:  66%|██████▋   | 884/1333 [00:59<00:30, 14.72it/s]
HPSAC valid search:  66%|██████▋   | 886/1333 [01:00<00:30, 14.50it/s]
HPSAC valid search:  67%|██████▋   | 888/1333 [01:00<00:30, 14.37it/s]
HPSAC valid search:  67%|██████▋   | 890/1333 [01:00<00:31, 14.15it/s]
HPSAC valid search:  67%|██████▋   | 892/1333 [01:00<00:31, 14.04it/s]
HPSAC valid search:  67%|██████▋   | 894/1333 [01:00<00:31, 14.11it/s]
HPSAC valid search:  67%|██████▋   | 896/1333 [01:00<00:31, 14.07it/s]
HPSAC valid search:  67%|██████▋   | 898/1333 [01:00<00:30, 14.10it/s]
HPSAC valid search:  68%|██████▊   | 900/1333 [01:01<00:30, 14.25it/s]
HPSAC valid search:  68%|██████▊   | 902/1333 [01:01<00:29, 14.38it/s]
HPSAC valid search:  68%|██████▊   | 904/1333 [01:01<00:29, 14.61it/s]
HPSAC valid search:  68%|██████▊   | 906/1333 [01:01<00:28, 14.74it/s]
HPSAC valid search:  68%|██████▊   | 908/1333 [01:01<00:28, 14.85it/s]
HPSAC valid search:  68%|██████▊   | 910/1333 [01:01<00:28, 14.76it/s]
HPSAC valid search:  68%|██████▊   | 912/1333 [01:01<00:28, 14.87it/s]
HPSAC valid search:  69%|██████▊   | 914/1333 [01:01<00:27, 15.05it/s]
HPSAC valid search:  69%|██████▊   | 916/1333 [01:02<00:27, 14.99it/s]
HPSAC valid search:  69%|██████▉   | 918/1333 [01:02<00:27, 15.10it/s]
HPSAC valid search:  69%|██████▉   | 920/1333 [01:02<00:27, 15.15it/s]
HPSAC valid search:  69%|██████▉   | 922/1333 [01:02<00:27, 15.09it/s]
HPSAC valid search:  69%|██████▉   | 924/1333 [01:02<00:27, 15.03it/s]
HPSAC valid search:  69%|██████▉   | 926/1333 [01:02<00:27, 14.97it/s]
HPSAC valid search:  70%|██████▉   | 928/1333 [01:02<00:26, 15.02it/s]
HPSAC valid search:  70%|██████▉   | 930/1333 [01:03<00:26, 14.95it/s]
HPSAC valid search:  70%|██████▉   | 932/1333 [01:03<00:26, 14.92it/s]
HPSAC valid search:  70%|███████   | 934/1333 [01:03<00:26, 14.86it/s]
HPSAC valid search:  70%|███████   | 936/1333 [01:03<00:26, 15.02it/s]
HPSAC valid search:  70%|███████   | 938/1333 [01:03<00:26, 14.91it/s]
HPSAC valid search:  71%|███████   | 940/1333 [01:03<00:26, 15.08it/s]
HPSAC valid search:  71%|███████   | 942/1333 [01:03<00:26, 14.99it/s]
HPSAC valid search:  71%|███████   | 944/1333 [01:03<00:25, 14.98it/s]
HPSAC valid search:  71%|███████   | 946/1333 [01:04<00:25, 14.93it/s]
HPSAC valid search:  71%|███████   | 948/1333 [01:04<00:25, 14.90it/s]
HPSAC valid search:  71%|███████▏  | 950/1333 [01:04<00:25, 14.97it/s]
HPSAC valid search:  71%|███████▏  | 952/1333 [01:04<00:25, 14.95it/s]
HPSAC valid search:  72%|███████▏  | 954/1333 [01:04<00:25, 14.92it/s]
HPSAC valid search:  72%|███████▏  | 956/1333 [01:04<00:25, 14.98it/s]
HPSAC valid search:  72%|███████▏  | 958/1333 [01:04<00:24, 15.02it/s]
HPSAC valid search:  72%|███████▏  | 960/1333 [01:05<00:24, 14.97it/s]
HPSAC valid search:  72%|███████▏  | 962/1333 [01:05<00:24, 15.04it/s]
HPSAC valid search:  72%|███████▏  | 964/1333 [01:05<00:24, 15.00it/s]
HPSAC valid search:  72%|███████▏  | 966/1333 [01:05<00:24, 14.99it/s]
HPSAC valid search:  73%|███████▎  | 968/1333 [01:05<00:24, 15.08it/s]
HPSAC valid search:  73%|███████▎  | 970/1333 [01:05<00:24, 15.00it/s]
HPSAC valid search:  73%|███████▎  | 972/1333 [01:05<00:23, 15.06it/s]
HPSAC valid search:  73%|███████▎  | 974/1333 [01:06<00:24, 14.87it/s]
HPSAC valid search:  73%|███████▎  | 976/1333 [01:06<00:23, 15.00it/s]
HPSAC valid search:  73%|███████▎  | 978/1333 [01:06<00:23, 15.02it/s]
HPSAC valid search:  74%|███████▎  | 980/1333 [01:06<00:23, 15.10it/s]
HPSAC valid search:  74%|███████▎  | 982/1333 [01:06<00:23, 15.10it/s]
HPSAC valid search:  74%|███████▍  | 984/1333 [01:06<00:23, 15.09it/s]
HPSAC valid search:  74%|███████▍  | 986/1333 [01:06<00:23, 15.05it/s]
HPSAC valid search:  74%|███████▍  | 988/1333 [01:06<00:22, 15.06it/s]
HPSAC valid search:  74%|███████▍  | 990/1333 [01:07<00:22, 14.92it/s]
HPSAC valid search:  74%|███████▍  | 992/1333 [01:07<00:22, 14.86it/s]
HPSAC valid search:  75%|███████▍  | 994/1333 [01:07<00:23, 14.53it/s]
HPSAC valid search:  75%|███████▍  | 996/1333 [01:07<00:23, 14.29it/s]
HPSAC valid search:  75%|███████▍  | 998/1333 [01:07<00:23, 14.23it/s]
HPSAC valid search:  75%|███████▌  | 1000/1333 [01:07<00:23, 14.10it/s]
HPSAC valid search:  75%|███████▌  | 1002/1333 [01:07<00:23, 14.12it/s]
HPSAC valid search:  75%|███████▌  | 1004/1333 [01:08<00:23, 14.10it/s]
HPSAC valid search:  75%|███████▌  | 1006/1333 [01:08<00:23, 14.02it/s]
HPSAC valid search:  76%|███████▌  | 1008/1333 [01:08<00:23, 13.75it/s]
HPSAC valid search:  76%|███████▌  | 1010/1333 [01:08<00:24, 13.42it/s]
HPSAC valid search:  76%|███████▌  | 1012/1333 [01:08<00:24, 13.15it/s]
HPSAC valid search:  76%|███████▌  | 1014/1333 [01:08<00:24, 12.80it/s]
HPSAC valid search:  76%|███████▌  | 1016/1333 [01:08<00:24, 12.80it/s]
HPSAC valid search:  76%|███████▋  | 1018/1333 [01:09<00:23, 13.32it/s]
HPSAC valid search:  77%|███████▋  | 1020/1333 [01:09<00:23, 13.33it/s]
HPSAC valid search:  77%|███████▋  | 1022/1333 [01:09<00:22, 13.52it/s]
HPSAC valid search:  77%|███████▋  | 1024/1333 [01:09<00:22, 13.47it/s]
HPSAC valid search:  77%|███████▋  | 1026/1333 [01:09<00:22, 13.54it/s]
HPSAC valid search:  77%|███████▋  | 1028/1333 [01:09<00:22, 13.58it/s]
HPSAC valid search:  77%|███████▋  | 1030/1333 [01:10<00:22, 13.60it/s]
HPSAC valid search:  77%|███████▋  | 1032/1333 [01:10<00:22, 13.59it/s]
HPSAC valid search:  78%|███████▊  | 1034/1333 [01:10<00:21, 13.78it/s]
HPSAC valid search:  78%|███████▊  | 1036/1333 [01:10<00:21, 14.08it/s]
HPSAC valid search:  78%|███████▊  | 1038/1333 [01:10<00:20, 14.30it/s]
HPSAC valid search:  78%|███████▊  | 1040/1333 [01:10<00:20, 14.61it/s]
HPSAC valid search:  78%|███████▊  | 1042/1333 [01:10<00:20, 14.23it/s]
HPSAC valid search:  78%|███████▊  | 1044/1333 [01:10<00:20, 14.18it/s]
HPSAC valid search:  78%|███████▊  | 1046/1333 [01:11<00:20, 13.98it/s]
HPSAC valid search:  79%|███████▊  | 1048/1333 [01:11<00:20, 14.12it/s]
HPSAC valid search:  79%|███████▉  | 1050/1333 [01:11<00:19, 14.27it/s]
HPSAC valid search:  79%|███████▉  | 1052/1333 [01:11<00:19, 14.43it/s]
HPSAC valid search:  79%|███████▉  | 1054/1333 [01:11<00:19, 14.64it/s]
HPSAC valid search:  79%|███████▉  | 1056/1333 [01:11<00:18, 14.63it/s]
HPSAC valid search:  79%|███████▉  | 1058/1333 [01:11<00:18, 14.79it/s]
HPSAC valid search:  80%|███████▉  | 1060/1333 [01:12<00:18, 14.72it/s]
HPSAC valid search:  80%|███████▉  | 1062/1333 [01:12<00:18, 14.87it/s]
HPSAC valid search:  80%|███████▉  | 1064/1333 [01:12<00:18, 14.78it/s]
HPSAC valid search:  80%|███████▉  | 1066/1333 [01:12<00:17, 14.86it/s]
HPSAC valid search:  80%|████████  | 1068/1333 [01:12<00:18, 14.65it/s]
HPSAC valid search:  80%|████████  | 1070/1333 [01:12<00:17, 14.82it/s]
HPSAC valid search:  80%|████████  | 1072/1333 [01:12<00:17, 14.81it/s]
HPSAC valid search:  81%|████████  | 1074/1333 [01:13<00:17, 14.79it/s]
HPSAC valid search:  81%|████████  | 1076/1333 [01:13<00:17, 14.80it/s]
HPSAC valid search:  81%|████████  | 1078/1333 [01:13<00:17, 14.81it/s]
HPSAC valid search:  81%|████████  | 1080/1333 [01:13<00:17, 14.79it/s]
HPSAC valid search:  81%|████████  | 1082/1333 [01:13<00:16, 14.81it/s]
HPSAC valid search:  81%|████████▏ | 1084/1333 [01:13<00:16, 14.87it/s]
HPSAC valid search:  81%|████████▏ | 1086/1333 [01:13<00:16, 14.86it/s]
HPSAC valid search:  82%|████████▏ | 1088/1333 [01:13<00:16, 14.52it/s]
HPSAC valid search:  82%|████████▏ | 1090/1333 [01:14<00:16, 14.69it/s]
HPSAC valid search:  82%|████████▏ | 1092/1333 [01:14<00:16, 14.67it/s]
HPSAC valid search:  82%|████████▏ | 1094/1333 [01:14<00:16, 14.91it/s]
HPSAC valid search:  82%|████████▏ | 1096/1333 [01:14<00:15, 14.89it/s]
HPSAC valid search:  82%|████████▏ | 1098/1333 [01:14<00:15, 14.90it/s]
HPSAC valid search:  83%|████████▎ | 1100/1333 [01:14<00:15, 14.86it/s]
HPSAC valid search:  83%|████████▎ | 1102/1333 [01:14<00:15, 14.86it/s]
HPSAC valid search:  83%|████████▎ | 1104/1333 [01:15<00:15, 14.93it/s]
HPSAC valid search:  83%|████████▎ | 1106/1333 [01:15<00:15, 14.92it/s]
HPSAC valid search:  83%|████████▎ | 1108/1333 [01:15<00:15, 14.65it/s]
HPSAC valid search:  83%|████████▎ | 1110/1333 [01:15<00:15, 14.34it/s]
HPSAC valid search:  83%|████████▎ | 1112/1333 [01:15<00:15, 14.35it/s]
HPSAC valid search:  84%|████████▎ | 1114/1333 [01:15<00:15, 14.10it/s]
HPSAC valid search:  84%|████████▎ | 1116/1333 [01:15<00:15, 13.80it/s]
HPSAC valid search:  84%|████████▍ | 1118/1333 [01:16<00:15, 13.84it/s]
HPSAC valid search:  84%|████████▍ | 1120/1333 [01:16<00:15, 13.75it/s]
HPSAC valid search:  84%|████████▍ | 1122/1333 [01:16<00:15, 13.75it/s]
HPSAC valid search:  84%|████████▍ | 1124/1333 [01:16<00:15, 13.69it/s]
HPSAC valid search:  84%|████████▍ | 1126/1333 [01:16<00:14, 13.97it/s]
HPSAC valid search:  85%|████████▍ | 1128/1333 [01:16<00:14, 14.20it/s]
HPSAC valid search:  85%|████████▍ | 1130/1333 [01:16<00:14, 14.32it/s]
HPSAC valid search:  85%|████████▍ | 1132/1333 [01:17<00:14, 14.32it/s]
HPSAC valid search:  85%|████████▌ | 1134/1333 [01:17<00:14, 14.02it/s]
HPSAC valid search:  85%|████████▌ | 1136/1333 [01:17<00:13, 14.26it/s]
HPSAC valid search:  85%|████████▌ | 1138/1333 [01:17<00:13, 14.15it/s]
HPSAC valid search:  86%|████████▌ | 1140/1333 [01:17<00:13, 14.01it/s]
HPSAC valid search:  86%|████████▌ | 1142/1333 [01:17<00:13, 14.45it/s]
HPSAC valid search:  86%|████████▌ | 1144/1333 [01:17<00:12, 14.59it/s]
HPSAC valid search:  86%|████████▌ | 1146/1333 [01:18<00:13, 14.35it/s]
HPSAC valid search:  86%|████████▌ | 1148/1333 [01:18<00:12, 14.26it/s]
HPSAC valid search:  86%|████████▋ | 1150/1333 [01:18<00:12, 14.35it/s]
HPSAC valid search:  86%|████████▋ | 1152/1333 [01:18<00:12, 14.13it/s]
HPSAC valid search:  87%|████████▋ | 1154/1333 [01:18<00:12, 14.36it/s]
HPSAC valid search:  87%|████████▋ | 1156/1333 [01:18<00:12, 14.46it/s]
HPSAC valid search:  87%|████████▋ | 1158/1333 [01:18<00:12, 14.44it/s]
HPSAC valid search:  87%|████████▋ | 1160/1333 [01:19<00:11, 14.44it/s]
HPSAC valid search:  87%|████████▋ | 1162/1333 [01:19<00:11, 14.52it/s]
HPSAC valid search:  87%|████████▋ | 1164/1333 [01:19<00:11, 14.59it/s]
HPSAC valid search:  87%|████████▋ | 1166/1333 [01:19<00:11, 14.66it/s]
HPSAC valid search:  88%|████████▊ | 1168/1333 [01:19<00:11, 14.30it/s]
HPSAC valid search:  88%|████████▊ | 1170/1333 [01:19<00:11, 13.94it/s]
HPSAC valid search:  88%|████████▊ | 1172/1333 [01:19<00:11, 14.15it/s]
HPSAC valid search:  88%|████████▊ | 1174/1333 [01:19<00:11, 14.37it/s]
HPSAC valid search:  88%|████████▊ | 1176/1333 [01:20<00:10, 14.50it/s]
HPSAC valid search:  88%|████████▊ | 1178/1333 [01:20<00:10, 14.43it/s]
HPSAC valid search:  89%|████████▊ | 1180/1333 [01:20<00:10, 14.56it/s]
HPSAC valid search:  89%|████████▊ | 1182/1333 [01:20<00:10, 14.44it/s]
HPSAC valid search:  89%|████████▉ | 1184/1333 [01:20<00:10, 14.38it/s]
HPSAC valid search:  89%|████████▉ | 1186/1333 [01:20<00:10, 14.19it/s]
HPSAC valid search:  89%|████████▉ | 1188/1333 [01:20<00:10, 14.24it/s]
HPSAC valid search:  89%|████████▉ | 1190/1333 [01:21<00:09, 14.34it/s]
HPSAC valid search:  89%|████████▉ | 1192/1333 [01:21<00:09, 14.49it/s]
HPSAC valid search:  90%|████████▉ | 1194/1333 [01:21<00:09, 14.46it/s]
HPSAC valid search:  90%|████████▉ | 1196/1333 [01:21<00:09, 14.42it/s]
HPSAC valid search:  90%|████████▉ | 1198/1333 [01:21<00:09, 14.42it/s]
HPSAC valid search:  90%|█████████ | 1200/1333 [01:21<00:09, 14.39it/s]
HPSAC valid search:  90%|█████████ | 1202/1333 [01:21<00:08, 14.58it/s]
HPSAC valid search:  90%|█████████ | 1204/1333 [01:22<00:08, 14.54it/s]
HPSAC valid search:  90%|█████████ | 1206/1333 [01:22<00:08, 14.51it/s]
HPSAC valid search:  91%|█████████ | 1208/1333 [01:22<00:08, 14.51it/s]
HPSAC valid search:  91%|█████████ | 1210/1333 [01:22<00:08, 14.50it/s]
HPSAC valid search:  91%|█████████ | 1212/1333 [01:22<00:08, 14.48it/s]
HPSAC valid search:  91%|█████████ | 1214/1333 [01:22<00:08, 14.65it/s]
HPSAC valid search:  91%|█████████ | 1216/1333 [01:22<00:07, 14.66it/s]
HPSAC valid search:  91%|█████████▏| 1218/1333 [01:23<00:07, 14.60it/s]
HPSAC valid search:  92%|█████████▏| 1220/1333 [01:23<00:07, 14.62it/s]
HPSAC valid search:  92%|█████████▏| 1222/1333 [01:23<00:07, 14.70it/s]
HPSAC valid search:  92%|█████████▏| 1224/1333 [01:23<00:07, 14.55it/s]
HPSAC valid search:  92%|█████████▏| 1226/1333 [01:23<00:07, 14.48it/s]
HPSAC valid search:  92%|█████████▏| 1228/1333 [01:23<00:07, 14.45it/s]
HPSAC valid search:  92%|█████████▏| 1230/1333 [01:23<00:07, 14.59it/s]
HPSAC valid search:  92%|█████████▏| 1232/1333 [01:23<00:06, 14.61it/s]
HPSAC valid search:  93%|█████████▎| 1234/1333 [01:24<00:06, 14.55it/s]
HPSAC valid search:  93%|█████████▎| 1236/1333 [01:24<00:06, 14.67it/s]
HPSAC valid search:  93%|█████████▎| 1238/1333 [01:24<00:06, 14.44it/s]
HPSAC valid search:  93%|█████████▎| 1240/1333 [01:24<00:06, 14.47it/s]
HPSAC valid search:  93%|█████████▎| 1242/1333 [01:24<00:06, 14.29it/s]
HPSAC valid search:  93%|█████████▎| 1244/1333 [01:24<00:06, 14.48it/s]
HPSAC valid search:  93%|█████████▎| 1246/1333 [01:24<00:05, 14.51it/s]
HPSAC valid search:  94%|█████████▎| 1248/1333 [01:25<00:05, 14.54it/s]
HPSAC valid search:  94%|█████████▍| 1250/1333 [01:25<00:05, 14.53it/s]
HPSAC valid search:  94%|█████████▍| 1252/1333 [01:25<00:05, 14.56it/s]
HPSAC valid search:  94%|█████████▍| 1254/1333 [01:25<00:05, 14.50it/s]
HPSAC valid search:  94%|█████████▍| 1256/1333 [01:25<00:05, 14.65it/s]
HPSAC valid search:  94%|█████████▍| 1258/1333 [01:25<00:05, 14.61it/s]
HPSAC valid search:  95%|█████████▍| 1260/1333 [01:25<00:05, 14.59it/s]
HPSAC valid search:  95%|█████████▍| 1262/1333 [01:26<00:04, 14.59it/s]
HPSAC valid search:  95%|█████████▍| 1264/1333 [01:26<00:04, 14.64it/s]
HPSAC valid search:  95%|█████████▍| 1266/1333 [01:26<00:04, 14.66it/s]
HPSAC valid search:  95%|█████████▌| 1268/1333 [01:26<00:04, 14.63it/s]
HPSAC valid search:  95%|█████████▌| 1270/1333 [01:26<00:04, 14.64it/s]
HPSAC valid search:  95%|█████████▌| 1272/1333 [01:26<00:04, 14.71it/s]
HPSAC valid search:  96%|█████████▌| 1274/1333 [01:26<00:04, 14.61it/s]
HPSAC valid search:  96%|█████████▌| 1276/1333 [01:27<00:03, 14.38it/s]
HPSAC valid search:  96%|█████████▌| 1278/1333 [01:27<00:03, 14.50it/s]
HPSAC valid search:  96%|█████████▌| 1280/1333 [01:27<00:03, 14.50it/s]
HPSAC valid search:  96%|█████████▌| 1282/1333 [01:27<00:03, 14.33it/s]
HPSAC valid search:  96%|█████████▋| 1284/1333 [01:27<00:03, 14.42it/s]
HPSAC valid search:  96%|█████████▋| 1286/1333 [01:27<00:03, 14.28it/s]
HPSAC valid search:  97%|█████████▋| 1288/1333 [01:27<00:03, 14.22it/s]
HPSAC valid search:  97%|█████████▋| 1290/1333 [01:27<00:03, 14.22it/s]
HPSAC valid search:  97%|█████████▋| 1292/1333 [01:28<00:02, 13.72it/s]
HPSAC valid search:  97%|█████████▋| 1294/1333 [01:28<00:02, 13.63it/s]
HPSAC valid search:  97%|█████████▋| 1296/1333 [01:28<00:02, 13.81it/s]
HPSAC valid search:  97%|█████████▋| 1298/1333 [01:28<00:02, 13.91it/s]
HPSAC valid search:  98%|█████████▊| 1300/1333 [01:28<00:02, 13.89it/s]
HPSAC valid search:  98%|█████████▊| 1302/1333 [01:28<00:02, 14.02it/s]
HPSAC valid search:  98%|█████████▊| 1304/1333 [01:29<00:02, 14.01it/s]
HPSAC valid search:  98%|█████████▊| 1306/1333 [01:29<00:01, 14.05it/s]
HPSAC valid search:  98%|█████████▊| 1308/1333 [01:29<00:01, 14.13it/s]
HPSAC valid search:  98%|█████████▊| 1310/1333 [01:29<00:01, 14.14it/s]
HPSAC valid search:  98%|█████████▊| 1312/1333 [01:29<00:01, 14.23it/s]
HPSAC valid search:  99%|█████████▉| 1325/1333 [01:29<00:00, 38.12it/s]
HPSAC valid search: 100%|█████████▉| 1329/1333 [01:29<00:00, 26.77it/s]
HPSAC valid search: 100%|██████████| 1333/1333 [01:30<00:00, 21.83it/s]
                                                                       
HPSAC selected groups | level1_groups=80 | non_fallback_effective=0 | non_fallback_both_have_text=0
HPSAC fallback stats | all_levels_total=86 | all_levels_specific=0 | all_levels_fallback=86 | effective_level1_specific=0 | effective_level1_fallback=80

HPSAC calibration_valid:   0%|          | 0/1333 [00:00<?, ?it/s]
HPSAC calibration_valid:   0%|          | 2/1333 [00:00<01:39, 13.35it/s]
HPSAC calibration_valid:   0%|          | 4/1333 [00:00<01:33, 14.19it/s]
HPSAC calibration_valid:   0%|          | 6/1333 [00:00<01:35, 13.83it/s]
HPSAC calibration_valid:   1%|          | 8/1333 [00:00<01:35, 13.90it/s]
HPSAC calibration_valid:   1%|          | 10/1333 [00:00<01:35, 13.84it/s]
HPSAC calibration_valid:   1%|          | 12/1333 [00:00<01:34, 14.02it/s]
HPSAC calibration_valid:   1%|          | 14/1333 [00:01<01:33, 14.09it/s]
HPSAC calibration_valid:   1%|          | 16/1333 [00:01<01:32, 14.17it/s]
HPSAC calibration_valid:   1%|▏         | 18/1333 [00:01<01:34, 13.98it/s]
HPSAC calibration_valid:   2%|▏         | 20/1333 [00:01<01:34, 13.88it/s]
HPSAC calibration_valid:   2%|▏         | 22/1333 [00:01<01:34, 13.83it/s]
HPSAC calibration_valid:   2%|▏         | 24/1333 [00:01<01:33, 13.95it/s]
HPSAC calibration_valid:   2%|▏         | 26/1333 [00:01<01:32, 14.09it/s]
HPSAC calibration_valid:   2%|▏         | 28/1333 [00:02<01:33, 13.96it/s]
HPSAC calibration_valid:   2%|▏         | 30/1333 [00:02<01:32, 14.11it/s]
HPSAC calibration_valid:   2%|▏         | 32/1333 [00:02<01:32, 14.07it/s]
HPSAC calibration_valid:   3%|▎         | 34/1333 [00:02<01:31, 14.13it/s]
HPSAC calibration_valid:   3%|▎         | 36/1333 [00:02<01:32, 14.06it/s]
HPSAC calibration_valid:   3%|▎         | 38/1333 [00:02<01:32, 14.02it/s]
HPSAC calibration_valid:   3%|▎         | 40/1333 [00:02<01:31, 14.18it/s]
HPSAC calibration_valid:   3%|▎         | 42/1333 [00:02<01:31, 14.03it/s]
HPSAC calibration_valid:   3%|▎         | 44/1333 [00:03<01:31, 14.09it/s]
HPSAC calibration_valid:   3%|▎         | 46/1333 [00:03<01:31, 14.04it/s]
HPSAC calibration_valid:   4%|▎         | 48/1333 [00:03<01:31, 14.11it/s]
HPSAC calibration_valid:   4%|▍         | 50/1333 [00:03<01:31, 14.00it/s]
HPSAC calibration_valid:   4%|▍         | 52/1333 [00:03<01:32, 13.80it/s]
HPSAC calibration_valid:   4%|▍         | 54/1333 [00:03<01:32, 13.89it/s]
HPSAC calibration_valid:   4%|▍         | 56/1333 [00:03<01:30, 14.08it/s]
HPSAC calibration_valid:   4%|▍         | 58/1333 [00:04<01:30, 14.06it/s]
HPSAC calibration_valid:   5%|▍         | 60/1333 [00:04<01:31, 13.95it/s]
HPSAC calibration_valid:   5%|▍         | 62/1333 [00:04<01:30, 14.05it/s]
HPSAC calibration_valid:   5%|▍         | 64/1333 [00:04<01:29, 14.20it/s]
HPSAC calibration_valid:   5%|▍         | 66/1333 [00:04<01:28, 14.29it/s]
HPSAC calibration_valid:   5%|▌         | 68/1333 [00:04<01:28, 14.33it/s]
HPSAC calibration_valid:   5%|▌         | 70/1333 [00:04<01:27, 14.42it/s]
HPSAC calibration_valid:   5%|▌         | 72/1333 [00:05<01:27, 14.35it/s]
HPSAC calibration_valid:   6%|▌         | 74/1333 [00:05<01:27, 14.36it/s]
HPSAC calibration_valid:   6%|▌         | 76/1333 [00:05<01:27, 14.31it/s]
HPSAC calibration_valid:   6%|▌         | 78/1333 [00:05<01:29, 14.02it/s]
HPSAC calibration_valid:   6%|▌         | 80/1333 [00:05<01:28, 14.17it/s]
HPSAC calibration_valid:   6%|▌         | 82/1333 [00:05<01:29, 13.97it/s]
HPSAC calibration_valid:   6%|▋         | 84/1333 [00:05<01:29, 13.92it/s]
HPSAC calibration_valid:   6%|▋         | 86/1333 [00:06<01:28, 14.07it/s]
HPSAC calibration_valid:   7%|▋         | 88/1333 [00:06<01:27, 14.27it/s]
HPSAC calibration_valid:   7%|▋         | 90/1333 [00:06<01:26, 14.44it/s]
HPSAC calibration_valid:   7%|▋         | 92/1333 [00:06<01:25, 14.58it/s]
HPSAC calibration_valid:   7%|▋         | 94/1333 [00:06<01:24, 14.74it/s]
HPSAC calibration_valid:   7%|▋         | 96/1333 [00:06<01:24, 14.67it/s]
HPSAC calibration_valid:   7%|▋         | 98/1333 [00:06<01:24, 14.56it/s]
HPSAC calibration_valid:   8%|▊         | 100/1333 [00:07<01:25, 14.38it/s]
HPSAC calibration_valid:   8%|▊         | 102/1333 [00:07<01:25, 14.36it/s]
HPSAC calibration_valid:   8%|▊         | 104/1333 [00:07<01:25, 14.29it/s]
HPSAC calibration_valid:   8%|▊         | 106/1333 [00:07<01:24, 14.49it/s]
HPSAC calibration_valid:   8%|▊         | 108/1333 [00:07<01:23, 14.65it/s]
HPSAC calibration_valid:   8%|▊         | 110/1333 [00:07<01:25, 14.37it/s]
HPSAC calibration_valid:   8%|▊         | 112/1333 [00:07<01:25, 14.24it/s]
HPSAC calibration_valid:   9%|▊         | 114/1333 [00:08<01:25, 14.27it/s]
HPSAC calibration_valid:   9%|▊         | 116/1333 [00:08<01:26, 14.14it/s]
HPSAC calibration_valid:   9%|▉         | 118/1333 [00:08<01:24, 14.29it/s]
HPSAC calibration_valid:   9%|▉         | 120/1333 [00:08<01:24, 14.44it/s]
HPSAC calibration_valid:   9%|▉         | 122/1333 [00:08<01:23, 14.43it/s]
HPSAC calibration_valid:   9%|▉         | 124/1333 [00:08<01:23, 14.44it/s]
HPSAC calibration_valid:   9%|▉         | 126/1333 [00:08<01:21, 14.73it/s]
HPSAC calibration_valid:  10%|▉         | 128/1333 [00:09<01:22, 14.68it/s]
HPSAC calibration_valid:  10%|▉         | 130/1333 [00:09<01:21, 14.69it/s]
HPSAC calibration_valid:  10%|▉         | 132/1333 [00:09<01:23, 14.31it/s]
HPSAC calibration_valid:  10%|█         | 134/1333 [00:09<01:23, 14.34it/s]
HPSAC calibration_valid:  10%|█         | 136/1333 [00:09<01:24, 14.22it/s]
HPSAC calibration_valid:  10%|█         | 138/1333 [00:09<01:24, 14.07it/s]
HPSAC calibration_valid:  11%|█         | 140/1333 [00:09<01:23, 14.22it/s]
HPSAC calibration_valid:  11%|█         | 142/1333 [00:09<01:22, 14.44it/s]
HPSAC calibration_valid:  11%|█         | 144/1333 [00:10<01:21, 14.64it/s]
HPSAC calibration_valid:  11%|█         | 146/1333 [00:10<01:21, 14.64it/s]
HPSAC calibration_valid:  11%|█         | 148/1333 [00:10<01:23, 14.22it/s]
HPSAC calibration_valid:  11%|█▏        | 150/1333 [00:10<01:23, 14.16it/s]
HPSAC calibration_valid:  11%|█▏        | 152/1333 [00:10<01:24, 14.00it/s]
HPSAC calibration_valid:  12%|█▏        | 154/1333 [00:10<01:23, 14.09it/s]
HPSAC calibration_valid:  12%|█▏        | 156/1333 [00:10<01:22, 14.35it/s]
HPSAC calibration_valid:  12%|█▏        | 158/1333 [00:11<01:20, 14.53it/s]
HPSAC calibration_valid:  12%|█▏        | 160/1333 [00:11<01:19, 14.72it/s]
HPSAC calibration_valid:  12%|█▏        | 162/1333 [00:11<01:19, 14.70it/s]
HPSAC calibration_valid:  12%|█▏        | 164/1333 [00:11<01:20, 14.57it/s]
HPSAC calibration_valid:  12%|█▏        | 166/1333 [00:11<01:19, 14.69it/s]
HPSAC calibration_valid:  13%|█▎        | 168/1333 [00:11<01:18, 14.78it/s]
HPSAC calibration_valid:  13%|█▎        | 170/1333 [00:11<01:19, 14.70it/s]
HPSAC calibration_valid:  13%|█▎        | 172/1333 [00:12<01:18, 14.74it/s]
HPSAC calibration_valid:  13%|█▎        | 174/1333 [00:12<01:18, 14.80it/s]
HPSAC calibration_valid:  13%|█▎        | 176/1333 [00:12<01:18, 14.72it/s]
HPSAC calibration_valid:  13%|█▎        | 178/1333 [00:12<01:18, 14.72it/s]
HPSAC calibration_valid:  14%|█▎        | 180/1333 [00:12<01:17, 14.79it/s]
HPSAC calibration_valid:  14%|█▎        | 182/1333 [00:12<01:17, 14.82it/s]
HPSAC calibration_valid:  14%|█▍        | 184/1333 [00:12<01:17, 14.79it/s]
HPSAC calibration_valid:  14%|█▍        | 186/1333 [00:13<01:17, 14.78it/s]
HPSAC calibration_valid:  14%|█▍        | 188/1333 [00:13<01:17, 14.71it/s]
HPSAC calibration_valid:  14%|█▍        | 190/1333 [00:13<01:17, 14.74it/s]
HPSAC calibration_valid:  14%|█▍        | 192/1333 [00:13<01:17, 14.74it/s]
HPSAC calibration_valid:  15%|█▍        | 194/1333 [00:13<01:17, 14.64it/s]
HPSAC calibration_valid:  15%|█▍        | 196/1333 [00:13<01:18, 14.56it/s]
HPSAC calibration_valid:  15%|█▍        | 198/1333 [00:13<01:17, 14.66it/s]
HPSAC calibration_valid:  15%|█▌        | 200/1333 [00:13<01:17, 14.57it/s]
HPSAC calibration_valid:  15%|█▌        | 202/1333 [00:14<01:17, 14.64it/s]
HPSAC calibration_valid:  15%|█▌        | 204/1333 [00:14<01:16, 14.70it/s]
HPSAC calibration_valid:  15%|█▌        | 206/1333 [00:14<01:17, 14.61it/s]
HPSAC calibration_valid:  16%|█▌        | 208/1333 [00:14<01:16, 14.70it/s]
HPSAC calibration_valid:  16%|█▌        | 210/1333 [00:14<01:16, 14.61it/s]
HPSAC calibration_valid:  16%|█▌        | 212/1333 [00:14<01:16, 14.67it/s]
HPSAC calibration_valid:  16%|█▌        | 214/1333 [00:14<01:16, 14.63it/s]
HPSAC calibration_valid:  16%|█▌        | 216/1333 [00:15<01:15, 14.77it/s]
HPSAC calibration_valid:  16%|█▋        | 218/1333 [00:15<01:15, 14.73it/s]
HPSAC calibration_valid:  17%|█▋        | 220/1333 [00:15<01:15, 14.76it/s]
HPSAC calibration_valid:  17%|█▋        | 222/1333 [00:15<01:15, 14.69it/s]
HPSAC calibration_valid:  17%|█▋        | 224/1333 [00:15<01:14, 14.79it/s]
HPSAC calibration_valid:  17%|█▋        | 226/1333 [00:15<01:15, 14.73it/s]
HPSAC calibration_valid:  17%|█▋        | 228/1333 [00:15<01:14, 14.77it/s]
HPSAC calibration_valid:  17%|█▋        | 230/1333 [00:15<01:14, 14.78it/s]
HPSAC calibration_valid:  17%|█▋        | 232/1333 [00:16<01:14, 14.78it/s]
HPSAC calibration_valid:  18%|█▊        | 234/1333 [00:16<01:14, 14.82it/s]
HPSAC calibration_valid:  18%|█▊        | 236/1333 [00:16<01:14, 14.69it/s]
HPSAC calibration_valid:  18%|█▊        | 238/1333 [00:16<01:14, 14.66it/s]
HPSAC calibration_valid:  18%|█▊        | 240/1333 [00:16<01:16, 14.22it/s]
HPSAC calibration_valid:  18%|█▊        | 242/1333 [00:16<01:18, 13.82it/s]
HPSAC calibration_valid:  18%|█▊        | 244/1333 [00:16<01:18, 13.87it/s]
HPSAC calibration_valid:  18%|█▊        | 246/1333 [00:17<01:18, 13.88it/s]
HPSAC calibration_valid:  19%|█▊        | 248/1333 [00:17<01:17, 13.96it/s]
HPSAC calibration_valid:  19%|█▉        | 250/1333 [00:17<01:17, 14.00it/s]
HPSAC calibration_valid:  19%|█▉        | 252/1333 [00:17<01:16, 14.08it/s]
HPSAC calibration_valid:  19%|█▉        | 254/1333 [00:17<01:17, 13.91it/s]
HPSAC calibration_valid:  19%|█▉        | 256/1333 [00:17<01:18, 13.73it/s]
HPSAC calibration_valid:  19%|█▉        | 258/1333 [00:17<01:18, 13.74it/s]
HPSAC calibration_valid:  20%|█▉        | 260/1333 [00:18<01:17, 13.77it/s]
HPSAC calibration_valid:  20%|█▉        | 262/1333 [00:18<01:16, 13.92it/s]
HPSAC calibration_valid:  20%|█▉        | 264/1333 [00:18<01:17, 13.74it/s]
HPSAC calibration_valid:  20%|█▉        | 266/1333 [00:18<01:19, 13.42it/s]
HPSAC calibration_valid:  20%|██        | 268/1333 [00:18<01:19, 13.48it/s]
HPSAC calibration_valid:  20%|██        | 270/1333 [00:18<01:18, 13.55it/s]
HPSAC calibration_valid:  20%|██        | 272/1333 [00:19<01:18, 13.46it/s]
HPSAC calibration_valid:  21%|██        | 274/1333 [00:19<01:18, 13.57it/s]
HPSAC calibration_valid:  21%|██        | 276/1333 [00:19<01:18, 13.54it/s]
HPSAC calibration_valid:  21%|██        | 278/1333 [00:19<01:17, 13.55it/s]
HPSAC calibration_valid:  21%|██        | 280/1333 [00:19<01:17, 13.66it/s]
HPSAC calibration_valid:  21%|██        | 282/1333 [00:19<01:16, 13.74it/s]
HPSAC calibration_valid:  21%|██▏       | 284/1333 [00:19<01:15, 13.81it/s]
HPSAC calibration_valid:  21%|██▏       | 286/1333 [00:20<01:15, 13.87it/s]
HPSAC calibration_valid:  22%|██▏       | 288/1333 [00:20<01:15, 13.84it/s]
HPSAC calibration_valid:  22%|██▏       | 290/1333 [00:20<01:14, 13.91it/s]
HPSAC calibration_valid:  22%|██▏       | 292/1333 [00:20<01:14, 14.03it/s]
HPSAC calibration_valid:  22%|██▏       | 294/1333 [00:20<01:13, 14.10it/s]
HPSAC calibration_valid:  22%|██▏       | 296/1333 [00:20<01:13, 14.14it/s]
HPSAC calibration_valid:  22%|██▏       | 298/1333 [00:20<01:12, 14.20it/s]
HPSAC calibration_valid:  23%|██▎       | 300/1333 [00:21<01:12, 14.34it/s]
HPSAC calibration_valid:  23%|██▎       | 302/1333 [00:21<01:12, 14.31it/s]
HPSAC calibration_valid:  23%|██▎       | 304/1333 [00:21<01:10, 14.49it/s]
HPSAC calibration_valid:  23%|██▎       | 306/1333 [00:21<01:10, 14.54it/s]
HPSAC calibration_valid:  23%|██▎       | 308/1333 [00:21<01:09, 14.75it/s]
HPSAC calibration_valid:  23%|██▎       | 310/1333 [00:21<01:09, 14.75it/s]
HPSAC calibration_valid:  23%|██▎       | 312/1333 [00:21<01:09, 14.76it/s]
HPSAC calibration_valid:  24%|██▎       | 314/1333 [00:21<01:08, 14.83it/s]
HPSAC calibration_valid:  24%|██▎       | 316/1333 [00:22<01:09, 14.60it/s]
HPSAC calibration_valid:  24%|██▍       | 318/1333 [00:22<01:09, 14.57it/s]
HPSAC calibration_valid:  24%|██▍       | 320/1333 [00:22<01:09, 14.54it/s]
HPSAC calibration_valid:  24%|██▍       | 322/1333 [00:22<01:09, 14.58it/s]
HPSAC calibration_valid:  24%|██▍       | 324/1333 [00:22<01:11, 14.19it/s]
HPSAC calibration_valid:  24%|██▍       | 326/1333 [00:22<01:11, 14.02it/s]
HPSAC calibration_valid:  25%|██▍       | 328/1333 [00:22<01:11, 14.05it/s]
HPSAC calibration_valid:  25%|██▍       | 330/1333 [00:23<01:10, 14.15it/s]
HPSAC calibration_valid:  25%|██▍       | 332/1333 [00:23<01:10, 14.11it/s]
HPSAC calibration_valid:  25%|██▌       | 334/1333 [00:23<01:10, 14.11it/s]
HPSAC calibration_valid:  25%|██▌       | 336/1333 [00:23<01:12, 13.77it/s]
HPSAC calibration_valid:  25%|██▌       | 338/1333 [00:23<01:12, 13.64it/s]
HPSAC calibration_valid:  26%|██▌       | 340/1333 [00:23<01:12, 13.77it/s]
HPSAC calibration_valid:  26%|██▌       | 342/1333 [00:23<01:11, 13.78it/s]
HPSAC calibration_valid:  26%|██▌       | 344/1333 [00:24<01:11, 13.91it/s]
HPSAC calibration_valid:  26%|██▌       | 346/1333 [00:24<01:11, 13.85it/s]
HPSAC calibration_valid:  26%|██▌       | 348/1333 [00:24<01:11, 13.79it/s]
HPSAC calibration_valid:  26%|██▋       | 350/1333 [00:24<01:11, 13.76it/s]
HPSAC calibration_valid:  26%|██▋       | 352/1333 [00:24<01:11, 13.77it/s]
HPSAC calibration_valid:  27%|██▋       | 354/1333 [00:24<01:11, 13.63it/s]
HPSAC calibration_valid:  27%|██▋       | 356/1333 [00:25<01:11, 13.61it/s]
HPSAC calibration_valid:  27%|██▋       | 358/1333 [00:25<01:10, 13.83it/s]
HPSAC calibration_valid:  27%|██▋       | 360/1333 [00:25<01:10, 13.72it/s]
HPSAC calibration_valid:  27%|██▋       | 362/1333 [00:25<01:11, 13.67it/s]
HPSAC calibration_valid:  27%|██▋       | 364/1333 [00:25<01:11, 13.54it/s]
HPSAC calibration_valid:  27%|██▋       | 366/1333 [00:25<01:12, 13.31it/s]
HPSAC calibration_valid:  28%|██▊       | 368/1333 [00:25<01:13, 13.04it/s]
HPSAC calibration_valid:  28%|██▊       | 370/1333 [00:26<01:14, 12.94it/s]
HPSAC calibration_valid:  28%|██▊       | 372/1333 [00:26<01:13, 13.06it/s]
HPSAC calibration_valid:  28%|██▊       | 374/1333 [00:26<01:12, 13.28it/s]
HPSAC calibration_valid:  28%|██▊       | 376/1333 [00:26<01:10, 13.49it/s]
HPSAC calibration_valid:  28%|██▊       | 378/1333 [00:26<01:11, 13.36it/s]
HPSAC calibration_valid:  29%|██▊       | 380/1333 [00:26<01:12, 13.08it/s]
HPSAC calibration_valid:  29%|██▊       | 382/1333 [00:26<01:12, 13.17it/s]
HPSAC calibration_valid:  29%|██▉       | 384/1333 [00:27<01:12, 13.04it/s]
HPSAC calibration_valid:  29%|██▉       | 386/1333 [00:27<01:11, 13.16it/s]
HPSAC calibration_valid:  29%|██▉       | 388/1333 [00:27<01:11, 13.27it/s]
HPSAC calibration_valid:  29%|██▉       | 390/1333 [00:27<01:12, 12.96it/s]
HPSAC calibration_valid:  29%|██▉       | 392/1333 [00:27<01:14, 12.65it/s]
HPSAC calibration_valid:  30%|██▉       | 394/1333 [00:27<01:14, 12.62it/s]
HPSAC calibration_valid:  30%|██▉       | 396/1333 [00:28<01:12, 12.94it/s]
HPSAC calibration_valid:  30%|██▉       | 398/1333 [00:28<01:11, 13.07it/s]
HPSAC calibration_valid:  30%|███       | 400/1333 [00:28<01:10, 13.25it/s]
HPSAC calibration_valid:  30%|███       | 402/1333 [00:28<01:10, 13.24it/s]
HPSAC calibration_valid:  30%|███       | 404/1333 [00:28<01:09, 13.27it/s]
HPSAC calibration_valid:  30%|███       | 406/1333 [00:28<01:08, 13.56it/s]
HPSAC calibration_valid:  31%|███       | 408/1333 [00:28<01:08, 13.44it/s]
HPSAC calibration_valid:  31%|███       | 410/1333 [00:29<01:07, 13.72it/s]
HPSAC calibration_valid:  31%|███       | 412/1333 [00:29<01:06, 13.77it/s]
HPSAC calibration_valid:  31%|███       | 414/1333 [00:29<01:07, 13.63it/s]
HPSAC calibration_valid:  31%|███       | 416/1333 [00:29<01:06, 13.75it/s]
HPSAC calibration_valid:  31%|███▏      | 418/1333 [00:29<01:06, 13.85it/s]
HPSAC calibration_valid:  32%|███▏      | 420/1333 [00:29<01:05, 14.04it/s]
HPSAC calibration_valid:  32%|███▏      | 422/1333 [00:29<01:05, 13.92it/s]
HPSAC calibration_valid:  32%|███▏      | 424/1333 [00:30<01:04, 13.99it/s]
HPSAC calibration_valid:  32%|███▏      | 426/1333 [00:30<01:04, 14.00it/s]
HPSAC calibration_valid:  32%|███▏      | 428/1333 [00:30<01:03, 14.21it/s]
HPSAC calibration_valid:  32%|███▏      | 430/1333 [00:30<01:03, 14.24it/s]
HPSAC calibration_valid:  32%|███▏      | 432/1333 [00:30<01:03, 14.24it/s]
HPSAC calibration_valid:  33%|███▎      | 445/1333 [00:30<00:23, 38.18it/s]
HPSAC calibration_valid:  34%|███▎      | 449/1333 [00:31<00:33, 26.21it/s]
HPSAC calibration_valid:  34%|███▍      | 453/1333 [00:31<00:41, 21.37it/s]
HPSAC calibration_valid:  34%|███▍      | 456/1333 [00:31<00:45, 19.21it/s]
HPSAC calibration_valid:  34%|███▍      | 459/1333 [00:31<00:49, 17.68it/s]
HPSAC calibration_valid:  35%|███▍      | 461/1333 [00:31<00:51, 16.86it/s]
HPSAC calibration_valid:  35%|███▍      | 463/1333 [00:32<00:53, 16.18it/s]
HPSAC calibration_valid:  35%|███▍      | 465/1333 [00:32<00:55, 15.68it/s]
HPSAC calibration_valid:  35%|███▌      | 467/1333 [00:32<00:56, 15.27it/s]
HPSAC calibration_valid:  35%|███▌      | 469/1333 [00:32<00:57, 14.90it/s]
HPSAC calibration_valid:  35%|███▌      | 471/1333 [00:32<00:58, 14.75it/s]
HPSAC calibration_valid:  35%|███▌      | 473/1333 [00:32<00:58, 14.80it/s]
HPSAC calibration_valid:  36%|███▌      | 475/1333 [00:32<00:58, 14.67it/s]
HPSAC calibration_valid:  36%|███▌      | 477/1333 [00:33<00:59, 14.45it/s]
HPSAC calibration_valid:  36%|███▌      | 479/1333 [00:33<00:58, 14.57it/s]
HPSAC calibration_valid:  36%|███▌      | 481/1333 [00:33<00:58, 14.58it/s]
HPSAC calibration_valid:  36%|███▌      | 483/1333 [00:33<00:58, 14.56it/s]
HPSAC calibration_valid:  36%|███▋      | 485/1333 [00:33<00:58, 14.40it/s]
HPSAC calibration_valid:  37%|███▋      | 487/1333 [00:33<00:58, 14.36it/s]
HPSAC calibration_valid:  37%|███▋      | 489/1333 [00:33<00:58, 14.36it/s]
HPSAC calibration_valid:  37%|███▋      | 491/1333 [00:34<00:59, 14.25it/s]
HPSAC calibration_valid:  37%|███▋      | 493/1333 [00:34<00:59, 14.23it/s]
HPSAC calibration_valid:  37%|███▋      | 495/1333 [00:34<00:58, 14.27it/s]
HPSAC calibration_valid:  37%|███▋      | 497/1333 [00:34<00:58, 14.29it/s]
HPSAC calibration_valid:  37%|███▋      | 499/1333 [00:34<00:58, 14.23it/s]
HPSAC calibration_valid:  38%|███▊      | 501/1333 [00:34<00:59, 14.09it/s]
HPSAC calibration_valid:  38%|███▊      | 503/1333 [00:34<01:00, 13.66it/s]
HPSAC calibration_valid:  38%|███▊      | 505/1333 [00:35<01:02, 13.35it/s]
HPSAC calibration_valid:  38%|███▊      | 507/1333 [00:35<01:03, 13.11it/s]
HPSAC calibration_valid:  38%|███▊      | 509/1333 [00:35<01:03, 13.00it/s]
HPSAC calibration_valid:  38%|███▊      | 511/1333 [00:35<01:01, 13.36it/s]
HPSAC calibration_valid:  38%|███▊      | 513/1333 [00:35<01:02, 13.18it/s]
HPSAC calibration_valid:  39%|███▊      | 515/1333 [00:35<01:02, 13.18it/s]
HPSAC calibration_valid:  39%|███▉      | 517/1333 [00:35<01:02, 13.11it/s]
HPSAC calibration_valid:  39%|███▉      | 519/1333 [00:36<01:01, 13.28it/s]
HPSAC calibration_valid:  39%|███▉      | 521/1333 [00:36<01:00, 13.33it/s]
HPSAC calibration_valid:  39%|███▉      | 523/1333 [00:36<01:00, 13.38it/s]
HPSAC calibration_valid:  39%|███▉      | 525/1333 [00:36<01:00, 13.34it/s]
HPSAC calibration_valid:  40%|███▉      | 527/1333 [00:36<01:00, 13.24it/s]
HPSAC calibration_valid:  40%|███▉      | 529/1333 [00:36<01:01, 13.09it/s]
HPSAC calibration_valid:  40%|███▉      | 531/1333 [00:37<01:00, 13.18it/s]
HPSAC calibration_valid:  40%|███▉      | 533/1333 [00:37<01:00, 13.30it/s]
HPSAC calibration_valid:  40%|████      | 535/1333 [00:37<00:59, 13.41it/s]
HPSAC calibration_valid:  40%|████      | 537/1333 [00:37<00:59, 13.43it/s]
HPSAC calibration_valid:  40%|████      | 539/1333 [00:37<00:58, 13.54it/s]
HPSAC calibration_valid:  41%|████      | 541/1333 [00:37<00:58, 13.47it/s]
HPSAC calibration_valid:  41%|████      | 543/1333 [00:37<00:59, 13.38it/s]
HPSAC calibration_valid:  41%|████      | 545/1333 [00:38<00:58, 13.53it/s]
HPSAC calibration_valid:  41%|████      | 547/1333 [00:38<00:57, 13.60it/s]
HPSAC calibration_valid:  41%|████      | 549/1333 [00:38<00:57, 13.74it/s]
HPSAC calibration_valid:  41%|████▏     | 551/1333 [00:38<00:58, 13.43it/s]
HPSAC calibration_valid:  41%|████▏     | 553/1333 [00:38<00:59, 13.00it/s]
HPSAC calibration_valid:  42%|████▏     | 555/1333 [00:38<01:01, 12.55it/s]
HPSAC calibration_valid:  42%|████▏     | 557/1333 [00:38<01:00, 12.76it/s]
HPSAC calibration_valid:  42%|████▏     | 559/1333 [00:39<00:58, 13.13it/s]
HPSAC calibration_valid:  42%|████▏     | 561/1333 [00:39<00:57, 13.35it/s]
HPSAC calibration_valid:  42%|████▏     | 563/1333 [00:39<00:57, 13.44it/s]
HPSAC calibration_valid:  42%|████▏     | 565/1333 [00:39<00:56, 13.51it/s]
HPSAC calibration_valid:  43%|████▎     | 567/1333 [00:39<00:56, 13.54it/s]
HPSAC calibration_valid:  43%|████▎     | 569/1333 [00:39<00:56, 13.62it/s]
HPSAC calibration_valid:  43%|████▎     | 571/1333 [00:40<00:55, 13.61it/s]
HPSAC calibration_valid:  43%|████▎     | 573/1333 [00:40<00:56, 13.52it/s]
HPSAC calibration_valid:  43%|████▎     | 575/1333 [00:40<00:56, 13.48it/s]
HPSAC calibration_valid:  43%|████▎     | 577/1333 [00:40<00:57, 13.11it/s]
HPSAC calibration_valid:  43%|████▎     | 579/1333 [00:40<00:58, 12.99it/s]
HPSAC calibration_valid:  44%|████▎     | 581/1333 [00:40<00:58, 12.90it/s]
HPSAC calibration_valid:  44%|████▎     | 583/1333 [00:40<00:58, 12.90it/s]
HPSAC calibration_valid:  44%|████▍     | 585/1333 [00:41<00:56, 13.14it/s]
HPSAC calibration_valid:  44%|████▍     | 587/1333 [00:41<00:56, 13.21it/s]
HPSAC calibration_valid:  44%|████▍     | 589/1333 [00:41<00:56, 13.22it/s]
HPSAC calibration_valid:  44%|████▍     | 591/1333 [00:41<00:56, 13.18it/s]
HPSAC calibration_valid:  44%|████▍     | 593/1333 [00:41<00:56, 13.04it/s]
HPSAC calibration_valid:  45%|████▍     | 595/1333 [00:41<00:56, 13.06it/s]
HPSAC calibration_valid:  45%|████▍     | 597/1333 [00:41<00:55, 13.34it/s]
HPSAC calibration_valid:  45%|████▍     | 599/1333 [00:42<00:55, 13.30it/s]
HPSAC calibration_valid:  45%|████▌     | 601/1333 [00:42<00:55, 13.19it/s]
HPSAC calibration_valid:  45%|████▌     | 603/1333 [00:42<00:55, 13.24it/s]
HPSAC calibration_valid:  45%|████▌     | 605/1333 [00:42<00:55, 13.08it/s]
HPSAC calibration_valid:  46%|████▌     | 607/1333 [00:42<00:56, 12.76it/s]
HPSAC calibration_valid:  46%|████▌     | 609/1333 [00:42<00:56, 12.84it/s]
HPSAC calibration_valid:  46%|████▌     | 611/1333 [00:43<00:57, 12.63it/s]
HPSAC calibration_valid:  46%|████▌     | 613/1333 [00:43<00:56, 12.71it/s]
HPSAC calibration_valid:  46%|████▌     | 615/1333 [00:43<00:56, 12.72it/s]
HPSAC calibration_valid:  46%|████▋     | 617/1333 [00:43<00:55, 12.84it/s]
HPSAC calibration_valid:  46%|████▋     | 619/1333 [00:43<00:55, 12.82it/s]
HPSAC calibration_valid:  47%|████▋     | 621/1333 [00:43<00:54, 13.13it/s]
HPSAC calibration_valid:  47%|████▋     | 623/1333 [00:44<00:53, 13.23it/s]
HPSAC calibration_valid:  47%|████▋     | 625/1333 [00:44<00:52, 13.44it/s]
HPSAC calibration_valid:  47%|████▋     | 627/1333 [00:44<00:51, 13.69it/s]
HPSAC calibration_valid:  47%|████▋     | 629/1333 [00:44<00:50, 13.84it/s]
HPSAC calibration_valid:  47%|████▋     | 631/1333 [00:44<00:52, 13.49it/s]
HPSAC calibration_valid:  47%|████▋     | 633/1333 [00:44<00:53, 13.05it/s]
HPSAC calibration_valid:  48%|████▊     | 635/1333 [00:44<00:53, 12.95it/s]
HPSAC calibration_valid:  48%|████▊     | 637/1333 [00:45<00:52, 13.16it/s]
HPSAC calibration_valid:  48%|████▊     | 639/1333 [00:45<00:52, 13.21it/s]
HPSAC calibration_valid:  48%|████▊     | 641/1333 [00:45<00:53, 13.01it/s]
HPSAC calibration_valid:  48%|████▊     | 643/1333 [00:45<00:52, 13.07it/s]
HPSAC calibration_valid:  48%|████▊     | 645/1333 [00:45<00:51, 13.30it/s]
HPSAC calibration_valid:  49%|████▊     | 647/1333 [00:45<00:50, 13.69it/s]
HPSAC calibration_valid:  49%|████▊     | 649/1333 [00:45<00:49, 13.94it/s]
HPSAC calibration_valid:  49%|████▉     | 651/1333 [00:46<00:48, 14.18it/s]
HPSAC calibration_valid:  49%|████▉     | 653/1333 [00:46<00:48, 14.11it/s]
HPSAC calibration_valid:  49%|████▉     | 655/1333 [00:46<00:47, 14.30it/s]
HPSAC calibration_valid:  49%|████▉     | 657/1333 [00:46<00:46, 14.43it/s]
HPSAC calibration_valid:  49%|████▉     | 659/1333 [00:46<00:46, 14.46it/s]
HPSAC calibration_valid:  50%|████▉     | 661/1333 [00:46<00:46, 14.54it/s]
HPSAC calibration_valid:  50%|████▉     | 663/1333 [00:46<00:47, 14.00it/s]
HPSAC calibration_valid:  50%|████▉     | 665/1333 [00:47<00:49, 13.57it/s]
HPSAC calibration_valid:  50%|█████     | 667/1333 [00:47<00:49, 13.40it/s]
HPSAC calibration_valid:  50%|█████     | 669/1333 [00:47<00:49, 13.51it/s]
HPSAC calibration_valid:  50%|█████     | 671/1333 [00:47<00:49, 13.42it/s]
HPSAC calibration_valid:  50%|█████     | 673/1333 [00:47<00:48, 13.54it/s]
HPSAC calibration_valid:  51%|█████     | 675/1333 [00:47<00:47, 13.87it/s]
HPSAC calibration_valid:  51%|█████     | 677/1333 [00:47<00:46, 14.13it/s]
HPSAC calibration_valid:  51%|█████     | 679/1333 [00:48<00:46, 14.21it/s]
HPSAC calibration_valid:  51%|█████     | 681/1333 [00:48<00:45, 14.29it/s]
HPSAC calibration_valid:  51%|█████     | 683/1333 [00:48<00:44, 14.50it/s]
HPSAC calibration_valid:  51%|█████▏    | 685/1333 [00:48<00:45, 14.35it/s]
HPSAC calibration_valid:  52%|█████▏    | 687/1333 [00:48<00:44, 14.39it/s]
HPSAC calibration_valid:  52%|█████▏    | 689/1333 [00:48<00:44, 14.55it/s]
HPSAC calibration_valid:  52%|█████▏    | 691/1333 [00:48<00:44, 14.56it/s]
HPSAC calibration_valid:  52%|█████▏    | 693/1333 [00:49<00:44, 14.50it/s]
HPSAC calibration_valid:  52%|█████▏    | 695/1333 [00:49<00:43, 14.75it/s]
HPSAC calibration_valid:  52%|█████▏    | 697/1333 [00:49<00:44, 14.40it/s]
HPSAC calibration_valid:  52%|█████▏    | 699/1333 [00:49<00:44, 14.33it/s]
HPSAC calibration_valid:  53%|█████▎    | 701/1333 [00:49<00:43, 14.40it/s]
HPSAC calibration_valid:  53%|█████▎    | 703/1333 [00:49<00:43, 14.43it/s]
HPSAC calibration_valid:  53%|█████▎    | 705/1333 [00:49<00:44, 14.27it/s]
HPSAC calibration_valid:  53%|█████▎    | 707/1333 [00:50<00:44, 14.14it/s]
HPSAC calibration_valid:  53%|█████▎    | 709/1333 [00:50<00:44, 14.13it/s]
HPSAC calibration_valid:  53%|█████▎    | 711/1333 [00:50<00:43, 14.24it/s]
HPSAC calibration_valid:  53%|█████▎    | 713/1333 [00:50<00:43, 14.40it/s]
HPSAC calibration_valid:  54%|█████▎    | 715/1333 [00:50<00:42, 14.54it/s]
HPSAC calibration_valid:  54%|█████▍    | 717/1333 [00:50<00:43, 14.06it/s]
HPSAC calibration_valid:  54%|█████▍    | 719/1333 [00:50<00:43, 14.16it/s]
HPSAC calibration_valid:  54%|█████▍    | 721/1333 [00:51<00:43, 14.06it/s]
HPSAC calibration_valid:  54%|█████▍    | 723/1333 [00:51<00:43, 14.14it/s]
HPSAC calibration_valid:  54%|█████▍    | 725/1333 [00:51<00:43, 14.10it/s]
HPSAC calibration_valid:  55%|█████▍    | 727/1333 [00:51<00:42, 14.30it/s]
HPSAC calibration_valid:  55%|█████▍    | 729/1333 [00:51<00:42, 14.37it/s]
HPSAC calibration_valid:  55%|█████▍    | 731/1333 [00:51<00:42, 14.31it/s]
HPSAC calibration_valid:  55%|█████▍    | 733/1333 [00:51<00:42, 14.11it/s]
HPSAC calibration_valid:  55%|█████▌    | 735/1333 [00:51<00:42, 14.08it/s]
HPSAC calibration_valid:  55%|█████▌    | 737/1333 [00:52<00:42, 14.16it/s]
HPSAC calibration_valid:  55%|█████▌    | 739/1333 [00:52<00:42, 14.08it/s]
HPSAC calibration_valid:  56%|█████▌    | 741/1333 [00:52<00:41, 14.11it/s]
HPSAC calibration_valid:  56%|█████▌    | 743/1333 [00:52<00:41, 14.13it/s]
HPSAC calibration_valid:  56%|█████▌    | 745/1333 [00:52<00:41, 14.19it/s]
HPSAC calibration_valid:  56%|█████▌    | 747/1333 [00:52<00:40, 14.37it/s]
HPSAC calibration_valid:  56%|█████▌    | 749/1333 [00:52<00:40, 14.38it/s]
HPSAC calibration_valid:  56%|█████▋    | 751/1333 [00:53<00:40, 14.35it/s]
HPSAC calibration_valid:  56%|█████▋    | 753/1333 [00:53<00:40, 14.30it/s]
HPSAC calibration_valid:  57%|█████▋    | 755/1333 [00:53<00:40, 14.38it/s]
HPSAC calibration_valid:  57%|█████▋    | 757/1333 [00:53<00:40, 14.24it/s]
HPSAC calibration_valid:  57%|█████▋    | 759/1333 [00:53<00:40, 14.20it/s]
HPSAC calibration_valid:  57%|█████▋    | 761/1333 [00:53<00:40, 14.16it/s]
HPSAC calibration_valid:  57%|█████▋    | 763/1333 [00:53<00:40, 14.23it/s]
HPSAC calibration_valid:  57%|█████▋    | 765/1333 [00:54<00:39, 14.41it/s]
HPSAC calibration_valid:  58%|█████▊    | 767/1333 [00:54<00:39, 14.47it/s]
HPSAC calibration_valid:  58%|█████▊    | 769/1333 [00:54<00:38, 14.55it/s]
HPSAC calibration_valid:  58%|█████▊    | 771/1333 [00:54<00:38, 14.58it/s]
HPSAC calibration_valid:  58%|█████▊    | 773/1333 [00:54<00:38, 14.50it/s]
HPSAC calibration_valid:  58%|█████▊    | 775/1333 [00:54<00:39, 14.15it/s]
HPSAC calibration_valid:  58%|█████▊    | 777/1333 [00:54<00:39, 14.18it/s]
HPSAC calibration_valid:  58%|█████▊    | 779/1333 [00:55<00:38, 14.25it/s]
HPSAC calibration_valid:  59%|█████▊    | 781/1333 [00:55<00:38, 14.39it/s]
HPSAC calibration_valid:  59%|█████▊    | 783/1333 [00:55<00:38, 14.46it/s]
HPSAC calibration_valid:  59%|█████▉    | 785/1333 [00:55<00:37, 14.44it/s]
HPSAC calibration_valid:  59%|█████▉    | 787/1333 [00:55<00:37, 14.57it/s]
HPSAC calibration_valid:  59%|█████▉    | 789/1333 [00:55<00:37, 14.67it/s]
HPSAC calibration_valid:  59%|█████▉    | 791/1333 [00:55<00:36, 14.66it/s]
HPSAC calibration_valid:  59%|█████▉    | 793/1333 [00:56<00:37, 14.55it/s]
HPSAC calibration_valid:  60%|█████▉    | 795/1333 [00:56<00:37, 14.50it/s]
HPSAC calibration_valid:  60%|█████▉    | 797/1333 [00:56<00:37, 14.27it/s]
HPSAC calibration_valid:  60%|█████▉    | 799/1333 [00:56<00:38, 14.04it/s]
HPSAC calibration_valid:  60%|██████    | 801/1333 [00:56<00:37, 14.06it/s]
HPSAC calibration_valid:  60%|██████    | 803/1333 [00:56<00:37, 14.13it/s]
HPSAC calibration_valid:  60%|██████    | 805/1333 [00:56<00:37, 14.05it/s]
HPSAC calibration_valid:  61%|██████    | 807/1333 [00:57<00:37, 14.18it/s]
HPSAC calibration_valid:  61%|██████    | 809/1333 [00:57<00:36, 14.23it/s]
HPSAC calibration_valid:  61%|██████    | 811/1333 [00:57<00:36, 14.38it/s]
HPSAC calibration_valid:  61%|██████    | 813/1333 [00:57<00:35, 14.56it/s]
HPSAC calibration_valid:  61%|██████    | 815/1333 [00:57<00:35, 14.50it/s]
HPSAC calibration_valid:  61%|██████▏   | 817/1333 [00:57<00:36, 14.26it/s]
HPSAC calibration_valid:  61%|██████▏   | 819/1333 [00:57<00:35, 14.32it/s]
HPSAC calibration_valid:  62%|██████▏   | 821/1333 [00:57<00:35, 14.30it/s]
HPSAC calibration_valid:  62%|██████▏   | 823/1333 [00:58<00:35, 14.41it/s]
HPSAC calibration_valid:  62%|██████▏   | 825/1333 [00:58<00:35, 14.33it/s]
HPSAC calibration_valid:  62%|██████▏   | 827/1333 [00:58<00:35, 14.29it/s]
HPSAC calibration_valid:  62%|██████▏   | 829/1333 [00:58<00:35, 14.39it/s]
HPSAC calibration_valid:  62%|██████▏   | 831/1333 [00:58<00:34, 14.45it/s]
HPSAC calibration_valid:  62%|██████▏   | 833/1333 [00:58<00:34, 14.36it/s]
HPSAC calibration_valid:  63%|██████▎   | 835/1333 [00:58<00:34, 14.25it/s]
HPSAC calibration_valid:  63%|██████▎   | 837/1333 [00:59<00:34, 14.49it/s]
HPSAC calibration_valid:  63%|██████▎   | 839/1333 [00:59<00:34, 14.53it/s]
HPSAC calibration_valid:  63%|██████▎   | 841/1333 [00:59<00:34, 14.41it/s]
HPSAC calibration_valid:  63%|██████▎   | 843/1333 [00:59<00:33, 14.57it/s]
HPSAC calibration_valid:  63%|██████▎   | 845/1333 [00:59<00:33, 14.51it/s]
HPSAC calibration_valid:  64%|██████▎   | 847/1333 [00:59<00:33, 14.44it/s]
HPSAC calibration_valid:  64%|██████▎   | 849/1333 [00:59<00:33, 14.34it/s]
HPSAC calibration_valid:  64%|██████▍   | 851/1333 [01:00<00:33, 14.53it/s]
HPSAC calibration_valid:  64%|██████▍   | 853/1333 [01:00<00:33, 14.35it/s]
HPSAC calibration_valid:  64%|██████▍   | 855/1333 [01:00<00:33, 14.43it/s]
HPSAC calibration_valid:  64%|██████▍   | 857/1333 [01:00<00:33, 14.17it/s]
HPSAC calibration_valid:  64%|██████▍   | 859/1333 [01:00<00:33, 14.03it/s]
HPSAC calibration_valid:  65%|██████▍   | 861/1333 [01:00<00:33, 14.20it/s]
HPSAC calibration_valid:  65%|██████▍   | 863/1333 [01:00<00:33, 14.00it/s]
HPSAC calibration_valid:  65%|██████▍   | 865/1333 [01:01<00:33, 13.91it/s]
HPSAC calibration_valid:  65%|██████▌   | 867/1333 [01:01<00:33, 13.78it/s]
HPSAC calibration_valid:  65%|██████▌   | 869/1333 [01:01<00:33, 13.75it/s]
HPSAC calibration_valid:  65%|██████▌   | 871/1333 [01:01<00:34, 13.56it/s]
HPSAC calibration_valid:  65%|██████▌   | 873/1333 [01:01<00:33, 13.65it/s]
HPSAC calibration_valid:  66%|██████▌   | 875/1333 [01:01<00:33, 13.85it/s]
HPSAC calibration_valid:  66%|██████▌   | 877/1333 [01:01<00:33, 13.76it/s]
HPSAC calibration_valid:  66%|██████▌   | 879/1333 [01:02<00:32, 13.89it/s]
HPSAC calibration_valid:  67%|██████▋   | 892/1333 [01:02<00:11, 38.12it/s]
HPSAC calibration_valid:  67%|██████▋   | 897/1333 [01:02<00:16, 25.75it/s]
HPSAC calibration_valid:  68%|██████▊   | 901/1333 [01:02<00:20, 21.57it/s]
HPSAC calibration_valid:  68%|██████▊   | 904/1333 [01:03<00:21, 19.59it/s]
HPSAC calibration_valid:  68%|██████▊   | 907/1333 [01:03<00:23, 17.95it/s]
HPSAC calibration_valid:  68%|██████▊   | 910/1333 [01:03<00:25, 16.61it/s]
HPSAC calibration_valid:  68%|██████▊   | 912/1333 [01:03<00:26, 15.96it/s]
HPSAC calibration_valid:  69%|██████▊   | 914/1333 [01:03<00:27, 15.42it/s]
HPSAC calibration_valid:  69%|██████▊   | 916/1333 [01:03<00:27, 15.02it/s]
HPSAC calibration_valid:  69%|██████▉   | 918/1333 [01:04<00:27, 14.83it/s]
HPSAC calibration_valid:  69%|██████▉   | 920/1333 [01:04<00:28, 14.71it/s]
HPSAC calibration_valid:  69%|██████▉   | 922/1333 [01:04<00:28, 14.55it/s]
HPSAC calibration_valid:  69%|██████▉   | 924/1333 [01:04<00:28, 14.45it/s]
HPSAC calibration_valid:  69%|██████▉   | 926/1333 [01:04<00:28, 14.41it/s]
HPSAC calibration_valid:  70%|██████▉   | 928/1333 [01:04<00:28, 14.31it/s]
HPSAC calibration_valid:  70%|██████▉   | 930/1333 [01:04<00:28, 14.16it/s]
HPSAC calibration_valid:  70%|██████▉   | 932/1333 [01:05<00:28, 14.16it/s]
HPSAC calibration_valid:  70%|███████   | 934/1333 [01:05<00:28, 14.03it/s]
HPSAC calibration_valid:  70%|███████   | 936/1333 [01:05<00:28, 14.08it/s]
HPSAC calibration_valid:  70%|███████   | 938/1333 [01:05<00:27, 14.16it/s]
HPSAC calibration_valid:  71%|███████   | 940/1333 [01:05<00:27, 14.33it/s]
HPSAC calibration_valid:  71%|███████   | 942/1333 [01:05<00:27, 14.24it/s]
HPSAC calibration_valid:  71%|███████   | 944/1333 [01:05<00:27, 14.21it/s]
HPSAC calibration_valid:  71%|███████   | 946/1333 [01:06<00:27, 14.18it/s]
HPSAC calibration_valid:  71%|███████   | 948/1333 [01:06<00:27, 14.15it/s]
HPSAC calibration_valid:  71%|███████▏  | 950/1333 [01:06<00:27, 14.16it/s]
HPSAC calibration_valid:  71%|███████▏  | 952/1333 [01:06<00:26, 14.15it/s]
HPSAC calibration_valid:  72%|███████▏  | 954/1333 [01:06<00:26, 14.14it/s]
HPSAC calibration_valid:  72%|███████▏  | 956/1333 [01:06<00:26, 14.12it/s]
HPSAC calibration_valid:  72%|███████▏  | 958/1333 [01:06<00:26, 14.20it/s]
HPSAC calibration_valid:  72%|███████▏  | 960/1333 [01:07<00:26, 13.93it/s]
HPSAC calibration_valid:  72%|███████▏  | 962/1333 [01:07<00:26, 13.99it/s]
HPSAC calibration_valid:  72%|███████▏  | 964/1333 [01:07<00:26, 13.70it/s]
HPSAC calibration_valid:  72%|███████▏  | 966/1333 [01:07<00:26, 13.75it/s]
HPSAC calibration_valid:  73%|███████▎  | 968/1333 [01:07<00:26, 13.96it/s]
HPSAC calibration_valid:  73%|███████▎  | 970/1333 [01:07<00:25, 14.07it/s]
HPSAC calibration_valid:  73%|███████▎  | 972/1333 [01:07<00:25, 14.03it/s]
HPSAC calibration_valid:  73%|███████▎  | 974/1333 [01:08<00:25, 14.07it/s]
HPSAC calibration_valid:  73%|███████▎  | 976/1333 [01:08<00:25, 14.01it/s]
HPSAC calibration_valid:  73%|███████▎  | 978/1333 [01:08<00:25, 14.05it/s]
HPSAC calibration_valid:  74%|███████▎  | 980/1333 [01:08<00:24, 14.13it/s]
HPSAC calibration_valid:  74%|███████▎  | 982/1333 [01:08<00:24, 14.21it/s]
HPSAC calibration_valid:  74%|███████▍  | 984/1333 [01:08<00:24, 14.20it/s]
HPSAC calibration_valid:  74%|███████▍  | 986/1333 [01:08<00:24, 14.20it/s]
HPSAC calibration_valid:  74%|███████▍  | 988/1333 [01:09<00:24, 13.95it/s]
HPSAC calibration_valid:  74%|███████▍  | 990/1333 [01:09<00:24, 14.02it/s]
HPSAC calibration_valid:  74%|███████▍  | 992/1333 [01:09<00:24, 14.20it/s]
HPSAC calibration_valid:  75%|███████▍  | 994/1333 [01:09<00:23, 14.21it/s]
HPSAC calibration_valid:  75%|███████▍  | 996/1333 [01:09<00:23, 14.17it/s]
HPSAC calibration_valid:  75%|███████▍  | 998/1333 [01:09<00:23, 14.18it/s]
HPSAC calibration_valid:  75%|███████▌  | 1000/1333 [01:09<00:23, 14.14it/s]
HPSAC calibration_valid:  75%|███████▌  | 1002/1333 [01:10<00:23, 14.14it/s]
HPSAC calibration_valid:  75%|███████▌  | 1004/1333 [01:10<00:23, 14.04it/s]
HPSAC calibration_valid:  75%|███████▌  | 1006/1333 [01:10<00:23, 14.02it/s]
HPSAC calibration_valid:  76%|███████▌  | 1008/1333 [01:10<00:22, 14.17it/s]
HPSAC calibration_valid:  76%|███████▌  | 1010/1333 [01:10<00:22, 14.16it/s]
HPSAC calibration_valid:  76%|███████▌  | 1012/1333 [01:10<00:23, 13.93it/s]
HPSAC calibration_valid:  76%|███████▌  | 1014/1333 [01:10<00:22, 14.09it/s]
HPSAC calibration_valid:  76%|███████▌  | 1016/1333 [01:11<00:22, 14.08it/s]
HPSAC calibration_valid:  76%|███████▋  | 1018/1333 [01:11<00:22, 14.17it/s]
HPSAC calibration_valid:  77%|███████▋  | 1020/1333 [01:11<00:22, 14.10it/s]
HPSAC calibration_valid:  77%|███████▋  | 1022/1333 [01:11<00:21, 14.18it/s]
HPSAC calibration_valid:  77%|███████▋  | 1024/1333 [01:11<00:21, 14.10it/s]
HPSAC calibration_valid:  77%|███████▋  | 1026/1333 [01:11<00:21, 14.24it/s]
HPSAC calibration_valid:  77%|███████▋  | 1028/1333 [01:11<00:21, 14.33it/s]
HPSAC calibration_valid:  77%|███████▋  | 1030/1333 [01:11<00:21, 14.40it/s]
HPSAC calibration_valid:  77%|███████▋  | 1032/1333 [01:12<00:20, 14.43it/s]
HPSAC calibration_valid:  78%|███████▊  | 1034/1333 [01:12<00:21, 14.10it/s]
HPSAC calibration_valid:  78%|███████▊  | 1036/1333 [01:12<00:21, 14.04it/s]
HPSAC calibration_valid:  78%|███████▊  | 1038/1333 [01:12<00:21, 13.80it/s]
HPSAC calibration_valid:  78%|███████▊  | 1040/1333 [01:12<00:21, 13.86it/s]
HPSAC calibration_valid:  78%|███████▊  | 1042/1333 [01:12<00:21, 13.79it/s]
HPSAC calibration_valid:  78%|███████▊  | 1044/1333 [01:13<00:20, 13.76it/s]
HPSAC calibration_valid:  78%|███████▊  | 1046/1333 [01:13<00:20, 13.82it/s]
HPSAC calibration_valid:  79%|███████▊  | 1048/1333 [01:13<00:20, 13.82it/s]
HPSAC calibration_valid:  79%|███████▉  | 1050/1333 [01:13<00:20, 13.97it/s]
HPSAC calibration_valid:  79%|███████▉  | 1052/1333 [01:13<00:20, 13.94it/s]
HPSAC calibration_valid:  79%|███████▉  | 1054/1333 [01:13<00:19, 14.00it/s]
HPSAC calibration_valid:  79%|███████▉  | 1056/1333 [01:13<00:19, 13.88it/s]
HPSAC calibration_valid:  79%|███████▉  | 1058/1333 [01:14<00:19, 13.78it/s]
HPSAC calibration_valid:  80%|███████▉  | 1060/1333 [01:14<00:19, 13.74it/s]
HPSAC calibration_valid:  80%|███████▉  | 1062/1333 [01:14<00:20, 13.49it/s]
HPSAC calibration_valid:  80%|███████▉  | 1064/1333 [01:14<00:20, 13.11it/s]
HPSAC calibration_valid:  80%|███████▉  | 1066/1333 [01:14<00:20, 13.18it/s]
HPSAC calibration_valid:  80%|████████  | 1068/1333 [01:14<00:20, 13.02it/s]
HPSAC calibration_valid:  80%|████████  | 1070/1333 [01:14<00:20, 13.14it/s]
HPSAC calibration_valid:  80%|████████  | 1072/1333 [01:15<00:19, 13.31it/s]
HPSAC calibration_valid:  81%|████████  | 1074/1333 [01:15<00:19, 13.17it/s]
HPSAC calibration_valid:  81%|████████  | 1076/1333 [01:15<00:19, 13.34it/s]
HPSAC calibration_valid:  81%|████████  | 1078/1333 [01:15<00:18, 13.45it/s]
HPSAC calibration_valid:  81%|████████  | 1080/1333 [01:15<00:18, 13.35it/s]
HPSAC calibration_valid:  81%|████████  | 1082/1333 [01:15<00:18, 13.46it/s]
HPSAC calibration_valid:  81%|████████▏ | 1084/1333 [01:15<00:18, 13.56it/s]
HPSAC calibration_valid:  81%|████████▏ | 1086/1333 [01:16<00:18, 13.14it/s]
HPSAC calibration_valid:  82%|████████▏ | 1088/1333 [01:16<00:18, 13.05it/s]
HPSAC calibration_valid:  82%|████████▏ | 1090/1333 [01:16<00:18, 13.10it/s]
HPSAC calibration_valid:  82%|████████▏ | 1092/1333 [01:16<00:18, 12.94it/s]
HPSAC calibration_valid:  82%|████████▏ | 1094/1333 [01:16<00:18, 12.81it/s]
HPSAC calibration_valid:  82%|████████▏ | 1096/1333 [01:16<00:18, 12.78it/s]
HPSAC calibration_valid:  82%|████████▏ | 1098/1333 [01:17<00:18, 12.91it/s]
HPSAC calibration_valid:  83%|████████▎ | 1100/1333 [01:17<00:17, 12.97it/s]
HPSAC calibration_valid:  83%|████████▎ | 1102/1333 [01:17<00:17, 13.11it/s]
HPSAC calibration_valid:  83%|████████▎ | 1104/1333 [01:17<00:17, 13.16it/s]
HPSAC calibration_valid:  83%|████████▎ | 1106/1333 [01:17<00:16, 13.36it/s]
HPSAC calibration_valid:  83%|████████▎ | 1108/1333 [01:17<00:16, 13.24it/s]
HPSAC calibration_valid:  83%|████████▎ | 1110/1333 [01:17<00:16, 13.19it/s]
HPSAC calibration_valid:  83%|████████▎ | 1112/1333 [01:18<00:16, 13.08it/s]
HPSAC calibration_valid:  84%|████████▎ | 1114/1333 [01:18<00:16, 13.00it/s]
HPSAC calibration_valid:  84%|████████▎ | 1116/1333 [01:18<00:16, 12.93it/s]
HPSAC calibration_valid:  84%|████████▍ | 1118/1333 [01:18<00:16, 12.94it/s]
HPSAC calibration_valid:  84%|████████▍ | 1120/1333 [01:18<00:16, 12.89it/s]
HPSAC calibration_valid:  84%|████████▍ | 1122/1333 [01:18<00:16, 12.83it/s]
HPSAC calibration_valid:  84%|████████▍ | 1124/1333 [01:19<00:16, 12.66it/s]
HPSAC calibration_valid:  84%|████████▍ | 1126/1333 [01:19<00:16, 12.40it/s]
HPSAC calibration_valid:  85%|████████▍ | 1128/1333 [01:19<00:16, 12.54it/s]
HPSAC calibration_valid:  85%|████████▍ | 1130/1333 [01:19<00:16, 12.65it/s]
HPSAC calibration_valid:  85%|████████▍ | 1132/1333 [01:19<00:15, 12.59it/s]
HPSAC calibration_valid:  85%|████████▌ | 1134/1333 [01:19<00:15, 12.60it/s]
HPSAC calibration_valid:  85%|████████▌ | 1136/1333 [01:20<00:15, 12.68it/s]
HPSAC calibration_valid:  85%|████████▌ | 1138/1333 [01:20<00:15, 12.48it/s]
HPSAC calibration_valid:  86%|████████▌ | 1140/1333 [01:20<00:15, 12.44it/s]
HPSAC calibration_valid:  86%|████████▌ | 1142/1333 [01:20<00:15, 12.55it/s]
HPSAC calibration_valid:  86%|████████▌ | 1144/1333 [01:20<00:15, 12.54it/s]
HPSAC calibration_valid:  86%|████████▌ | 1146/1333 [01:20<00:14, 12.60it/s]
HPSAC calibration_valid:  86%|████████▌ | 1148/1333 [01:20<00:14, 12.87it/s]
HPSAC calibration_valid:  86%|████████▋ | 1150/1333 [01:21<00:14, 12.99it/s]
HPSAC calibration_valid:  86%|████████▋ | 1152/1333 [01:21<00:13, 13.16it/s]
HPSAC calibration_valid:  87%|████████▋ | 1154/1333 [01:21<00:13, 13.21it/s]
HPSAC calibration_valid:  87%|████████▋ | 1156/1333 [01:21<00:13, 13.14it/s]
HPSAC calibration_valid:  87%|████████▋ | 1158/1333 [01:21<00:13, 13.17it/s]
HPSAC calibration_valid:  87%|████████▋ | 1160/1333 [01:21<00:13, 13.09it/s]
HPSAC calibration_valid:  87%|████████▋ | 1162/1333 [01:22<00:12, 13.23it/s]
HPSAC calibration_valid:  87%|████████▋ | 1164/1333 [01:22<00:12, 13.30it/s]
HPSAC calibration_valid:  87%|████████▋ | 1166/1333 [01:22<00:12, 13.41it/s]
HPSAC calibration_valid:  88%|████████▊ | 1168/1333 [01:22<00:12, 13.43it/s]
HPSAC calibration_valid:  88%|████████▊ | 1170/1333 [01:22<00:12, 13.48it/s]
HPSAC calibration_valid:  88%|████████▊ | 1172/1333 [01:22<00:11, 13.65it/s]
HPSAC calibration_valid:  88%|████████▊ | 1174/1333 [01:22<00:11, 13.70it/s]
HPSAC calibration_valid:  88%|████████▊ | 1176/1333 [01:23<00:11, 13.73it/s]
HPSAC calibration_valid:  88%|████████▊ | 1178/1333 [01:23<00:11, 13.35it/s]
HPSAC calibration_valid:  89%|████████▊ | 1180/1333 [01:23<00:11, 13.42it/s]
HPSAC calibration_valid:  89%|████████▊ | 1182/1333 [01:23<00:11, 13.28it/s]
HPSAC calibration_valid:  89%|████████▉ | 1184/1333 [01:23<00:11, 13.17it/s]
HPSAC calibration_valid:  89%|████████▉ | 1186/1333 [01:23<00:11, 13.08it/s]
HPSAC calibration_valid:  89%|████████▉ | 1188/1333 [01:23<00:11, 13.13it/s]
HPSAC calibration_valid:  89%|████████▉ | 1190/1333 [01:24<00:10, 13.03it/s]
HPSAC calibration_valid:  89%|████████▉ | 1192/1333 [01:24<00:11, 12.74it/s]
HPSAC calibration_valid:  90%|████████▉ | 1194/1333 [01:24<00:11, 12.38it/s]
HPSAC calibration_valid:  90%|████████▉ | 1196/1333 [01:24<00:10, 12.50it/s]
HPSAC calibration_valid:  90%|████████▉ | 1198/1333 [01:24<00:10, 12.56it/s]
HPSAC calibration_valid:  90%|█████████ | 1200/1333 [01:24<00:10, 12.83it/s]
HPSAC calibration_valid:  90%|█████████ | 1202/1333 [01:25<00:09, 13.18it/s]
HPSAC calibration_valid:  90%|█████████ | 1204/1333 [01:25<00:09, 13.27it/s]
HPSAC calibration_valid:  90%|█████████ | 1206/1333 [01:25<00:09, 13.43it/s]
HPSAC calibration_valid:  91%|█████████ | 1208/1333 [01:25<00:09, 13.28it/s]
HPSAC calibration_valid:  91%|█████████ | 1210/1333 [01:25<00:09, 13.26it/s]
HPSAC calibration_valid:  91%|█████████ | 1212/1333 [01:25<00:09, 13.32it/s]
HPSAC calibration_valid:  91%|█████████ | 1214/1333 [01:25<00:09, 13.22it/s]
HPSAC calibration_valid:  91%|█████████ | 1216/1333 [01:26<00:08, 13.40it/s]
HPSAC calibration_valid:  91%|█████████▏| 1218/1333 [01:26<00:08, 13.64it/s]
HPSAC calibration_valid:  92%|█████████▏| 1220/1333 [01:26<00:08, 13.71it/s]
HPSAC calibration_valid:  92%|█████████▏| 1222/1333 [01:26<00:08, 13.55it/s]
HPSAC calibration_valid:  92%|█████████▏| 1224/1333 [01:26<00:08, 13.62it/s]
HPSAC calibration_valid:  92%|█████████▏| 1226/1333 [01:26<00:07, 13.69it/s]
HPSAC calibration_valid:  92%|█████████▏| 1228/1333 [01:26<00:07, 13.48it/s]
HPSAC calibration_valid:  92%|█████████▏| 1230/1333 [01:27<00:07, 13.67it/s]
HPSAC calibration_valid:  92%|█████████▏| 1232/1333 [01:27<00:07, 13.66it/s]
HPSAC calibration_valid:  93%|█████████▎| 1234/1333 [01:27<00:07, 13.68it/s]
HPSAC calibration_valid:  93%|█████████▎| 1236/1333 [01:27<00:07, 13.82it/s]
HPSAC calibration_valid:  93%|█████████▎| 1238/1333 [01:27<00:06, 13.67it/s]
HPSAC calibration_valid:  93%|█████████▎| 1240/1333 [01:27<00:06, 13.71it/s]
HPSAC calibration_valid:  93%|█████████▎| 1242/1333 [01:28<00:06, 13.64it/s]
HPSAC calibration_valid:  93%|█████████▎| 1244/1333 [01:28<00:06, 13.83it/s]
HPSAC calibration_valid:  93%|█████████▎| 1246/1333 [01:28<00:06, 13.69it/s]
HPSAC calibration_valid:  94%|█████████▎| 1248/1333 [01:28<00:06, 13.71it/s]
HPSAC calibration_valid:  94%|█████████▍| 1250/1333 [01:28<00:05, 13.85it/s]
HPSAC calibration_valid:  94%|█████████▍| 1252/1333 [01:28<00:05, 13.73it/s]
HPSAC calibration_valid:  94%|█████████▍| 1254/1333 [01:28<00:05, 13.78it/s]
HPSAC calibration_valid:  94%|█████████▍| 1256/1333 [01:29<00:05, 13.86it/s]
HPSAC calibration_valid:  94%|█████████▍| 1258/1333 [01:29<00:05, 13.68it/s]
HPSAC calibration_valid:  95%|█████████▍| 1260/1333 [01:29<00:05, 13.91it/s]
HPSAC calibration_valid:  95%|█████████▍| 1262/1333 [01:29<00:05, 13.62it/s]
HPSAC calibration_valid:  95%|█████████▍| 1264/1333 [01:29<00:05, 13.74it/s]
HPSAC calibration_valid:  95%|█████████▍| 1266/1333 [01:29<00:04, 13.73it/s]
HPSAC calibration_valid:  95%|█████████▌| 1268/1333 [01:29<00:04, 13.85it/s]
HPSAC calibration_valid:  95%|█████████▌| 1270/1333 [01:30<00:04, 13.96it/s]
HPSAC calibration_valid:  95%|█████████▌| 1272/1333 [01:30<00:04, 14.00it/s]
HPSAC calibration_valid:  96%|█████████▌| 1274/1333 [01:30<00:04, 14.15it/s]
HPSAC calibration_valid:  96%|█████████▌| 1276/1333 [01:30<00:04, 14.12it/s]
HPSAC calibration_valid:  96%|█████████▌| 1278/1333 [01:30<00:03, 14.22it/s]
HPSAC calibration_valid:  96%|█████████▌| 1280/1333 [01:30<00:03, 14.20it/s]
HPSAC calibration_valid:  96%|█████████▌| 1282/1333 [01:30<00:03, 13.96it/s]
HPSAC calibration_valid:  96%|█████████▋| 1284/1333 [01:31<00:03, 13.80it/s]
HPSAC calibration_valid:  96%|█████████▋| 1286/1333 [01:31<00:03, 13.47it/s]
HPSAC calibration_valid:  97%|█████████▋| 1288/1333 [01:31<00:03, 13.35it/s]
HPSAC calibration_valid:  97%|█████████▋| 1290/1333 [01:31<00:03, 13.48it/s]
HPSAC calibration_valid:  97%|█████████▋| 1292/1333 [01:31<00:03, 13.53it/s]
HPSAC calibration_valid:  97%|█████████▋| 1294/1333 [01:31<00:02, 13.43it/s]
HPSAC calibration_valid:  97%|█████████▋| 1296/1333 [01:31<00:02, 13.17it/s]
HPSAC calibration_valid:  97%|█████████▋| 1298/1333 [01:32<00:02, 13.01it/s]
HPSAC calibration_valid:  98%|█████████▊| 1300/1333 [01:32<00:02, 13.00it/s]
HPSAC calibration_valid:  98%|█████████▊| 1302/1333 [01:32<00:02, 13.12it/s]
HPSAC calibration_valid:  98%|█████████▊| 1304/1333 [01:32<00:02, 13.20it/s]
HPSAC calibration_valid:  98%|█████████▊| 1306/1333 [01:32<00:02, 13.36it/s]
HPSAC calibration_valid:  98%|█████████▊| 1308/1333 [01:32<00:01, 13.47it/s]
HPSAC calibration_valid:  98%|█████████▊| 1310/1333 [01:32<00:01, 13.71it/s]
HPSAC calibration_valid:  98%|█████████▊| 1312/1333 [01:33<00:01, 13.69it/s]
HPSAC calibration_valid:  99%|█████████▊| 1314/1333 [01:33<00:01, 13.71it/s]
HPSAC calibration_valid:  99%|█████████▊| 1316/1333 [01:33<00:01, 13.44it/s]
HPSAC calibration_valid: 100%|█████████▉| 1329/1333 [01:33<00:00, 38.54it/s]
                                                                            

HPSAC test:   0%|          | 0/2663 [00:00<?, ?it/s]
HPSAC test:   0%|          | 2/2663 [00:00<03:10, 13.94it/s]
HPSAC test:   0%|          | 4/2663 [00:00<03:05, 14.30it/s]
HPSAC test:   0%|          | 6/2663 [00:00<03:11, 13.84it/s]
HPSAC test:   0%|          | 8/2663 [00:00<03:10, 13.94it/s]
HPSAC test:   0%|          | 10/2663 [00:00<03:13, 13.69it/s]
HPSAC test:   0%|          | 12/2663 [00:00<03:13, 13.69it/s]
HPSAC test:   1%|          | 14/2663 [00:01<03:13, 13.70it/s]
HPSAC test:   1%|          | 16/2663 [00:01<03:15, 13.55it/s]
HPSAC test:   1%|          | 18/2663 [00:01<03:12, 13.77it/s]
HPSAC test:   1%|          | 20/2663 [00:01<03:09, 13.94it/s]
HPSAC test:   1%|          | 22/2663 [00:01<03:08, 14.02it/s]
HPSAC test:   1%|          | 24/2663 [00:01<03:14, 13.60it/s]
HPSAC test:   1%|          | 26/2663 [00:01<03:50, 11.43it/s]
HPSAC test:   1%|          | 28/2663 [00:02<04:07, 10.64it/s]
HPSAC test:   1%|          | 30/2663 [00:02<04:02, 10.85it/s]
HPSAC test:   1%|          | 32/2663 [00:02<04:01, 10.91it/s]
HPSAC test:   1%|▏         | 34/2663 [00:02<03:49, 11.44it/s]
HPSAC test:   1%|▏         | 36/2663 [00:02<03:38, 12.05it/s]
HPSAC test:   1%|▏         | 38/2663 [00:03<03:30, 12.44it/s]
HPSAC test:   2%|▏         | 40/2663 [00:03<03:26, 12.68it/s]
HPSAC test:   2%|▏         | 42/2663 [00:03<03:19, 13.13it/s]
HPSAC test:   2%|▏         | 44/2663 [00:03<03:17, 13.29it/s]
HPSAC test:   2%|▏         | 46/2663 [00:03<03:13, 13.51it/s]
HPSAC test:   2%|▏         | 48/2663 [00:03<03:13, 13.51it/s]
HPSAC test:   2%|▏         | 50/2663 [00:03<03:12, 13.55it/s]
HPSAC test:   2%|▏         | 52/2663 [00:04<03:11, 13.67it/s]
HPSAC test:   2%|▏         | 54/2663 [00:04<03:10, 13.72it/s]
HPSAC test:   2%|▏         | 56/2663 [00:04<03:11, 13.59it/s]
HPSAC test:   2%|▏         | 58/2663 [00:04<03:14, 13.39it/s]
HPSAC test:   2%|▏         | 60/2663 [00:04<03:14, 13.41it/s]
HPSAC test:   2%|▏         | 62/2663 [00:04<03:12, 13.50it/s]
HPSAC test:   2%|▏         | 64/2663 [00:04<03:14, 13.37it/s]
HPSAC test:   2%|▏         | 66/2663 [00:05<03:14, 13.38it/s]
HPSAC test:   3%|▎         | 68/2663 [00:05<03:12, 13.46it/s]
HPSAC test:   3%|▎         | 70/2663 [00:05<03:13, 13.42it/s]
HPSAC test:   3%|▎         | 72/2663 [00:05<03:10, 13.58it/s]
HPSAC test:   3%|▎         | 74/2663 [00:05<03:12, 13.43it/s]
HPSAC test:   3%|▎         | 76/2663 [00:05<03:13, 13.39it/s]
HPSAC test:   3%|▎         | 78/2663 [00:05<03:13, 13.33it/s]
HPSAC test:   3%|▎         | 80/2663 [00:06<03:11, 13.51it/s]
HPSAC test:   3%|▎         | 82/2663 [00:06<03:11, 13.49it/s]
HPSAC test:   3%|▎         | 84/2663 [00:06<03:09, 13.58it/s]
HPSAC test:   3%|▎         | 86/2663 [00:06<03:09, 13.58it/s]
HPSAC test:   3%|▎         | 88/2663 [00:06<03:06, 13.78it/s]
HPSAC test:   3%|▎         | 90/2663 [00:06<03:09, 13.58it/s]
HPSAC test:   3%|▎         | 92/2663 [00:06<03:08, 13.61it/s]
HPSAC test:   4%|▎         | 94/2663 [00:07<03:08, 13.61it/s]
HPSAC test:   4%|▎         | 96/2663 [00:07<03:06, 13.78it/s]
HPSAC test:   4%|▎         | 98/2663 [00:07<03:03, 13.97it/s]
HPSAC test:   4%|▍         | 100/2663 [00:07<03:02, 14.03it/s]
HPSAC test:   4%|▍         | 102/2663 [00:07<03:02, 14.04it/s]
HPSAC test:   4%|▍         | 104/2663 [00:07<03:02, 14.01it/s]
HPSAC test:   4%|▍         | 106/2663 [00:07<03:05, 13.77it/s]
HPSAC test:   4%|▍         | 108/2663 [00:08<03:05, 13.76it/s]
HPSAC test:   4%|▍         | 110/2663 [00:08<03:06, 13.71it/s]
HPSAC test:   4%|▍         | 112/2663 [00:08<03:06, 13.66it/s]
HPSAC test:   4%|▍         | 114/2663 [00:08<03:05, 13.77it/s]
HPSAC test:   4%|▍         | 116/2663 [00:08<03:07, 13.58it/s]
HPSAC test:   4%|▍         | 118/2663 [00:08<03:08, 13.53it/s]
HPSAC test:   5%|▍         | 120/2663 [00:09<03:07, 13.56it/s]
HPSAC test:   5%|▍         | 122/2663 [00:09<03:09, 13.39it/s]
HPSAC test:   5%|▍         | 124/2663 [00:09<03:09, 13.43it/s]
HPSAC test:   5%|▍         | 126/2663 [00:09<03:09, 13.37it/s]
HPSAC test:   5%|▍         | 128/2663 [00:09<03:09, 13.36it/s]
HPSAC test:   5%|▍         | 130/2663 [00:09<03:10, 13.28it/s]
HPSAC test:   5%|▍         | 132/2663 [00:09<03:11, 13.19it/s]
HPSAC test:   5%|▌         | 134/2663 [00:10<03:13, 13.10it/s]
HPSAC test:   5%|▌         | 136/2663 [00:10<03:09, 13.35it/s]
HPSAC test:   5%|▌         | 138/2663 [00:10<03:09, 13.31it/s]
HPSAC test:   5%|▌         | 140/2663 [00:10<03:06, 13.52it/s]
HPSAC test:   5%|▌         | 142/2663 [00:10<03:05, 13.62it/s]
HPSAC test:   5%|▌         | 144/2663 [00:10<03:04, 13.66it/s]
HPSAC test:   5%|▌         | 146/2663 [00:10<03:05, 13.58it/s]
HPSAC test:   6%|▌         | 148/2663 [00:11<03:05, 13.56it/s]
HPSAC test:   6%|▌         | 150/2663 [00:11<03:04, 13.61it/s]
HPSAC test:   6%|▌         | 152/2663 [00:11<03:04, 13.59it/s]
HPSAC test:   6%|▌         | 154/2663 [00:11<03:07, 13.40it/s]
HPSAC test:   6%|▌         | 156/2663 [00:11<03:06, 13.41it/s]
HPSAC test:   6%|▌         | 158/2663 [00:11<03:10, 13.17it/s]
HPSAC test:   6%|▌         | 160/2663 [00:12<03:08, 13.25it/s]
HPSAC test:   6%|▌         | 162/2663 [00:12<03:10, 13.11it/s]
HPSAC test:   6%|▌         | 164/2663 [00:12<03:11, 13.07it/s]
HPSAC test:   6%|▌         | 166/2663 [00:12<03:10, 13.11it/s]
HPSAC test:   6%|▋         | 168/2663 [00:12<03:07, 13.31it/s]
HPSAC test:   6%|▋         | 170/2663 [00:12<03:04, 13.51it/s]
HPSAC test:   6%|▋         | 172/2663 [00:12<03:04, 13.51it/s]
HPSAC test:   7%|▋         | 174/2663 [00:13<03:02, 13.63it/s]
HPSAC test:   7%|▋         | 176/2663 [00:13<03:03, 13.58it/s]
HPSAC test:   7%|▋         | 178/2663 [00:13<03:01, 13.68it/s]
HPSAC test:   7%|▋         | 180/2663 [00:13<03:01, 13.66it/s]
HPSAC test:   7%|▋         | 182/2663 [00:13<03:02, 13.60it/s]
HPSAC test:   7%|▋         | 184/2663 [00:13<03:02, 13.60it/s]
HPSAC test:   7%|▋         | 186/2663 [00:13<03:01, 13.66it/s]
HPSAC test:   7%|▋         | 188/2663 [00:14<03:01, 13.63it/s]
HPSAC test:   7%|▋         | 190/2663 [00:14<03:02, 13.55it/s]
HPSAC test:   7%|▋         | 192/2663 [00:14<02:59, 13.79it/s]
HPSAC test:   7%|▋         | 194/2663 [00:14<03:01, 13.57it/s]
HPSAC test:   7%|▋         | 196/2663 [00:14<02:59, 13.77it/s]
HPSAC test:   7%|▋         | 198/2663 [00:14<03:00, 13.69it/s]
HPSAC test:   8%|▊         | 200/2663 [00:14<03:00, 13.64it/s]
HPSAC test:   8%|▊         | 202/2663 [00:15<03:01, 13.55it/s]
HPSAC test:   8%|▊         | 204/2663 [00:15<03:02, 13.51it/s]
HPSAC test:   8%|▊         | 206/2663 [00:15<03:00, 13.64it/s]
HPSAC test:   8%|▊         | 208/2663 [00:15<03:00, 13.61it/s]
HPSAC test:   8%|▊         | 210/2663 [00:15<03:01, 13.51it/s]
HPSAC test:   8%|▊         | 212/2663 [00:15<03:01, 13.51it/s]
HPSAC test:   8%|▊         | 214/2663 [00:15<03:01, 13.50it/s]
HPSAC test:   8%|▊         | 216/2663 [00:16<03:03, 13.32it/s]
HPSAC test:   8%|▊         | 218/2663 [00:16<03:02, 13.39it/s]
HPSAC test:   8%|▊         | 220/2663 [00:16<03:03, 13.31it/s]
HPSAC test:   8%|▊         | 222/2663 [00:16<03:04, 13.24it/s]
HPSAC test:   8%|▊         | 224/2663 [00:16<03:01, 13.42it/s]
HPSAC test:   8%|▊         | 226/2663 [00:16<03:01, 13.41it/s]
HPSAC test:   9%|▊         | 228/2663 [00:17<03:00, 13.52it/s]
HPSAC test:   9%|▊         | 230/2663 [00:17<03:01, 13.43it/s]
HPSAC test:   9%|▊         | 232/2663 [00:17<02:59, 13.55it/s]
HPSAC test:   9%|▉         | 234/2663 [00:17<03:01, 13.35it/s]
HPSAC test:   9%|▉         | 236/2663 [00:17<03:02, 13.27it/s]
HPSAC test:   9%|▉         | 238/2663 [00:17<03:04, 13.12it/s]
HPSAC test:   9%|▉         | 240/2663 [00:17<03:03, 13.20it/s]
HPSAC test:   9%|▉         | 242/2663 [00:18<03:00, 13.41it/s]
HPSAC test:   9%|▉         | 244/2663 [00:18<02:59, 13.49it/s]
HPSAC test:   9%|▉         | 246/2663 [00:18<02:59, 13.43it/s]
HPSAC test:   9%|▉         | 248/2663 [00:18<02:59, 13.44it/s]
HPSAC test:   9%|▉         | 250/2663 [00:18<03:02, 13.22it/s]
HPSAC test:   9%|▉         | 252/2663 [00:18<03:01, 13.27it/s]
HPSAC test:  10%|▉         | 254/2663 [00:18<03:00, 13.31it/s]
HPSAC test:  10%|▉         | 256/2663 [00:19<03:03, 13.15it/s]
HPSAC test:  10%|▉         | 258/2663 [00:19<03:02, 13.21it/s]
HPSAC test:  10%|▉         | 260/2663 [00:19<03:01, 13.23it/s]
HPSAC test:  10%|▉         | 262/2663 [00:19<03:05, 12.97it/s]
HPSAC test:  10%|▉         | 264/2663 [00:19<03:11, 12.55it/s]
HPSAC test:  10%|▉         | 266/2663 [00:19<03:17, 12.14it/s]
HPSAC test:  10%|█         | 268/2663 [00:20<03:17, 12.13it/s]
HPSAC test:  10%|█         | 270/2663 [00:20<03:13, 12.35it/s]
HPSAC test:  10%|█         | 272/2663 [00:20<03:15, 12.22it/s]
HPSAC test:  10%|█         | 274/2663 [00:20<03:17, 12.13it/s]
HPSAC test:  10%|█         | 276/2663 [00:20<03:11, 12.44it/s]
HPSAC test:  10%|█         | 278/2663 [00:20<03:09, 12.55it/s]
HPSAC test:  11%|█         | 280/2663 [00:21<03:11, 12.47it/s]
HPSAC test:  11%|█         | 282/2663 [00:21<03:09, 12.57it/s]
HPSAC test:  11%|█         | 284/2663 [00:21<03:10, 12.50it/s]
HPSAC test:  11%|█         | 286/2663 [00:21<03:12, 12.35it/s]
HPSAC test:  11%|█         | 288/2663 [00:21<03:15, 12.14it/s]
HPSAC test:  11%|█         | 290/2663 [00:21<03:14, 12.19it/s]
HPSAC test:  11%|█         | 292/2663 [00:22<03:13, 12.25it/s]
HPSAC test:  11%|█         | 294/2663 [00:22<03:14, 12.19it/s]
HPSAC test:  11%|█         | 296/2663 [00:22<03:12, 12.28it/s]
HPSAC test:  11%|█         | 298/2663 [00:22<03:13, 12.23it/s]
HPSAC test:  11%|█▏        | 300/2663 [00:22<03:15, 12.08it/s]
HPSAC test:  11%|█▏        | 302/2663 [00:22<03:10, 12.39it/s]
HPSAC test:  11%|█▏        | 304/2663 [00:23<03:09, 12.48it/s]
HPSAC test:  11%|█▏        | 306/2663 [00:23<03:08, 12.48it/s]
HPSAC test:  12%|█▏        | 308/2663 [00:23<03:08, 12.51it/s]
HPSAC test:  12%|█▏        | 310/2663 [00:23<03:12, 12.23it/s]
HPSAC test:  12%|█▏        | 312/2663 [00:23<03:12, 12.24it/s]
HPSAC test:  12%|█▏        | 314/2663 [00:23<03:17, 11.87it/s]
HPSAC test:  12%|█▏        | 316/2663 [00:24<03:21, 11.63it/s]
HPSAC test:  12%|█▏        | 318/2663 [00:24<03:25, 11.43it/s]
HPSAC test:  12%|█▏        | 320/2663 [00:24<03:38, 10.71it/s]
HPSAC test:  12%|█▏        | 322/2663 [00:24<03:29, 11.15it/s]
HPSAC test:  12%|█▏        | 324/2663 [00:24<03:22, 11.52it/s]
HPSAC test:  12%|█▏        | 326/2663 [00:24<03:17, 11.81it/s]
HPSAC test:  12%|█▏        | 328/2663 [00:25<03:16, 11.91it/s]
HPSAC test:  12%|█▏        | 330/2663 [00:25<03:11, 12.17it/s]
HPSAC test:  12%|█▏        | 332/2663 [00:25<03:11, 12.17it/s]
HPSAC test:  13%|█▎        | 334/2663 [00:25<03:15, 11.90it/s]
HPSAC test:  13%|█▎        | 336/2663 [00:25<03:19, 11.69it/s]
HPSAC test:  13%|█▎        | 338/2663 [00:25<03:19, 11.63it/s]
HPSAC test:  13%|█▎        | 340/2663 [00:26<03:46, 10.25it/s]
HPSAC test:  13%|█▎        | 342/2663 [00:26<04:24,  8.77it/s]
HPSAC test:  13%|█▎        | 343/2663 [00:26<04:42,  8.21it/s]
HPSAC test:  13%|█▎        | 344/2663 [00:26<04:33,  8.49it/s]
HPSAC test:  13%|█▎        | 346/2663 [00:26<04:07,  9.35it/s]
HPSAC test:  13%|█▎        | 348/2663 [00:27<03:50, 10.03it/s]
HPSAC test:  13%|█▎        | 350/2663 [00:27<03:46, 10.20it/s]
HPSAC test:  13%|█▎        | 352/2663 [00:27<03:48, 10.13it/s]
HPSAC test:  13%|█▎        | 354/2663 [00:27<03:47, 10.15it/s]
HPSAC test:  13%|█▎        | 356/2663 [00:27<03:40, 10.45it/s]
HPSAC test:  13%|█▎        | 358/2663 [00:28<03:29, 10.99it/s]
HPSAC test:  14%|█▎        | 360/2663 [00:28<03:18, 11.59it/s]
HPSAC test:  14%|█▎        | 362/2663 [00:28<03:10, 12.06it/s]
HPSAC test:  14%|█▎        | 364/2663 [00:28<03:09, 12.14it/s]
HPSAC test:  14%|█▎        | 366/2663 [00:28<03:04, 12.42it/s]
HPSAC test:  14%|█▍        | 368/2663 [00:28<03:06, 12.28it/s]
HPSAC test:  14%|█▍        | 370/2663 [00:28<03:01, 12.63it/s]
HPSAC test:  14%|█▍        | 372/2663 [00:29<03:02, 12.53it/s]
HPSAC test:  14%|█▍        | 374/2663 [00:29<03:02, 12.54it/s]
HPSAC test:  14%|█▍        | 376/2663 [00:29<03:02, 12.53it/s]
HPSAC test:  14%|█▍        | 378/2663 [00:29<03:02, 12.55it/s]
HPSAC test:  14%|█▍        | 380/2663 [00:29<03:01, 12.57it/s]
HPSAC test:  14%|█▍        | 382/2663 [00:29<03:03, 12.42it/s]
HPSAC test:  14%|█▍        | 384/2663 [00:30<03:00, 12.66it/s]
HPSAC test:  14%|█▍        | 386/2663 [00:30<02:56, 12.91it/s]
HPSAC test:  15%|█▍        | 388/2663 [00:30<02:51, 13.28it/s]
HPSAC test:  15%|█▍        | 390/2663 [00:30<02:49, 13.44it/s]
HPSAC test:  15%|█▍        | 392/2663 [00:30<02:46, 13.61it/s]
HPSAC test:  15%|█▍        | 394/2663 [00:30<02:46, 13.63it/s]
HPSAC test:  15%|█▍        | 396/2663 [00:30<02:48, 13.46it/s]
HPSAC test:  15%|█▍        | 398/2663 [00:31<02:46, 13.60it/s]
HPSAC test:  15%|█▌        | 412/2663 [00:31<01:01, 36.32it/s]
HPSAC test:  16%|█▌        | 416/2663 [00:31<01:23, 26.87it/s]
HPSAC test:  16%|█▌        | 419/2663 [00:31<01:36, 23.27it/s]
HPSAC test:  16%|█▌        | 422/2663 [00:31<01:48, 20.65it/s]
HPSAC test:  16%|█▌        | 425/2663 [00:32<01:58, 18.87it/s]
HPSAC test:  16%|█▌        | 427/2663 [00:32<02:04, 18.02it/s]
HPSAC test:  16%|█▌        | 429/2663 [00:32<02:08, 17.36it/s]
HPSAC test:  16%|█▌        | 431/2663 [00:32<02:14, 16.56it/s]
HPSAC test:  16%|█▋        | 433/2663 [00:32<02:19, 16.01it/s]
HPSAC test:  16%|█▋        | 435/2663 [00:32<02:23, 15.54it/s]
HPSAC test:  16%|█▋        | 437/2663 [00:32<02:24, 15.38it/s]
HPSAC test:  16%|█▋        | 439/2663 [00:33<02:25, 15.27it/s]
HPSAC test:  17%|█▋        | 441/2663 [00:33<02:29, 14.91it/s]
HPSAC test:  17%|█▋        | 443/2663 [00:33<02:28, 14.90it/s]
HPSAC test:  17%|█▋        | 445/2663 [00:33<02:32, 14.58it/s]
HPSAC test:  17%|█▋        | 447/2663 [00:33<02:31, 14.59it/s]
HPSAC test:  17%|█▋        | 449/2663 [00:33<02:29, 14.77it/s]
HPSAC test:  17%|█▋        | 451/2663 [00:33<02:30, 14.72it/s]
HPSAC test:  17%|█▋        | 453/2663 [00:34<02:30, 14.73it/s]
HPSAC test:  17%|█▋        | 455/2663 [00:34<02:30, 14.64it/s]
HPSAC test:  17%|█▋        | 457/2663 [00:34<02:30, 14.66it/s]
HPSAC test:  17%|█▋        | 459/2663 [00:34<02:30, 14.60it/s]
HPSAC test:  17%|█▋        | 461/2663 [00:34<02:29, 14.74it/s]
HPSAC test:  17%|█▋        | 463/2663 [00:34<02:27, 14.92it/s]
HPSAC test:  17%|█▋        | 465/2663 [00:34<02:29, 14.74it/s]
HPSAC test:  18%|█▊        | 467/2663 [00:35<02:27, 14.88it/s]
HPSAC test:  18%|█▊        | 469/2663 [00:35<02:27, 14.91it/s]
HPSAC test:  18%|█▊        | 471/2663 [00:35<02:27, 14.90it/s]
HPSAC test:  18%|█▊        | 473/2663 [00:35<02:26, 14.91it/s]
HPSAC test:  18%|█▊        | 475/2663 [00:35<02:29, 14.60it/s]
HPSAC test:  18%|█▊        | 477/2663 [00:35<02:28, 14.75it/s]
HPSAC test:  18%|█▊        | 479/2663 [00:35<02:29, 14.65it/s]
HPSAC test:  18%|█▊        | 481/2663 [00:35<02:26, 14.85it/s]
HPSAC test:  18%|█▊        | 483/2663 [00:36<02:25, 14.95it/s]
HPSAC test:  18%|█▊        | 485/2663 [00:36<02:27, 14.81it/s]
HPSAC test:  18%|█▊        | 487/2663 [00:36<02:26, 14.89it/s]
HPSAC test:  18%|█▊        | 489/2663 [00:36<02:26, 14.82it/s]
HPSAC test:  18%|█▊        | 491/2663 [00:36<02:26, 14.81it/s]
HPSAC test:  19%|█▊        | 493/2663 [00:36<02:28, 14.65it/s]
HPSAC test:  19%|█▊        | 495/2663 [00:36<02:25, 14.89it/s]
HPSAC test:  19%|█▊        | 497/2663 [00:37<02:25, 14.93it/s]
HPSAC test:  19%|█▊        | 499/2663 [00:37<02:26, 14.78it/s]
HPSAC test:  19%|█▉        | 501/2663 [00:37<02:25, 14.91it/s]
HPSAC test:  19%|█▉        | 503/2663 [00:37<02:25, 14.87it/s]
HPSAC test:  19%|█▉        | 505/2663 [00:37<02:27, 14.65it/s]
HPSAC test:  19%|█▉        | 507/2663 [00:37<02:25, 14.79it/s]
HPSAC test:  19%|█▉        | 509/2663 [00:37<02:24, 14.93it/s]
HPSAC test:  19%|█▉        | 511/2663 [00:37<02:24, 14.86it/s]
HPSAC test:  19%|█▉        | 513/2663 [00:38<02:23, 14.95it/s]
HPSAC test:  19%|█▉        | 515/2663 [00:38<02:24, 14.91it/s]
HPSAC test:  19%|█▉        | 517/2663 [00:38<02:23, 14.93it/s]
HPSAC test:  19%|█▉        | 519/2663 [00:38<02:24, 14.83it/s]
HPSAC test:  20%|█▉        | 521/2663 [00:38<02:24, 14.78it/s]
HPSAC test:  20%|█▉        | 523/2663 [00:38<02:25, 14.67it/s]
HPSAC test:  20%|█▉        | 525/2663 [00:38<02:25, 14.71it/s]
HPSAC test:  20%|█▉        | 527/2663 [00:39<02:25, 14.66it/s]
HPSAC test:  20%|█▉        | 529/2663 [00:39<02:25, 14.63it/s]
HPSAC test:  20%|█▉        | 531/2663 [00:39<02:26, 14.54it/s]
HPSAC test:  20%|██        | 533/2663 [00:39<02:28, 14.36it/s]
HPSAC test:  20%|██        | 535/2663 [00:39<02:29, 14.23it/s]
HPSAC test:  20%|██        | 537/2663 [00:39<02:30, 14.08it/s]
HPSAC test:  20%|██        | 539/2663 [00:39<02:29, 14.24it/s]
HPSAC test:  20%|██        | 541/2663 [00:40<02:30, 14.13it/s]
HPSAC test:  20%|██        | 543/2663 [00:40<02:28, 14.26it/s]
HPSAC test:  20%|██        | 545/2663 [00:40<02:28, 14.31it/s]
HPSAC test:  21%|██        | 547/2663 [00:40<02:27, 14.36it/s]
HPSAC test:  21%|██        | 549/2663 [00:40<02:26, 14.39it/s]
HPSAC test:  21%|██        | 551/2663 [00:40<02:25, 14.50it/s]
HPSAC test:  21%|██        | 553/2663 [00:40<02:25, 14.54it/s]
HPSAC test:  21%|██        | 555/2663 [00:41<02:24, 14.56it/s]
HPSAC test:  21%|██        | 557/2663 [00:41<02:25, 14.48it/s]
HPSAC test:  21%|██        | 559/2663 [00:41<02:24, 14.52it/s]
HPSAC test:  21%|██        | 561/2663 [00:41<02:24, 14.59it/s]
HPSAC test:  21%|██        | 563/2663 [00:41<02:24, 14.56it/s]
HPSAC test:  21%|██        | 565/2663 [00:41<02:25, 14.47it/s]
HPSAC test:  21%|██▏       | 567/2663 [00:41<02:24, 14.47it/s]
HPSAC test:  21%|██▏       | 569/2663 [00:41<02:24, 14.51it/s]
HPSAC test:  21%|██▏       | 571/2663 [00:42<02:23, 14.60it/s]
HPSAC test:  22%|██▏       | 573/2663 [00:42<02:21, 14.74it/s]
HPSAC test:  22%|██▏       | 575/2663 [00:42<02:21, 14.79it/s]
HPSAC test:  22%|██▏       | 577/2663 [00:42<02:20, 14.81it/s]
HPSAC test:  22%|██▏       | 579/2663 [00:42<02:20, 14.84it/s]
HPSAC test:  22%|██▏       | 581/2663 [00:42<02:21, 14.76it/s]
HPSAC test:  22%|██▏       | 583/2663 [00:42<02:20, 14.78it/s]
HPSAC test:  22%|██▏       | 585/2663 [00:43<02:19, 14.91it/s]
HPSAC test:  22%|██▏       | 587/2663 [00:43<02:20, 14.80it/s]
HPSAC test:  22%|██▏       | 589/2663 [00:43<02:21, 14.68it/s]
HPSAC test:  22%|██▏       | 591/2663 [00:43<02:21, 14.60it/s]
HPSAC test:  22%|██▏       | 593/2663 [00:43<02:21, 14.63it/s]
HPSAC test:  22%|██▏       | 595/2663 [00:43<02:20, 14.70it/s]
HPSAC test:  22%|██▏       | 597/2663 [00:43<02:21, 14.56it/s]
HPSAC test:  22%|██▏       | 599/2663 [00:44<02:20, 14.68it/s]
HPSAC test:  23%|██▎       | 601/2663 [00:44<02:22, 14.50it/s]
HPSAC test:  23%|██▎       | 603/2663 [00:44<02:21, 14.58it/s]
HPSAC test:  23%|██▎       | 605/2663 [00:44<02:21, 14.54it/s]
HPSAC test:  23%|██▎       | 607/2663 [00:44<02:19, 14.69it/s]
HPSAC test:  23%|██▎       | 609/2663 [00:44<02:20, 14.66it/s]
HPSAC test:  23%|██▎       | 611/2663 [00:44<02:17, 14.94it/s]
HPSAC test:  23%|██▎       | 613/2663 [00:44<02:17, 14.96it/s]
HPSAC test:  23%|██▎       | 615/2663 [00:45<02:17, 14.86it/s]
HPSAC test:  23%|██▎       | 617/2663 [00:45<02:16, 14.94it/s]
HPSAC test:  23%|██▎       | 619/2663 [00:45<02:15, 15.03it/s]
HPSAC test:  23%|██▎       | 621/2663 [00:45<02:16, 14.98it/s]
HPSAC test:  23%|██▎       | 623/2663 [00:45<02:17, 14.79it/s]
HPSAC test:  23%|██▎       | 625/2663 [00:45<02:17, 14.82it/s]
HPSAC test:  24%|██▎       | 627/2663 [00:45<02:16, 14.94it/s]
HPSAC test:  24%|██▎       | 629/2663 [00:46<02:15, 15.00it/s]
HPSAC test:  24%|██▎       | 631/2663 [00:46<02:17, 14.78it/s]
HPSAC test:  24%|██▍       | 633/2663 [00:46<02:16, 14.92it/s]
HPSAC test:  24%|██▍       | 635/2663 [00:46<02:16, 14.85it/s]
HPSAC test:  24%|██▍       | 637/2663 [00:46<02:15, 14.93it/s]
HPSAC test:  24%|██▍       | 639/2663 [00:46<02:16, 14.88it/s]
HPSAC test:  24%|██▍       | 641/2663 [00:46<02:15, 14.93it/s]
HPSAC test:  24%|██▍       | 643/2663 [00:46<02:14, 14.99it/s]
HPSAC test:  24%|██▍       | 645/2663 [00:47<02:15, 14.90it/s]
HPSAC test:  24%|██▍       | 647/2663 [00:47<02:14, 14.95it/s]
HPSAC test:  24%|██▍       | 649/2663 [00:47<02:15, 14.82it/s]
HPSAC test:  24%|██▍       | 651/2663 [00:47<02:16, 14.76it/s]
HPSAC test:  25%|██▍       | 653/2663 [00:47<02:16, 14.68it/s]
HPSAC test:  25%|██▍       | 655/2663 [00:47<02:16, 14.71it/s]
HPSAC test:  25%|██▍       | 657/2663 [00:47<02:15, 14.84it/s]
HPSAC test:  25%|██▍       | 659/2663 [00:48<02:16, 14.72it/s]
HPSAC test:  25%|██▍       | 661/2663 [00:48<02:16, 14.70it/s]
HPSAC test:  25%|██▍       | 663/2663 [00:48<02:15, 14.75it/s]
HPSAC test:  25%|██▍       | 665/2663 [00:48<02:16, 14.68it/s]
HPSAC test:  25%|██▌       | 667/2663 [00:48<02:16, 14.65it/s]
HPSAC test:  25%|██▌       | 669/2663 [00:48<02:15, 14.69it/s]
HPSAC test:  25%|██▌       | 671/2663 [00:48<02:16, 14.56it/s]
HPSAC test:  25%|██▌       | 673/2663 [00:49<02:15, 14.68it/s]
HPSAC test:  25%|██▌       | 675/2663 [00:49<02:15, 14.65it/s]
HPSAC test:  25%|██▌       | 677/2663 [00:49<02:13, 14.84it/s]
HPSAC test:  25%|██▌       | 679/2663 [00:49<02:14, 14.77it/s]
HPSAC test:  26%|██▌       | 681/2663 [00:49<02:12, 14.91it/s]
HPSAC test:  26%|██▌       | 683/2663 [00:49<02:15, 14.63it/s]
HPSAC test:  26%|██▌       | 685/2663 [00:49<02:14, 14.72it/s]
HPSAC test:  26%|██▌       | 687/2663 [00:49<02:15, 14.59it/s]
HPSAC test:  26%|██▌       | 689/2663 [00:50<02:14, 14.71it/s]
HPSAC test:  26%|██▌       | 691/2663 [00:50<02:13, 14.78it/s]
HPSAC test:  26%|██▌       | 693/2663 [00:50<02:13, 14.71it/s]
HPSAC test:  26%|██▌       | 695/2663 [00:50<02:13, 14.75it/s]
HPSAC test:  26%|██▌       | 697/2663 [00:50<02:14, 14.66it/s]
HPSAC test:  26%|██▌       | 699/2663 [00:50<02:13, 14.70it/s]
HPSAC test:  26%|██▋       | 701/2663 [00:50<02:14, 14.59it/s]
HPSAC test:  26%|██▋       | 703/2663 [00:51<02:13, 14.71it/s]
HPSAC test:  26%|██▋       | 705/2663 [00:51<02:13, 14.68it/s]
HPSAC test:  27%|██▋       | 707/2663 [00:51<02:11, 14.92it/s]
HPSAC test:  27%|██▋       | 709/2663 [00:51<02:10, 15.02it/s]
HPSAC test:  27%|██▋       | 711/2663 [00:51<02:09, 15.02it/s]
HPSAC test:  27%|██▋       | 713/2663 [00:51<02:09, 15.05it/s]
HPSAC test:  27%|██▋       | 715/2663 [00:51<02:09, 15.01it/s]
HPSAC test:  27%|██▋       | 717/2663 [00:51<02:09, 15.06it/s]
HPSAC test:  27%|██▋       | 719/2663 [00:52<02:11, 14.75it/s]
HPSAC test:  27%|██▋       | 721/2663 [00:52<02:09, 14.95it/s]
HPSAC test:  27%|██▋       | 723/2663 [00:52<02:09, 14.96it/s]
HPSAC test:  27%|██▋       | 725/2663 [00:52<02:09, 14.93it/s]
HPSAC test:  27%|██▋       | 727/2663 [00:52<02:11, 14.73it/s]
HPSAC test:  27%|██▋       | 729/2663 [00:52<02:10, 14.86it/s]
HPSAC test:  27%|██▋       | 731/2663 [00:52<02:08, 15.07it/s]
HPSAC test:  28%|██▊       | 733/2663 [00:53<02:10, 14.78it/s]
HPSAC test:  28%|██▊       | 735/2663 [00:53<02:08, 14.97it/s]
HPSAC test:  28%|██▊       | 737/2663 [00:53<02:09, 14.89it/s]
HPSAC test:  28%|██▊       | 739/2663 [00:53<02:10, 14.79it/s]
HPSAC test:  28%|██▊       | 741/2663 [00:53<02:10, 14.77it/s]
HPSAC test:  28%|██▊       | 743/2663 [00:53<02:10, 14.74it/s]
HPSAC test:  28%|██▊       | 745/2663 [00:53<02:09, 14.80it/s]
HPSAC test:  28%|██▊       | 747/2663 [00:53<02:08, 14.86it/s]
HPSAC test:  28%|██▊       | 749/2663 [00:54<02:08, 14.92it/s]
HPSAC test:  28%|██▊       | 751/2663 [00:54<02:08, 14.91it/s]
HPSAC test:  28%|██▊       | 753/2663 [00:54<02:07, 14.93it/s]
HPSAC test:  28%|██▊       | 755/2663 [00:54<02:08, 14.90it/s]
HPSAC test:  28%|██▊       | 757/2663 [00:54<02:07, 14.99it/s]
HPSAC test:  29%|██▊       | 759/2663 [00:54<02:07, 14.95it/s]
HPSAC test:  29%|██▊       | 761/2663 [00:54<02:06, 15.00it/s]
HPSAC test:  29%|██▊       | 763/2663 [00:55<02:06, 15.04it/s]
HPSAC test:  29%|██▊       | 765/2663 [00:55<02:05, 15.07it/s]
HPSAC test:  29%|██▉       | 767/2663 [00:55<02:05, 15.15it/s]
HPSAC test:  29%|██▉       | 769/2663 [00:55<02:05, 15.14it/s]
HPSAC test:  29%|██▉       | 771/2663 [00:55<02:04, 15.24it/s]
HPSAC test:  29%|██▉       | 773/2663 [00:55<02:07, 14.88it/s]
HPSAC test:  29%|██▉       | 775/2663 [00:55<02:08, 14.75it/s]
HPSAC test:  29%|██▉       | 777/2663 [00:56<02:07, 14.74it/s]
HPSAC test:  29%|██▉       | 779/2663 [00:56<02:08, 14.63it/s]
HPSAC test:  29%|██▉       | 781/2663 [00:56<02:08, 14.66it/s]
HPSAC test:  29%|██▉       | 783/2663 [00:56<02:09, 14.50it/s]
HPSAC test:  29%|██▉       | 785/2663 [00:56<02:07, 14.75it/s]
HPSAC test:  30%|██▉       | 787/2663 [00:56<02:08, 14.56it/s]
HPSAC test:  30%|██▉       | 789/2663 [00:56<02:08, 14.59it/s]
HPSAC test:  30%|██▉       | 791/2663 [00:56<02:06, 14.81it/s]
HPSAC test:  30%|██▉       | 793/2663 [00:57<02:08, 14.59it/s]
HPSAC test:  30%|██▉       | 795/2663 [00:57<02:07, 14.67it/s]
HPSAC test:  30%|██▉       | 797/2663 [00:57<02:09, 14.46it/s]
HPSAC test:  30%|███       | 799/2663 [00:57<02:06, 14.68it/s]
HPSAC test:  30%|███       | 801/2663 [00:57<02:08, 14.53it/s]
HPSAC test:  30%|███       | 803/2663 [00:57<02:08, 14.47it/s]
HPSAC test:  30%|███       | 805/2663 [00:57<02:06, 14.64it/s]
HPSAC test:  30%|███       | 807/2663 [00:58<02:06, 14.67it/s]
HPSAC test:  30%|███       | 809/2663 [00:58<02:08, 14.42it/s]
HPSAC test:  30%|███       | 811/2663 [00:58<02:07, 14.49it/s]
HPSAC test:  31%|███       | 813/2663 [00:58<02:07, 14.46it/s]
HPSAC test:  31%|███       | 815/2663 [00:58<02:06, 14.60it/s]
HPSAC test:  31%|███       | 817/2663 [00:58<02:06, 14.55it/s]
HPSAC test:  31%|███       | 819/2663 [00:58<02:10, 14.16it/s]
HPSAC test:  31%|███       | 821/2663 [00:59<02:12, 13.90it/s]
HPSAC test:  31%|███       | 823/2663 [00:59<02:12, 13.84it/s]
HPSAC test:  31%|███       | 825/2663 [00:59<02:10, 14.04it/s]
HPSAC test:  31%|███       | 827/2663 [00:59<02:09, 14.18it/s]
HPSAC test:  31%|███       | 829/2663 [00:59<02:09, 14.18it/s]
HPSAC test:  31%|███       | 831/2663 [00:59<02:06, 14.46it/s]
HPSAC test:  31%|███▏      | 833/2663 [00:59<02:07, 14.30it/s]
HPSAC test:  31%|███▏      | 835/2663 [01:00<02:06, 14.46it/s]
HPSAC test:  31%|███▏      | 837/2663 [01:00<02:08, 14.24it/s]
HPSAC test:  32%|███▏      | 839/2663 [01:00<02:08, 14.24it/s]
HPSAC test:  32%|███▏      | 841/2663 [01:00<02:09, 14.06it/s]
HPSAC test:  32%|███▏      | 843/2663 [01:00<02:09, 14.03it/s]
HPSAC test:  32%|███▏      | 845/2663 [01:00<02:08, 14.17it/s]
HPSAC test:  32%|███▏      | 847/2663 [01:00<02:08, 14.14it/s]
HPSAC test:  32%|███▏      | 849/2663 [01:01<02:07, 14.23it/s]
HPSAC test:  32%|███▏      | 851/2663 [01:01<02:07, 14.23it/s]
HPSAC test:  32%|███▏      | 853/2663 [01:01<02:05, 14.39it/s]
HPSAC test:  32%|███▏      | 855/2663 [01:01<02:06, 14.30it/s]
HPSAC test:  32%|███▏      | 857/2663 [01:01<02:06, 14.26it/s]
HPSAC test:  32%|███▏      | 859/2663 [01:01<02:05, 14.34it/s]
HPSAC test:  32%|███▏      | 861/2663 [01:01<02:03, 14.54it/s]
HPSAC test:  32%|███▏      | 863/2663 [01:01<02:04, 14.47it/s]
HPSAC test:  32%|███▏      | 865/2663 [01:02<02:03, 14.59it/s]
HPSAC test:  33%|███▎      | 867/2663 [01:02<02:02, 14.70it/s]
HPSAC test:  33%|███▎      | 869/2663 [01:02<02:02, 14.65it/s]
HPSAC test:  33%|███▎      | 871/2663 [01:02<02:02, 14.65it/s]
HPSAC test:  33%|███▎      | 885/2663 [01:02<00:46, 38.29it/s]
HPSAC test:  33%|███▎      | 889/2663 [01:02<01:06, 26.82it/s]
HPSAC test:  33%|███▎      | 892/2663 [01:03<01:18, 22.64it/s]
HPSAC test:  34%|███▎      | 895/2663 [01:03<01:28, 19.90it/s]
HPSAC test:  34%|███▎      | 898/2663 [01:03<01:38, 17.98it/s]
HPSAC test:  34%|███▍      | 900/2663 [01:03<01:43, 17.12it/s]
HPSAC test:  34%|███▍      | 902/2663 [01:03<01:48, 16.28it/s]
HPSAC test:  34%|███▍      | 904/2663 [01:04<01:53, 15.47it/s]
HPSAC test:  34%|███▍      | 906/2663 [01:04<01:58, 14.88it/s]
HPSAC test:  34%|███▍      | 908/2663 [01:04<02:02, 14.36it/s]
HPSAC test:  34%|███▍      | 910/2663 [01:04<02:03, 14.23it/s]
HPSAC test:  34%|███▍      | 912/2663 [01:04<02:04, 14.07it/s]
HPSAC test:  34%|███▍      | 914/2663 [01:04<02:03, 14.12it/s]
HPSAC test:  34%|███▍      | 916/2663 [01:04<02:02, 14.22it/s]
HPSAC test:  34%|███▍      | 918/2663 [01:05<02:02, 14.22it/s]
HPSAC test:  35%|███▍      | 920/2663 [01:05<02:03, 14.08it/s]
HPSAC test:  35%|███▍      | 922/2663 [01:05<02:04, 14.00it/s]
HPSAC test:  35%|███▍      | 924/2663 [01:05<02:04, 14.02it/s]
HPSAC test:  35%|███▍      | 926/2663 [01:05<02:04, 13.99it/s]
HPSAC test:  35%|███▍      | 928/2663 [01:05<02:09, 13.42it/s]
HPSAC test:  35%|███▍      | 930/2663 [01:05<02:10, 13.23it/s]
HPSAC test:  35%|███▍      | 932/2663 [01:06<02:09, 13.34it/s]
HPSAC test:  35%|███▌      | 934/2663 [01:06<02:10, 13.24it/s]
HPSAC test:  35%|███▌      | 936/2663 [01:06<02:09, 13.35it/s]
HPSAC test:  35%|███▌      | 938/2663 [01:06<02:09, 13.34it/s]
HPSAC test:  35%|███▌      | 940/2663 [01:06<02:10, 13.25it/s]
HPSAC test:  35%|███▌      | 942/2663 [01:06<02:08, 13.40it/s]
HPSAC test:  35%|███▌      | 944/2663 [01:07<02:08, 13.34it/s]
HPSAC test:  36%|███▌      | 946/2663 [01:07<02:08, 13.39it/s]
HPSAC test:  36%|███▌      | 948/2663 [01:07<02:06, 13.59it/s]
HPSAC test:  36%|███▌      | 950/2663 [01:07<02:07, 13.45it/s]
HPSAC test:  36%|███▌      | 952/2663 [01:07<02:07, 13.43it/s]
HPSAC test:  36%|███▌      | 954/2663 [01:07<02:05, 13.57it/s]
HPSAC test:  36%|███▌      | 956/2663 [01:07<02:03, 13.82it/s]
HPSAC test:  36%|███▌      | 958/2663 [01:08<02:05, 13.59it/s]
HPSAC test:  36%|███▌      | 960/2663 [01:08<02:05, 13.60it/s]
HPSAC test:  36%|███▌      | 962/2663 [01:08<02:05, 13.60it/s]
HPSAC test:  36%|███▌      | 964/2663 [01:08<02:07, 13.31it/s]
HPSAC test:  36%|███▋      | 966/2663 [01:08<02:06, 13.41it/s]
HPSAC test:  36%|███▋      | 968/2663 [01:08<02:05, 13.50it/s]
HPSAC test:  36%|███▋      | 970/2663 [01:08<02:02, 13.76it/s]
HPSAC test:  37%|███▋      | 972/2663 [01:09<02:01, 13.88it/s]
HPSAC test:  37%|███▋      | 974/2663 [01:09<01:59, 14.10it/s]
HPSAC test:  37%|███▋      | 976/2663 [01:09<01:58, 14.19it/s]
HPSAC test:  37%|███▋      | 978/2663 [01:09<01:57, 14.33it/s]
HPSAC test:  37%|███▋      | 980/2663 [01:09<01:56, 14.49it/s]
HPSAC test:  37%|███▋      | 982/2663 [01:09<01:57, 14.31it/s]
HPSAC test:  37%|███▋      | 984/2663 [01:09<01:56, 14.47it/s]
HPSAC test:  37%|███▋      | 986/2663 [01:10<01:53, 14.72it/s]
HPSAC test:  37%|███▋      | 988/2663 [01:10<01:54, 14.60it/s]
HPSAC test:  37%|███▋      | 990/2663 [01:10<01:54, 14.63it/s]
HPSAC test:  37%|███▋      | 992/2663 [01:10<01:53, 14.69it/s]
HPSAC test:  37%|███▋      | 994/2663 [01:10<01:54, 14.55it/s]
HPSAC test:  37%|███▋      | 996/2663 [01:10<01:54, 14.57it/s]
HPSAC test:  37%|███▋      | 998/2663 [01:10<01:53, 14.72it/s]
HPSAC test:  38%|███▊      | 1000/2663 [01:10<01:53, 14.68it/s]
HPSAC test:  38%|███▊      | 1002/2663 [01:11<01:53, 14.65it/s]
HPSAC test:  38%|███▊      | 1004/2663 [01:11<01:53, 14.65it/s]
HPSAC test:  38%|███▊      | 1006/2663 [01:11<01:53, 14.64it/s]
HPSAC test:  38%|███▊      | 1008/2663 [01:11<01:53, 14.63it/s]
HPSAC test:  38%|███▊      | 1010/2663 [01:11<01:51, 14.80it/s]
HPSAC test:  38%|███▊      | 1012/2663 [01:11<01:52, 14.73it/s]
HPSAC test:  38%|███▊      | 1014/2663 [01:11<01:52, 14.70it/s]
HPSAC test:  38%|███▊      | 1016/2663 [01:12<01:51, 14.72it/s]
HPSAC test:  38%|███▊      | 1018/2663 [01:12<01:51, 14.73it/s]
HPSAC test:  38%|███▊      | 1020/2663 [01:12<01:52, 14.64it/s]
HPSAC test:  38%|███▊      | 1022/2663 [01:12<01:53, 14.52it/s]
HPSAC test:  38%|███▊      | 1024/2663 [01:12<01:51, 14.73it/s]
HPSAC test:  39%|███▊      | 1026/2663 [01:12<01:51, 14.70it/s]
HPSAC test:  39%|███▊      | 1028/2663 [01:12<01:52, 14.57it/s]
HPSAC test:  39%|███▊      | 1030/2663 [01:13<01:50, 14.78it/s]
HPSAC test:  39%|███▉      | 1032/2663 [01:13<01:50, 14.74it/s]
HPSAC test:  39%|███▉      | 1034/2663 [01:13<01:49, 14.81it/s]
HPSAC test:  39%|███▉      | 1036/2663 [01:13<01:49, 14.80it/s]
HPSAC test:  39%|███▉      | 1038/2663 [01:13<01:51, 14.59it/s]
HPSAC test:  39%|███▉      | 1040/2663 [01:13<01:50, 14.64it/s]
HPSAC test:  39%|███▉      | 1042/2663 [01:13<01:51, 14.56it/s]
HPSAC test:  39%|███▉      | 1044/2663 [01:13<01:50, 14.60it/s]
HPSAC test:  39%|███▉      | 1046/2663 [01:14<01:50, 14.64it/s]
HPSAC test:  39%|███▉      | 1048/2663 [01:14<01:50, 14.68it/s]
HPSAC test:  39%|███▉      | 1050/2663 [01:14<01:50, 14.64it/s]
HPSAC test:  40%|███▉      | 1052/2663 [01:14<01:50, 14.64it/s]
HPSAC test:  40%|███▉      | 1054/2663 [01:14<01:48, 14.77it/s]
HPSAC test:  40%|███▉      | 1056/2663 [01:14<01:47, 15.00it/s]
HPSAC test:  40%|███▉      | 1058/2663 [01:14<01:48, 14.78it/s]
HPSAC test:  40%|███▉      | 1060/2663 [01:15<01:47, 14.90it/s]
HPSAC test:  40%|███▉      | 1062/2663 [01:15<01:47, 14.90it/s]
HPSAC test:  40%|███▉      | 1064/2663 [01:15<01:47, 14.84it/s]
HPSAC test:  40%|████      | 1066/2663 [01:15<01:47, 14.80it/s]
HPSAC test:  40%|████      | 1068/2663 [01:15<01:48, 14.76it/s]
HPSAC test:  40%|████      | 1070/2663 [01:15<01:47, 14.87it/s]
HPSAC test:  40%|████      | 1072/2663 [01:15<01:47, 14.76it/s]
HPSAC test:  40%|████      | 1074/2663 [01:16<01:48, 14.71it/s]
HPSAC test:  40%|████      | 1076/2663 [01:16<01:47, 14.78it/s]
HPSAC test:  40%|████      | 1078/2663 [01:16<01:47, 14.70it/s]
HPSAC test:  41%|████      | 1080/2663 [01:16<01:46, 14.83it/s]
HPSAC test:  41%|████      | 1082/2663 [01:16<01:47, 14.76it/s]
HPSAC test:  41%|████      | 1084/2663 [01:16<01:48, 14.49it/s]
HPSAC test:  41%|████      | 1086/2663 [01:16<01:48, 14.57it/s]
HPSAC test:  41%|████      | 1088/2663 [01:16<01:47, 14.71it/s]
HPSAC test:  41%|████      | 1090/2663 [01:17<01:46, 14.72it/s]
HPSAC test:  41%|████      | 1092/2663 [01:17<01:45, 14.84it/s]
HPSAC test:  41%|████      | 1094/2663 [01:17<01:45, 14.84it/s]
HPSAC test:  41%|████      | 1096/2663 [01:17<01:46, 14.76it/s]
HPSAC test:  41%|████      | 1098/2663 [01:17<01:46, 14.68it/s]
HPSAC test:  41%|████▏     | 1100/2663 [01:17<01:46, 14.66it/s]
HPSAC test:  41%|████▏     | 1102/2663 [01:17<01:45, 14.85it/s]
HPSAC test:  41%|████▏     | 1104/2663 [01:18<01:45, 14.84it/s]
HPSAC test:  42%|████▏     | 1106/2663 [01:18<01:45, 14.69it/s]
HPSAC test:  42%|████▏     | 1108/2663 [01:18<01:44, 14.94it/s]
HPSAC test:  42%|████▏     | 1110/2663 [01:18<01:45, 14.73it/s]
HPSAC test:  42%|████▏     | 1112/2663 [01:18<01:44, 14.79it/s]
HPSAC test:  42%|████▏     | 1114/2663 [01:18<01:44, 14.84it/s]
HPSAC test:  42%|████▏     | 1116/2663 [01:18<01:43, 14.90it/s]
HPSAC test:  42%|████▏     | 1118/2663 [01:18<01:43, 14.94it/s]
HPSAC test:  42%|████▏     | 1120/2663 [01:19<01:44, 14.72it/s]
HPSAC test:  42%|████▏     | 1122/2663 [01:19<01:44, 14.72it/s]
HPSAC test:  42%|████▏     | 1124/2663 [01:19<01:43, 14.87it/s]
HPSAC test:  42%|████▏     | 1126/2663 [01:19<01:43, 14.79it/s]
HPSAC test:  42%|████▏     | 1128/2663 [01:19<01:44, 14.66it/s]
HPSAC test:  42%|████▏     | 1130/2663 [01:19<01:44, 14.74it/s]
HPSAC test:  43%|████▎     | 1132/2663 [01:19<01:44, 14.62it/s]
HPSAC test:  43%|████▎     | 1134/2663 [01:20<01:44, 14.68it/s]
HPSAC test:  43%|████▎     | 1136/2663 [01:20<01:45, 14.51it/s]
HPSAC test:  43%|████▎     | 1138/2663 [01:20<01:43, 14.70it/s]
HPSAC test:  43%|████▎     | 1140/2663 [01:20<01:42, 14.81it/s]
HPSAC test:  43%|████▎     | 1142/2663 [01:20<01:43, 14.64it/s]
HPSAC test:  43%|████▎     | 1144/2663 [01:20<01:43, 14.68it/s]
HPSAC test:  43%|████▎     | 1146/2663 [01:20<01:43, 14.61it/s]
HPSAC test:  43%|████▎     | 1148/2663 [01:21<01:43, 14.66it/s]
HPSAC test:  43%|████▎     | 1150/2663 [01:21<01:42, 14.71it/s]
HPSAC test:  43%|████▎     | 1152/2663 [01:21<01:42, 14.78it/s]
HPSAC test:  43%|████▎     | 1154/2663 [01:21<01:41, 14.86it/s]
HPSAC test:  43%|████▎     | 1156/2663 [01:21<01:42, 14.77it/s]
HPSAC test:  43%|████▎     | 1158/2663 [01:21<01:42, 14.66it/s]
HPSAC test:  44%|████▎     | 1160/2663 [01:21<01:43, 14.57it/s]
HPSAC test:  44%|████▎     | 1162/2663 [01:22<01:43, 14.53it/s]
HPSAC test:  44%|████▎     | 1164/2663 [01:22<01:42, 14.64it/s]
HPSAC test:  44%|████▍     | 1166/2663 [01:22<01:41, 14.73it/s]
HPSAC test:  44%|████▍     | 1168/2663 [01:22<01:41, 14.70it/s]
HPSAC test:  44%|████▍     | 1170/2663 [01:22<01:41, 14.77it/s]
HPSAC test:  44%|████▍     | 1172/2663 [01:22<01:41, 14.68it/s]
HPSAC test:  44%|████▍     | 1174/2663 [01:22<01:42, 14.57it/s]
HPSAC test:  44%|████▍     | 1176/2663 [01:22<01:41, 14.60it/s]
HPSAC test:  44%|████▍     | 1178/2663 [01:23<01:42, 14.50it/s]
HPSAC test:  44%|████▍     | 1180/2663 [01:23<01:41, 14.64it/s]
HPSAC test:  44%|████▍     | 1182/2663 [01:23<01:41, 14.64it/s]
HPSAC test:  44%|████▍     | 1184/2663 [01:23<01:41, 14.58it/s]
HPSAC test:  45%|████▍     | 1186/2663 [01:23<01:40, 14.70it/s]
HPSAC test:  45%|████▍     | 1188/2663 [01:23<01:42, 14.44it/s]
HPSAC test:  45%|████▍     | 1190/2663 [01:23<01:41, 14.49it/s]
HPSAC test:  45%|████▍     | 1192/2663 [01:24<01:40, 14.58it/s]
HPSAC test:  45%|████▍     | 1194/2663 [01:24<01:39, 14.72it/s]
HPSAC test:  45%|████▍     | 1196/2663 [01:24<01:40, 14.58it/s]
HPSAC test:  45%|████▍     | 1198/2663 [01:24<01:40, 14.61it/s]
HPSAC test:  45%|████▌     | 1200/2663 [01:24<01:39, 14.68it/s]
HPSAC test:  45%|████▌     | 1202/2663 [01:24<01:41, 14.34it/s]
HPSAC test:  45%|████▌     | 1204/2663 [01:24<01:40, 14.47it/s]
HPSAC test:  45%|████▌     | 1206/2663 [01:25<01:41, 14.40it/s]
HPSAC test:  45%|████▌     | 1208/2663 [01:25<01:39, 14.58it/s]
HPSAC test:  45%|████▌     | 1210/2663 [01:25<01:39, 14.55it/s]
HPSAC test:  46%|████▌     | 1212/2663 [01:25<01:40, 14.50it/s]
HPSAC test:  46%|████▌     | 1214/2663 [01:25<01:42, 14.19it/s]
HPSAC test:  46%|████▌     | 1216/2663 [01:25<01:41, 14.22it/s]
HPSAC test:  46%|████▌     | 1218/2663 [01:25<01:40, 14.39it/s]
HPSAC test:  46%|████▌     | 1220/2663 [01:25<01:40, 14.32it/s]
HPSAC test:  46%|████▌     | 1222/2663 [01:26<01:40, 14.36it/s]
HPSAC test:  46%|████▌     | 1224/2663 [01:26<01:39, 14.53it/s]
HPSAC test:  46%|████▌     | 1226/2663 [01:26<01:38, 14.57it/s]
HPSAC test:  46%|████▌     | 1228/2663 [01:26<01:37, 14.72it/s]
HPSAC test:  46%|████▌     | 1230/2663 [01:26<01:36, 14.78it/s]
HPSAC test:  46%|████▋     | 1232/2663 [01:26<01:37, 14.71it/s]
HPSAC test:  46%|████▋     | 1234/2663 [01:26<01:36, 14.76it/s]
HPSAC test:  46%|████▋     | 1236/2663 [01:27<01:37, 14.60it/s]
HPSAC test:  46%|████▋     | 1238/2663 [01:27<01:38, 14.40it/s]
HPSAC test:  47%|████▋     | 1240/2663 [01:27<01:38, 14.41it/s]
HPSAC test:  47%|████▋     | 1242/2663 [01:27<01:36, 14.67it/s]
HPSAC test:  47%|████▋     | 1244/2663 [01:27<01:36, 14.75it/s]
HPSAC test:  47%|████▋     | 1246/2663 [01:27<01:35, 14.80it/s]
HPSAC test:  47%|████▋     | 1248/2663 [01:27<01:35, 14.74it/s]
HPSAC test:  47%|████▋     | 1250/2663 [01:28<01:36, 14.63it/s]
HPSAC test:  47%|████▋     | 1252/2663 [01:28<01:36, 14.55it/s]
HPSAC test:  47%|████▋     | 1254/2663 [01:28<01:34, 14.86it/s]
HPSAC test:  47%|████▋     | 1256/2663 [01:28<01:35, 14.78it/s]
HPSAC test:  47%|████▋     | 1258/2663 [01:28<01:34, 14.89it/s]
HPSAC test:  47%|████▋     | 1260/2663 [01:28<01:33, 14.94it/s]
HPSAC test:  47%|████▋     | 1262/2663 [01:28<01:33, 14.91it/s]
HPSAC test:  47%|████▋     | 1264/2663 [01:28<01:34, 14.81it/s]
HPSAC test:  48%|████▊     | 1266/2663 [01:29<01:36, 14.50it/s]
HPSAC test:  48%|████▊     | 1268/2663 [01:29<01:35, 14.57it/s]
HPSAC test:  48%|████▊     | 1270/2663 [01:29<01:35, 14.57it/s]
HPSAC test:  48%|████▊     | 1272/2663 [01:29<01:35, 14.63it/s]
HPSAC test:  48%|████▊     | 1274/2663 [01:29<01:35, 14.59it/s]
HPSAC test:  48%|████▊     | 1276/2663 [01:29<01:35, 14.56it/s]
HPSAC test:  48%|████▊     | 1278/2663 [01:29<01:34, 14.66it/s]
HPSAC test:  48%|████▊     | 1280/2663 [01:30<01:33, 14.75it/s]
HPSAC test:  48%|████▊     | 1282/2663 [01:30<01:32, 14.87it/s]
HPSAC test:  48%|████▊     | 1284/2663 [01:30<01:32, 14.85it/s]
HPSAC test:  48%|████▊     | 1286/2663 [01:30<01:32, 14.93it/s]
HPSAC test:  48%|████▊     | 1288/2663 [01:30<01:32, 14.81it/s]
HPSAC test:  48%|████▊     | 1290/2663 [01:30<01:32, 14.88it/s]
HPSAC test:  49%|████▊     | 1292/2663 [01:30<01:34, 14.50it/s]
HPSAC test:  49%|████▊     | 1294/2663 [01:31<01:32, 14.73it/s]
HPSAC test:  49%|████▊     | 1296/2663 [01:31<01:33, 14.65it/s]
HPSAC test:  49%|████▊     | 1298/2663 [01:31<01:33, 14.63it/s]
HPSAC test:  49%|████▉     | 1300/2663 [01:31<01:34, 14.42it/s]
HPSAC test:  49%|████▉     | 1302/2663 [01:31<01:33, 14.59it/s]
HPSAC test:  49%|████▉     | 1304/2663 [01:31<01:32, 14.67it/s]
HPSAC test:  49%|████▉     | 1306/2663 [01:31<01:33, 14.50it/s]
HPSAC test:  49%|████▉     | 1308/2663 [01:31<01:31, 14.83it/s]
HPSAC test:  49%|████▉     | 1310/2663 [01:32<01:32, 14.64it/s]
HPSAC test:  49%|████▉     | 1312/2663 [01:32<01:32, 14.57it/s]
HPSAC test:  49%|████▉     | 1314/2663 [01:32<01:34, 14.29it/s]
HPSAC test:  49%|████▉     | 1316/2663 [01:32<01:33, 14.39it/s]
HPSAC test:  49%|████▉     | 1318/2663 [01:32<01:34, 14.30it/s]
HPSAC test:  50%|████▉     | 1320/2663 [01:32<01:34, 14.25it/s]
HPSAC test:  50%|████▉     | 1322/2663 [01:32<01:33, 14.33it/s]
HPSAC test:  50%|████▉     | 1324/2663 [01:33<01:33, 14.31it/s]
HPSAC test:  50%|████▉     | 1326/2663 [01:33<01:33, 14.34it/s]
HPSAC test:  50%|████▉     | 1328/2663 [01:33<01:32, 14.36it/s]
HPSAC test:  50%|████▉     | 1330/2663 [01:33<01:34, 14.16it/s]
HPSAC test:  50%|█████     | 1332/2663 [01:33<01:33, 14.28it/s]
HPSAC test:  50%|█████     | 1334/2663 [01:33<01:32, 14.36it/s]
HPSAC test:  51%|█████     | 1348/2663 [01:33<00:31, 42.13it/s]
HPSAC test:  51%|█████     | 1353/2663 [01:34<00:47, 27.74it/s]
HPSAC test:  51%|█████     | 1357/2663 [01:34<00:57, 22.67it/s]
HPSAC test:  51%|█████     | 1360/2663 [01:34<01:03, 20.42it/s]
HPSAC test:  51%|█████     | 1363/2663 [01:34<01:09, 18.68it/s]
HPSAC test:  51%|█████▏    | 1366/2663 [01:35<01:14, 17.49it/s]
HPSAC test:  51%|█████▏    | 1368/2663 [01:35<01:16, 17.02it/s]
HPSAC test:  51%|█████▏    | 1370/2663 [01:35<01:18, 16.53it/s]
HPSAC test:  52%|█████▏    | 1372/2663 [01:35<01:20, 15.97it/s]
HPSAC test:  52%|█████▏    | 1374/2663 [01:35<01:22, 15.64it/s]
HPSAC test:  52%|█████▏    | 1376/2663 [01:35<01:24, 15.27it/s]
HPSAC test:  52%|█████▏    | 1378/2663 [01:35<01:26, 14.92it/s]
HPSAC test:  52%|█████▏    | 1380/2663 [01:36<01:26, 14.91it/s]
HPSAC test:  52%|█████▏    | 1382/2663 [01:36<01:26, 14.89it/s]
HPSAC test:  52%|█████▏    | 1384/2663 [01:36<01:25, 15.05it/s]
HPSAC test:  52%|█████▏    | 1386/2663 [01:36<01:25, 14.88it/s]
HPSAC test:  52%|█████▏    | 1388/2663 [01:36<01:25, 14.86it/s]
HPSAC test:  52%|█████▏    | 1390/2663 [01:36<01:26, 14.73it/s]
HPSAC test:  52%|█████▏    | 1392/2663 [01:36<01:27, 14.60it/s]
HPSAC test:  52%|█████▏    | 1394/2663 [01:37<01:28, 14.38it/s]
HPSAC test:  52%|█████▏    | 1396/2663 [01:37<01:29, 14.15it/s]
HPSAC test:  52%|█████▏    | 1398/2663 [01:37<01:29, 14.18it/s]
HPSAC test:  53%|█████▎    | 1400/2663 [01:37<01:29, 14.11it/s]
HPSAC test:  53%|█████▎    | 1402/2663 [01:37<01:31, 13.77it/s]
HPSAC test:  53%|█████▎    | 1404/2663 [01:37<01:30, 13.89it/s]
HPSAC test:  53%|█████▎    | 1406/2663 [01:37<01:40, 12.53it/s]
HPSAC test:  53%|█████▎    | 1408/2663 [01:38<01:49, 11.41it/s]
HPSAC test:  53%|█████▎    | 1410/2663 [01:38<01:59, 10.52it/s]
HPSAC test:  53%|█████▎    | 1412/2663 [01:38<02:03, 10.15it/s]
HPSAC test:  53%|█████▎    | 1414/2663 [01:38<01:56, 10.69it/s]
HPSAC test:  53%|█████▎    | 1416/2663 [01:38<01:51, 11.16it/s]
HPSAC test:  53%|█████▎    | 1418/2663 [01:39<01:44, 11.93it/s]
HPSAC test:  53%|█████▎    | 1420/2663 [01:39<01:42, 12.07it/s]
HPSAC test:  53%|█████▎    | 1422/2663 [01:39<01:38, 12.59it/s]
HPSAC test:  53%|█████▎    | 1424/2663 [01:39<01:38, 12.57it/s]
HPSAC test:  54%|█████▎    | 1426/2663 [01:39<01:39, 12.43it/s]
HPSAC test:  54%|█████▎    | 1428/2663 [01:39<01:38, 12.51it/s]
HPSAC test:  54%|█████▎    | 1430/2663 [01:40<01:37, 12.70it/s]
HPSAC test:  54%|█████▍    | 1432/2663 [01:40<01:34, 13.01it/s]
HPSAC test:  54%|█████▍    | 1434/2663 [01:40<01:33, 13.17it/s]
HPSAC test:  54%|█████▍    | 1436/2663 [01:40<01:32, 13.26it/s]
HPSAC test:  54%|█████▍    | 1438/2663 [01:40<01:33, 13.13it/s]
HPSAC test:  54%|█████▍    | 1440/2663 [01:40<01:34, 12.99it/s]
HPSAC test:  54%|█████▍    | 1442/2663 [01:40<01:33, 13.11it/s]
HPSAC test:  54%|█████▍    | 1444/2663 [01:41<01:31, 13.30it/s]
HPSAC test:  54%|█████▍    | 1446/2663 [01:41<01:31, 13.34it/s]
HPSAC test:  54%|█████▍    | 1448/2663 [01:41<01:29, 13.57it/s]
HPSAC test:  54%|█████▍    | 1450/2663 [01:41<01:27, 13.90it/s]
HPSAC test:  55%|█████▍    | 1452/2663 [01:41<01:27, 13.78it/s]
HPSAC test:  55%|█████▍    | 1454/2663 [01:41<01:27, 13.80it/s]
HPSAC test:  55%|█████▍    | 1456/2663 [01:41<01:28, 13.69it/s]
HPSAC test:  55%|█████▍    | 1458/2663 [01:42<01:27, 13.72it/s]
HPSAC test:  55%|█████▍    | 1460/2663 [01:42<01:27, 13.74it/s]
HPSAC test:  55%|█████▍    | 1462/2663 [01:42<01:26, 13.82it/s]
HPSAC test:  55%|█████▍    | 1464/2663 [01:42<01:25, 13.96it/s]
HPSAC test:  55%|█████▌    | 1466/2663 [01:42<01:26, 13.80it/s]
HPSAC test:  55%|█████▌    | 1468/2663 [01:42<01:26, 13.80it/s]
HPSAC test:  55%|█████▌    | 1470/2663 [01:42<01:28, 13.50it/s]
HPSAC test:  55%|█████▌    | 1472/2663 [01:43<01:27, 13.62it/s]
HPSAC test:  55%|█████▌    | 1474/2663 [01:43<01:27, 13.57it/s]
HPSAC test:  55%|█████▌    | 1476/2663 [01:43<01:28, 13.36it/s]
HPSAC test:  56%|█████▌    | 1478/2663 [01:43<01:28, 13.47it/s]
HPSAC test:  56%|█████▌    | 1480/2663 [01:43<01:27, 13.47it/s]
HPSAC test:  56%|█████▌    | 1482/2663 [01:43<01:26, 13.65it/s]
HPSAC test:  56%|█████▌    | 1484/2663 [01:44<01:26, 13.63it/s]
HPSAC test:  56%|█████▌    | 1486/2663 [01:44<01:25, 13.75it/s]
HPSAC test:  56%|█████▌    | 1488/2663 [01:44<01:24, 13.98it/s]
HPSAC test:  56%|█████▌    | 1490/2663 [01:44<01:24, 13.82it/s]
HPSAC test:  56%|█████▌    | 1492/2663 [01:44<01:23, 14.06it/s]
HPSAC test:  56%|█████▌    | 1494/2663 [01:44<01:23, 14.01it/s]
HPSAC test:  56%|█████▌    | 1496/2663 [01:44<01:22, 14.16it/s]
HPSAC test:  56%|█████▋    | 1498/2663 [01:45<01:23, 13.92it/s]
HPSAC test:  56%|█████▋    | 1500/2663 [01:45<01:22, 14.06it/s]
HPSAC test:  56%|█████▋    | 1502/2663 [01:45<01:21, 14.17it/s]
HPSAC test:  56%|█████▋    | 1504/2663 [01:45<01:22, 13.97it/s]
HPSAC test:  57%|█████▋    | 1506/2663 [01:45<01:21, 14.18it/s]
HPSAC test:  57%|█████▋    | 1508/2663 [01:45<01:20, 14.36it/s]
HPSAC test:  57%|█████▋    | 1510/2663 [01:45<01:21, 14.14it/s]
HPSAC test:  57%|█████▋    | 1512/2663 [01:45<01:21, 14.08it/s]
HPSAC test:  57%|█████▋    | 1514/2663 [01:46<01:21, 14.02it/s]
HPSAC test:  57%|█████▋    | 1516/2663 [01:46<01:21, 14.00it/s]
HPSAC test:  57%|█████▋    | 1518/2663 [01:46<01:21, 13.97it/s]
HPSAC test:  57%|█████▋    | 1520/2663 [01:46<01:21, 14.08it/s]
HPSAC test:  57%|█████▋    | 1522/2663 [01:46<01:21, 14.05it/s]
HPSAC test:  57%|█████▋    | 1524/2663 [01:46<01:22, 13.89it/s]
HPSAC test:  57%|█████▋    | 1526/2663 [01:47<01:22, 13.87it/s]
HPSAC test:  57%|█████▋    | 1528/2663 [01:47<01:21, 13.94it/s]
HPSAC test:  57%|█████▋    | 1530/2663 [01:47<01:20, 13.99it/s]
HPSAC test:  58%|█████▊    | 1532/2663 [01:47<01:20, 14.08it/s]
HPSAC test:  58%|█████▊    | 1534/2663 [01:47<01:19, 14.22it/s]
HPSAC test:  58%|█████▊    | 1536/2663 [01:47<01:20, 13.98it/s]
HPSAC test:  58%|█████▊    | 1538/2663 [01:47<01:20, 14.00it/s]
HPSAC test:  58%|█████▊    | 1540/2663 [01:47<01:19, 14.15it/s]
HPSAC test:  58%|█████▊    | 1542/2663 [01:48<01:19, 14.15it/s]
HPSAC test:  58%|█████▊    | 1544/2663 [01:48<01:18, 14.22it/s]
HPSAC test:  58%|█████▊    | 1546/2663 [01:48<01:18, 14.16it/s]
HPSAC test:  58%|█████▊    | 1548/2663 [01:48<01:18, 14.27it/s]
HPSAC test:  58%|█████▊    | 1550/2663 [01:48<01:17, 14.37it/s]
HPSAC test:  58%|█████▊    | 1552/2663 [01:48<01:17, 14.38it/s]
HPSAC test:  58%|█████▊    | 1554/2663 [01:48<01:16, 14.45it/s]
HPSAC test:  58%|█████▊    | 1556/2663 [01:49<01:16, 14.40it/s]
HPSAC test:  59%|█████▊    | 1558/2663 [01:49<01:16, 14.40it/s]
HPSAC test:  59%|█████▊    | 1560/2663 [01:49<01:16, 14.36it/s]
HPSAC test:  59%|█████▊    | 1562/2663 [01:49<01:17, 14.21it/s]
HPSAC test:  59%|█████▊    | 1564/2663 [01:49<01:16, 14.40it/s]
HPSAC test:  59%|█████▉    | 1566/2663 [01:49<01:15, 14.54it/s]
HPSAC test:  59%|█████▉    | 1568/2663 [01:49<01:15, 14.55it/s]
HPSAC test:  59%|█████▉    | 1570/2663 [01:50<01:14, 14.64it/s]
HPSAC test:  59%|█████▉    | 1572/2663 [01:50<01:14, 14.65it/s]
HPSAC test:  59%|█████▉    | 1574/2663 [01:50<01:15, 14.40it/s]
HPSAC test:  59%|█████▉    | 1576/2663 [01:50<01:15, 14.40it/s]
HPSAC test:  59%|█████▉    | 1578/2663 [01:50<01:14, 14.55it/s]
HPSAC test:  59%|█████▉    | 1580/2663 [01:50<01:13, 14.64it/s]
HPSAC test:  59%|█████▉    | 1582/2663 [01:50<01:15, 14.32it/s]
HPSAC test:  59%|█████▉    | 1584/2663 [01:51<01:15, 14.33it/s]
HPSAC test:  60%|█████▉    | 1586/2663 [01:51<01:15, 14.33it/s]
HPSAC test:  60%|█████▉    | 1588/2663 [01:51<01:15, 14.25it/s]
HPSAC test:  60%|█████▉    | 1590/2663 [01:51<01:14, 14.35it/s]
HPSAC test:  60%|█████▉    | 1592/2663 [01:51<01:15, 14.16it/s]
HPSAC test:  60%|█████▉    | 1594/2663 [01:51<01:16, 14.06it/s]
HPSAC test:  60%|█████▉    | 1596/2663 [01:51<01:14, 14.26it/s]
HPSAC test:  60%|██████    | 1598/2663 [01:52<01:13, 14.41it/s]
HPSAC test:  60%|██████    | 1600/2663 [01:52<01:12, 14.64it/s]
HPSAC test:  60%|██████    | 1602/2663 [01:52<01:12, 14.70it/s]
HPSAC test:  60%|██████    | 1604/2663 [01:52<01:12, 14.66it/s]
HPSAC test:  60%|██████    | 1606/2663 [01:52<01:11, 14.89it/s]
HPSAC test:  60%|██████    | 1608/2663 [01:52<01:10, 14.89it/s]
HPSAC test:  60%|██████    | 1610/2663 [01:52<01:11, 14.77it/s]
HPSAC test:  61%|██████    | 1612/2663 [01:52<01:11, 14.66it/s]
HPSAC test:  61%|██████    | 1614/2663 [01:53<01:11, 14.73it/s]
HPSAC test:  61%|██████    | 1616/2663 [01:53<01:13, 14.31it/s]
HPSAC test:  61%|██████    | 1618/2663 [01:53<01:12, 14.47it/s]
HPSAC test:  61%|██████    | 1620/2663 [01:53<01:12, 14.37it/s]
HPSAC test:  61%|██████    | 1622/2663 [01:53<01:13, 14.11it/s]
HPSAC test:  61%|██████    | 1624/2663 [01:53<01:12, 14.28it/s]
HPSAC test:  61%|██████    | 1626/2663 [01:53<01:12, 14.36it/s]
HPSAC test:  61%|██████    | 1628/2663 [01:54<01:11, 14.42it/s]
HPSAC test:  61%|██████    | 1630/2663 [01:54<01:10, 14.59it/s]
HPSAC test:  61%|██████▏   | 1632/2663 [01:54<01:10, 14.54it/s]
HPSAC test:  61%|██████▏   | 1634/2663 [01:54<01:09, 14.74it/s]
HPSAC test:  61%|██████▏   | 1636/2663 [01:54<01:10, 14.55it/s]
HPSAC test:  62%|██████▏   | 1638/2663 [01:54<01:09, 14.71it/s]
HPSAC test:  62%|██████▏   | 1640/2663 [01:54<01:10, 14.60it/s]
HPSAC test:  62%|██████▏   | 1642/2663 [01:55<01:09, 14.69it/s]
HPSAC test:  62%|██████▏   | 1644/2663 [01:55<01:09, 14.72it/s]
HPSAC test:  62%|██████▏   | 1646/2663 [01:55<01:09, 14.54it/s]
HPSAC test:  62%|██████▏   | 1648/2663 [01:55<01:08, 14.78it/s]
HPSAC test:  62%|██████▏   | 1650/2663 [01:55<01:09, 14.60it/s]
HPSAC test:  62%|██████▏   | 1652/2663 [01:55<01:08, 14.71it/s]
HPSAC test:  62%|██████▏   | 1654/2663 [01:55<01:08, 14.63it/s]
HPSAC test:  62%|██████▏   | 1656/2663 [01:55<01:07, 14.86it/s]
HPSAC test:  62%|██████▏   | 1658/2663 [01:56<01:08, 14.73it/s]
HPSAC test:  62%|██████▏   | 1660/2663 [01:56<01:09, 14.46it/s]
HPSAC test:  62%|██████▏   | 1662/2663 [01:56<01:08, 14.60it/s]
HPSAC test:  62%|██████▏   | 1664/2663 [01:56<01:07, 14.77it/s]
HPSAC test:  63%|██████▎   | 1666/2663 [01:56<01:07, 14.71it/s]
HPSAC test:  63%|██████▎   | 1668/2663 [01:56<01:07, 14.83it/s]
HPSAC test:  63%|██████▎   | 1670/2663 [01:56<01:07, 14.66it/s]
HPSAC test:  63%|██████▎   | 1672/2663 [01:57<01:07, 14.75it/s]
HPSAC test:  63%|██████▎   | 1674/2663 [01:57<01:07, 14.67it/s]
HPSAC test:  63%|██████▎   | 1676/2663 [01:57<01:06, 14.80it/s]
HPSAC test:  63%|██████▎   | 1678/2663 [01:57<01:07, 14.55it/s]
HPSAC test:  63%|██████▎   | 1680/2663 [01:57<01:06, 14.76it/s]
HPSAC test:  63%|██████▎   | 1682/2663 [01:57<01:06, 14.74it/s]
HPSAC test:  63%|██████▎   | 1684/2663 [01:57<01:05, 14.88it/s]
HPSAC test:  63%|██████▎   | 1686/2663 [01:58<01:06, 14.79it/s]
HPSAC test:  63%|██████▎   | 1688/2663 [01:58<01:04, 15.01it/s]
HPSAC test:  63%|██████▎   | 1690/2663 [01:58<01:05, 14.83it/s]
HPSAC test:  64%|██████▎   | 1692/2663 [01:58<01:06, 14.65it/s]
HPSAC test:  64%|██████▎   | 1694/2663 [01:58<01:05, 14.82it/s]
HPSAC test:  64%|██████▎   | 1696/2663 [01:58<01:05, 14.85it/s]
HPSAC test:  64%|██████▍   | 1698/2663 [01:58<01:04, 14.90it/s]
HPSAC test:  64%|██████▍   | 1700/2663 [01:58<01:05, 14.79it/s]
HPSAC test:  64%|██████▍   | 1702/2663 [01:59<01:04, 14.89it/s]
HPSAC test:  64%|██████▍   | 1704/2663 [01:59<01:04, 14.83it/s]
HPSAC test:  64%|██████▍   | 1706/2663 [01:59<01:04, 14.89it/s]
HPSAC test:  64%|██████▍   | 1708/2663 [01:59<01:03, 15.03it/s]
HPSAC test:  64%|██████▍   | 1710/2663 [01:59<01:04, 14.84it/s]
HPSAC test:  64%|██████▍   | 1712/2663 [01:59<01:03, 14.89it/s]
HPSAC test:  64%|██████▍   | 1714/2663 [01:59<01:03, 14.89it/s]
HPSAC test:  64%|██████▍   | 1716/2663 [02:00<01:03, 14.99it/s]
HPSAC test:  65%|██████▍   | 1718/2663 [02:00<01:03, 14.93it/s]
HPSAC test:  65%|██████▍   | 1720/2663 [02:00<01:03, 14.95it/s]
HPSAC test:  65%|██████▍   | 1722/2663 [02:00<01:03, 14.91it/s]
HPSAC test:  65%|██████▍   | 1724/2663 [02:00<01:02, 14.91it/s]
HPSAC test:  65%|██████▍   | 1726/2663 [02:00<01:03, 14.73it/s]
HPSAC test:  65%|██████▍   | 1728/2663 [02:00<01:04, 14.58it/s]
HPSAC test:  65%|██████▍   | 1730/2663 [02:00<01:02, 14.94it/s]
HPSAC test:  65%|██████▌   | 1732/2663 [02:01<01:02, 14.79it/s]
HPSAC test:  65%|██████▌   | 1734/2663 [02:01<01:02, 14.78it/s]
HPSAC test:  65%|██████▌   | 1736/2663 [02:01<01:02, 14.85it/s]
HPSAC test:  65%|██████▌   | 1738/2663 [02:01<01:02, 14.79it/s]
HPSAC test:  65%|██████▌   | 1740/2663 [02:01<01:03, 14.56it/s]
HPSAC test:  65%|██████▌   | 1742/2663 [02:01<01:01, 14.86it/s]
HPSAC test:  65%|██████▌   | 1744/2663 [02:01<01:01, 14.90it/s]
HPSAC test:  66%|██████▌   | 1746/2663 [02:02<01:01, 14.98it/s]
HPSAC test:  66%|██████▌   | 1748/2663 [02:02<01:01, 14.97it/s]
HPSAC test:  66%|██████▌   | 1750/2663 [02:02<01:00, 15.03it/s]
HPSAC test:  66%|██████▌   | 1752/2663 [02:02<01:00, 15.08it/s]
HPSAC test:  66%|██████▌   | 1754/2663 [02:02<01:01, 14.79it/s]
HPSAC test:  66%|██████▌   | 1756/2663 [02:02<01:01, 14.83it/s]
HPSAC test:  66%|██████▌   | 1758/2663 [02:02<01:01, 14.83it/s]
HPSAC test:  66%|██████▌   | 1760/2663 [02:03<01:00, 14.81it/s]
HPSAC test:  66%|██████▌   | 1762/2663 [02:03<01:00, 14.88it/s]
HPSAC test:  66%|██████▌   | 1764/2663 [02:03<01:00, 14.87it/s]
HPSAC test:  66%|██████▋   | 1766/2663 [02:03<00:59, 14.99it/s]
HPSAC test:  66%|██████▋   | 1768/2663 [02:03<00:59, 14.95it/s]
HPSAC test:  66%|██████▋   | 1770/2663 [02:03<01:00, 14.81it/s]
HPSAC test:  67%|██████▋   | 1772/2663 [02:03<00:59, 14.85it/s]
HPSAC test:  67%|██████▋   | 1774/2663 [02:03<01:00, 14.78it/s]
HPSAC test:  67%|██████▋   | 1776/2663 [02:04<00:59, 14.98it/s]
HPSAC test:  67%|██████▋   | 1778/2663 [02:04<00:59, 14.80it/s]
HPSAC test:  67%|██████▋   | 1780/2663 [02:04<00:59, 14.85it/s]
HPSAC test:  67%|██████▋   | 1782/2663 [02:04<00:59, 14.92it/s]
HPSAC test:  67%|██████▋   | 1784/2663 [02:04<00:59, 14.83it/s]
HPSAC test:  67%|██████▋   | 1786/2663 [02:04<00:59, 14.73it/s]
HPSAC test:  67%|██████▋   | 1788/2663 [02:04<00:59, 14.72it/s]
HPSAC test:  67%|██████▋   | 1790/2663 [02:05<01:00, 14.51it/s]
HPSAC test:  67%|██████▋   | 1792/2663 [02:05<01:00, 14.51it/s]
HPSAC test:  67%|██████▋   | 1794/2663 [02:05<00:59, 14.56it/s]
HPSAC test:  68%|██████▊   | 1808/2663 [02:05<00:20, 41.71it/s]
HPSAC test:  68%|██████▊   | 1813/2663 [02:05<00:30, 27.49it/s]
HPSAC test:  68%|██████▊   | 1817/2663 [02:06<00:37, 22.86it/s]
HPSAC test:  68%|██████▊   | 1820/2663 [02:06<00:41, 20.54it/s]
HPSAC test:  68%|██████▊   | 1823/2663 [02:06<00:44, 18.93it/s]
HPSAC test:  69%|██████▊   | 1826/2663 [02:06<00:47, 17.73it/s]
HPSAC test:  69%|██████▊   | 1828/2663 [02:06<00:49, 16.87it/s]
HPSAC test:  69%|██████▊   | 1830/2663 [02:06<00:51, 16.30it/s]
HPSAC test:  69%|██████▉   | 1832/2663 [02:07<00:51, 16.08it/s]
HPSAC test:  69%|██████▉   | 1834/2663 [02:07<00:52, 15.72it/s]
HPSAC test:  69%|██████▉   | 1836/2663 [02:07<00:52, 15.72it/s]
HPSAC test:  69%|██████▉   | 1838/2663 [02:07<00:53, 15.48it/s]
HPSAC test:  69%|██████▉   | 1840/2663 [02:07<00:53, 15.34it/s]
HPSAC test:  69%|██████▉   | 1842/2663 [02:07<00:53, 15.37it/s]
HPSAC test:  69%|██████▉   | 1844/2663 [02:07<00:53, 15.22it/s]
HPSAC test:  69%|██████▉   | 1846/2663 [02:07<00:53, 15.14it/s]
HPSAC test:  69%|██████▉   | 1848/2663 [02:08<00:54, 14.92it/s]
HPSAC test:  69%|██████▉   | 1850/2663 [02:08<00:54, 14.93it/s]
HPSAC test:  70%|██████▉   | 1852/2663 [02:08<00:54, 14.93it/s]
HPSAC test:  70%|██████▉   | 1854/2663 [02:08<00:54, 14.88it/s]
HPSAC test:  70%|██████▉   | 1856/2663 [02:08<00:53, 15.05it/s]
HPSAC test:  70%|██████▉   | 1858/2663 [02:08<00:53, 15.03it/s]
HPSAC test:  70%|██████▉   | 1860/2663 [02:08<00:53, 15.10it/s]
HPSAC test:  70%|██████▉   | 1862/2663 [02:09<00:53, 15.03it/s]
HPSAC test:  70%|██████▉   | 1864/2663 [02:09<00:53, 14.85it/s]
HPSAC test:  70%|███████   | 1866/2663 [02:09<00:53, 14.85it/s]
HPSAC test:  70%|███████   | 1868/2663 [02:09<00:53, 14.73it/s]
HPSAC test:  70%|███████   | 1870/2663 [02:09<00:53, 14.81it/s]
HPSAC test:  70%|███████   | 1872/2663 [02:09<00:52, 14.93it/s]
HPSAC test:  70%|███████   | 1874/2663 [02:09<00:53, 14.81it/s]
HPSAC test:  70%|███████   | 1876/2663 [02:10<00:53, 14.73it/s]
HPSAC test:  71%|███████   | 1878/2663 [02:10<00:53, 14.76it/s]
HPSAC test:  71%|███████   | 1880/2663 [02:10<00:53, 14.67it/s]
HPSAC test:  71%|███████   | 1882/2663 [02:10<00:52, 14.82it/s]
HPSAC test:  71%|███████   | 1884/2663 [02:10<00:52, 14.83it/s]
HPSAC test:  71%|███████   | 1886/2663 [02:10<00:52, 14.83it/s]
HPSAC test:  71%|███████   | 1888/2663 [02:10<00:51, 14.97it/s]
HPSAC test:  71%|███████   | 1890/2663 [02:10<00:51, 14.92it/s]
HPSAC test:  71%|███████   | 1892/2663 [02:11<00:51, 14.91it/s]
HPSAC test:  71%|███████   | 1894/2663 [02:11<00:51, 15.03it/s]
HPSAC test:  71%|███████   | 1896/2663 [02:11<00:51, 14.84it/s]
HPSAC test:  71%|███████▏  | 1898/2663 [02:11<00:51, 14.97it/s]
HPSAC test:  71%|███████▏  | 1900/2663 [02:11<00:51, 14.94it/s]
HPSAC test:  71%|███████▏  | 1902/2663 [02:11<00:50, 14.98it/s]
HPSAC test:  71%|███████▏  | 1904/2663 [02:11<00:51, 14.80it/s]
HPSAC test:  72%|███████▏  | 1906/2663 [02:12<00:51, 14.64it/s]
HPSAC test:  72%|███████▏  | 1908/2663 [02:12<00:51, 14.63it/s]
HPSAC test:  72%|███████▏  | 1910/2663 [02:12<00:51, 14.74it/s]
HPSAC test:  72%|███████▏  | 1912/2663 [02:12<00:51, 14.55it/s]
HPSAC test:  72%|███████▏  | 1914/2663 [02:12<00:51, 14.49it/s]
HPSAC test:  72%|███████▏  | 1916/2663 [02:12<00:51, 14.60it/s]
HPSAC test:  72%|███████▏  | 1918/2663 [02:12<00:51, 14.58it/s]
HPSAC test:  72%|███████▏  | 1920/2663 [02:12<00:50, 14.82it/s]
HPSAC test:  72%|███████▏  | 1922/2663 [02:13<00:50, 14.60it/s]
HPSAC test:  72%|███████▏  | 1924/2663 [02:13<00:50, 14.76it/s]
HPSAC test:  72%|███████▏  | 1926/2663 [02:13<00:49, 14.77it/s]
HPSAC test:  72%|███████▏  | 1928/2663 [02:13<00:49, 14.83it/s]
HPSAC test:  72%|███████▏  | 1930/2663 [02:13<00:50, 14.58it/s]
HPSAC test:  73%|███████▎  | 1932/2663 [02:13<00:49, 14.84it/s]
HPSAC test:  73%|███████▎  | 1934/2663 [02:13<00:48, 14.89it/s]
HPSAC test:  73%|███████▎  | 1936/2663 [02:14<00:48, 14.88it/s]
HPSAC test:  73%|███████▎  | 1938/2663 [02:14<00:48, 14.96it/s]
HPSAC test:  73%|███████▎  | 1940/2663 [02:14<00:48, 15.01it/s]
HPSAC test:  73%|███████▎  | 1942/2663 [02:14<00:47, 15.14it/s]
HPSAC test:  73%|███████▎  | 1944/2663 [02:14<00:48, 14.94it/s]
HPSAC test:  73%|███████▎  | 1946/2663 [02:14<00:48, 14.88it/s]
HPSAC test:  73%|███████▎  | 1948/2663 [02:14<00:47, 14.90it/s]
HPSAC test:  73%|███████▎  | 1950/2663 [02:15<00:48, 14.76it/s]
HPSAC test:  73%|███████▎  | 1952/2663 [02:15<00:48, 14.75it/s]
HPSAC test:  73%|███████▎  | 1954/2663 [02:15<00:48, 14.52it/s]
HPSAC test:  73%|███████▎  | 1956/2663 [02:15<00:48, 14.50it/s]
HPSAC test:  74%|███████▎  | 1958/2663 [02:15<00:48, 14.65it/s]
HPSAC test:  74%|███████▎  | 1960/2663 [02:15<00:48, 14.44it/s]
HPSAC test:  74%|███████▎  | 1962/2663 [02:15<00:47, 14.74it/s]
HPSAC test:  74%|███████▍  | 1964/2663 [02:15<00:46, 14.94it/s]
HPSAC test:  74%|███████▍  | 1966/2663 [02:16<00:47, 14.72it/s]
HPSAC test:  74%|███████▍  | 1968/2663 [02:16<00:47, 14.66it/s]
HPSAC test:  74%|███████▍  | 1970/2663 [02:16<00:47, 14.74it/s]
HPSAC test:  74%|███████▍  | 1972/2663 [02:16<00:46, 14.81it/s]
HPSAC test:  74%|███████▍  | 1974/2663 [02:16<00:46, 14.80it/s]
HPSAC test:  74%|███████▍  | 1976/2663 [02:16<00:45, 14.98it/s]
HPSAC test:  74%|███████▍  | 1978/2663 [02:16<00:45, 14.98it/s]
HPSAC test:  74%|███████▍  | 1980/2663 [02:17<00:46, 14.74it/s]
HPSAC test:  74%|███████▍  | 1982/2663 [02:17<00:46, 14.57it/s]
HPSAC test:  75%|███████▍  | 1984/2663 [02:17<00:47, 14.28it/s]
HPSAC test:  75%|███████▍  | 1986/2663 [02:17<00:47, 14.33it/s]
HPSAC test:  75%|███████▍  | 1988/2663 [02:17<00:46, 14.45it/s]
HPSAC test:  75%|███████▍  | 1990/2663 [02:17<00:47, 14.08it/s]
HPSAC test:  75%|███████▍  | 1992/2663 [02:17<00:47, 14.00it/s]
HPSAC test:  75%|███████▍  | 1994/2663 [02:18<00:47, 13.94it/s]
HPSAC test:  75%|███████▍  | 1996/2663 [02:18<00:48, 13.84it/s]
HPSAC test:  75%|███████▌  | 1998/2663 [02:18<00:47, 14.09it/s]
HPSAC test:  75%|███████▌  | 2000/2663 [02:18<00:46, 14.13it/s]
HPSAC test:  75%|███████▌  | 2002/2663 [02:18<00:46, 14.16it/s]
HPSAC test:  75%|███████▌  | 2004/2663 [02:18<00:46, 14.19it/s]
HPSAC test:  75%|███████▌  | 2006/2663 [02:18<00:46, 14.10it/s]
HPSAC test:  75%|███████▌  | 2008/2663 [02:19<00:46, 14.07it/s]
HPSAC test:  75%|███████▌  | 2010/2663 [02:19<00:47, 13.87it/s]
HPSAC test:  76%|███████▌  | 2012/2663 [02:19<00:46, 13.98it/s]
HPSAC test:  76%|███████▌  | 2014/2663 [02:19<00:45, 14.27it/s]
HPSAC test:  76%|███████▌  | 2016/2663 [02:19<00:45, 14.16it/s]
HPSAC test:  76%|███████▌  | 2018/2663 [02:19<00:46, 13.81it/s]
HPSAC test:  76%|███████▌  | 2020/2663 [02:19<00:46, 13.70it/s]
HPSAC test:  76%|███████▌  | 2022/2663 [02:20<00:46, 13.68it/s]
HPSAC test:  76%|███████▌  | 2024/2663 [02:20<00:47, 13.45it/s]
HPSAC test:  76%|███████▌  | 2026/2663 [02:20<00:47, 13.31it/s]
HPSAC test:  76%|███████▌  | 2028/2663 [02:20<00:48, 13.17it/s]
HPSAC test:  76%|███████▌  | 2030/2663 [02:20<00:47, 13.21it/s]
HPSAC test:  76%|███████▋  | 2032/2663 [02:20<00:47, 13.22it/s]
HPSAC test:  76%|███████▋  | 2034/2663 [02:20<00:47, 13.29it/s]
HPSAC test:  76%|███████▋  | 2036/2663 [02:21<00:46, 13.50it/s]
HPSAC test:  77%|███████▋  | 2038/2663 [02:21<00:47, 13.13it/s]
HPSAC test:  77%|███████▋  | 2040/2663 [02:21<00:47, 13.20it/s]
HPSAC test:  77%|███████▋  | 2042/2663 [02:21<00:46, 13.34it/s]
HPSAC test:  77%|███████▋  | 2044/2663 [02:21<00:45, 13.53it/s]
HPSAC test:  77%|███████▋  | 2046/2663 [02:21<00:44, 13.77it/s]
HPSAC test:  77%|███████▋  | 2048/2663 [02:22<00:45, 13.64it/s]
HPSAC test:  77%|███████▋  | 2050/2663 [02:22<00:44, 13.75it/s]
HPSAC test:  77%|███████▋  | 2052/2663 [02:22<00:45, 13.57it/s]
HPSAC test:  77%|███████▋  | 2054/2663 [02:22<00:44, 13.77it/s]
HPSAC test:  77%|███████▋  | 2056/2663 [02:22<00:43, 13.87it/s]
HPSAC test:  77%|███████▋  | 2058/2663 [02:22<00:44, 13.68it/s]
HPSAC test:  77%|███████▋  | 2060/2663 [02:22<00:44, 13.63it/s]
HPSAC test:  77%|███████▋  | 2062/2663 [02:23<00:44, 13.62it/s]
HPSAC test:  78%|███████▊  | 2064/2663 [02:23<00:43, 13.72it/s]
HPSAC test:  78%|███████▊  | 2066/2663 [02:23<00:43, 13.79it/s]
HPSAC test:  78%|███████▊  | 2068/2663 [02:23<00:42, 13.93it/s]
HPSAC test:  78%|███████▊  | 2070/2663 [02:23<00:42, 13.87it/s]
HPSAC test:  78%|███████▊  | 2072/2663 [02:23<00:42, 13.95it/s]
HPSAC test:  78%|███████▊  | 2074/2663 [02:23<00:43, 13.62it/s]
HPSAC test:  78%|███████▊  | 2076/2663 [02:24<00:43, 13.60it/s]
HPSAC test:  78%|███████▊  | 2078/2663 [02:24<00:42, 13.67it/s]
HPSAC test:  78%|███████▊  | 2080/2663 [02:24<00:41, 13.96it/s]
HPSAC test:  78%|███████▊  | 2082/2663 [02:24<00:41, 14.11it/s]
HPSAC test:  78%|███████▊  | 2084/2663 [02:24<00:41, 14.02it/s]
HPSAC test:  78%|███████▊  | 2086/2663 [02:24<00:40, 14.19it/s]
HPSAC test:  78%|███████▊  | 2088/2663 [02:24<00:40, 14.19it/s]
HPSAC test:  78%|███████▊  | 2090/2663 [02:25<00:40, 14.31it/s]
HPSAC test:  79%|███████▊  | 2092/2663 [02:25<00:40, 14.14it/s]
HPSAC test:  79%|███████▊  | 2094/2663 [02:25<00:40, 13.94it/s]
HPSAC test:  79%|███████▊  | 2096/2663 [02:25<00:41, 13.79it/s]
HPSAC test:  79%|███████▉  | 2098/2663 [02:25<00:40, 13.92it/s]
HPSAC test:  79%|███████▉  | 2100/2663 [02:25<00:40, 14.02it/s]
HPSAC test:  79%|███████▉  | 2102/2663 [02:25<00:39, 14.03it/s]
HPSAC test:  79%|███████▉  | 2104/2663 [02:26<00:39, 14.01it/s]
HPSAC test:  79%|███████▉  | 2106/2663 [02:26<00:39, 14.01it/s]
HPSAC test:  79%|███████▉  | 2108/2663 [02:26<00:39, 13.92it/s]
HPSAC test:  79%|███████▉  | 2110/2663 [02:26<00:40, 13.82it/s]
HPSAC test:  79%|███████▉  | 2112/2663 [02:26<00:39, 13.94it/s]
HPSAC test:  79%|███████▉  | 2114/2663 [02:26<00:39, 13.90it/s]
HPSAC test:  79%|███████▉  | 2116/2663 [02:26<00:38, 14.06it/s]
HPSAC test:  80%|███████▉  | 2118/2663 [02:27<00:38, 14.03it/s]
HPSAC test:  80%|███████▉  | 2120/2663 [02:27<00:38, 13.99it/s]
HPSAC test:  80%|███████▉  | 2122/2663 [02:27<00:38, 14.12it/s]
HPSAC test:  80%|███████▉  | 2124/2663 [02:27<00:38, 13.95it/s]
HPSAC test:  80%|███████▉  | 2126/2663 [02:27<00:38, 14.04it/s]
HPSAC test:  80%|███████▉  | 2128/2663 [02:27<00:38, 13.80it/s]
HPSAC test:  80%|███████▉  | 2130/2663 [02:27<00:38, 13.87it/s]
HPSAC test:  80%|████████  | 2132/2663 [02:28<00:38, 13.86it/s]
HPSAC test:  80%|████████  | 2134/2663 [02:28<00:38, 13.82it/s]
HPSAC test:  80%|████████  | 2136/2663 [02:28<00:37, 14.05it/s]
HPSAC test:  80%|████████  | 2138/2663 [02:28<00:37, 14.15it/s]
HPSAC test:  80%|████████  | 2140/2663 [02:28<00:36, 14.33it/s]
HPSAC test:  80%|████████  | 2142/2663 [02:28<00:37, 13.88it/s]
HPSAC test:  81%|████████  | 2144/2663 [02:28<00:36, 14.13it/s]
HPSAC test:  81%|████████  | 2146/2663 [02:29<00:36, 14.24it/s]
HPSAC test:  81%|████████  | 2148/2663 [02:29<00:35, 14.34it/s]
HPSAC test:  81%|████████  | 2150/2663 [02:29<00:36, 13.98it/s]
HPSAC test:  81%|████████  | 2152/2663 [02:29<00:37, 13.78it/s]
HPSAC test:  81%|████████  | 2154/2663 [02:29<00:37, 13.51it/s]
HPSAC test:  81%|████████  | 2156/2663 [02:29<00:36, 13.72it/s]
HPSAC test:  81%|████████  | 2158/2663 [02:29<00:36, 13.95it/s]
HPSAC test:  81%|████████  | 2160/2663 [02:30<00:34, 14.39it/s]
HPSAC test:  81%|████████  | 2162/2663 [02:30<00:34, 14.71it/s]
HPSAC test:  81%|████████▏ | 2164/2663 [02:30<00:33, 14.69it/s]
HPSAC test:  81%|████████▏ | 2166/2663 [02:30<00:33, 14.67it/s]
HPSAC test:  81%|████████▏ | 2168/2663 [02:30<00:34, 14.53it/s]
HPSAC test:  81%|████████▏ | 2170/2663 [02:30<00:33, 14.51it/s]
HPSAC test:  82%|████████▏ | 2172/2663 [02:30<00:33, 14.56it/s]
HPSAC test:  82%|████████▏ | 2174/2663 [02:30<00:33, 14.54it/s]
HPSAC test:  82%|████████▏ | 2176/2663 [02:31<00:33, 14.75it/s]
HPSAC test:  82%|████████▏ | 2178/2663 [02:31<00:33, 14.45it/s]
HPSAC test:  82%|████████▏ | 2180/2663 [02:31<00:33, 14.52it/s]
HPSAC test:  82%|████████▏ | 2182/2663 [02:31<00:33, 14.36it/s]
HPSAC test:  82%|████████▏ | 2184/2663 [02:31<00:33, 14.17it/s]
HPSAC test:  82%|████████▏ | 2186/2663 [02:31<00:33, 14.20it/s]
HPSAC test:  82%|████████▏ | 2188/2663 [02:31<00:33, 14.09it/s]
HPSAC test:  82%|████████▏ | 2190/2663 [02:32<00:33, 14.28it/s]
HPSAC test:  82%|████████▏ | 2192/2663 [02:32<00:33, 14.10it/s]
HPSAC test:  82%|████████▏ | 2194/2663 [02:32<00:33, 14.00it/s]
HPSAC test:  82%|████████▏ | 2196/2663 [02:32<00:33, 13.83it/s]
HPSAC test:  83%|████████▎ | 2198/2663 [02:32<00:33, 13.68it/s]
HPSAC test:  83%|████████▎ | 2200/2663 [02:32<00:34, 13.43it/s]
HPSAC test:  83%|████████▎ | 2202/2663 [02:33<00:34, 13.30it/s]
HPSAC test:  83%|████████▎ | 2204/2663 [02:33<00:34, 13.25it/s]
HPSAC test:  83%|████████▎ | 2206/2663 [02:33<00:33, 13.48it/s]
HPSAC test:  83%|████████▎ | 2208/2663 [02:33<00:34, 13.34it/s]
HPSAC test:  83%|████████▎ | 2210/2663 [02:33<00:33, 13.45it/s]
HPSAC test:  83%|████████▎ | 2212/2663 [02:33<00:33, 13.38it/s]
HPSAC test:  83%|████████▎ | 2214/2663 [02:33<00:33, 13.59it/s]
HPSAC test:  83%|████████▎ | 2216/2663 [02:34<00:32, 13.91it/s]
HPSAC test:  83%|████████▎ | 2218/2663 [02:34<00:31, 14.22it/s]
HPSAC test:  83%|████████▎ | 2220/2663 [02:34<00:30, 14.46it/s]
HPSAC test:  83%|████████▎ | 2222/2663 [02:34<00:30, 14.60it/s]
HPSAC test:  84%|████████▎ | 2224/2663 [02:34<00:30, 14.30it/s]
HPSAC test:  84%|████████▎ | 2226/2663 [02:34<00:30, 14.26it/s]
HPSAC test:  84%|████████▎ | 2228/2663 [02:34<00:30, 14.28it/s]
HPSAC test:  84%|████████▎ | 2230/2663 [02:34<00:29, 14.45it/s]
HPSAC test:  84%|████████▍ | 2232/2663 [02:35<00:29, 14.37it/s]
HPSAC test:  84%|████████▍ | 2234/2663 [02:35<00:30, 14.18it/s]
HPSAC test:  84%|████████▍ | 2236/2663 [02:35<00:29, 14.26it/s]
HPSAC test:  84%|████████▍ | 2238/2663 [02:35<00:29, 14.35it/s]
HPSAC test:  84%|████████▍ | 2240/2663 [02:35<00:29, 14.51it/s]
HPSAC test:  84%|████████▍ | 2242/2663 [02:35<00:28, 14.55it/s]
HPSAC test:  84%|████████▍ | 2244/2663 [02:35<00:28, 14.54it/s]
HPSAC test:  84%|████████▍ | 2246/2663 [02:36<00:28, 14.59it/s]
HPSAC test:  84%|████████▍ | 2248/2663 [02:36<00:28, 14.37it/s]
HPSAC test:  84%|████████▍ | 2250/2663 [02:36<00:28, 14.28it/s]
HPSAC test:  85%|████████▍ | 2252/2663 [02:36<00:28, 14.25it/s]
HPSAC test:  85%|████████▍ | 2254/2663 [02:36<00:29, 13.98it/s]
HPSAC test:  85%|████████▌ | 2268/2663 [02:36<00:09, 39.58it/s]
HPSAC test:  85%|████████▌ | 2273/2663 [02:37<00:14, 26.96it/s]
HPSAC test:  86%|████████▌ | 2277/2663 [02:37<00:17, 22.44it/s]
HPSAC test:  86%|████████▌ | 2280/2663 [02:37<00:18, 20.25it/s]
HPSAC test:  86%|████████▌ | 2283/2663 [02:37<00:20, 18.50it/s]
HPSAC test:  86%|████████▌ | 2286/2663 [02:38<00:22, 17.05it/s]
HPSAC test:  86%|████████▌ | 2288/2663 [02:38<00:23, 16.27it/s]
HPSAC test:  86%|████████▌ | 2290/2663 [02:38<00:23, 15.98it/s]
HPSAC test:  86%|████████▌ | 2292/2663 [02:38<00:23, 15.68it/s]
HPSAC test:  86%|████████▌ | 2294/2663 [02:38<00:24, 15.27it/s]
HPSAC test:  86%|████████▌ | 2296/2663 [02:38<00:24, 15.14it/s]
HPSAC test:  86%|████████▋ | 2298/2663 [02:38<00:24, 14.91it/s]
HPSAC test:  86%|████████▋ | 2300/2663 [02:39<00:24, 14.86it/s]
HPSAC test:  86%|████████▋ | 2302/2663 [02:39<00:25, 14.20it/s]
HPSAC test:  87%|████████▋ | 2304/2663 [02:39<00:25, 13.99it/s]
HPSAC test:  87%|████████▋ | 2306/2663 [02:39<00:25, 14.02it/s]
HPSAC test:  87%|████████▋ | 2308/2663 [02:39<00:25, 14.13it/s]
HPSAC test:  87%|████████▋ | 2310/2663 [02:39<00:25, 14.02it/s]
HPSAC test:  87%|████████▋ | 2312/2663 [02:39<00:25, 14.04it/s]
HPSAC test:  87%|████████▋ | 2314/2663 [02:40<00:24, 13.98it/s]
HPSAC test:  87%|████████▋ | 2316/2663 [02:40<00:24, 14.04it/s]
HPSAC test:  87%|████████▋ | 2318/2663 [02:40<00:24, 14.25it/s]
HPSAC test:  87%|████████▋ | 2320/2663 [02:40<00:23, 14.32it/s]
HPSAC test:  87%|████████▋ | 2322/2663 [02:40<00:23, 14.22it/s]
HPSAC test:  87%|████████▋ | 2324/2663 [02:40<00:23, 14.31it/s]
HPSAC test:  87%|████████▋ | 2326/2663 [02:40<00:23, 14.48it/s]
HPSAC test:  87%|████████▋ | 2328/2663 [02:41<00:23, 14.32it/s]
HPSAC test:  87%|████████▋ | 2330/2663 [02:41<00:23, 14.43it/s]
HPSAC test:  88%|████████▊ | 2332/2663 [02:41<00:22, 14.55it/s]
HPSAC test:  88%|████████▊ | 2334/2663 [02:41<00:22, 14.59it/s]
HPSAC test:  88%|████████▊ | 2336/2663 [02:41<00:22, 14.43it/s]
HPSAC test:  88%|████████▊ | 2338/2663 [02:41<00:22, 14.54it/s]
HPSAC test:  88%|████████▊ | 2340/2663 [02:41<00:22, 14.68it/s]
HPSAC test:  88%|████████▊ | 2342/2663 [02:41<00:22, 14.43it/s]
HPSAC test:  88%|████████▊ | 2344/2663 [02:42<00:22, 14.42it/s]
HPSAC test:  88%|████████▊ | 2346/2663 [02:42<00:21, 14.45it/s]
HPSAC test:  88%|████████▊ | 2348/2663 [02:42<00:21, 14.51it/s]
HPSAC test:  88%|████████▊ | 2350/2663 [02:42<00:21, 14.34it/s]
HPSAC test:  88%|████████▊ | 2352/2663 [02:42<00:21, 14.58it/s]
HPSAC test:  88%|████████▊ | 2354/2663 [02:42<00:21, 14.51it/s]
HPSAC test:  88%|████████▊ | 2356/2663 [02:42<00:21, 14.59it/s]
HPSAC test:  89%|████████▊ | 2358/2663 [02:43<00:20, 14.56it/s]
HPSAC test:  89%|████████▊ | 2360/2663 [02:43<00:20, 14.50it/s]
HPSAC test:  89%|████████▊ | 2362/2663 [02:43<00:20, 14.60it/s]
HPSAC test:  89%|████████▉ | 2364/2663 [02:43<00:20, 14.60it/s]
HPSAC test:  89%|████████▉ | 2366/2663 [02:43<00:20, 14.50it/s]
HPSAC test:  89%|████████▉ | 2368/2663 [02:43<00:20, 14.40it/s]
HPSAC test:  89%|████████▉ | 2370/2663 [02:43<00:20, 14.42it/s]
HPSAC test:  89%|████████▉ | 2372/2663 [02:44<00:20, 14.51it/s]
HPSAC test:  89%|████████▉ | 2374/2663 [02:44<00:19, 14.49it/s]
HPSAC test:  89%|████████▉ | 2376/2663 [02:44<00:19, 14.41it/s]
HPSAC test:  89%|████████▉ | 2378/2663 [02:44<00:19, 14.48it/s]
HPSAC test:  89%|████████▉ | 2380/2663 [02:44<00:19, 14.59it/s]
HPSAC test:  89%|████████▉ | 2382/2663 [02:44<00:19, 14.63it/s]
HPSAC test:  90%|████████▉ | 2384/2663 [02:44<00:19, 14.63it/s]
HPSAC test:  90%|████████▉ | 2386/2663 [02:45<00:19, 14.35it/s]
HPSAC test:  90%|████████▉ | 2388/2663 [02:45<00:19, 14.47it/s]
HPSAC test:  90%|████████▉ | 2390/2663 [02:45<00:18, 14.52it/s]
HPSAC test:  90%|████████▉ | 2392/2663 [02:45<00:18, 14.54it/s]
HPSAC test:  90%|████████▉ | 2394/2663 [02:45<00:18, 14.33it/s]
HPSAC test:  90%|████████▉ | 2396/2663 [02:45<00:18, 14.37it/s]
HPSAC test:  90%|█████████ | 2398/2663 [02:45<00:18, 14.48it/s]
HPSAC test:  90%|█████████ | 2400/2663 [02:45<00:18, 14.54it/s]
HPSAC test:  90%|█████████ | 2402/2663 [02:46<00:18, 14.41it/s]
HPSAC test:  90%|█████████ | 2404/2663 [02:46<00:17, 14.65it/s]
HPSAC test:  90%|█████████ | 2406/2663 [02:46<00:18, 14.15it/s]
HPSAC test:  90%|█████████ | 2408/2663 [02:46<00:17, 14.17it/s]
HPSAC test:  90%|█████████ | 2410/2663 [02:46<00:17, 14.10it/s]
HPSAC test:  91%|█████████ | 2412/2663 [02:46<00:18, 13.94it/s]
HPSAC test:  91%|█████████ | 2414/2663 [02:46<00:18, 13.65it/s]
HPSAC test:  91%|█████████ | 2416/2663 [02:47<00:17, 13.96it/s]
HPSAC test:  91%|█████████ | 2418/2663 [02:47<00:17, 14.24it/s]
HPSAC test:  91%|█████████ | 2420/2663 [02:47<00:17, 14.22it/s]
HPSAC test:  91%|█████████ | 2422/2663 [02:47<00:16, 14.41it/s]
HPSAC test:  91%|█████████ | 2424/2663 [02:47<00:16, 14.41it/s]
HPSAC test:  91%|█████████ | 2426/2663 [02:47<00:16, 14.50it/s]
HPSAC test:  91%|█████████ | 2428/2663 [02:47<00:16, 14.37it/s]
HPSAC test:  91%|█████████▏| 2430/2663 [02:48<00:16, 14.45it/s]
HPSAC test:  91%|█████████▏| 2432/2663 [02:48<00:15, 14.53it/s]
HPSAC test:  91%|█████████▏| 2434/2663 [02:48<00:16, 14.22it/s]
HPSAC test:  91%|█████████▏| 2436/2663 [02:48<00:16, 14.04it/s]
HPSAC test:  92%|█████████▏| 2438/2663 [02:48<00:15, 14.23it/s]
HPSAC test:  92%|█████████▏| 2440/2663 [02:48<00:15, 14.33it/s]
HPSAC test:  92%|█████████▏| 2442/2663 [02:48<00:15, 14.29it/s]
HPSAC test:  92%|█████████▏| 2444/2663 [02:49<00:15, 14.48it/s]
HPSAC test:  92%|█████████▏| 2446/2663 [02:49<00:14, 14.56it/s]
HPSAC test:  92%|█████████▏| 2448/2663 [02:49<00:14, 14.41it/s]
HPSAC test:  92%|█████████▏| 2450/2663 [02:49<00:15, 14.19it/s]
HPSAC test:  92%|█████████▏| 2452/2663 [02:49<00:14, 14.19it/s]
HPSAC test:  92%|█████████▏| 2454/2663 [02:49<00:14, 14.37it/s]
HPSAC test:  92%|█████████▏| 2456/2663 [02:49<00:14, 14.57it/s]
HPSAC test:  92%|█████████▏| 2458/2663 [02:50<00:14, 14.53it/s]
HPSAC test:  92%|█████████▏| 2460/2663 [02:50<00:13, 14.53it/s]
HPSAC test:  92%|█████████▏| 2462/2663 [02:50<00:13, 14.55it/s]
HPSAC test:  93%|█████████▎| 2464/2663 [02:50<00:13, 14.38it/s]
HPSAC test:  93%|█████████▎| 2466/2663 [02:50<00:13, 14.54it/s]
HPSAC test:  93%|█████████▎| 2468/2663 [02:50<00:13, 14.59it/s]
HPSAC test:  93%|█████████▎| 2470/2663 [02:50<00:13, 14.69it/s]
HPSAC test:  93%|█████████▎| 2472/2663 [02:50<00:13, 14.62it/s]
HPSAC test:  93%|█████████▎| 2474/2663 [02:51<00:12, 14.75it/s]
HPSAC test:  93%|█████████▎| 2476/2663 [02:51<00:12, 14.60it/s]
HPSAC test:  93%|█████████▎| 2478/2663 [02:51<00:12, 14.56it/s]
HPSAC test:  93%|█████████▎| 2480/2663 [02:51<00:12, 14.53it/s]
HPSAC test:  93%|█████████▎| 2482/2663 [02:51<00:12, 14.64it/s]
HPSAC test:  93%|█████████▎| 2484/2663 [02:51<00:12, 14.62it/s]
HPSAC test:  93%|█████████▎| 2486/2663 [02:51<00:12, 14.70it/s]
HPSAC test:  93%|█████████▎| 2488/2663 [02:52<00:11, 14.65it/s]
HPSAC test:  94%|█████████▎| 2490/2663 [02:52<00:11, 14.66it/s]
HPSAC test:  94%|█████████▎| 2492/2663 [02:52<00:11, 14.70it/s]
HPSAC test:  94%|█████████▎| 2494/2663 [02:52<00:11, 14.69it/s]
HPSAC test:  94%|█████████▎| 2496/2663 [02:52<00:11, 14.61it/s]
HPSAC test:  94%|█████████▍| 2498/2663 [02:52<00:11, 14.93it/s]
HPSAC test:  94%|█████████▍| 2500/2663 [02:52<00:10, 14.96it/s]
HPSAC test:  94%|█████████▍| 2502/2663 [02:53<00:10, 14.83it/s]
HPSAC test:  94%|█████████▍| 2504/2663 [02:53<00:10, 14.86it/s]
HPSAC test:  94%|█████████▍| 2506/2663 [02:53<00:10, 14.83it/s]
HPSAC test:  94%|█████████▍| 2508/2663 [02:53<00:10, 14.59it/s]
HPSAC test:  94%|█████████▍| 2510/2663 [02:53<00:10, 14.39it/s]
HPSAC test:  94%|█████████▍| 2512/2663 [02:53<00:10, 14.34it/s]
HPSAC test:  94%|█████████▍| 2514/2663 [02:53<00:10, 14.53it/s]
HPSAC test:  94%|█████████▍| 2516/2663 [02:53<00:10, 14.58it/s]
HPSAC test:  95%|█████████▍| 2518/2663 [02:54<00:09, 14.60it/s]
HPSAC test:  95%|█████████▍| 2520/2663 [02:54<00:09, 14.59it/s]
HPSAC test:  95%|█████████▍| 2522/2663 [02:54<00:09, 14.14it/s]
HPSAC test:  95%|█████████▍| 2524/2663 [02:54<00:09, 14.22it/s]
HPSAC test:  95%|█████████▍| 2526/2663 [02:54<00:09, 14.47it/s]
HPSAC test:  95%|█████████▍| 2528/2663 [02:54<00:09, 14.45it/s]
HPSAC test:  95%|█████████▌| 2530/2663 [02:54<00:09, 14.22it/s]
HPSAC test:  95%|█████████▌| 2532/2663 [02:55<00:09, 14.26it/s]
HPSAC test:  95%|█████████▌| 2534/2663 [02:55<00:08, 14.35it/s]
HPSAC test:  95%|█████████▌| 2536/2663 [02:55<00:08, 14.33it/s]
HPSAC test:  95%|█████████▌| 2538/2663 [02:55<00:08, 14.32it/s]
HPSAC test:  95%|█████████▌| 2540/2663 [02:55<00:08, 14.47it/s]
HPSAC test:  95%|█████████▌| 2542/2663 [02:55<00:08, 14.63it/s]
HPSAC test:  96%|█████████▌| 2544/2663 [02:55<00:08, 14.53it/s]
HPSAC test:  96%|█████████▌| 2546/2663 [02:56<00:08, 14.52it/s]
HPSAC test:  96%|█████████▌| 2548/2663 [02:56<00:07, 14.52it/s]
HPSAC test:  96%|█████████▌| 2550/2663 [02:56<00:07, 14.66it/s]
HPSAC test:  96%|█████████▌| 2552/2663 [02:56<00:07, 14.58it/s]
HPSAC test:  96%|█████████▌| 2554/2663 [02:56<00:07, 14.54it/s]
HPSAC test:  96%|█████████▌| 2556/2663 [02:56<00:07, 14.66it/s]
HPSAC test:  96%|█████████▌| 2558/2663 [02:56<00:07, 14.35it/s]
HPSAC test:  96%|█████████▌| 2560/2663 [02:57<00:07, 14.47it/s]
HPSAC test:  96%|█████████▌| 2562/2663 [02:57<00:06, 14.51it/s]
HPSAC test:  96%|█████████▋| 2564/2663 [02:57<00:06, 14.58it/s]
HPSAC test:  96%|█████████▋| 2566/2663 [02:57<00:06, 14.56it/s]
HPSAC test:  96%|█████████▋| 2568/2663 [02:57<00:06, 14.35it/s]
HPSAC test:  97%|█████████▋| 2570/2663 [02:57<00:06, 14.11it/s]
HPSAC test:  97%|█████████▋| 2572/2663 [02:57<00:06, 13.86it/s]
HPSAC test:  97%|█████████▋| 2574/2663 [02:58<00:06, 13.76it/s]
HPSAC test:  97%|█████████▋| 2576/2663 [02:58<00:06, 13.71it/s]
HPSAC test:  97%|█████████▋| 2578/2663 [02:58<00:06, 13.29it/s]
HPSAC test:  97%|█████████▋| 2580/2663 [02:58<00:06, 13.09it/s]
HPSAC test:  97%|█████████▋| 2582/2663 [02:58<00:06, 13.34it/s]
HPSAC test:  97%|█████████▋| 2584/2663 [02:58<00:05, 13.53it/s]
HPSAC test:  97%|█████████▋| 2586/2663 [02:58<00:05, 13.55it/s]
HPSAC test:  97%|█████████▋| 2588/2663 [02:59<00:05, 13.36it/s]
HPSAC test:  97%|█████████▋| 2590/2663 [02:59<00:05, 13.53it/s]
HPSAC test:  97%|█████████▋| 2592/2663 [02:59<00:05, 13.71it/s]
HPSAC test:  97%|█████████▋| 2594/2663 [02:59<00:05, 13.57it/s]
HPSAC test:  97%|█████████▋| 2596/2663 [02:59<00:04, 13.72it/s]
HPSAC test:  98%|█████████▊| 2598/2663 [02:59<00:04, 13.69it/s]
HPSAC test:  98%|█████████▊| 2600/2663 [02:59<00:04, 13.62it/s]
HPSAC test:  98%|█████████▊| 2602/2663 [03:00<00:04, 13.56it/s]
HPSAC test:  98%|█████████▊| 2604/2663 [03:00<00:04, 13.41it/s]
HPSAC test:  98%|█████████▊| 2606/2663 [03:00<00:04, 13.33it/s]
HPSAC test:  98%|█████████▊| 2608/2663 [03:00<00:04, 13.28it/s]
HPSAC test:  98%|█████████▊| 2610/2663 [03:00<00:03, 13.41it/s]
HPSAC test:  98%|█████████▊| 2612/2663 [03:00<00:03, 13.50it/s]
HPSAC test:  98%|█████████▊| 2614/2663 [03:01<00:03, 13.56it/s]
HPSAC test:  98%|█████████▊| 2616/2663 [03:01<00:03, 13.72it/s]
HPSAC test:  98%|█████████▊| 2618/2663 [03:01<00:03, 13.72it/s]
HPSAC test:  98%|█████████▊| 2620/2663 [03:01<00:03, 13.22it/s]
HPSAC test:  98%|█████████▊| 2622/2663 [03:01<00:03, 13.35it/s]
HPSAC test:  99%|█████████▊| 2624/2663 [03:01<00:02, 13.38it/s]
HPSAC test:  99%|█████████▊| 2626/2663 [03:01<00:02, 13.72it/s]
HPSAC test:  99%|█████████▊| 2628/2663 [03:02<00:02, 13.59it/s]
HPSAC test:  99%|█████████▉| 2630/2663 [03:02<00:02, 13.59it/s]
HPSAC test:  99%|█████████▉| 2632/2663 [03:02<00:02, 13.47it/s]
HPSAC test:  99%|█████████▉| 2634/2663 [03:02<00:02, 12.70it/s]
HPSAC test:  99%|█████████▉| 2636/2663 [03:02<00:02, 12.83it/s]
HPSAC test:  99%|█████████▉| 2638/2663 [03:02<00:01, 12.96it/s]
HPSAC test:  99%|█████████▉| 2640/2663 [03:02<00:01, 13.06it/s]
HPSAC test:  99%|█████████▉| 2642/2663 [03:03<00:01, 13.15it/s]
HPSAC test:  99%|█████████▉| 2644/2663 [03:03<00:01, 13.41it/s]
HPSAC test:  99%|█████████▉| 2646/2663 [03:03<00:01, 13.38it/s]
HPSAC test:  99%|█████████▉| 2648/2663 [03:03<00:01, 13.30it/s]
HPSAC test: 100%|█████████▉| 2650/2663 [03:03<00:00, 13.34it/s]
HPSAC test: 100%|█████████▉| 2652/2663 [03:03<00:00, 13.48it/s]
HPSAC test: 100%|█████████▉| 2654/2663 [03:04<00:00, 13.71it/s]
HPSAC test: 100%|█████████▉| 2656/2663 [03:04<00:00, 13.62it/s]
HPSAC test: 100%|█████████▉| 2658/2663 [03:04<00:00, 13.49it/s]
HPSAC test: 100%|█████████▉| 2660/2663 [03:04<00:00, 13.47it/s]
HPSAC test: 100%|█████████▉| 2662/2663 [03:04<00:00, 13.44it/s]
                                                               
HPSAC validation overall:
  MRR: 0.342565
  MR: 1112.089272
  hit@10: 0.418605
  hit@3: 0.364216
  hit@1: 0.298200
HPSAC validation Head/Tail Missing Text:
  MRR: 0.292066
  MR: 1472.255241
  hit@10: 0.360063
  hit@3: 0.312893
  hit@1: 0.252096
HPSAC validation Head Missing Text:
  MRR: 0.285513
  MR: 1592.495908
  hit@10: 0.349427
  hit@3: 0.308511
  hit@1: 0.245499
HPSAC validation Tail Missing Text:
  MRR: 0.273107
  MR: 1500.599848
  hit@10: 0.336128
  hit@3: 0.291921
  hit@1: 0.236280
HPSAC validation Head/Tail Both Have Text:
  MRR: 0.469678
  MR: 205.497361
  hit@10: 0.565963
  hit@3: 0.493404
  hit@1: 0.414248
HPSAC test overall:
  MRR: 0.367782
  MR: 1058.107773
  hit@10: 0.443297
  hit@3: 0.392790
  hit@1: 0.321254
HPSAC test Head/Tail Missing Text:
  MRR: 0.305686
  MR: 1426.797144
  hit@10: 0.367996
  hit@3: 0.325700
  hit@1: 0.267241
HPSAC test Head Missing Text:
  MRR: 0.305609
  MR: 1459.754783
  hit@10: 0.367826
  hit@3: 0.324348
  hit@1: 0.267826
HPSAC test Tail Missing Text:
  MRR: 0.277996
  MR: 1606.098704
  hit@10: 0.335747
  hit@3: 0.295351
  hit@1: 0.243140
HPSAC test Head/Tail Both Have Text:
  MRR: 0.510595
  MR: 210.167906
  hit@10: 0.616481
  hit@3: 0.547088
  hit@1: 0.445477
MT-Guard summary | lock_missing_text=False | valid_missing_text_equal_bv1=True | test_missing_text_equal_bv1=True | test_overall_mrr_delta=0.000000 | test_both_have_text_mrr_delta=0.000000 | non_fallback_both_have_text=0
RESULT_JSON: {"alpha_grid": [0.0], "calibration_mode": "fixed", "calibration_search_space": {"alpha_search_enabled": false, "fixed_default_parameters": true, "group_level_search_enabled": false, "lambda_search_enabled": false, "temperature_scaling_rank_invariant_for_positive_T": false, "temperature_search_enabled": false}, "candidate_order": "entity_id_ascending_0_to_ent_tot_minus_1", "checkpoint_a": "checkpoint/revision_mkgy_low_degree_text30_A_seed0.ckpt", "checkpoint_b": "checkpoint/revision_mkgy_low_degree_text30_AB_seed0.ckpt", "checkpoint_id_order_check": "state_dict entity/relation embedding shapes match dataset counts", "dataset": "MKG-Y", "disabled_training_side_modules": {"confidence_calibration": true, "diffheg": true, "gate_expert_router_imputer_training": true, "relation_aware_retrieval": true}, "effective_level1_group_configs": {"relation=0|side=head_prediction|text=both_have_text": {"accepted": false, "reason": "fixed_default_parameters", "resolved_group": "relation=0|side=head_prediction|text=both_have_text", "resolved_level": "level1", "selected_alpha": 0.0, "selected_lambda": 1.0, "selected_temperature": 1.0, "text_state": "both_have_text"}, "relation=0|side=head_prediction|text=missing_text": {"accepted": false, "reason": "fixed_default_parameters", "resolved_group": "relation=0|side=head_prediction|text=missing_text", "resolved_level": "level1", "selected_alpha": 0.0, "selected_lambda": 1.0, "selected_temperature": 1.0, "text_state": "missing_text"}, "relation=0|side=tail_prediction|text=both_have_text": {"accepted": false, "reason": "fixed_default_parameters", "resolved_group": "relation=0|side=tail_prediction|text=both_have_text", "resolved_level": "level1", "selected_alpha": 0.0, "selected_lambda": 1.0, "selected_temperature": 1.0, "text_state": "both_have_text"}, "relation=0|side=tail_prediction|text=missing_text": {"accepted": false, "reason": "fixed_default_parameters", "resolved_group": "relation=0|side=tail_prediction|text=missing_text", "resolved_level": "level1", "selected_alpha": 0.0, "selected_lambda": 1.0, "selected_temperature": 1.0, "text_state": "missing_text"}, "relation=10|side=head_prediction|text=both_have_text": {"accepted": false, "reason": "fixed_default_parameters", "resolved_group": "relation=10|side=head_prediction|text=both_have_text", "resolved_level": "level1", "selected_alpha": 0.0, "selected_lambda": 1.0, "selected_temperature": 1.0, "text_state": "both_have_text"}, "relation=10|side=head_prediction|text=missing_text": {"accepted": false, "reason": "fixed_default_parameters", "resolved_group": "relation=10|side=head_prediction|text=missing_text", "resolved_level": "level1", "selected_alpha": 0.0, "selected_lambda": 1.0, "selected_temperature": 1.0, "text_state": "missing_text"}, "relation=10|side=tail_prediction|text=both_have_text": {"accepted": false, "reason": "fixed_default_parameters", "resolved_group": "relation=10|side=tail_prediction|text=both_have_text", "resolved_level": "level1", "selected_alpha": 0.0, "selected_lambda": 1.0, "selected_temperature": 1.0, "text_state": "both_have_text"}, "relation=10|side=tail_prediction|text=missing_text": {"accepted": false, "reason": "fixed_default_parameters", "resolved_group": "relation=10|side=tail_prediction|text=missing_text", "resolved_level": "level1", "selected_alpha": 0.0, "selected_lambda": 1.0, "selected_temperature": 1.0, "text_state": "missing_text"}, "relation=11|side=head_prediction|text=both_have_text": {"accepted": false, "reason": "fixed_default_parameters", "resolved_group": "relation=11|side=head_prediction|text=both_have_text", "resolved_level": "level1", "selected_alpha": 0.0, "selected_lambda": 1.0, "selected_temperature": 1.0, "text_state": "both_have_text"}, "relation=11|side=head_prediction|text=missing_text": {"accepted": false, "reason": "fixed_default_parameters", "resolved_group": "relation=11|side=head_prediction|text=missing_text", "resolved_level": "level1", "selected_alpha": 0.0, "selected_lambda": 1.0, "selected_temperature": 1.0, "text_state": "missing_text"}, "relation=11|side=tail_prediction|text=both_have_text": {"accepted": false, "reason": "fixed_default_parameters", "resolved_group": "relation=11|side=tail_prediction|text=both_have_text", "resolved_level": "level1", "selected_alpha": 0.0, "selected_lambda": 1.0, "selected_temperature": 1.0, "text_state": "both_have_text"}, "relation=11|side=tail_prediction|text=missing_text": {"accepted": false, "reason": "fixed_default_parameters", "resolved_group": "relation=11|side=tail_prediction|text=missing_text", "resolved_level": "level1", "selected_alpha": 0.0, "selected_lambda": 1.0, "selected_temperature": 1.0, "text_state": "missing_text"}, "relation=12|side=head_prediction|text=both_have_text": {"accepted": false, "reason": "fixed_default_parameters", "resolved_group": "relation=12|side=head_prediction|text=both_have_text", "resolved_level": "level1", "selected_alpha": 0.0, "selected_lambda": 1.0, "selected_temperature": 1.0, "text_state": "both_have_text"}, "relation=12|side=head_prediction|text=missing_text": {"accepted": false, "reason": "fixed_default_parameters", "resolved_group": "relation=12|side=head_prediction|text=missing_text", "resolved_level": "level1", "selected_alpha": 0.0, "selected_lambda": 1.0, "selected_temperature": 1.0, "text_state": "missing_text"}, "relation=12|side=tail_prediction|text=both_have_text": {"accepted": false, "reason": "fixed_default_parameters", "resolved_group": "relation=12|side=tail_prediction|text=both_have_text", "resolved_level": "level1", "selected_alpha": 0.0, "selected_lambda": 1.0, "selected_temperature": 1.0, "text_state": "both_have_text"}, "relation=12|side=tail_prediction|text=missing_text": {"accepted": false, "reason": "fixed_default_parameters", "resolved_group": "relation=12|side=tail_prediction|text=missing_text", "resolved_level": "level1", "selected_alpha": 0.0, "selected_lambda": 1.0, "selected_temperature": 1.0, "text_state": "missing_text"}, "relation=13|side=head_prediction|text=both_have_text": {"accepted": false, "reason": "fixed_default_parameters", "resolved_group": "relation=13|side=head_prediction|text=both_have_text", "resolved_level": "level1", "selected_alpha": 0.0, "selected_lambda": 1.0, "selected_temperature": 1.0, "text_state": "both_have_text"}, "relation=13|side=head_prediction|text=missing_text": {"accepted": false, "reason": "fixed_default_parameters", "resolved_group": "relation=13|side=head_prediction|text=missing_text", "resolved_level": "level1", "selected_alpha": 0.0, "selected_lambda": 1.0, "selected_temperature": 1.0, "text_state": "missing_text"}, "relation=13|side=tail_prediction|text=both_have_text": {"accepted": false, "reason": "fixed_default_parameters", "resolved_group": "relation=13|side=tail_prediction|text=both_have_text", "resolved_level": "level1", "selected_alpha": 0.0, "selected_lambda": 1.0, "selected_temperature": 1.0, "text_state": "both_have_text"}, "relation=13|side=tail_prediction|text=missing_text": {"accepted": false, "reason": "fixed_default_parameters", "resolved_group": "relation=13|side=tail_prediction|text=missing_text", "resolved_level": "level1", "selected_alpha": 0.0, "selected_lambda": 1.0, "selected_temperature": 1.0, "text_state": "missing_text"}, "relation=14|side=head_prediction|text=missing_text": {"accepted": false, "reason": "fixed_default_parameters", "resolved_group": "relation=14|side=head_prediction|text=missing_text", "resolved_level": "level1", "selected_alpha": 0.0, "selected_lambda": 1.0, "selected_temperature": 1.0, "text_state": "missing_text"}, "relation=14|side=tail_prediction|text=missing_text": {"accepted": false, "reason": "fixed_default_parameters", "resolved_group": "relation=14|side=tail_prediction|text=missing_text", "resolved_level": "level1", "selected_alpha": 0.0, "selected_lambda": 1.0, "selected_temperature": 1.0, "text_state": "missing_text"}, "relation=15|side=head_prediction|text=missing_text": {"accepted": false, "reason": "fixed_default_parameters", "resolved_group": "relation=15|side=head_prediction|text=missing_text", "resolved_level": "level1", "selected_alpha": 0.0, "selected_lambda": 1.0, "selected_temperature": 1.0, "text_state": "missing_text"}, "relation=15|side=tail_prediction|text=missing_text": {"accepted": false, "reason": "fixed_default_parameters", "resolved_group": "relation=15|side=tail_prediction|text=missing_text", "resolved_level": "level1", "selected_alpha": 0.0, "selected_lambda": 1.0, "selected_temperature": 1.0, "text_state": "missing_text"}, "relation=16|side=head_prediction|text=missing_text": {"accepted": false, "reason": "fixed_default_parameters", "resolved_group": "relation=16|side=head_prediction|text=missing_text", "resolved_level": "level1", "selected_alpha": 0.0, "selected_lambda": 1.0, "selected_temperature": 1.0, "text_state": "missing_text"}, "relation=16|side=tail_prediction|text=missing_text": {"accepted": false, "reason": "fixed_default_parameters", "resolved_group": "relation=16|side=tail_prediction|text=missing_text", "resolved_level": "level1", "selected_alpha": 0.0, "selected_lambda": 1.0, "selected_temperature": 1.0, "text_state": "missing_text"}, "relation=17|side=head_prediction|text=both_have_text": {"accepted": false, "reason": "fixed_default_parameters", "resolved_group": "relation=17|side=head_prediction|text=both_have_text", "resolved_level": "level1", "selected_alpha": 0.0, "selected_lambda": 1.0, "selected_temperature": 1.0, "text_state": "both_have_text"}, "relation=17|side=head_prediction|text=missing_text": {"accepted": false, "reason": "fixed_default_parameters", "resolved_group": "relation=17|side=head_prediction|text=missing_text", "resolved_level": "level1", "selected_alpha": 0.0, "selected_lambda": 1.0, "selected_temperature": 1.0, "text_state": "missing_text"}, "relation=17|side=tail_prediction|text=both_have_text": {"accepted": false, "reason": "fixed_default_parameters", "resolved_group": "relation=17|side=tail_prediction|text=both_have_text", "resolved_level": "level1", "selected_alpha": 0.0, "selected_lambda": 1.0, "selected_temperature": 1.0, "text_state": "both_have_text"}, "relation=17|side=tail_prediction|text=missing_text": {"accepted": false, "reason": "fixed_default_parameters", "resolved_group": "relation=17|side=tail_prediction|text=missing_text", "resolved_level": "level1", "selected_alpha": 0.0, "selected_lambda": 1.0, "selected_temperature": 1.0, "text_state": "missing_text"}, "relation=18|side=head_prediction|text=missing_text": {"accepted": false, "reason": "fixed_default_parameters", "resolved_group": "relation=18|side=head_prediction|text=missing_text", "resolved_level": "level1", "selected_alpha": 0.0, "selected_lambda": 1.0, "selected_temperature": 1.0, "text_state": "missing_text"}, "relation=18|side=tail_prediction|text=missing_text": {"accepted": false, "reason": "fixed_default_parameters", "resolved_group": "relation=18|side=tail_prediction|text=missing_text", "resolved_level": "level1", "selected_alpha": 0.0, "selected_lambda": 1.0, "selected_temperature": 1.0, "text_state": "missing_text"}, "relation=19|side=head_prediction|text=both_have_text": {"accepted": false, "reason": "fixed_default_parameters", "resolved_group": "relation=19|side=head_prediction|text=both_have_text", "resolved_level": "level1", "selected_alpha": 0.0, "selected_lambda": 1.0, "selected_temperature": 1.0, "text_state": "both_have_text"}, "relation=19|side=tail_prediction|text=both_have_text": {"accepted": false, "reason": "fixed_default_parameters", "resolved_group": "relation=19|side=tail_prediction|text=both_have_text", "resolved_level": "level1", "selected_alpha": 0.0, "selected_lambda": 1.0, "selected_temperature": 1.0, "text_state": "both_have_text"}, "relation=1|side=head_prediction|text=both_have_text": {"accepted": false, "reason": "fixed_default_parameters", "resolved_group": "relation=1|side=head_prediction|text=both_have_text", "resolved_level": "level1", "selected_alpha": 0.0, "selected_lambda": 1.0, "selected_temperature": 1.0, "text_state": "both_have_text"}, "relation=1|side=head_prediction|text=missing_text": {"accepted": false, "reason": "fixed_default_parameters", "resolved_group": "relation=1|side=head_prediction|text=missing_text", "resolved_level": "level1", "selected_alpha": 0.0, "selected_lambda": 1.0, "selected_temperature": 1.0, "text_state": "missing_text"}, "relation=1|side=tail_prediction|text=both_have_text": {"accepted": false, "reason": "fixed_default_parameters", "resolved_group": "relation=1|side=tail_prediction|text=both_have_text", "resolved_level": "level1", "selected_alpha": 0.0, "selected_lambda": 1.0, "selected_temperature": 1.0, "text_state": "both_have_text"}, "relation=1|side=tail_prediction|text=missing_text": {"accepted": false, "reason": "fixed_default_parameters", "resolved_group": "relation=1|side=tail_prediction|text=missing_text", "resolved_level": "level1", "selected_alpha": 0.0, "selected_lambda": 1.0, "selected_temperature": 1.0, "text_state": "missing_text"}, "relation=20|side=head_prediction|text=both_have_text": {"accepted": false, "reason": "fixed_default_parameters", "resolved_group": "relation=20|side=head_prediction|text=both_have_text", "resolved_level": "level1", "selected_alpha": 0.0, "selected_lambda": 1.0, "selected_temperature": 1.0, "text_state": "both_have_text"}, "relation=20|side=tail_prediction|text=both_have_text": {"accepted": false, "reason": "fixed_default_parameters", "resolved_group": "relation=20|side=tail_prediction|text=both_have_text", "resolved_level": "level1", "selected_alpha": 0.0, "selected_lambda": 1.0, "selected_temperature": 1.0, "text_state": "both_have_text"}, "relation=21|side=head_prediction|text=missing_text": {"accepted": false, "reason": "fixed_default_parameters", "resolved_group": "relation=21|side=head_prediction|text=missing_text", "resolved_level": "level1", "selected_alpha": 0.0, "selected_lambda": 1.0, "selected_temperature": 1.0, "text_state": "missing_text"}, "relation=21|side=tail_prediction|text=missing_text": {"accepted": false, "reason": "fixed_default_parameters", "resolved_group": "relation=21|side=tail_prediction|text=missing_text", "resolved_level": "level1", "selected_alpha": 0.0, "selected_lambda": 1.0, "selected_temperature": 1.0, "text_state": "missing_text"}, "relation=22|side=head_prediction|text=both_have_text": {"accepted": false, "reason": "fixed_default_parameters", "resolved_group": "relation=22|side=head_prediction|text=both_have_text", "resolved_level": "level1", "selected_alpha": 0.0, "selected_lambda": 1.0, "selected_temperature": 1.0, "text_state": "both_have_text"}, "relation=22|side=tail_prediction|text=both_have_text": {"accepted": false, "reason": "fixed_default_parameters", "resolved_group": "relation=22|side=tail_prediction|text=both_have_text", "resolved_level": "level1", "selected_alpha": 0.0, "selected_lambda": 1.0, "selected_temperature": 1.0, "text_state": "both_have_text"}, "relation=23|side=head_prediction|text=missing_text": {"accepted": false, "reason": "fixed_default_parameters", "resolved_group": "relation=23|side=head_prediction|text=missing_text", "resolved_level": "level1", "selected_alpha": 0.0, "selected_lambda": 1.0, "selected_temperature": 1.0, "text_state": "missing_text"}, "relation=23|side=tail_prediction|text=missing_text": {"accepted": false, "reason": "fixed_default_parameters", "resolved_group": "relation=23|side=tail_prediction|text=missing_text", "resolved_level": "level1", "selected_alpha": 0.0, "selected_lambda": 1.0, "selected_temperature": 1.0, "text_state": "missing_text"}, "relation=26|side=head_prediction|text=both_have_text": {"accepted": false, "reason": "fixed_default_parameters", "resolved_group": "relation=26|side=head_prediction|text=both_have_text", "resolved_level": "level1", "selected_alpha": 0.0, "selected_lambda": 1.0, "selected_temperature": 1.0, "text_state": "both_have_text"}, "relation=26|side=tail_prediction|text=both_have_text": {"accepted": false, "reason": "fixed_default_parameters", "resolved_group": "relation=26|side=tail_prediction|text=both_have_text", "resolved_level": "level1", "selected_alpha": 0.0, "selected_lambda": 1.0, "selected_temperature": 1.0, "text_state": "both_have_text"}, "relation=2|side=head_prediction|text=both_have_text": {"accepted": false, "reason": "fixed_default_parameters", "resolved_group": "relation=2|side=head_prediction|text=both_have_text", "resolved_level": "level1", "selected_alpha": 0.0, "selected_lambda": 1.0, "selected_temperature": 1.0, "text_state": "both_have_text"}, "relation=2|side=head_prediction|text=missing_text": {"accepted": false, "reason": "fixed_default_parameters", "resolved_group": "relation=2|side=head_prediction|text=missing_text", "resolved_level": "level1", "selected_alpha": 0.0, "selected_lambda": 1.0, "selected_temperature": 1.0, "text_state": "missing_text"}, "relation=2|side=tail_prediction|text=both_have_text": {"accepted": false, "reason": "fixed_default_parameters", "resolved_group": "relation=2|side=tail_prediction|text=both_have_text", "resolved_level": "level1", "selected_alpha": 0.0, "selected_lambda": 1.0, "selected_temperature": 1.0, "text_state": "both_have_text"}, "relation=2|side=tail_prediction|text=missing_text": {"accepted": false, "reason": "fixed_default_parameters", "resolved_group": "relation=2|side=tail_prediction|text=missing_text", "resolved_level": "level1", "selected_alpha": 0.0, "selected_lambda": 1.0, "selected_temperature": 1.0, "text_state": "missing_text"}, "relation=3|side=head_prediction|text=both_have_text": {"accepted": false, "reason": "fixed_default_parameters", "resolved_group": "relation=3|side=head_prediction|text=both_have_text", "resolved_level": "level1", "selected_alpha": 0.0, "selected_lambda": 1.0, "selected_temperature": 1.0, "text_state": "both_have_text"}, "relation=3|side=head_prediction|text=missing_text": {"accepted": false, "reason": "fixed_default_parameters", "resolved_group": "relation=3|side=head_prediction|text=missing_text", "resolved_level": "level1", "selected_alpha": 0.0, "selected_lambda": 1.0, "selected_temperature": 1.0, "text_state": "missing_text"}, "relation=3|side=tail_prediction|text=both_have_text": {"accepted": false, "reason": "fixed_default_parameters", "resolved_group": "relation=3|side=tail_prediction|text=both_have_text", "resolved_level": "level1", "selected_alpha": 0.0, "selected_lambda": 1.0, "selected_temperature": 1.0, "text_state": "both_have_text"}, "relation=3|side=tail_prediction|text=missing_text": {"accepted": false, "reason": "fixed_default_parameters", "resolved_group": "relation=3|side=tail_prediction|text=missing_text", "resolved_level": "level1", "selected_alpha": 0.0, "selected_lambda": 1.0, "selected_temperature": 1.0, "text_state": "missing_text"}, "relation=4|side=head_prediction|text=both_have_text": {"accepted": false, "reason": "fixed_default_parameters", "resolved_group": "relation=4|side=head_prediction|text=both_have_text", "resolved_level": "level1", "selected_alpha": 0.0, "selected_lambda": 1.0, "selected_temperature": 1.0, "text_state": "both_have_text"}, "relation=4|side=head_prediction|text=missing_text": {"accepted": false, "reason": "fixed_default_parameters", "resolved_group": "relation=4|side=head_prediction|text=missing_text", "resolved_level": "level1", "selected_alpha": 0.0, "selected_lambda": 1.0, "selected_temperature": 1.0, "text_state": "missing_text"}, "relation=4|side=tail_prediction|text=both_have_text": {"accepted": false, "reason": "fixed_default_parameters", "resolved_group": "relation=4|side=tail_prediction|text=both_have_text", "resolved_level": "level1", "selected_alpha": 0.0, "selected_lambda": 1.0, "selected_temperature": 1.0, "text_state": "both_have_text"}, "relation=4|side=tail_prediction|text=missing_text": {"accepted": false, "reason": "fixed_default_parameters", "resolved_group": "relation=4|side=tail_prediction|text=missing_text", "resolved_level": "level1", "selected_alpha": 0.0, "selected_lambda": 1.0, "selected_temperature": 1.0, "text_state": "missing_text"}, "relation=5|side=head_prediction|text=both_have_text": {"accepted": false, "reason": "fixed_default_parameters", "resolved_group": "relation=5|side=head_prediction|text=both_have_text", "resolved_level": "level1", "selected_alpha": 0.0, "selected_lambda": 1.0, "selected_temperature": 1.0, "text_state": "both_have_text"}, "relation=5|side=head_prediction|text=missing_text": {"accepted": false, "reason": "fixed_default_parameters", "resolved_group": "relation=5|side=head_prediction|text=missing_text", "resolved_level": "level1", "selected_alpha": 0.0, "selected_lambda": 1.0, "selected_temperature": 1.0, "text_state": "missing_text"}, "relation=5|side=tail_prediction|text=both_have_text": {"accepted": false, "reason": "fixed_default_parameters", "resolved_group": "relation=5|side=tail_prediction|text=both_have_text", "resolved_level": "level1", "selected_alpha": 0.0, "selected_lambda": 1.0, "selected_temperature": 1.0, "text_state": "both_have_text"}, "relation=5|side=tail_prediction|text=missing_text": {"accepted": false, "reason": "fixed_default_parameters", "resolved_group": "relation=5|side=tail_prediction|text=missing_text", "resolved_level": "level1", "selected_alpha": 0.0, "selected_lambda": 1.0, "selected_temperature": 1.0, "text_state": "missing_text"}, "relation=6|side=head_prediction|text=both_have_text": {"accepted": false, "reason": "fixed_default_parameters", "resolved_group": "relation=6|side=head_prediction|text=both_have_text", "resolved_level": "level1", "selected_alpha": 0.0, "selected_lambda": 1.0, "selected_temperature": 1.0, "text_state": "both_have_text"}, "relation=6|side=head_prediction|text=missing_text": {"accepted": false, "reason": "fixed_default_parameters", "resolved_group": "relation=6|side=head_prediction|text=missing_text", "resolved_level": "level1", "selected_alpha": 0.0, "selected_lambda": 1.0, "selected_temperature": 1.0, "text_state": "missing_text"}, "relation=6|side=tail_prediction|text=both_have_text": {"accepted": false, "reason": "fixed_default_parameters", "resolved_group": "relation=6|side=tail_prediction|text=both_have_text", "resolved_level": "level1", "selected_alpha": 0.0, "selected_lambda": 1.0, "selected_temperature": 1.0, "text_state": "both_have_text"}, "relation=6|side=tail_prediction|text=missing_text": {"accepted": false, "reason": "fixed_default_parameters", "resolved_group": "relation=6|side=tail_prediction|text=missing_text", "resolved_level": "level1", "selected_alpha": 0.0, "selected_lambda": 1.0, "selected_temperature": 1.0, "text_state": "missing_text"}, "relation=7|side=head_prediction|text=both_have_text": {"accepted": false, "reason": "fixed_default_parameters", "resolved_group": "relation=7|side=head_prediction|text=both_have_text", "resolved_level": "level1", "selected_alpha": 0.0, "selected_lambda": 1.0, "selected_temperature": 1.0, "text_state": "both_have_text"}, "relation=7|side=head_prediction|text=missing_text": {"accepted": false, "reason": "fixed_default_parameters", "resolved_group": "relation=7|side=head_prediction|text=missing_text", "resolved_level": "level1", "selected_alpha": 0.0, "selected_lambda": 1.0, "selected_temperature": 1.0, "text_state": "missing_text"}, "relation=7|side=tail_prediction|text=both_have_text": {"accepted": false, "reason": "fixed_default_parameters", "resolved_group": "relation=7|side=tail_prediction|text=both_have_text", "resolved_level": "level1", "selected_alpha": 0.0, "selected_lambda": 1.0, "selected_temperature": 1.0, "text_state": "both_have_text"}, "relation=7|side=tail_prediction|text=missing_text": {"accepted": false, "reason": "fixed_default_parameters", "resolved_group": "relation=7|side=tail_prediction|text=missing_text", "resolved_level": "level1", "selected_alpha": 0.0, "selected_lambda": 1.0, "selected_temperature": 1.0, "text_state": "missing_text"}, "relation=8|side=head_prediction|text=both_have_text": {"accepted": false, "reason": "fixed_default_parameters", "resolved_group": "relation=8|side=head_prediction|text=both_have_text", "resolved_level": "level1", "selected_alpha": 0.0, "selected_lambda": 1.0, "selected_temperature": 1.0, "text_state": "both_have_text"}, "relation=8|side=head_prediction|text=missing_text": {"accepted": false, "reason": "fixed_default_parameters", "resolved_group": "relation=8|side=head_prediction|text=missing_text", "resolved_level": "level1", "selected_alpha": 0.0, "selected_lambda": 1.0, "selected_temperature": 1.0, "text_state": "missing_text"}, "relation=8|side=tail_prediction|text=both_have_text": {"accepted": false, "reason": "fixed_default_parameters", "resolved_group": "relation=8|side=tail_prediction|text=both_have_text", "resolved_level": "level1", "selected_alpha": 0.0, "selected_lambda": 1.0, "selected_temperature": 1.0, "text_state": "both_have_text"}, "relation=8|side=tail_prediction|text=missing_text": {"accepted": false, "reason": "fixed_default_parameters", "resolved_group": "relation=8|side=tail_prediction|text=missing_text", "resolved_level": "level1", "selected_alpha": 0.0, "selected_lambda": 1.0, "selected_temperature": 1.0, "text_state": "missing_text"}, "relation=9|side=head_prediction|text=both_have_text": {"accepted": false, "reason": "fixed_default_parameters", "resolved_group": "relation=9|side=head_prediction|text=both_have_text", "resolved_level": "level1", "selected_alpha": 0.0, "selected_lambda": 1.0, "selected_temperature": 1.0, "text_state": "both_have_text"}, "relation=9|side=head_prediction|text=missing_text": {"accepted": false, "reason": "fixed_default_parameters", "resolved_group": "relation=9|side=head_prediction|text=missing_text", "resolved_level": "level1", "selected_alpha": 0.0, "selected_lambda": 1.0, "selected_temperature": 1.0, "text_state": "missing_text"}, "relation=9|side=tail_prediction|text=both_have_text": {"accepted": false, "reason": "fixed_default_parameters", "resolved_group": "relation=9|side=tail_prediction|text=both_have_text", "resolved_level": "level1", "selected_alpha": 0.0, "selected_lambda": 1.0, "selected_temperature": 1.0, "text_state": "both_have_text"}, "relation=9|side=tail_prediction|text=missing_text": {"accepted": false, "reason": "fixed_default_parameters", "resolved_group": "relation=9|side=tail_prediction|text=missing_text", "resolved_level": "level1", "selected_alpha": 0.0, "selected_lambda": 1.0, "selected_temperature": 1.0, "text_state": "missing_text"}}, "entity_count": 15000, "fallback_alpha": 0.0, "fallback_lambda": 1.0, "fallback_temperature": 1.0, "global_selected_config": null, "group_records": {"level1": {"relation=0|side=head_prediction|text=both_have_text": {"accepted": false, "fallback_alpha": 0.0, "fallback_lambda": 1.0, "fallback_valid_metrics": {"hit1": 0.0, "hit10": 0.3333333333333333, "hit3": 0.3333333333333333, "mr": 1330.6666666666667, "mrr": 0.1439360066362426, "query_count": 6}, "group": "relation=0|side=head_prediction|text=both_have_text", "group_search_enabled": false, "level": "level1", "query_count": 6, "reason": "fixed_default_parameters", "selected_alpha": 0.0, "selected_lambda": 1.0, "selected_valid_metrics": {"hit1": 0.0, "hit10": 0.3333333333333333, "hit3": 0.3333333333333333, "mr": 1330.6666666666667, "mrr": 0.1439360066362426, "query_count": 6}, "text_state": "both_have_text", "valid_mrr_delta_vs_bv1": 0.0}, "relation=0|side=head_prediction|text=missing_text": {"accepted": false, "fallback_alpha": 0.0, "fallback_lambda": 1.0, "fallback_valid_metrics": {"hit1": 0.045454545454545456, "hit10": 0.09090909090909091, "hit3": 0.09090909090909091, "mr": 5020.954545454545, "mrr": 0.06489962245126885, "query_count": 22}, "group": "relation=0|side=head_prediction|text=missing_text", "group_search_enabled": false, "level": "level1", "query_count": 22, "reason": "fixed_default_parameters", "selected_alpha": 0.0, "selected_lambda": 1.0, "selected_valid_metrics": {"hit1": 0.045454545454545456, "hit10": 0.09090909090909091, "hit3": 0.09090909090909091, "mr": 5020.954545454545, "mrr": 0.06489962245126885, "query_count": 22}, "text_state": "missing_text", "valid_mrr_delta_vs_bv1": 0.0}, "relation=0|side=tail_prediction|text=both_have_text": {"accepted": false, "fallback_alpha": 0.0, "fallback_lambda": 1.0, "fallback_valid_metrics": {"hit1": 0.16666666666666666, "hit10": 0.5, "hit3": 0.5, "mr": 158.66666666666666, "mrr": 0.32269621368620255, "query_count": 6}, "group": "relation=0|side=tail_prediction|text=both_have_text", "group_search_enabled": false, "level": "level1", "query_count": 6, "reason": "fixed_default_parameters", "selected_alpha": 0.0, "selected_lambda": 1.0, "selected_valid_metrics": {"hit1": 0.16666666666666666, "hit10": 0.5, "hit3": 0.5, "mr": 158.66666666666666, "mrr": 0.32269621368620255, "query_count": 6}, "text_state": "both_have_text", "valid_mrr_delta_vs_bv1": 0.0}, "relation=0|side=tail_prediction|text=missing_text": {"accepted": false, "fallback_alpha": 0.0, "fallback_lambda": 1.0, "fallback_valid_metrics": {"hit1": 0.045454545454545456, "hit10": 0.13636363636363635, "hit3": 0.13636363636363635, "mr": 861.0909090909091, "mrr": 0.09020032643553057, "query_count": 22}, "group": "relation=0|side=tail_prediction|text=missing_text", "group_search_enabled": false, "level": "level1", "query_count": 22, "reason": "fixed_default_parameters", "selected_alpha": 0.0, "selected_lambda": 1.0, "selected_valid_metrics": {"hit1": 0.045454545454545456, "hit10": 0.13636363636363635, "hit3": 0.13636363636363635, "mr": 861.0909090909091, "mrr": 0.09020032643553057, "query_count": 22}, "text_state": "missing_text", "valid_mrr_delta_vs_bv1": 0.0}, "relation=10|side=head_prediction|text=both_have_text": {"accepted": false, "fallback_alpha": 0.0, "fallback_lambda": 1.0, "fallback_valid_metrics": {"hit1": 0.0, "hit10": 0.08333333333333333, "hit3": 0.0, "mr": 868.3333333333334, "mrr": 0.03130358858281562, "query_count": 12}, "group": "relation=10|side=head_prediction|text=both_have_text", "group_search_enabled": false, "level": "level1", "query_count": 12, "reason": "fixed_default_parameters", "selected_alpha": 0.0, "selected_lambda": 1.0, "selected_valid_metrics": {"hit1": 0.0, "hit10": 0.08333333333333333, "hit3": 0.0, "mr": 868.3333333333334, "mrr": 0.03130358858281562, "query_count": 12}, "text_state": "both_have_text", "valid_mrr_delta_vs_bv1": 0.0}, "relation=10|side=head_prediction|text=missing_text": {"accepted": false, "fallback_alpha": 0.0, "fallback_lambda": 1.0, "fallback_valid_metrics": {"hit1": 0.4444444444444444, "hit10": 0.4444444444444444, "hit3": 0.4444444444444444, "mr": 1919.5555555555557, "mrr": 0.46256303821789646, "query_count": 9}, "group": "relation=10|side=head_prediction|text=missing_text", "group_search_enabled": false, "level": "level1", "query_count": 9, "reason": "fixed_default_parameters", "selected_alpha": 0.0, "selected_lambda": 1.0, "selected_valid_metrics": {"hit1": 0.4444444444444444, "hit10": 0.4444444444444444, "hit3": 0.4444444444444444, "mr": 1919.5555555555557, "mrr": 0.46256303821789646, "query_count": 9}, "text_state": "missing_text", "valid_mrr_delta_vs_bv1": 0.0}, "relation=10|side=tail_prediction|text=both_have_text": {"accepted": false, "fallback_alpha": 0.0, "fallback_lambda": 1.0, "fallback_valid_metrics": {"hit1": 0.4166666666666667, "hit10": 0.8333333333333334, "hit3": 0.6666666666666666, "mr": 7.166666666666667, "mrr": 0.5506944444444445, "query_count": 12}, "group": "relation=10|side=tail_prediction|text=both_have_text", "group_search_enabled": false, "level": "level1", "query_count": 12, "reason": "fixed_default_parameters", "selected_alpha": 0.0, "selected_lambda": 1.0, "selected_valid_metrics": {"hit1": 0.4166666666666667, "hit10": 0.8333333333333334, "hit3": 0.6666666666666666, "mr": 7.166666666666667, "mrr": 0.5506944444444445, "query_count": 12}, "text_state": "both_have_text", "valid_mrr_delta_vs_bv1": 0.0}, "relation=10|side=tail_prediction|text=missing_text": {"accepted": false, "fallback_alpha": 0.0, "fallback_lambda": 1.0, "fallback_valid_metrics": {"hit1": 0.5555555555555556, "hit10": 0.6666666666666666, "hit3": 0.6666666666666666, "mr": 73.66666666666667, "mrr": 0.6255071389914971, "query_count": 9}, "group": "relation=10|side=tail_prediction|text=missing_text", "group_search_enabled": false, "level": "level1", "query_count": 9, "reason": "fixed_default_parameters", "selected_alpha": 0.0, "selected_lambda": 1.0, "selected_valid_metrics": {"hit1": 0.5555555555555556, "hit10": 0.6666666666666666, "hit3": 0.6666666666666666, "mr": 73.66666666666667, "mrr": 0.6255071389914971, "query_count": 9}, "text_state": "missing_text", "valid_mrr_delta_vs_bv1": 0.0}, "relation=11|side=head_prediction|text=both_have_text": {"accepted": false, "fallback_alpha": 0.0, "fallback_lambda": 1.0, "fallback_valid_metrics": {"hit1": 0.0, "hit10": 0.0, "hit3": 0.0, "mr": 1183.0, "mrr": 0.0008453085376162299, "query_count": 1}, "group": "relation=11|side=head_prediction|text=both_have_text", "group_search_enabled": false, "level": "level1", "query_count": 1, "reason": "fixed_default_parameters", "selected_alpha": 0.0, "selected_lambda": 1.0, "selected_valid_metrics": {"hit1": 0.0, "hit10": 0.0, "hit3": 0.0, "mr": 1183.0, "mrr": 0.0008453085376162299, "query_count": 1}, "text_state": "both_have_text", "valid_mrr_delta_vs_bv1": 0.0}, "relation=11|side=head_prediction|text=missing_text": {"accepted": false, "fallback_alpha": 0.0, "fallback_lambda": 1.0, "fallback_valid_metrics": {"hit1": 0.0, "hit10": 0.0, "hit3": 0.0, "mr": 264.0, "mrr": 0.006677293309175413, "query_count": 3}, "group": "relation=11|side=head_prediction|text=missing_text", "group_search_enabled": false, "level": "level1", "query_count": 3, "reason": "fixed_default_parameters", "selected_alpha": 0.0, "selected_lambda": 1.0, "selected_valid_metrics": {"hit1": 0.0, "hit10": 0.0, "hit3": 0.0, "mr": 264.0, "mrr": 0.006677293309175413, "query_count": 3}, "text_state": "missing_text", "valid_mrr_delta_vs_bv1": 0.0}, "relation=11|side=tail_prediction|text=both_have_text": {"accepted": false, "fallback_alpha": 0.0, "fallback_lambda": 1.0, "fallback_valid_metrics": {"hit1": 0.0, "hit10": 0.0, "hit3": 0.0, "mr": 196.0, "mrr": 0.00510204081632653, "query_count": 1}, "group": "relation=11|side=tail_prediction|text=both_have_text", "group_search_enabled": false, "level": "level1", "query_count": 1, "reason": "fixed_default_parameters", "selected_alpha": 0.0, "selected_lambda": 1.0, "selected_valid_metrics": {"hit1": 0.0, "hit10": 0.0, "hit3": 0.0, "mr": 196.0, "mrr": 0.00510204081632653, "query_count": 1}, "text_state": "both_have_text", "valid_mrr_delta_vs_bv1": 0.0}, "relation=11|side=tail_prediction|text=missing_text": {"accepted": false, "fallback_alpha": 0.0, "fallback_lambda": 1.0, "fallback_valid_metrics": {"hit1": 0.0, "hit10": 0.0, "hit3": 0.0, "mr": 593.3333333333334, "mrr": 0.002983450529299242, "query_count": 3}, "group": "relation=11|side=tail_prediction|text=missing_text", "group_search_enabled": false, "level": "level1", "query_count": 3, "reason": "fixed_default_parameters", "selected_alpha": 0.0, "selected_lambda": 1.0, "selected_valid_metrics": {"hit1": 0.0, "hit10": 0.0, "hit3": 0.0, "mr": 593.3333333333334, "mrr": 0.002983450529299242, "query_count": 3}, "text_state": "missing_text", "valid_mrr_delta_vs_bv1": 0.0}, "relation=12|side=head_prediction|text=both_have_text": {"accepted": false, "fallback_alpha": 0.0, "fallback_lambda": 1.0, "fallback_valid_metrics": {"hit1": 0.14285714285714285, "hit10": 0.35714285714285715, "hit3": 0.21428571428571427, "mr": 39.214285714285715, "mrr": 0.22346388143562984, "query_count": 14}, "group": "relation=12|side=head_prediction|text=both_have_text", "group_search_enabled": false, "level": "level1", "query_count": 14, "reason": "fixed_default_parameters", "selected_alpha": 0.0, "selected_lambda": 1.0, "selected_valid_metrics": {"hit1": 0.14285714285714285, "hit10": 0.35714285714285715, "hit3": 0.21428571428571427, "mr": 39.214285714285715, "mrr": 0.22346388143562984, "query_count": 14}, "text_state": "both_have_text", "valid_mrr_delta_vs_bv1": 0.0}, "relation=12|side=head_prediction|text=missing_text": {"accepted": false, "fallback_alpha": 0.0, "fallback_lambda": 1.0, "fallback_valid_metrics": {"hit1": 0.25925925925925924, "hit10": 0.4074074074074074, "hit3": 0.2962962962962963, "mr": 209.22222222222223, "mrr": 0.3028548925764448, "query_count": 27}, "group": "relation=12|side=head_prediction|text=missing_text", "group_search_enabled": false, "level": "level1", "query_count": 27, "reason": "fixed_default_parameters", "selected_alpha": 0.0, "selected_lambda": 1.0, "selected_valid_metrics": {"hit1": 0.25925925925925924, "hit10": 0.4074074074074074, "hit3": 0.2962962962962963, "mr": 209.22222222222223, "mrr": 0.3028548925764448, "query_count": 27}, "text_state": "missing_text", "valid_mrr_delta_vs_bv1": 0.0}, "relation=12|side=tail_prediction|text=both_have_text": {"accepted": false, "fallback_alpha": 0.0, "fallback_lambda": 1.0, "fallback_valid_metrics": {"hit1": 0.14285714285714285, "hit10": 0.14285714285714285, "hit3": 0.14285714285714285, "mr": 504.2857142857143, "mrr": 0.14893241696200818, "query_count": 14}, "group": "relation=12|side=tail_prediction|text=both_have_text", "group_search_enabled": false, "level": "level1", "query_count": 14, "reason": "fixed_default_parameters", "selected_alpha": 0.0, "selected_lambda": 1.0, "selected_valid_metrics": {"hit1": 0.14285714285714285, "hit10": 0.14285714285714285, "hit3": 0.14285714285714285, "mr": 504.2857142857143, "mrr": 0.14893241696200818, "query_count": 14}, "text_state": "both_have_text", "valid_mrr_delta_vs_bv1": 0.0}, "relation=12|side=tail_prediction|text=missing_text": {"accepted": false, "fallback_alpha": 0.0, "fallback_lambda": 1.0, "fallback_valid_metrics": {"hit1": 0.2222222222222222, "hit10": 0.2962962962962963, "hit3": 0.25925925925925924, "mr": 893.5185185185185, "mrr": 0.24861221474400882, "query_count": 27}, "group": "relation=12|side=tail_prediction|text=missing_text", "group_search_enabled": false, "level": "level1", "query_count": 27, "reason": "fixed_default_parameters", "selected_alpha": 0.0, "selected_lambda": 1.0, "selected_valid_metrics": {"hit1": 0.2222222222222222, "hit10": 0.2962962962962963, "hit3": 0.25925925925925924, "mr": 893.5185185185185, "mrr": 0.24861221474400882, "query_count": 27}, "text_state": "missing_text", "valid_mrr_delta_vs_bv1": 0.0}, "relation=13|side=head_prediction|text=both_have_text": {"accepted": false, "fallback_alpha": 0.0, "fallback_lambda": 1.0, "fallback_valid_metrics": {"hit1": 1.0, "hit10": 1.0, "hit3": 1.0, "mr": 1.0, "mrr": 1.0, "query_count": 1}, "group": "relation=13|side=head_prediction|text=both_have_text", "group_search_enabled": false, "level": "level1", "query_count": 1, "reason": "fixed_default_parameters", "selected_alpha": 0.0, "selected_lambda": 1.0, "selected_valid_metrics": {"hit1": 1.0, "hit10": 1.0, "hit3": 1.0, "mr": 1.0, "mrr": 1.0, "query_count": 1}, "text_state": "both_have_text", "valid_mrr_delta_vs_bv1": 0.0}, "relation=13|side=head_prediction|text=missing_text": {"accepted": false, "fallback_alpha": 0.0, "fallback_lambda": 1.0, "fallback_valid_metrics": {"hit1": 0.3333333333333333, "hit10": 0.3333333333333333, "hit3": 0.3333333333333333, "mr": 1258.0, "mrr": 0.333996634445668, "query_count": 3}, "group": "relation=13|side=head_prediction|text=missing_text", "group_search_enabled": false, "level": "level1", "query_count": 3, "reason": "fixed_default_parameters", "selected_alpha": 0.0, "selected_lambda": 1.0, "selected_valid_metrics": {"hit1": 0.3333333333333333, "hit10": 0.3333333333333333, "hit3": 0.3333333333333333, "mr": 1258.0, "mrr": 0.333996634445668, "query_count": 3}, "text_state": "missing_text", "valid_mrr_delta_vs_bv1": 0.0}, "relation=13|side=tail_prediction|text=both_have_text": {"accepted": false, "fallback_alpha": 0.0, "fallback_lambda": 1.0, "fallback_valid_metrics": {"hit1": 1.0, "hit10": 1.0, "hit3": 1.0, "mr": 1.0, "mrr": 1.0, "query_count": 1}, "group": "relation=13|side=tail_prediction|text=both_have_text", "group_search_enabled": false, "level": "level1", "query_count": 1, "reason": "fixed_default_parameters", "selected_alpha": 0.0, "selected_lambda": 1.0, "selected_valid_metrics": {"hit1": 1.0, "hit10": 1.0, "hit3": 1.0, "mr": 1.0, "mrr": 1.0, "query_count": 1}, "text_state": "both_have_text", "valid_mrr_delta_vs_bv1": 0.0}, "relation=13|side=tail_prediction|text=missing_text": {"accepted": false, "fallback_alpha": 0.0, "fallback_lambda": 1.0, "fallback_valid_metrics": {"hit1": 0.3333333333333333, "hit10": 0.3333333333333333, "hit3": 0.3333333333333333, "mr": 231.33333333333334, "mrr": 0.33915343915343915, "query_count": 3}, "group": "relation=13|side=tail_prediction|text=missing_text", "group_search_enabled": false, "level": "level1", "query_count": 3, "reason": "fixed_default_parameters", "selected_alpha": 0.0, "selected_lambda": 1.0, "selected_valid_metrics": {"hit1": 0.3333333333333333, "hit10": 0.3333333333333333, "hit3": 0.3333333333333333, "mr": 231.33333333333334, "mrr": 0.33915343915343915, "query_count": 3}, "text_state": "missing_text", "valid_mrr_delta_vs_bv1": 0.0}, "relation=14|side=head_prediction|text=missing_text": {"accepted": false, "fallback_alpha": 0.0, "fallback_lambda": 1.0, "fallback_valid_metrics": {"hit1": 0.0, "hit10": 0.0, "hit3": 0.0, "mr": 770.0, "mrr": 0.0012987012987012987, "query_count": 1}, "group": "relation=14|side=head_prediction|text=missing_text", "group_search_enabled": false, "level": "level1", "query_count": 1, "reason": "fixed_default_parameters", "selected_alpha": 0.0, "selected_lambda": 1.0, "selected_valid_metrics": {"hit1": 0.0, "hit10": 0.0, "hit3": 0.0, "mr": 770.0, "mrr": 0.0012987012987012987, "query_count": 1}, "text_state": "missing_text", "valid_mrr_delta_vs_bv1": 0.0}, "relation=14|side=tail_prediction|text=missing_text": {"accepted": false, "fallback_alpha": 0.0, "fallback_lambda": 1.0, "fallback_valid_metrics": {"hit1": 0.0, "hit10": 0.0, "hit3": 0.0, "mr": 10875.0, "mrr": 9.195402298850575e-05, "query_count": 1}, "group": "relation=14|side=tail_prediction|text=missing_text", "group_search_enabled": false, "level": "level1", "query_count": 1, "reason": "fixed_default_parameters", "selected_alpha": 0.0, "selected_lambda": 1.0, "selected_valid_metrics": {"hit1": 0.0, "hit10": 0.0, "hit3": 0.0, "mr": 10875.0, "mrr": 9.195402298850575e-05, "query_count": 1}, "text_state": "missing_text", "valid_mrr_delta_vs_bv1": 0.0}, "relation=15|side=head_prediction|text=missing_text": {"accepted": false, "fallback_alpha": 0.0, "fallback_lambda": 1.0, "fallback_valid_metrics": {"hit1": 0.2, "hit10": 0.4, "hit3": 0.2, "mr": 2446.6, "mrr": 0.24035110892652659, "query_count": 5}, "group": "relation=15|side=head_prediction|text=missing_text", "group_search_enabled": false, "level": "level1", "query_count": 5, "reason": "fixed_default_parameters", "selected_alpha": 0.0, "selected_lambda": 1.0, "selected_valid_metrics": {"hit1": 0.2, "hit10": 0.4, "hit3": 0.2, "mr": 2446.6, "mrr": 0.24035110892652659, "query_count": 5}, "text_state": "missing_text", "valid_mrr_delta_vs_bv1": 0.0}, "relation=15|side=tail_prediction|text=missing_text": {"accepted": false, "fallback_alpha": 0.0, "fallback_lambda": 1.0, "fallback_valid_metrics": {"hit1": 0.4, "hit10": 0.4, "hit3": 0.4, "mr": 574.0, "mrr": 0.4009845919404203, "query_count": 5}, "group": "relation=15|side=tail_prediction|text=missing_text", "group_search_enabled": false, "level": "level1", "query_count": 5, "reason": "fixed_default_parameters", "selected_alpha": 0.0, "selected_lambda": 1.0, "selected_valid_metrics": {"hit1": 0.4, "hit10": 0.4, "hit3": 0.4, "mr": 574.0, "mrr": 0.4009845919404203, "query_count": 5}, "text_state": "missing_text", "valid_mrr_delta_vs_bv1": 0.0}, "relation=16|side=head_prediction|text=missing_text": {"accepted": false, "fallback_alpha": 0.0, "fallback_lambda": 1.0, "fallback_valid_metrics": {"hit1": 0.5, "hit10": 0.5, "hit3": 0.5, "mr": 4052.0, "mrr": 0.5000617055411576, "query_count": 2}, "group": "relation=16|side=head_prediction|text=missing_text", "group_search_enabled": false, "level": "level1", "query_count": 2, "reason": "fixed_default_parameters", "selected_alpha": 0.0, "selected_lambda": 1.0, "selected_valid_metrics": {"hit1": 0.5, "hit10": 0.5, "hit3": 0.5, "mr": 4052.0, "mrr": 0.5000617055411576, "query_count": 2}, "text_state": "missing_text", "valid_mrr_delta_vs_bv1": 0.0}, "relation=16|side=tail_prediction|text=missing_text": {"accepted": false, "fallback_alpha": 0.0, "fallback_lambda": 1.0, "fallback_valid_metrics": {"hit1": 0.5, "hit10": 0.5, "hit3": 0.5, "mr": 429.5, "mrr": 0.5005827505827506, "query_count": 2}, "group": "relation=16|side=tail_prediction|text=missing_text", "group_search_enabled": false, "level": "level1", "query_count": 2, "reason": "fixed_default_parameters", "selected_alpha": 0.0, "selected_lambda": 1.0, "selected_valid_metrics": {"hit1": 0.5, "hit10": 0.5, "hit3": 0.5, "mr": 429.5, "mrr": 0.5005827505827506, "query_count": 2}, "text_state": "missing_text", "valid_mrr_delta_vs_bv1": 0.0}, "relation=17|side=head_prediction|text=both_have_text": {"accepted": false, "fallback_alpha": 0.0, "fallback_lambda": 1.0, "fallback_valid_metrics": {"hit1": 0.0, "hit10": 0.0, "hit3": 0.0, "mr": 333.5, "mrr": 0.021610938310005184, "query_count": 2}, "group": "relation=17|side=head_prediction|text=both_have_text", "group_search_enabled": false, "level": "level1", "query_count": 2, "reason": "fixed_default_parameters", "selected_alpha": 0.0, "selected_lambda": 1.0, "selected_valid_metrics": {"hit1": 0.0, "hit10": 0.0, "hit3": 0.0, "mr": 333.5, "mrr": 0.021610938310005184, "query_count": 2}, "text_state": "both_have_text", "valid_mrr_delta_vs_bv1": 0.0}, "relation=17|side=head_prediction|text=missing_text": {"accepted": false, "fallback_alpha": 0.0, "fallback_lambda": 1.0, "fallback_valid_metrics": {"hit1": 0.0, "hit10": 0.09090909090909091, "hit3": 0.09090909090909091, "mr": 3192.818181818182, "mrr": 0.04855532447091529, "query_count": 11}, "group": "relation=17|side=head_prediction|text=missing_text", "group_search_enabled": false, "level": "level1", "query_count": 11, "reason": "fixed_default_parameters", "selected_alpha": 0.0, "selected_lambda": 1.0, "selected_valid_metrics": {"hit1": 0.0, "hit10": 0.09090909090909091, "hit3": 0.09090909090909091, "mr": 3192.818181818182, "mrr": 0.04855532447091529, "query_count": 11}, "text_state": "missing_text", "valid_mrr_delta_vs_bv1": 0.0}, "relation=17|side=tail_prediction|text=both_have_text": {"accepted": false, "fallback_alpha": 0.0, "fallback_lambda": 1.0, "fallback_valid_metrics": {"hit1": 0.0, "hit10": 0.5, "hit3": 0.0, "mr": 35.0, "mrr": 0.09114583333333333, "query_count": 2}, "group": "relation=17|side=tail_prediction|text=both_have_text", "group_search_enabled": false, "level": "level1", "query_count": 2, "reason": "fixed_default_parameters", "selected_alpha": 0.0, "selected_lambda": 1.0, "selected_valid_metrics": {"hit1": 0.0, "hit10": 0.5, "hit3": 0.0, "mr": 35.0, "mrr": 0.09114583333333333, "query_count": 2}, "text_state": "both_have_text", "valid_mrr_delta_vs_bv1": 0.0}, "relation=17|side=tail_prediction|text=missing_text": {"accepted": false, "fallback_alpha": 0.0, "fallback_lambda": 1.0, "fallback_valid_metrics": {"hit1": 0.09090909090909091, "hit10": 0.18181818181818182, "hit3": 0.09090909090909091, "mr": 1909.090909090909, "mrr": 0.11854514164929525, "query_count": 11}, "group": "relation=17|side=tail_prediction|text=missing_text", "group_search_enabled": false, "level": "level1", "query_count": 11, "reason": "fixed_default_parameters", "selected_alpha": 0.0, "selected_lambda": 1.0, "selected_valid_metrics": {"hit1": 0.09090909090909091, "hit10": 0.18181818181818182, "hit3": 0.09090909090909091, "mr": 1909.090909090909, "mrr": 0.11854514164929525, "query_count": 11}, "text_state": "missing_text", "valid_mrr_delta_vs_bv1": 0.0}, "relation=18|side=head_prediction|text=missing_text": {"accepted": false, "fallback_alpha": 0.0, "fallback_lambda": 1.0, "fallback_valid_metrics": {"hit1": 0.3333333333333333, "hit10": 0.6666666666666666, "hit3": 0.6666666666666666, "mr": 314.3333333333333, "mrr": 0.500354609929078, "query_count": 3}, "group": "relation=18|side=head_prediction|text=missing_text", "group_search_enabled": false, "level": "level1", "query_count": 3, "reason": "fixed_default_parameters", "selected_alpha": 0.0, "selected_lambda": 1.0, "selected_valid_metrics": {"hit1": 0.3333333333333333, "hit10": 0.6666666666666666, "hit3": 0.6666666666666666, "mr": 314.3333333333333, "mrr": 0.500354609929078, "query_count": 3}, "text_state": "missing_text", "valid_mrr_delta_vs_bv1": 0.0}, "relation=18|side=tail_prediction|text=missing_text": {"accepted": false, "fallback_alpha": 0.0, "fallback_lambda": 1.0, "fallback_valid_metrics": {"hit1": 0.3333333333333333, "hit10": 0.6666666666666666, "hit3": 0.6666666666666666, "mr": 2055.6666666666665, "mrr": 0.5000540774388925, "query_count": 3}, "group": "relation=18|side=tail_prediction|text=missing_text", "group_search_enabled": false, "level": "level1", "query_count": 3, "reason": "fixed_default_parameters", "selected_alpha": 0.0, "selected_lambda": 1.0, "selected_valid_metrics": {"hit1": 0.3333333333333333, "hit10": 0.6666666666666666, "hit3": 0.6666666666666666, "mr": 2055.6666666666665, "mrr": 0.5000540774388925, "query_count": 3}, "text_state": "missing_text", "valid_mrr_delta_vs_bv1": 0.0}, "relation=19|side=head_prediction|text=both_have_text": {"accepted": false, "fallback_alpha": 0.0, "fallback_lambda": 1.0, "fallback_valid_metrics": {"hit1": 0.0, "hit10": 1.0, "hit3": 1.0, "mr": 2.0, "mrr": 0.5, "query_count": 1}, "group": "relation=19|side=head_prediction|text=both_have_text", "group_search_enabled": false, "level": "level1", "query_count": 1, "reason": "fixed_default_parameters", "selected_alpha": 0.0, "selected_lambda": 1.0, "selected_valid_metrics": {"hit1": 0.0, "hit10": 1.0, "hit3": 1.0, "mr": 2.0, "mrr": 0.5, "query_count": 1}, "text_state": "both_have_text", "valid_mrr_delta_vs_bv1": 0.0}, "relation=19|side=tail_prediction|text=both_have_text": {"accepted": false, "fallback_alpha": 0.0, "fallback_lambda": 1.0, "fallback_valid_metrics": {"hit1": 1.0, "hit10": 1.0, "hit3": 1.0, "mr": 1.0, "mrr": 1.0, "query_count": 1}, "group": "relation=19|side=tail_prediction|text=both_have_text", "group_search_enabled": false, "level": "level1", "query_count": 1, "reason": "fixed_default_parameters", "selected_alpha": 0.0, "selected_lambda": 1.0, "selected_valid_metrics": {"hit1": 1.0, "hit10": 1.0, "hit3": 1.0, "mr": 1.0, "mrr": 1.0, "query_count": 1}, "text_state": "both_have_text", "valid_mrr_delta_vs_bv1": 0.0}, "relation=1|side=head_prediction|text=both_have_text": {"accepted": false, "fallback_alpha": 0.0, "fallback_lambda": 1.0, "fallback_valid_metrics": {"hit1": 0.7763157894736842, "hit10": 0.8947368421052632, "hit3": 0.868421052631579, "mr": 39.11842105263158, "mrr": 0.828139717171647, "query_count": 76}, "group": "relation=1|side=head_prediction|text=both_have_text", "group_search_enabled": false, "level": "level1", "query_count": 76, "reason": "fixed_default_parameters", "selected_alpha": 0.0, "selected_lambda": 1.0, "selected_valid_metrics": {"hit1": 0.7763157894736842, "hit10": 0.8947368421052632, "hit3": 0.868421052631579, "mr": 39.11842105263158, "mrr": 0.828139717171647, "query_count": 76}, "text_state": "both_have_text", "valid_mrr_delta_vs_bv1": 0.0}, "relation=1|side=head_prediction|text=missing_text": {"accepted": false, "fallback_alpha": 0.0, "fallback_lambda": 1.0, "fallback_valid_metrics": {"hit1": 0.6511627906976745, "hit10": 0.7790697674418605, "hit3": 0.7325581395348837, "mr": 771.9302325581396, "mrr": 0.7010299084758075, "query_count": 86}, "group": "relation=1|side=head_prediction|text=missing_text", "group_search_enabled": false, "level": "level1", "query_count": 86, "reason": "fixed_default_parameters", "selected_alpha": 0.0, "selected_lambda": 1.0, "selected_valid_metrics": {"hit1": 0.6511627906976745, "hit10": 0.7790697674418605, "hit3": 0.7325581395348837, "mr": 771.9302325581396, "mrr": 0.7010299084758075, "query_count": 86}, "text_state": "missing_text", "valid_mrr_delta_vs_bv1": 0.0}, "relation=1|side=tail_prediction|text=both_have_text": {"accepted": false, "fallback_alpha": 0.0, "fallback_lambda": 1.0, "fallback_valid_metrics": {"hit1": 0.8026315789473685, "hit10": 0.9210526315789473, "hit3": 0.868421052631579, "mr": 4.75, "mrr": 0.8424011821870088, "query_count": 76}, "group": "relation=1|side=tail_prediction|text=both_have_text", "group_search_enabled": false, "level": "level1", "query_count": 76, "reason": "fixed_default_parameters", "selected_alpha": 0.0, "selected_lambda": 1.0, "selected_valid_metrics": {"hit1": 0.8026315789473685, "hit10": 0.9210526315789473, "hit3": 0.868421052631579, "mr": 4.75, "mrr": 0.8424011821870088, "query_count": 76}, "text_state": "both_have_text", "valid_mrr_delta_vs_bv1": 0.0}, "relation=1|side=tail_prediction|text=missing_text": {"accepted": false, "fallback_alpha": 0.0, "fallback_lambda": 1.0, "fallback_valid_metrics": {"hit1": 0.7209302325581395, "hit10": 0.8023255813953488, "hit3": 0.7674418604651163, "mr": 488.36046511627904, "mrr": 0.7513073319276425, "query_count": 86}, "group": "relation=1|side=tail_prediction|text=missing_text", "group_search_enabled": false, "level": "level1", "query_count": 86, "reason": "fixed_default_parameters", "selected_alpha": 0.0, "selected_lambda": 1.0, "selected_valid_metrics": {"hit1": 0.7209302325581395, "hit10": 0.8023255813953488, "hit3": 0.7674418604651163, "mr": 488.36046511627904, "mrr": 0.7513073319276425, "query_count": 86}, "text_state": "missing_text", "valid_mrr_delta_vs_bv1": 0.0}, "relation=20|side=head_prediction|text=both_have_text": {"accepted": false, "fallback_alpha": 0.0, "fallback_lambda": 1.0, "fallback_valid_metrics": {"hit1": 0.0, "hit10": 0.0, "hit3": 0.0, "mr": 298.0, "mrr": 0.003355704697986577, "query_count": 1}, "group": "relation=20|side=head_prediction|text=both_have_text", "group_search_enabled": false, "level": "level1", "query_count": 1, "reason": "fixed_default_parameters", "selected_alpha": 0.0, "selected_lambda": 1.0, "selected_valid_metrics": {"hit1": 0.0, "hit10": 0.0, "hit3": 0.0, "mr": 298.0, "mrr": 0.003355704697986577, "query_count": 1}, "text_state": "both_have_text", "valid_mrr_delta_vs_bv1": 0.0}, "relation=20|side=tail_prediction|text=both_have_text": {"accepted": false, "fallback_alpha": 0.0, "fallback_lambda": 1.0, "fallback_valid_metrics": {"hit1": 0.0, "hit10": 0.0, "hit3": 0.0, "mr": 68.0, "mrr": 0.014705882352941176, "query_count": 1}, "group": "relation=20|side=tail_prediction|text=both_have_text", "group_search_enabled": false, "level": "level1", "query_count": 1, "reason": "fixed_default_parameters", "selected_alpha": 0.0, "selected_lambda": 1.0, "selected_valid_metrics": {"hit1": 0.0, "hit10": 0.0, "hit3": 0.0, "mr": 68.0, "mrr": 0.014705882352941176, "query_count": 1}, "text_state": "both_have_text", "valid_mrr_delta_vs_bv1": 0.0}, "relation=21|side=head_prediction|text=missing_text": {"accepted": false, "fallback_alpha": 0.0, "fallback_lambda": 1.0, "fallback_valid_metrics": {"hit1": 0.0, "hit10": 0.0, "hit3": 0.0, "mr": 1572.6666666666667, "mrr": 0.009075864176220125, "query_count": 3}, "group": "relation=21|side=head_prediction|text=missing_text", "group_search_enabled": false, "level": "level1", "query_count": 3, "reason": "fixed_default_parameters", "selected_alpha": 0.0, "selected_lambda": 1.0, "selected_valid_metrics": {"hit1": 0.0, "hit10": 0.0, "hit3": 0.0, "mr": 1572.6666666666667, "mrr": 0.009075864176220125, "query_count": 3}, "text_state": "missing_text", "valid_mrr_delta_vs_bv1": 0.0}, "relation=21|side=tail_prediction|text=missing_text": {"accepted": false, "fallback_alpha": 0.0, "fallback_lambda": 1.0, "fallback_valid_metrics": {"hit1": 0.0, "hit10": 0.0, "hit3": 0.0, "mr": 1955.3333333333333, "mrr": 0.006839889982731583, "query_count": 3}, "group": "relation=21|side=tail_prediction|text=missing_text", "group_search_enabled": false, "level": "level1", "query_count": 3, "reason": "fixed_default_parameters", "selected_alpha": 0.0, "selected_lambda": 1.0, "selected_valid_metrics": {"hit1": 0.0, "hit10": 0.0, "hit3": 0.0, "mr": 1955.3333333333333, "mrr": 0.006839889982731583, "query_count": 3}, "text_state": "missing_text", "valid_mrr_delta_vs_bv1": 0.0}, "relation=22|side=head_prediction|text=both_have_text": {"accepted": false, "fallback_alpha": 0.0, "fallback_lambda": 1.0, "fallback_valid_metrics": {"hit1": 0.0, "hit10": 0.0, "hit3": 0.0, "mr": 354.0, "mrr": 0.002824858757062147, "query_count": 1}, "group": "relation=22|side=head_prediction|text=both_have_text", "group_search_enabled": false, "level": "level1", "query_count": 1, "reason": "fixed_default_parameters", "selected_alpha": 0.0, "selected_lambda": 1.0, "selected_valid_metrics": {"hit1": 0.0, "hit10": 0.0, "hit3": 0.0, "mr": 354.0, "mrr": 0.002824858757062147, "query_count": 1}, "text_state": "both_have_text", "valid_mrr_delta_vs_bv1": 0.0}, "relation=22|side=tail_prediction|text=both_have_text": {"accepted": false, "fallback_alpha": 0.0, "fallback_lambda": 1.0, "fallback_valid_metrics": {"hit1": 0.0, "hit10": 0.0, "hit3": 0.0, "mr": 237.0, "mrr": 0.004219409282700422, "query_count": 1}, "group": "relation=22|side=tail_prediction|text=both_have_text", "group_search_enabled": false, "level": "level1", "query_count": 1, "reason": "fixed_default_parameters", "selected_alpha": 0.0, "selected_lambda": 1.0, "selected_valid_metrics": {"hit1": 0.0, "hit10": 0.0, "hit3": 0.0, "mr": 237.0, "mrr": 0.004219409282700422, "query_count": 1}, "text_state": "both_have_text", "valid_mrr_delta_vs_bv1": 0.0}, "relation=23|side=head_prediction|text=missing_text": {"accepted": false, "fallback_alpha": 0.0, "fallback_lambda": 1.0, "fallback_valid_metrics": {"hit1": 0.0, "hit10": 0.0, "hit3": 0.0, "mr": 2839.0, "mrr": 0.009256324893029013, "query_count": 3}, "group": "relation=23|side=head_prediction|text=missing_text", "group_search_enabled": false, "level": "level1", "query_count": 3, "reason": "fixed_default_parameters", "selected_alpha": 0.0, "selected_lambda": 1.0, "selected_valid_metrics": {"hit1": 0.0, "hit10": 0.0, "hit3": 0.0, "mr": 2839.0, "mrr": 0.009256324893029013, "query_count": 3}, "text_state": "missing_text", "valid_mrr_delta_vs_bv1": 0.0}, "relation=23|side=tail_prediction|text=missing_text": {"accepted": false, "fallback_alpha": 0.0, "fallback_lambda": 1.0, "fallback_valid_metrics": {"hit1": 0.0, "hit10": 0.3333333333333333, "hit3": 0.0, "mr": 448.0, "mrr": 0.04268662299787764, "query_count": 3}, "group": "relation=23|side=tail_prediction|text=missing_text", "group_search_enabled": false, "level": "level1", "query_count": 3, "reason": "fixed_default_parameters", "selected_alpha": 0.0, "selected_lambda": 1.0, "selected_valid_metrics": {"hit1": 0.0, "hit10": 0.3333333333333333, "hit3": 0.0, "mr": 448.0, "mrr": 0.04268662299787764, "query_count": 3}, "text_state": "missing_text", "valid_mrr_delta_vs_bv1": 0.0}, "relation=26|side=head_prediction|text=both_have_text": {"accepted": false, "fallback_alpha": 0.0, "fallback_lambda": 1.0, "fallback_valid_metrics": {"hit1": 0.0, "hit10": 1.0, "hit3": 0.0, "mr": 7.0, "mrr": 0.14285714285714285, "query_count": 1}, "group": "relation=26|side=head_prediction|text=both_have_text", "group_search_enabled": false, "level": "level1", "query_count": 1, "reason": "fixed_default_parameters", "selected_alpha": 0.0, "selected_lambda": 1.0, "selected_valid_metrics": {"hit1": 0.0, "hit10": 1.0, "hit3": 0.0, "mr": 7.0, "mrr": 0.14285714285714285, "query_count": 1}, "text_state": "both_have_text", "valid_mrr_delta_vs_bv1": 0.0}, "relation=26|side=tail_prediction|text=both_have_text": {"accepted": false, "fallback_alpha": 0.0, "fallback_lambda": 1.0, "fallback_valid_metrics": {"hit1": 0.0, "hit10": 0.0, "hit3": 0.0, "mr": 19.0, "mrr": 0.05263157894736842, "query_count": 1}, "group": "relation=26|side=tail_prediction|text=both_have_text", "group_search_enabled": false, "level": "level1", "query_count": 1, "reason": "fixed_default_parameters", "selected_alpha": 0.0, "selected_lambda": 1.0, "selected_valid_metrics": {"hit1": 0.0, "hit10": 0.0, "hit3": 0.0, "mr": 19.0, "mrr": 0.05263157894736842, "query_count": 1}, "text_state": "both_have_text", "valid_mrr_delta_vs_bv1": 0.0}, "relation=2|side=head_prediction|text=both_have_text": {"accepted": false, "fallback_alpha": 0.0, "fallback_lambda": 1.0, "fallback_valid_metrics": {"hit1": 0.23809523809523808, "hit10": 0.42857142857142855, "hit3": 0.23809523809523808, "mr": 130.71428571428572, "mrr": 0.27894411467869074, "query_count": 21}, "group": "relation=2|side=head_prediction|text=both_have_text", "group_search_enabled": false, "level": "level1", "query_count": 21, "reason": "fixed_default_parameters", "selected_alpha": 0.0, "selected_lambda": 1.0, "selected_valid_metrics": {"hit1": 0.23809523809523808, "hit10": 0.42857142857142855, "hit3": 0.23809523809523808, "mr": 130.71428571428572, "mrr": 0.27894411467869074, "query_count": 21}, "text_state": "both_have_text", "valid_mrr_delta_vs_bv1": 0.0}, "relation=2|side=head_prediction|text=missing_text": {"accepted": false, "fallback_alpha": 0.0, "fallback_lambda": 1.0, "fallback_valid_metrics": {"hit1": 0.13636363636363635, "hit10": 0.2727272727272727, "hit3": 0.20454545454545456, "mr": 962.9772727272727, "mrr": 0.179219298842932, "query_count": 44}, "group": "relation=2|side=head_prediction|text=missing_text", "group_search_enabled": false, "level": "level1", "query_count": 44, "reason": "fixed_default_parameters", "selected_alpha": 0.0, "selected_lambda": 1.0, "selected_valid_metrics": {"hit1": 0.13636363636363635, "hit10": 0.2727272727272727, "hit3": 0.20454545454545456, "mr": 962.9772727272727, "mrr": 0.179219298842932, "query_count": 44}, "text_state": "missing_text", "valid_mrr_delta_vs_bv1": 0.0}, "relation=2|side=tail_prediction|text=both_have_text": {"accepted": false, "fallback_alpha": 0.0, "fallback_lambda": 1.0, "fallback_valid_metrics": {"hit1": 0.14285714285714285, "hit10": 0.23809523809523808, "hit3": 0.23809523809523808, "mr": 529.7619047619048, "mrr": 0.17845566398581736, "query_count": 21}, "group": "relation=2|side=tail_prediction|text=both_have_text", "group_search_enabled": false, "level": "level1", "query_count": 21, "reason": "fixed_default_parameters", "selected_alpha": 0.0, "selected_lambda": 1.0, "selected_valid_metrics": {"hit1": 0.14285714285714285, "hit10": 0.23809523809523808, "hit3": 0.23809523809523808, "mr": 529.7619047619048, "mrr": 0.17845566398581736, "query_count": 21}, "text_state": "both_have_text", "valid_mrr_delta_vs_bv1": 0.0}, "relation=2|side=tail_prediction|text=missing_text": {"accepted": false, "fallback_alpha": 0.0, "fallback_lambda": 1.0, "fallback_valid_metrics": {"hit1": 0.022727272727272728, "hit10": 0.1590909090909091, "hit3": 0.045454545454545456, "mr": 2333.75, "mrr": 0.05680942501840343, "query_count": 44}, "group": "relation=2|side=tail_prediction|text=missing_text", "group_search_enabled": false, "level": "level1", "query_count": 44, "reason": "fixed_default_parameters", "selected_alpha": 0.0, "selected_lambda": 1.0, "selected_valid_metrics": {"hit1": 0.022727272727272728, "hit10": 0.1590909090909091, "hit3": 0.045454545454545456, "mr": 2333.75, "mrr": 0.05680942501840343, "query_count": 44}, "text_state": "missing_text", "valid_mrr_delta_vs_bv1": 0.0}, "relation=3|side=head_prediction|text=both_have_text": {"accepted": false, "fallback_alpha": 0.0, "fallback_lambda": 1.0, "fallback_valid_metrics": {"hit1": 0.41304347826086957, "hit10": 0.6086956521739131, "hit3": 0.4782608695652174, "mr": 164.56521739130434, "mrr": 0.4710873497397835, "query_count": 46}, "group": "relation=3|side=head_prediction|text=both_have_text", "group_search_enabled": false, "level": "level1", "query_count": 46, "reason": "fixed_default_parameters", "selected_alpha": 0.0, "selected_lambda": 1.0, "selected_valid_metrics": {"hit1": 0.41304347826086957, "hit10": 0.6086956521739131, "hit3": 0.4782608695652174, "mr": 164.56521739130434, "mrr": 0.4710873497397835, "query_count": 46}, "text_state": "both_have_text", "valid_mrr_delta_vs_bv1": 0.0}, "relation=3|side=head_prediction|text=missing_text": {"accepted": false, "fallback_alpha": 0.0, "fallback_lambda": 1.0, "fallback_valid_metrics": {"hit1": 0.29559748427672955, "hit10": 0.3836477987421384, "hit3": 0.3710691823899371, "mr": 1344.1132075471698, "mrr": 0.33314427492530707, "query_count": 159}, "group": "relation=3|side=head_prediction|text=missing_text", "group_search_enabled": false, "level": "level1", "query_count": 159, "reason": "fixed_default_parameters", "selected_alpha": 0.0, "selected_lambda": 1.0, "selected_valid_metrics": {"hit1": 0.29559748427672955, "hit10": 0.3836477987421384, "hit3": 0.3710691823899371, "mr": 1344.1132075471698, "mrr": 0.33314427492530707, "query_count": 159}, "text_state": "missing_text", "valid_mrr_delta_vs_bv1": 0.0}, "relation=3|side=tail_prediction|text=both_have_text": {"accepted": false, "fallback_alpha": 0.0, "fallback_lambda": 1.0, "fallback_valid_metrics": {"hit1": 0.32608695652173914, "hit10": 0.6086956521739131, "hit3": 0.43478260869565216, "mr": 297.9347826086956, "mrr": 0.41446626795392777, "query_count": 46}, "group": "relation=3|side=tail_prediction|text=both_have_text", "group_search_enabled": false, "level": "level1", "query_count": 46, "reason": "fixed_default_parameters", "selected_alpha": 0.0, "selected_lambda": 1.0, "selected_valid_metrics": {"hit1": 0.32608695652173914, "hit10": 0.6086956521739131, "hit3": 0.43478260869565216, "mr": 297.9347826086956, "mrr": 0.41446626795392777, "query_count": 46}, "text_state": "both_have_text", "valid_mrr_delta_vs_bv1": 0.0}, "relation=3|side=tail_prediction|text=missing_text": {"accepted": false, "fallback_alpha": 0.0, "fallback_lambda": 1.0, "fallback_valid_metrics": {"hit1": 0.2830188679245283, "hit10": 0.3710691823899371, "hit3": 0.32075471698113206, "mr": 2053.169811320755, "mrr": 0.3121202435642239, "query_count": 159}, "group": "relation=3|side=tail_prediction|text=missing_text", "group_search_enabled": false, "level": "level1", "query_count": 159, "reason": "fixed_default_parameters", "selected_alpha": 0.0, "selected_lambda": 1.0, "selected_valid_metrics": {"hit1": 0.2830188679245283, "hit10": 0.3710691823899371, "hit3": 0.32075471698113206, "mr": 2053.169811320755, "mrr": 0.3121202435642239, "query_count": 159}, "text_state": "missing_text", "valid_mrr_delta_vs_bv1": 0.0}, "relation=4|side=head_prediction|text=both_have_text": {"accepted": false, "fallback_alpha": 0.0, "fallback_lambda": 1.0, "fallback_valid_metrics": {"hit1": 0.8169014084507042, "hit10": 0.9014084507042254, "hit3": 0.8591549295774648, "mr": 33.46478873239437, "mrr": 0.841804707191328, "query_count": 71}, "group": "relation=4|side=head_prediction|text=both_have_text", "group_search_enabled": false, "level": "level1", "query_count": 71, "reason": "fixed_default_parameters", "selected_alpha": 0.0, "selected_lambda": 1.0, "selected_valid_metrics": {"hit1": 0.8169014084507042, "hit10": 0.9014084507042254, "hit3": 0.8591549295774648, "mr": 33.46478873239437, "mrr": 0.841804707191328, "query_count": 71}, "text_state": "both_have_text", "valid_mrr_delta_vs_bv1": 0.0}, "relation=4|side=head_prediction|text=missing_text": {"accepted": false, "fallback_alpha": 0.0, "fallback_lambda": 1.0, "fallback_valid_metrics": {"hit1": 0.6078431372549019, "hit10": 0.7254901960784313, "hit3": 0.6764705882352942, "mr": 836.2254901960785, "mrr": 0.6460126022928764, "query_count": 102}, "group": "relation=4|side=head_prediction|text=missing_text", "group_search_enabled": false, "level": "level1", "query_count": 102, "reason": "fixed_default_parameters", "selected_alpha": 0.0, "selected_lambda": 1.0, "selected_valid_metrics": {"hit1": 0.6078431372549019, "hit10": 0.7254901960784313, "hit3": 0.6764705882352942, "mr": 836.2254901960785, "mrr": 0.6460126022928764, "query_count": 102}, "text_state": "missing_text", "valid_mrr_delta_vs_bv1": 0.0}, "relation=4|side=tail_prediction|text=both_have_text": {"accepted": false, "fallback_alpha": 0.0, "fallback_lambda": 1.0, "fallback_valid_metrics": {"hit1": 0.8309859154929577, "hit10": 0.9436619718309859, "hit3": 0.8732394366197183, "mr": 66.90140845070422, "mrr": 0.869705252116302, "query_count": 71}, "group": "relation=4|side=tail_prediction|text=both_have_text", "group_search_enabled": false, "level": "level1", "query_count": 71, "reason": "fixed_default_parameters", "selected_alpha": 0.0, "selected_lambda": 1.0, "selected_valid_metrics": {"hit1": 0.8309859154929577, "hit10": 0.9436619718309859, "hit3": 0.8732394366197183, "mr": 66.90140845070422, "mrr": 0.869705252116302, "query_count": 71}, "text_state": "both_have_text", "valid_mrr_delta_vs_bv1": 0.0}, "relation=4|side=tail_prediction|text=missing_text": {"accepted": false, "fallback_alpha": 0.0, "fallback_lambda": 1.0, "fallback_valid_metrics": {"hit1": 0.6470588235294118, "hit10": 0.7352941176470589, "hit3": 0.6862745098039216, "mr": 626.7745098039215, "mrr": 0.674373859815423, "query_count": 102}, "group": "relation=4|side=tail_prediction|text=missing_text", "group_search_enabled": false, "level": "level1", "query_count": 102, "reason": "fixed_default_parameters", "selected_alpha": 0.0, "selected_lambda": 1.0, "selected_valid_metrics": {"hit1": 0.6470588235294118, "hit10": 0.7352941176470589, "hit3": 0.6862745098039216, "mr": 626.7745098039215, "mrr": 0.674373859815423, "query_count": 102}, "text_state": "missing_text", "valid_mrr_delta_vs_bv1": 0.0}, "relation=5|side=head_prediction|text=both_have_text": {"accepted": false, "fallback_alpha": 0.0, "fallback_lambda": 1.0, "fallback_valid_metrics": {"hit1": 0.3333333333333333, "hit10": 0.8888888888888888, "hit3": 0.6666666666666666, "mr": 31.555555555555557, "mrr": 0.5312915479582146, "query_count": 9}, "group": "relation=5|side=head_prediction|text=both_have_text", "group_search_enabled": false, "level": "level1", "query_count": 9, "reason": "fixed_default_parameters", "selected_alpha": 0.0, "selected_lambda": 1.0, "selected_valid_metrics": {"hit1": 0.3333333333333333, "hit10": 0.8888888888888888, "hit3": 0.6666666666666666, "mr": 31.555555555555557, "mrr": 0.5312915479582146, "query_count": 9}, "text_state": "both_have_text", "valid_mrr_delta_vs_bv1": 0.0}, "relation=5|side=head_prediction|text=missing_text": {"accepted": false, "fallback_alpha": 0.0, "fallback_lambda": 1.0, "fallback_valid_metrics": {"hit1": 0.25757575757575757, "hit10": 0.5, "hit3": 0.45454545454545453, "mr": 2008.469696969697, "mrr": 0.3537832126135015, "query_count": 66}, "group": "relation=5|side=head_prediction|text=missing_text", "group_search_enabled": false, "level": "level1", "query_count": 66, "reason": "fixed_default_parameters", "selected_alpha": 0.0, "selected_lambda": 1.0, "selected_valid_metrics": {"hit1": 0.25757575757575757, "hit10": 0.5, "hit3": 0.45454545454545453, "mr": 2008.469696969697, "mrr": 0.3537832126135015, "query_count": 66}, "text_state": "missing_text", "valid_mrr_delta_vs_bv1": 0.0}, "relation=5|side=tail_prediction|text=both_have_text": {"accepted": false, "fallback_alpha": 0.0, "fallback_lambda": 1.0, "fallback_valid_metrics": {"hit1": 0.2222222222222222, "hit10": 0.7777777777777778, "hit3": 0.5555555555555556, "mr": 14.11111111111111, "mrr": 0.4424394319131161, "query_count": 9}, "group": "relation=5|side=tail_prediction|text=both_have_text", "group_search_enabled": false, "level": "level1", "query_count": 9, "reason": "fixed_default_parameters", "selected_alpha": 0.0, "selected_lambda": 1.0, "selected_valid_metrics": {"hit1": 0.2222222222222222, "hit10": 0.7777777777777778, "hit3": 0.5555555555555556, "mr": 14.11111111111111, "mrr": 0.4424394319131161, "query_count": 9}, "text_state": "both_have_text", "valid_mrr_delta_vs_bv1": 0.0}, "relation=5|side=tail_prediction|text=missing_text": {"accepted": false, "fallback_alpha": 0.0, "fallback_lambda": 1.0, "fallback_valid_metrics": {"hit1": 0.24242424242424243, "hit10": 0.5303030303030303, "hit3": 0.48484848484848486, "mr": 725.6515151515151, "mrr": 0.36772288692309113, "query_count": 66}, "group": "relation=5|side=tail_prediction|text=missing_text", "group_search_enabled": false, "level": "level1", "query_count": 66, "reason": "fixed_default_parameters", "selected_alpha": 0.0, "selected_lambda": 1.0, "selected_valid_metrics": {"hit1": 0.24242424242424243, "hit10": 0.5303030303030303, "hit3": 0.48484848484848486, "mr": 725.6515151515151, "mrr": 0.36772288692309113, "query_count": 66}, "text_state": "missing_text", "valid_mrr_delta_vs_bv1": 0.0}, "relation=6|side=head_prediction|text=both_have_text": {"accepted": false, "fallback_alpha": 0.0, "fallback_lambda": 1.0, "fallback_valid_metrics": {"hit1": 0.0625, "hit10": 0.375, "hit3": 0.1875, "mr": 243.6875, "mrr": 0.15580164912988648, "query_count": 16}, "group": "relation=6|side=head_prediction|text=both_have_text", "group_search_enabled": false, "level": "level1", "query_count": 16, "reason": "fixed_default_parameters", "selected_alpha": 0.0, "selected_lambda": 1.0, "selected_valid_metrics": {"hit1": 0.0625, "hit10": 0.375, "hit3": 0.1875, "mr": 243.6875, "mrr": 0.15580164912988648, "query_count": 16}, "text_state": "both_have_text", "valid_mrr_delta_vs_bv1": 0.0}, "relation=6|side=head_prediction|text=missing_text": {"accepted": false, "fallback_alpha": 0.0, "fallback_lambda": 1.0, "fallback_valid_metrics": {"hit1": 0.2, "hit10": 0.325, "hit3": 0.2875, "mr": 1749.2625, "mrr": 0.2513435861528221, "query_count": 80}, "group": "relation=6|side=head_prediction|text=missing_text", "group_search_enabled": false, "level": "level1", "query_count": 80, "reason": "fixed_default_parameters", "selected_alpha": 0.0, "selected_lambda": 1.0, "selected_valid_metrics": {"hit1": 0.2, "hit10": 0.325, "hit3": 0.2875, "mr": 1749.2625, "mrr": 0.2513435861528221, "query_count": 80}, "text_state": "missing_text", "valid_mrr_delta_vs_bv1": 0.0}, "relation=6|side=tail_prediction|text=both_have_text": {"accepted": false, "fallback_alpha": 0.0, "fallback_lambda": 1.0, "fallback_valid_metrics": {"hit1": 0.0, "hit10": 0.1875, "hit3": 0.1875, "mr": 570.0, "mrr": 0.08687439196348155, "query_count": 16}, "group": "relation=6|side=tail_prediction|text=both_have_text", "group_search_enabled": false, "level": "level1", "query_count": 16, "reason": "fixed_default_parameters", "selected_alpha": 0.0, "selected_lambda": 1.0, "selected_valid_metrics": {"hit1": 0.0, "hit10": 0.1875, "hit3": 0.1875, "mr": 570.0, "mrr": 0.08687439196348155, "query_count": 16}, "text_state": "both_have_text", "valid_mrr_delta_vs_bv1": 0.0}, "relation=6|side=tail_prediction|text=missing_text": {"accepted": false, "fallback_alpha": 0.0, "fallback_lambda": 1.0, "fallback_valid_metrics": {"hit1": 0.2, "hit10": 0.3, "hit3": 0.2625, "mr": 2490.3625, "mrr": 0.24326064127496708, "query_count": 80}, "group": "relation=6|side=tail_prediction|text=missing_text", "group_search_enabled": false, "level": "level1", "query_count": 80, "reason": "fixed_default_parameters", "selected_alpha": 0.0, "selected_lambda": 1.0, "selected_valid_metrics": {"hit1": 0.2, "hit10": 0.3, "hit3": 0.2625, "mr": 2490.3625, "mrr": 0.24326064127496708, "query_count": 80}, "text_state": "missing_text", "valid_mrr_delta_vs_bv1": 0.0}, "relation=7|side=head_prediction|text=both_have_text": {"accepted": false, "fallback_alpha": 0.0, "fallback_lambda": 1.0, "fallback_valid_metrics": {"hit1": 0.2, "hit10": 0.2, "hit3": 0.2, "mr": 877.0, "mrr": 0.2017906889456953, "query_count": 5}, "group": "relation=7|side=head_prediction|text=both_have_text", "group_search_enabled": false, "level": "level1", "query_count": 5, "reason": "fixed_default_parameters", "selected_alpha": 0.0, "selected_lambda": 1.0, "selected_valid_metrics": {"hit1": 0.2, "hit10": 0.2, "hit3": 0.2, "mr": 877.0, "mrr": 0.2017906889456953, "query_count": 5}, "text_state": "both_have_text", "valid_mrr_delta_vs_bv1": 0.0}, "relation=7|side=head_prediction|text=missing_text": {"accepted": false, "fallback_alpha": 0.0, "fallback_lambda": 1.0, "fallback_valid_metrics": {"hit1": 0.0, "hit10": 0.0, "hit3": 0.0, "mr": 177.0, "mrr": 0.005649717514124294, "query_count": 1}, "group": "relation=7|side=head_prediction|text=missing_text", "group_search_enabled": false, "level": "level1", "query_count": 1, "reason": "fixed_default_parameters", "selected_alpha": 0.0, "selected_lambda": 1.0, "selected_valid_metrics": {"hit1": 0.0, "hit10": 0.0, "hit3": 0.0, "mr": 177.0, "mrr": 0.005649717514124294, "query_count": 1}, "text_state": "missing_text", "valid_mrr_delta_vs_bv1": 0.0}, "relation=7|side=tail_prediction|text=both_have_text": {"accepted": false, "fallback_alpha": 0.0, "fallback_lambda": 1.0, "fallback_valid_metrics": {"hit1": 0.8, "hit10": 1.0, "hit3": 0.8, "mr": 2.4, "mrr": 0.825, "query_count": 5}, "group": "relation=7|side=tail_prediction|text=both_have_text", "group_search_enabled": false, "level": "level1", "query_count": 5, "reason": "fixed_default_parameters", "selected_alpha": 0.0, "selected_lambda": 1.0, "selected_valid_metrics": {"hit1": 0.8, "hit10": 1.0, "hit3": 0.8, "mr": 2.4, "mrr": 0.825, "query_count": 5}, "text_state": "both_have_text", "valid_mrr_delta_vs_bv1": 0.0}, "relation=7|side=tail_prediction|text=missing_text": {"accepted": false, "fallback_alpha": 0.0, "fallback_lambda": 1.0, "fallback_valid_metrics": {"hit1": 0.0, "hit10": 0.0, "hit3": 0.0, "mr": 132.0, "mrr": 0.007575757575757576, "query_count": 1}, "group": "relation=7|side=tail_prediction|text=missing_text", "group_search_enabled": false, "level": "level1", "query_count": 1, "reason": "fixed_default_parameters", "selected_alpha": 0.0, "selected_lambda": 1.0, "selected_valid_metrics": {"hit1": 0.0, "hit10": 0.0, "hit3": 0.0, "mr": 132.0, "mrr": 0.007575757575757576, "query_count": 1}, "text_state": "missing_text", "valid_mrr_delta_vs_bv1": 0.0}, "relation=8|side=head_prediction|text=both_have_text": {"accepted": false, "fallback_alpha": 0.0, "fallback_lambda": 1.0, "fallback_valid_metrics": {"hit1": 0.25, "hit10": 1.0, "hit3": 1.0, "mr": 1.75, "mrr": 0.625, "query_count": 4}, "group": "relation=8|side=head_prediction|text=both_have_text", "group_search_enabled": false, "level": "level1", "query_count": 4, "reason": "fixed_default_parameters", "selected_alpha": 0.0, "selected_lambda": 1.0, "selected_valid_metrics": {"hit1": 0.25, "hit10": 1.0, "hit3": 1.0, "mr": 1.75, "mrr": 0.625, "query_count": 4}, "text_state": "both_have_text", "valid_mrr_delta_vs_bv1": 0.0}, "relation=8|side=head_prediction|text=missing_text": {"accepted": false, "fallback_alpha": 0.0, "fallback_lambda": 1.0, "fallback_valid_metrics": {"hit1": 0.5263157894736842, "hit10": 0.7894736842105263, "hit3": 0.7894736842105263, "mr": 420.2631578947368, "mrr": 0.6586430370088683, "query_count": 19}, "group": "relation=8|side=head_prediction|text=missing_text", "group_search_enabled": false, "level": "level1", "query_count": 19, "reason": "fixed_default_parameters", "selected_alpha": 0.0, "selected_lambda": 1.0, "selected_valid_metrics": {"hit1": 0.5263157894736842, "hit10": 0.7894736842105263, "hit3": 0.7894736842105263, "mr": 420.2631578947368, "mrr": 0.6586430370088683, "query_count": 19}, "text_state": "missing_text", "valid_mrr_delta_vs_bv1": 0.0}, "relation=8|side=tail_prediction|text=both_have_text": {"accepted": false, "fallback_alpha": 0.0, "fallback_lambda": 1.0, "fallback_valid_metrics": {"hit1": 0.25, "hit10": 1.0, "hit3": 1.0, "mr": 1.75, "mrr": 0.625, "query_count": 4}, "group": "relation=8|side=tail_prediction|text=both_have_text", "group_search_enabled": false, "level": "level1", "query_count": 4, "reason": "fixed_default_parameters", "selected_alpha": 0.0, "selected_lambda": 1.0, "selected_valid_metrics": {"hit1": 0.25, "hit10": 1.0, "hit3": 1.0, "mr": 1.75, "mrr": 0.625, "query_count": 4}, "text_state": "both_have_text", "valid_mrr_delta_vs_bv1": 0.0}, "relation=8|side=tail_prediction|text=missing_text": {"accepted": false, "fallback_alpha": 0.0, "fallback_lambda": 1.0, "fallback_valid_metrics": {"hit1": 0.5789473684210527, "hit10": 0.7894736842105263, "hit3": 0.7894736842105263, "mr": 451.05263157894734, "mrr": 0.6847822261498495, "query_count": 19}, "group": "relation=8|side=tail_prediction|text=missing_text", "group_search_enabled": false, "level": "level1", "query_count": 19, "reason": "fixed_default_parameters", "selected_alpha": 0.0, "selected_lambda": 1.0, "selected_valid_metrics": {"hit1": 0.5789473684210527, "hit10": 0.7894736842105263, "hit3": 0.7894736842105263, "mr": 451.05263157894734, "mrr": 0.6847822261498495, "query_count": 19}, "text_state": "missing_text", "valid_mrr_delta_vs_bv1": 0.0}, "relation=9|side=head_prediction|text=both_have_text": {"accepted": false, "fallback_alpha": 0.0, "fallback_lambda": 1.0, "fallback_valid_metrics": {"hit1": 0.06593406593406594, "hit10": 0.15384615384615385, "hit3": 0.08791208791208792, "mr": 229.8131868131868, "mrr": 0.10445843182388667, "query_count": 91}, "group": "relation=9|side=head_prediction|text=both_have_text", "group_search_enabled": false, "level": "level1", "query_count": 91, "reason": "fixed_default_parameters", "selected_alpha": 0.0, "selected_lambda": 1.0, "selected_valid_metrics": {"hit1": 0.06593406593406594, "hit10": 0.15384615384615385, "hit3": 0.08791208791208792, "mr": 229.8131868131868, "mrr": 0.10445843182388667, "query_count": 91}, "text_state": "both_have_text", "valid_mrr_delta_vs_bv1": 0.0}, "relation=9|side=head_prediction|text=missing_text": {"accepted": false, "fallback_alpha": 0.0, "fallback_lambda": 1.0, "fallback_valid_metrics": {"hit1": 0.02622950819672131, "hit10": 0.13114754098360656, "hit3": 0.05573770491803279, "mr": 1197.816393442623, "mrr": 0.058329632564463024, "query_count": 305}, "group": "relation=9|side=head_prediction|text=missing_text", "group_search_enabled": false, "level": "level1", "query_count": 305, "reason": "fixed_default_parameters", "selected_alpha": 0.0, "selected_lambda": 1.0, "selected_valid_metrics": {"hit1": 0.02622950819672131, "hit10": 0.13114754098360656, "hit3": 0.05573770491803279, "mr": 1197.816393442623, "mrr": 0.058329632564463024, "query_count": 305}, "text_state": "missing_text", "valid_mrr_delta_vs_bv1": 0.0}, "relation=9|side=tail_prediction|text=both_have_text": {"accepted": false, "fallback_alpha": 0.0, "fallback_lambda": 1.0, "fallback_valid_metrics": {"hit1": 0.03296703296703297, "hit10": 0.0989010989010989, "hit3": 0.07692307692307693, "mr": 453.3296703296703, "mrr": 0.0655100789737045, "query_count": 91}, "group": "relation=9|side=tail_prediction|text=both_have_text", "group_search_enabled": false, "level": "level1", "query_count": 91, "reason": "fixed_default_parameters", "selected_alpha": 0.0, "selected_lambda": 1.0, "selected_valid_metrics": {"hit1": 0.03296703296703297, "hit10": 0.0989010989010989, "hit3": 0.07692307692307693, "mr": 453.3296703296703, "mrr": 0.0655100789737045, "query_count": 91}, "text_state": "both_have_text", "valid_mrr_delta_vs_bv1": 0.0}, "relation=9|side=tail_prediction|text=missing_text": {"accepted": false, "fallback_alpha": 0.0, "fallback_lambda": 1.0, "fallback_valid_metrics": {"hit1": 0.02622950819672131, "hit10": 0.08196721311475409, "hit3": 0.03934426229508197, "mr": 2166.7639344262293, "mrr": 0.04520744489882157, "query_count": 305}, "group": "relation=9|side=tail_prediction|text=missing_text", "group_search_enabled": false, "level": "level1", "query_count": 305, "reason": "fixed_default_parameters", "selected_alpha": 0.0, "selected_lambda": 1.0, "selected_valid_metrics": {"hit1": 0.02622950819672131, "hit10": 0.08196721311475409, "hit3": 0.03934426229508197, "mr": 2166.7639344262293, "mrr": 0.04520744489882157, "query_count": 305}, "text_state": "missing_text", "valid_mrr_delta_vs_bv1": 0.0}}, "level2": {"side=head_prediction|text=both_have_text": {"accepted": false, "fallback_alpha": 0.0, "fallback_lambda": 1.0, "fallback_valid_metrics": {"hit1": 0.41160949868073876, "hit10": 0.5620052770448549, "hit3": 0.48284960422163586, "mr": 175.77044854881265, "mrr": 0.4659223657115994, "query_count": 379}, "group": "side=head_prediction|text=both_have_text", "group_search_enabled": false, "level": "level2", "query_count": 379, "reason": "fixed_default_parameters", "selected_alpha": 0.0, "selected_lambda": 1.0, "selected_valid_metrics": {"hit1": 0.41160949868073876, "hit10": 0.5620052770448549, "hit3": 0.48284960422163586, "mr": 175.77044854881265, "mrr": 0.4659223657115994, "query_count": 379}, "text_state": "both_have_text", "valid_mrr_delta_vs_bv1": 0.0}, "side=head_prediction|text=missing_text": {"accepted": false, "fallback_alpha": 0.0, "fallback_lambda": 1.0, "fallback_valid_metrics": {"hit1": 0.24947589098532494, "hit10": 0.3689727463312369, "hit3": 0.319706498951782, "mr": 1322.9769392033543, "mrr": 0.29338400445122914, "query_count": 954}, "group": "side=head_prediction|text=missing_text", "group_search_enabled": false, "level": "level2", "query_count": 954, "reason": "fixed_default_parameters", "selected_alpha": 0.0, "selected_lambda": 1.0, "selected_valid_metrics": {"hit1": 0.24947589098532494, "hit10": 0.3689727463312369, "hit3": 0.319706498951782, "mr": 1322.9769392033543, "mrr": 0.29338400445122914, "query_count": 954}, "text_state": "missing_text", "valid_mrr_delta_vs_bv1": 0.0}, "side=tail_prediction|text=both_have_text": {"accepted": false, "fallback_alpha": 0.0, "fallback_lambda": 1.0, "fallback_valid_metrics": {"hit1": 0.41688654353562005, "hit10": 0.5699208443271768, "hit3": 0.503957783641161, "mr": 235.22427440633246, "mrr": 0.47343392451788524, "query_count": 379}, "group": "side=tail_prediction|text=both_have_text", "group_search_enabled": false, "level": "level2", "query_count": 379, "reason": "fixed_default_parameters", "selected_alpha": 0.0, "selected_lambda": 1.0, "selected_valid_metrics": {"hit1": 0.41688654353562005, "hit10": 0.5699208443271768, "hit3": 0.503957783641161, "mr": 235.22427440633246, "mrr": 0.47343392451788524, "query_count": 379}, "text_state": "both_have_text", "valid_mrr_delta_vs_bv1": 0.0}, "side=tail_prediction|text=missing_text": {"accepted": false, "fallback_alpha": 0.0, "fallback_lambda": 1.0, "fallback_valid_metrics": {"hit1": 0.25471698113207547, "hit10": 0.35115303983228513, "hit3": 0.3060796645702306, "mr": 1621.5335429769393, "mrr": 0.2907488458133014, "query_count": 954}, "group": "side=tail_prediction|text=missing_text", "group_search_enabled": false, "level": "level2", "query_count": 954, "reason": "fixed_default_parameters", "selected_alpha": 0.0, "selected_lambda": 1.0, "selected_valid_metrics": {"hit1": 0.25471698113207547, "hit10": 0.35115303983228513, "hit3": 0.3060796645702306, "mr": 1621.5335429769393, "mrr": 0.2907488458133014, "query_count": 954}, "text_state": "missing_text", "valid_mrr_delta_vs_bv1": 0.0}}, "level3": {"text=both_have_text": {"accepted": false, "fallback_alpha": 0.0, "fallback_lambda": 1.0, "fallback_valid_metrics": {"hit1": 0.41424802110817943, "hit10": 0.5659630606860159, "hit3": 0.49340369393139843, "mr": 205.49736147757255, "mrr": 0.4696781451147423, "query_count": 758}, "group": "text=both_have_text", "group_search_enabled": false, "level": "level3", "query_count": 758, "reason": "fixed_default_parameters", "selected_alpha": 0.0, "selected_lambda": 1.0, "selected_valid_metrics": {"hit1": 0.41424802110817943, "hit10": 0.5659630606860159, "hit3": 0.49340369393139843, "mr": 205.49736147757255, "mrr": 0.4696781451147423, "query_count": 758}, "text_state": "both_have_text", "valid_mrr_delta_vs_bv1": 0.0}, "text=missing_text": {"accepted": false, "fallback_alpha": 0.0, "fallback_lambda": 1.0, "fallback_valid_metrics": {"hit1": 0.2520964360587002, "hit10": 0.360062893081761, "hit3": 0.3128930817610063, "mr": 1472.2552410901467, "mrr": 0.29206642513226533, "query_count": 1908}, "group": "text=missing_text", "group_search_enabled": false, "level": "level3", "query_count": 1908, "reason": "fixed_default_parameters", "selected_alpha": 0.0, "selected_lambda": 1.0, "selected_valid_metrics": {"hit1": 0.2520964360587002, "hit10": 0.360062893081761, "hit3": 0.3128930817610063, "mr": 1472.2552410901467, "mrr": 0.29206642513226533, "query_count": 1908}, "text_state": "missing_text", "valid_mrr_delta_vs_bv1": 0.0}}}, "hpsac_calibration_overall_metrics": {"count": 2666, "count_type": "query", "hit1": 0.2981995498874719, "hit10": 0.4186046511627907, "hit3": 0.3642160540135034, "mr": 1112.0892723180796, "mrr": 0.3425651812263079, "triple_count": 1333}, "hpsac_calibration_subset_metrics": {"head_and_tail_have_text": {"count": 758, "count_type": "query", "hit1": 0.41424802110817943, "hit10": 0.5659630606860159, "hit3": 0.49340369393139843, "mr": 205.49736147757255, "mrr": 0.4696781451147423, "triple_count": 379}, "head_missing_text": {"count": 1222, "count_type": "query", "hit1": 0.24549918166939444, "hit10": 0.34942716857610473, "hit3": 0.30851063829787234, "mr": 1592.495908346972, "mrr": 0.285512961805809, "triple_count": 611}, "head_or_tail_both_have_text": {"count": 758, "count_type": "query", "hit1": 0.41424802110817943, "hit10": 0.5659630606860159, "hit3": 0.49340369393139843, "mr": 205.49736147757255, "mrr": 0.4696781451147423, "triple_count": 379}, "head_or_tail_missing_text": {"count": 1908, "count_type": "query", "hit1": 0.2520964360587002, "hit10": 0.360062893081761, "hit3": 0.3128930817610063, "mr": 1472.2552410901467, "mrr": 0.29206642513226533, "triple_count": 954}, "tail_missing_text": {"count": 1312, "count_type": "query", "hit1": 0.23628048780487804, "hit10": 0.3361280487804878, "hit3": 0.2919207317073171, "mr": 1500.5998475609756, "mrr": 0.2731071481655296, "triple_count": 656}}, "hpsac_stats": {"all_levels_accepted_ratio": 0.0, "all_levels_accepted_specific_parameter_group_count": 0, "all_levels_fallback_default_group_count": 86, "all_levels_fallback_group_count": 86, "all_levels_fallback_ratio": 1.0, "all_levels_specific_parameter_group_count": 0, "all_levels_total_group_count": 86, "effective_level1_policy": {"default_fallback_group_count": 80, "default_fallback_ratio": 1.0, "reason_counts": {"fixed_default_parameters": 80}, "resolved_level_counts": {"level1": 80}, "specific_parameter_group_count": 0, "specific_parameter_ratio": 0.0, "total_group_count": 80}, "fallback_alpha": 0.0, "fallback_lambda": 1.0, "levels": {"level1": {"accepted_ratio": 0.0, "accepted_specific_parameter_group_count": 0, "fallback_default_group_count": 80, "fallback_group_count": 80, "fallback_ratio": 1.0, "insufficient_validation_queries_group_count": 0, "missing_text_locked_group_count": 0, "missing_text_mrr_below_bv1_group_count": 0, "no_candidate_group_count": 0, "pareto_safe_rejected_group_count": 0, "reason_counts": {"fixed_default_parameters": 80}, "specific_parameter_group_count": 0, "total_group_count": 80}, "level2": {"accepted_ratio": 0.0, "accepted_specific_parameter_group_count": 0, "fallback_default_group_count": 4, "fallback_group_count": 4, "fallback_ratio": 1.0, "insufficient_validation_queries_group_count": 0, "missing_text_locked_group_count": 0, "missing_text_mrr_below_bv1_group_count": 0, "no_candidate_group_count": 0, "pareto_safe_rejected_group_count": 0, "reason_counts": {"fixed_default_parameters": 4}, "specific_parameter_group_count": 0, "total_group_count": 4}, "level3": {"accepted_ratio": 0.0, "accepted_specific_parameter_group_count": 0, "fallback_default_group_count": 2, "fallback_group_count": 2, "fallback_ratio": 1.0, "insufficient_validation_queries_group_count": 0, "missing_text_locked_group_count": 0, "missing_text_mrr_below_bv1_group_count": 0, "no_candidate_group_count": 0, "pareto_safe_rejected_group_count": 0, "reason_counts": {"fixed_default_parameters": 2}, "specific_parameter_group_count": 0, "total_group_count": 2}}, "min_group_queries": 30, "min_group_queries_name": "N_min", "safe_delta": 0.0002, "safe_delta_name": "delta"}, "inject_text_missing_rate": 0.3, "injected_text_count": 3695, "injection_info": {"additional_masked_count": 3695, "available_text_before": 12316, "inject_rate_applied": 0.30001623903864894, "inject_rate_requested": 0.3, "loaded_mask_metadata": {"additional_masked_count": 3695, "available_text_before": 12316, "available_text_degree_summary": {"count": 12316, "degree_max": 78, "degree_mean": 2.771841526031494, "degree_min": 0}, "degree_observed_triple_count": 21310, "degree_source_splits": ["train2id.txt"], "degree_strategy": "low_degree", "inject_rate_applied": 0.30001623903864894, "inject_rate_requested": 0.3, "loaded_mask_metadata": {}, "mask_checksum_sha256": "500e660692f0decd75ba57c71d0d5b31ecfc10b05756832f67ea40ff7ae3417f", "mask_path": null, "mask_scope": "entity_level_shared_across_train_valid_test", "mask_source": "generated", "mask_strategy": "low_degree", "masked_entity_ids_preview": [13, 22, 26, 27, 59, 64, 67, 70, 90, 129, 136, 152, 157, 162, 173, 177, 224, 244, 245, 246], "masked_text_degree_summary": {"count": 3695, "degree_max": 2, "degree_mean": 0.9290933609008789, "degree_min": 0}, "missingness_unit": "entity", "save_mask_path": "/mnt/c/Users/15513/Desktop/\u5b9e\u9a8c/\u5b9e\u9a8c\u5ba44090\u4e0a\u7684\u6587\u4ef6/DHNS-main/masks/MKG-Y_low_degree_text30_seed0.pt", "seed": 0}, "mask_checksum_sha256": "500e660692f0decd75ba57c71d0d5b31ecfc10b05756832f67ea40ff7ae3417f", "mask_path": "/mnt/c/Users/15513/Desktop/\u5b9e\u9a8c/\u5b9e\u9a8c\u5ba44090\u4e0a\u7684\u6587\u4ef6/DHNS-main/masks/MKG-Y_low_degree_text30_seed0.pt", "mask_scope": "entity_level_shared_across_train_valid_test", "mask_source": "loaded_file", "mask_strategy": "low_degree", "masked_entity_ids_preview": [13, 22, 26, 27, 59, 64, 67, 70, 90, 129, 136, 152, 157, 162, 173, 177, 224, 244, 245, 246], "missingness_unit": "entity", "save_mask_path": null, "seed": 0}, "lambda_grid": [1.0], "level1_group_count": 80, "lock_missing_text": false, "min_group_queries": 30, "missing_text_count": 6379, "non_fallback_both_have_text_group_count": 0, "non_fallback_effective_group_count": 0, "relation_count": 28, "requested_alpha_grid": [0.0], "requested_lambda_grid": [1.0], "retrieval_pool_size": 512, "retrieval_source": "entity_embedding_knn", "retrieval_topk": 5, "runtime_cost": {"eval_wall_time_sec": 381.62740775797283}, "safe_delta": 0.0002, "save_text_missing_mask_path": null, "separate_calibration_split": true, "simulate_native_text_missing_rate": 0.0, "simulated_native_text_missing_count": 0, "simulated_native_text_missing_info": null, "temperature_grid": [0.5, 0.75, 1.0, 1.25, 1.5, 2.0], "temperature_selected_config": null, "test_bv1_overall_metrics": {"count": 5326, "count_type": "query", "hit1": 0.3212542245587683, "hit10": 0.44329703342095383, "hit3": 0.39279008636875706, "mr": 1058.1077731881337, "mrr": 0.36778171312065544, "triple_count": 2663}, "test_bv1_subset_metrics": {"head_and_tail_have_text": {"count": 1614, "count_type": "query", "hit1": 0.4454770755885997, "hit10": 0.6164807930607187, "hit3": 0.547087980173482, "mr": 210.16790582403965, "mrr": 0.5105952221757887, "triple_count": 807}, "head_missing_text": {"count": 2300, "count_type": "query", "hit1": 0.2678260869565217, "hit10": 0.36782608695652175, "hit3": 0.3243478260869565, "mr": 1459.7547826086957, "mrr": 0.305608909885482, "triple_count": 1150}, "head_or_tail_both_have_text": {"count": 1614, "count_type": "query", "hit1": 0.4454770755885997, "hit10": 0.6164807930607187, "hit3": 0.547087980173482, "mr": 210.16790582403965, "mrr": 0.5105952221757887, "triple_count": 807}, "head_or_tail_missing_text": {"count": 3712, "count_type": "query", "hit1": 0.2672413793103448, "hit10": 0.36799568965517243, "hit3": 0.32570043103448276, "mr": 1426.7971443965516, "mrr": 0.3056855375778254, "triple_count": 1856}, "tail_missing_text": {"count": 2624, "count_type": "query", "hit1": 0.24314024390243902, "hit10": 0.3357469512195122, "hit3": 0.29535060975609756, "mr": 1606.0987042682927, "mrr": 0.27799624215460766, "triple_count": 1312}}, "test_delta_vs_bv1": {"head_and_tail_have_text": {"hit1": 0.0, "hit10": 0.0, "hit3": 0.0, "mr": 0.0, "mrr": 0.0}, "head_missing_text": {"hit1": 0.0, "hit10": 0.0, "hit3": 0.0, "mr": 0.0, "mrr": 0.0}, "head_or_tail_missing_text": {"hit1": 0.0, "hit10": 0.0, "hit3": 0.0, "mr": 0.0, "mrr": 0.0}, "overall": {"hit1": 0.0, "hit10": 0.0, "hit3": 0.0, "mr": 0.0, "mrr": 0.0}, "tail_missing_text": {"hit1": 0.0, "hit10": 0.0, "hit3": 0.0, "mr": 0.0, "mrr": 0.0}}, "test_missing_text_equal_bv1": true, "test_overall_metrics": {"count": 5326, "count_type": "query", "hit1": 0.3212542245587683, "hit10": 0.44329703342095383, "hit3": 0.39279008636875706, "mr": 1058.1077731881337, "mrr": 0.36778171312065544, "triple_count": 2663}, "test_policy_counts": {"level1|lambda=1.00|alpha=0.0": 5296, "level2|lambda=1.00|alpha=0.0": 30}, "test_subset_metrics": {"head_and_tail_have_text": {"count": 1614, "count_type": "query", "hit1": 0.4454770755885997, "hit10": 0.6164807930607187, "hit3": 0.547087980173482, "mr": 210.16790582403965, "mrr": 0.5105952221757887, "triple_count": 807}, "head_missing_text": {"count": 2300, "count_type": "query", "hit1": 0.2678260869565217, "hit10": 0.36782608695652175, "hit3": 0.3243478260869565, "mr": 1459.7547826086957, "mrr": 0.305608909885482, "triple_count": 1150}, "head_or_tail_both_have_text": {"count": 1614, "count_type": "query", "hit1": 0.4454770755885997, "hit10": 0.6164807930607187, "hit3": 0.547087980173482, "mr": 210.16790582403965, "mrr": 0.5105952221757887, "triple_count": 807}, "head_or_tail_missing_text": {"count": 3712, "count_type": "query", "hit1": 0.2672413793103448, "hit10": 0.36799568965517243, "hit3": 0.32570043103448276, "mr": 1426.7971443965516, "mrr": 0.3056855375778254, "triple_count": 1856}, "tail_missing_text": {"count": 2624, "count_type": "query", "hit1": 0.24314024390243902, "hit10": 0.3357469512195122, "hit3": 0.29535060975609756, "mr": 1606.0987042682927, "mrr": 0.27799624215460766, "triple_count": 1312}}, "text_missing_mask_path": "/mnt/c/Users/15513/Desktop/\u5b9e\u9a8c/\u5b9e\u9a8c\u5ba44090\u4e0a\u7684\u6587\u4ef6/DHNS-main/masks/MKG-Y_low_degree_text30_seed0.pt", "text_missing_mask_seed": 0, "text_missing_mask_strategy": "low_degree", "validation_bv1_overall_metrics": {"count": 2666, "count_type": "query", "hit1": 0.2981995498874719, "hit10": 0.4186046511627907, "hit3": 0.3642160540135034, "mr": 1112.0892723180796, "mrr": 0.3425651812263079, "triple_count": 1333}, "validation_bv1_subset_metrics": {"head_and_tail_have_text": {"count": 758, "count_type": "query", "hit1": 0.41424802110817943, "hit10": 0.5659630606860159, "hit3": 0.49340369393139843, "mr": 205.49736147757255, "mrr": 0.4696781451147423, "triple_count": 379}, "head_missing_text": {"count": 1222, "count_type": "query", "hit1": 0.24549918166939444, "hit10": 0.34942716857610473, "hit3": 0.30851063829787234, "mr": 1592.495908346972, "mrr": 0.285512961805809, "triple_count": 611}, "head_or_tail_both_have_text": {"count": 758, "count_type": "query", "hit1": 0.41424802110817943, "hit10": 0.5659630606860159, "hit3": 0.49340369393139843, "mr": 205.49736147757255, "mrr": 0.4696781451147423, "triple_count": 379}, "head_or_tail_missing_text": {"count": 1908, "count_type": "query", "hit1": 0.2520964360587002, "hit10": 0.360062893081761, "hit3": 0.3128930817610063, "mr": 1472.2552410901467, "mrr": 0.29206642513226533, "triple_count": 954}, "tail_missing_text": {"count": 1312, "count_type": "query", "hit1": 0.23628048780487804, "hit10": 0.3361280487804878, "hit3": 0.2919207317073171, "mr": 1500.5998475609756, "mrr": 0.2731071481655296, "triple_count": 656}}, "validation_delta_vs_bv1": {"head_and_tail_have_text": {"hit1": 0.0, "hit10": 0.0, "hit3": 0.0, "mr": 0.0, "mrr": 0.0}, "head_missing_text": {"hit1": 0.0, "hit10": 0.0, "hit3": 0.0, "mr": 0.0, "mrr": 0.0}, "head_or_tail_missing_text": {"hit1": 0.0, "hit10": 0.0, "hit3": 0.0, "mr": 0.0, "mrr": 0.0}, "overall": {"hit1": 0.0, "hit10": 0.0, "hit3": 0.0, "mr": 0.0, "mrr": 0.0}, "tail_missing_text": {"hit1": 0.0, "hit10": 0.0, "hit3": 0.0, "mr": 0.0, "mrr": 0.0}}, "validation_metrics_scope": "hpsac_calibration_half", "validation_missing_text_equal_bv1": true, "validation_overall_metrics": {"count": 2666, "count_type": "query", "hit1": 0.2981995498874719, "hit10": 0.4186046511627907, "hit3": 0.3642160540135034, "mr": 1112.0892723180796, "mrr": 0.3425651812263079, "triple_count": 1333}, "validation_policy_counts": {"level1|lambda=1.00|alpha=0.0": 2666}, "validation_split_info": {"hpsac_calibration_index_checksum_sha256": "00df99633122679f3703abb0e81b2cdec1ef316795ec82541377af69888eaccf", "hpsac_calibration_indices_preview": [950, 1243, 100, 1418, 1817, 2211, 2647, 896, 2295, 622, 85, 193, 1435, 2508, 1372, 105, 1815, 1245, 1597, 192], "hpsac_calibration_triple_count": 1333, "hpsac_partition_usage": "groupwise_lambda_alpha_selection_and_safety_checks", "hyperparameter_partition_usage": "reserved_for_upstream_epoch_learning_rate_and_base_model_selection", "hyperparameter_selection_index_checksum_sha256": "5ddf46e3532aedc62a18aa8fa88010aba9e4eb23c60842a102006880c8bd8d15", "hyperparameter_selection_indices_preview": [147, 886, 2371, 370, 1791, 2659, 304, 923, 1511, 196, 1506, 2545, 1887, 641, 937, 808, 968, 840, 1459, 2156], "hyperparameter_selection_triple_count": 1332, "mode": "random_50_50_separate_calibration", "original_validation_triple_count": 2665, "partitions_cover_validation": true, "partitions_disjoint": true, "random_generator": "numpy.random.default_rng(PCG64)", "separate_calibration_split": true, "validation_split_seed": 2026}, "validation_split_seed": 2026, "validation_subset_metrics": {"head_and_tail_have_text": {"count": 758, "count_type": "query", "hit1": 0.41424802110817943, "hit10": 0.5659630606860159, "hit3": 0.49340369393139843, "mr": 205.49736147757255, "mrr": 0.4696781451147423, "triple_count": 379}, "head_missing_text": {"count": 1222, "count_type": "query", "hit1": 0.24549918166939444, "hit10": 0.34942716857610473, "hit3": 0.30851063829787234, "mr": 1592.495908346972, "mrr": 0.285512961805809, "triple_count": 611}, "head_or_tail_both_have_text": {"count": 758, "count_type": "query", "hit1": 0.41424802110817943, "hit10": 0.5659630606860159, "hit3": 0.49340369393139843, "mr": 205.49736147757255, "mrr": 0.4696781451147423, "triple_count": 379}, "head_or_tail_missing_text": {"count": 1908, "count_type": "query", "hit1": 0.2520964360587002, "hit10": 0.360062893081761, "hit3": 0.3128930817610063, "mr": 1472.2552410901467, "mrr": 0.29206642513226533, "triple_count": 954}, "tail_missing_text": {"count": 1312, "count_type": "query", "hit1": 0.23628048780487804, "hit10": 0.3361280487804878, "hit3": 0.2919207317073171, "mr": 1500.5998475609756, "mrr": 0.2731071481655296, "triple_count": 656}}}
