/mnt/c/Users/15513/Desktop/实验/实验室4090上的文件/DHNS-main/eval_hpsac.py:954: FutureWarning: You are using `torch.load` with `weights_only=False` (the current default value), which uses the default pickle module implicitly. It is possible to construct malicious pickle data which will execute arbitrary code during unpickling (See https://github.com/pytorch/pytorch/blob/main/SECURITY.md#untrusted-models for more details). In a future release, the default value for `weights_only` will be flipped to `True`. This limits the functions that could be executed during unpickling. Arbitrary objects will no longer be allowed to be loaded via this mode unless they are explicitly allowlisted by the user via `torch.serialization.add_safe_globals`. We recommend you start setting `weights_only=True` for any use case where you don't have full control of the loaded file. Please open an issue on GitHub for any issues related to this experimental feature.
  img_emb = torch.load(visual_path, map_location="cpu")
/mnt/c/Users/15513/Desktop/实验/实验室4090上的文件/DHNS-main/eval_hpsac.py:955: FutureWarning: You are using `torch.load` with `weights_only=False` (the current default value), which uses the default pickle module implicitly. It is possible to construct malicious pickle data which will execute arbitrary code during unpickling (See https://github.com/pytorch/pytorch/blob/main/SECURITY.md#untrusted-models for more details). In a future release, the default value for `weights_only` will be flipped to `True`. This limits the functions that could be executed during unpickling. Arbitrary objects will no longer be allowed to be loaded via this mode unless they are explicitly allowlisted by the user via `torch.serialization.add_safe_globals`. We recommend you start setting `weights_only=True` for any use case where you don't have full control of the loaded file. Please open an issue on GitHub for any issues related to this experimental feature.
  text_emb = torch.load(textual_path, map_location="cpu")
/mnt/c/Users/15513/Desktop/实验/实验室4090上的文件/DHNS-main/missing_text_protocol.py:72: FutureWarning: You are using `torch.load` with `weights_only=False` (the current default value), which uses the default pickle module implicitly. It is possible to construct malicious pickle data which will execute arbitrary code during unpickling (See https://github.com/pytorch/pytorch/blob/main/SECURITY.md#untrusted-models for more details). In a future release, the default value for `weights_only` will be flipped to `True`. This limits the functions that could be executed during unpickling. Arbitrary objects will no longer be allowed to be loaded via this mode unless they are explicitly allowlisted by the user via `torch.serialization.add_safe_globals`. We recommend you start setting `weights_only=True` for any use case where you don't have full control of the loaded file. Please open an issue on GitHub for any issues related to this experimental feature.
  payload = torch.load(path, map_location="cpu")
HPSAC config | dataset=MKG-Y | lambda_grid=1.0 | alpha_grid=0.0 | temperature_grid=0.5,0.75,1.0,1.25,1.5,2.0 | min_group_queries=30 | safe_delta=0.000200 | calibration_mode=temperature
HPSAC validation partition | separate_calibration_split=True | split_seed=2026
HPSAC injected text missingness | requested=0.3000 | applied=0.3000 | count=3695
HPSAC text mask | strategy=low_degree | source=loaded_file | checksum=c913edd722b7eb42d8cdbc248b7c16469a13a91c24ebe3ed19e2d6dd8d9b330b
HPSAC MT guard | lock_missing_text=False
HPSAC safety | training=False | new_network=False | internal_scoring_unchanged=True
/mnt/c/Users/15513/Desktop/实验/实验室4090上的文件/DHNS-main/eval_vgse.py:257: FutureWarning: You are using `torch.load` with `weights_only=False` (the current default value), which uses the default pickle module implicitly. It is possible to construct malicious pickle data which will execute arbitrary code during unpickling (See https://github.com/pytorch/pytorch/blob/main/SECURITY.md#untrusted-models for more details). In a future release, the default value for `weights_only` will be flipped to `True`. This limits the functions that could be executed during unpickling. Arbitrary objects will no longer be allowed to be loaded via this mode unless they are explicitly allowlisted by the user via `torch.serialization.add_safe_globals`. We recommend you start setting `weights_only=True` for any use case where you don't have full control of the loaded file. Please open an issue on GitHub for any issues related to this experimental feature.
  state_dict = torch.load(checkpoint_path, map_location="cpu")
HPSAC validation split | total=2665 | hyperparameter_selection=1332 | hpsac_calibration=1333 | calibration_checksum=00df99633122679f3703abb0e81b2cdec1ef316795ec82541377af69888eaccf

HPSAC valid search:   0%|          | 0/1333 [00:00<?, ?it/s]Active modalities | phase=eval | text_branch_enabled=True | modality_count=3 | modalities=structural,visual,text
Active modalities | phase=eval | text_branch_enabled=True | modality_count=3 | modalities=structural,visual,text
Retrieval missing-text debug | phase=NA | role=NA | batch_entity_count=15000 | topk=5 | pool_size=512/8621 | relation_avg_pool=NA | fallback_ratio=0.0000 | agg_mean_norm=0.869621 | source=global_text_pool

HPSAC valid search:   0%|          | 1/1333 [00:00<09:07,  2.43it/s]
HPSAC valid search:   0%|          | 3/1333 [00:00<03:26,  6.43it/s]
HPSAC valid search:   0%|          | 5/1333 [00:00<02:25,  9.13it/s]
HPSAC valid search:   1%|          | 7/1333 [00:00<01:58, 11.17it/s]
HPSAC valid search:   1%|          | 9/1333 [00:00<01:47, 12.30it/s]
HPSAC valid search:   1%|          | 11/1333 [00:01<01:39, 13.30it/s]
HPSAC valid search:   1%|          | 13/1333 [00:01<01:36, 13.74it/s]
HPSAC valid search:   1%|          | 15/1333 [00:01<01:33, 14.15it/s]
HPSAC valid search:   1%|▏         | 17/1333 [00:01<01:30, 14.51it/s]
HPSAC valid search:   1%|▏         | 19/1333 [00:01<01:28, 14.81it/s]
HPSAC valid search:   2%|▏         | 21/1333 [00:01<01:27, 14.98it/s]
HPSAC valid search:   2%|▏         | 23/1333 [00:01<01:26, 15.11it/s]
HPSAC valid search:   2%|▏         | 25/1333 [00:01<01:26, 15.11it/s]
HPSAC valid search:   2%|▏         | 27/1333 [00:02<01:25, 15.20it/s]
HPSAC valid search:   2%|▏         | 29/1333 [00:02<01:25, 15.29it/s]
HPSAC valid search:   2%|▏         | 31/1333 [00:02<01:25, 15.28it/s]
HPSAC valid search:   2%|▏         | 33/1333 [00:02<01:25, 15.25it/s]
HPSAC valid search:   3%|▎         | 35/1333 [00:02<01:24, 15.28it/s]
HPSAC valid search:   3%|▎         | 37/1333 [00:02<01:24, 15.33it/s]
HPSAC valid search:   3%|▎         | 39/1333 [00:02<01:24, 15.30it/s]
HPSAC valid search:   3%|▎         | 41/1333 [00:03<01:24, 15.35it/s]
HPSAC valid search:   3%|▎         | 43/1333 [00:03<01:23, 15.38it/s]
HPSAC valid search:   3%|▎         | 45/1333 [00:03<01:23, 15.43it/s]
HPSAC valid search:   4%|▎         | 47/1333 [00:03<01:23, 15.33it/s]
HPSAC valid search:   4%|▎         | 49/1333 [00:03<01:23, 15.29it/s]
HPSAC valid search:   4%|▍         | 51/1333 [00:03<01:23, 15.37it/s]
HPSAC valid search:   4%|▍         | 53/1333 [00:03<01:24, 15.22it/s]
HPSAC valid search:   4%|▍         | 55/1333 [00:03<01:24, 15.16it/s]
HPSAC valid search:   4%|▍         | 57/1333 [00:04<01:23, 15.19it/s]
HPSAC valid search:   4%|▍         | 59/1333 [00:04<01:24, 15.15it/s]
HPSAC valid search:   5%|▍         | 61/1333 [00:04<01:23, 15.17it/s]
HPSAC valid search:   5%|▍         | 63/1333 [00:04<01:24, 15.10it/s]
HPSAC valid search:   5%|▍         | 65/1333 [00:04<01:23, 15.24it/s]
HPSAC valid search:   5%|▌         | 67/1333 [00:04<01:23, 15.18it/s]
HPSAC valid search:   5%|▌         | 69/1333 [00:04<01:22, 15.27it/s]
HPSAC valid search:   5%|▌         | 71/1333 [00:04<01:22, 15.27it/s]
HPSAC valid search:   5%|▌         | 73/1333 [00:05<01:23, 15.18it/s]
HPSAC valid search:   6%|▌         | 75/1333 [00:05<01:22, 15.31it/s]
HPSAC valid search:   6%|▌         | 77/1333 [00:05<01:22, 15.30it/s]
HPSAC valid search:   6%|▌         | 79/1333 [00:05<01:22, 15.22it/s]
HPSAC valid search:   6%|▌         | 81/1333 [00:05<01:21, 15.27it/s]
HPSAC valid search:   6%|▌         | 83/1333 [00:05<01:21, 15.28it/s]
HPSAC valid search:   6%|▋         | 85/1333 [00:05<01:21, 15.28it/s]
HPSAC valid search:   7%|▋         | 87/1333 [00:06<01:21, 15.31it/s]
HPSAC valid search:   7%|▋         | 89/1333 [00:06<01:21, 15.35it/s]
HPSAC valid search:   7%|▋         | 91/1333 [00:06<01:20, 15.41it/s]
HPSAC valid search:   7%|▋         | 93/1333 [00:06<01:20, 15.41it/s]
HPSAC valid search:   7%|▋         | 95/1333 [00:06<01:21, 15.27it/s]
HPSAC valid search:   7%|▋         | 97/1333 [00:06<01:20, 15.31it/s]
HPSAC valid search:   7%|▋         | 99/1333 [00:06<01:20, 15.35it/s]
HPSAC valid search:   8%|▊         | 101/1333 [00:06<01:20, 15.31it/s]
HPSAC valid search:   8%|▊         | 103/1333 [00:07<01:20, 15.30it/s]
HPSAC valid search:   8%|▊         | 105/1333 [00:07<01:20, 15.32it/s]
HPSAC valid search:   8%|▊         | 107/1333 [00:07<01:20, 15.28it/s]
HPSAC valid search:   8%|▊         | 109/1333 [00:07<01:19, 15.31it/s]
HPSAC valid search:   8%|▊         | 111/1333 [00:07<01:20, 15.27it/s]
HPSAC valid search:   8%|▊         | 113/1333 [00:07<01:20, 15.14it/s]
HPSAC valid search:   9%|▊         | 115/1333 [00:07<01:20, 15.17it/s]
HPSAC valid search:   9%|▉         | 117/1333 [00:08<01:19, 15.25it/s]
HPSAC valid search:   9%|▉         | 119/1333 [00:08<01:19, 15.31it/s]
HPSAC valid search:   9%|▉         | 121/1333 [00:08<01:19, 15.21it/s]
HPSAC valid search:   9%|▉         | 123/1333 [00:08<01:19, 15.26it/s]
HPSAC valid search:   9%|▉         | 125/1333 [00:08<01:18, 15.34it/s]
HPSAC valid search:  10%|▉         | 127/1333 [00:08<01:18, 15.31it/s]
HPSAC valid search:  10%|▉         | 129/1333 [00:08<01:18, 15.25it/s]
HPSAC valid search:  10%|▉         | 131/1333 [00:08<01:19, 15.11it/s]
HPSAC valid search:  10%|▉         | 133/1333 [00:09<01:19, 15.06it/s]
HPSAC valid search:  10%|█         | 135/1333 [00:09<01:19, 15.07it/s]
HPSAC valid search:  10%|█         | 137/1333 [00:09<01:18, 15.25it/s]
HPSAC valid search:  10%|█         | 139/1333 [00:09<01:18, 15.23it/s]
HPSAC valid search:  11%|█         | 141/1333 [00:09<01:18, 15.14it/s]
HPSAC valid search:  11%|█         | 143/1333 [00:09<01:19, 15.02it/s]
HPSAC valid search:  11%|█         | 145/1333 [00:09<01:19, 14.90it/s]
HPSAC valid search:  11%|█         | 147/1333 [00:09<01:20, 14.81it/s]
HPSAC valid search:  11%|█         | 149/1333 [00:10<01:20, 14.74it/s]
HPSAC valid search:  11%|█▏        | 151/1333 [00:10<01:21, 14.44it/s]
HPSAC valid search:  11%|█▏        | 153/1333 [00:10<01:21, 14.50it/s]
HPSAC valid search:  12%|█▏        | 155/1333 [00:10<01:21, 14.41it/s]
HPSAC valid search:  12%|█▏        | 157/1333 [00:10<01:20, 14.54it/s]
HPSAC valid search:  12%|█▏        | 159/1333 [00:10<01:20, 14.64it/s]
HPSAC valid search:  12%|█▏        | 161/1333 [00:10<01:19, 14.68it/s]
HPSAC valid search:  12%|█▏        | 163/1333 [00:11<01:19, 14.64it/s]
HPSAC valid search:  12%|█▏        | 165/1333 [00:11<01:19, 14.65it/s]
HPSAC valid search:  13%|█▎        | 167/1333 [00:11<01:19, 14.73it/s]
HPSAC valid search:  13%|█▎        | 169/1333 [00:11<01:19, 14.67it/s]
HPSAC valid search:  13%|█▎        | 171/1333 [00:11<01:19, 14.60it/s]
HPSAC valid search:  13%|█▎        | 173/1333 [00:11<01:20, 14.34it/s]
HPSAC valid search:  13%|█▎        | 175/1333 [00:11<01:21, 14.21it/s]
HPSAC valid search:  13%|█▎        | 177/1333 [00:12<01:21, 14.25it/s]
HPSAC valid search:  13%|█▎        | 179/1333 [00:12<01:22, 13.96it/s]
HPSAC valid search:  14%|█▎        | 181/1333 [00:12<01:21, 14.11it/s]
HPSAC valid search:  14%|█▎        | 183/1333 [00:12<01:21, 14.13it/s]
HPSAC valid search:  14%|█▍        | 185/1333 [00:12<01:20, 14.20it/s]
HPSAC valid search:  14%|█▍        | 187/1333 [00:12<01:20, 14.15it/s]
HPSAC valid search:  14%|█▍        | 189/1333 [00:12<01:20, 14.20it/s]
HPSAC valid search:  14%|█▍        | 191/1333 [00:13<01:20, 14.11it/s]
HPSAC valid search:  14%|█▍        | 193/1333 [00:13<01:20, 14.12it/s]
HPSAC valid search:  15%|█▍        | 195/1333 [00:13<01:20, 14.14it/s]
HPSAC valid search:  15%|█▍        | 197/1333 [00:13<01:20, 14.08it/s]
HPSAC valid search:  15%|█▍        | 199/1333 [00:13<01:20, 14.09it/s]
HPSAC valid search:  15%|█▌        | 201/1333 [00:13<01:18, 14.38it/s]
HPSAC valid search:  15%|█▌        | 203/1333 [00:13<01:17, 14.49it/s]
HPSAC valid search:  15%|█▌        | 205/1333 [00:14<01:18, 14.43it/s]
HPSAC valid search:  16%|█▋        | 219/1333 [00:14<00:26, 42.43it/s]
HPSAC valid search:  17%|█▋        | 224/1333 [00:14<00:41, 26.57it/s]
HPSAC valid search:  17%|█▋        | 228/1333 [00:14<00:50, 21.79it/s]
HPSAC valid search:  17%|█▋        | 231/1333 [00:15<00:56, 19.66it/s]
HPSAC valid search:  18%|█▊        | 234/1333 [00:15<01:01, 17.90it/s]
HPSAC valid search:  18%|█▊        | 237/1333 [00:15<01:06, 16.53it/s]
HPSAC valid search:  18%|█▊        | 239/1333 [00:15<01:08, 15.94it/s]
HPSAC valid search:  18%|█▊        | 241/1333 [00:15<01:10, 15.48it/s]
HPSAC valid search:  18%|█▊        | 243/1333 [00:15<01:12, 15.11it/s]
HPSAC valid search:  18%|█▊        | 245/1333 [00:16<01:13, 14.79it/s]
HPSAC valid search:  19%|█▊        | 247/1333 [00:16<01:14, 14.61it/s]
HPSAC valid search:  19%|█▊        | 249/1333 [00:16<01:14, 14.55it/s]
HPSAC valid search:  19%|█▉        | 251/1333 [00:16<01:15, 14.41it/s]
HPSAC valid search:  19%|█▉        | 253/1333 [00:16<01:16, 14.14it/s]
HPSAC valid search:  19%|█▉        | 255/1333 [00:16<01:16, 14.10it/s]
HPSAC valid search:  19%|█▉        | 257/1333 [00:16<01:17, 13.96it/s]
HPSAC valid search:  19%|█▉        | 259/1333 [00:17<01:16, 14.04it/s]
HPSAC valid search:  20%|█▉        | 261/1333 [00:17<01:16, 14.04it/s]
HPSAC valid search:  20%|█▉        | 263/1333 [00:17<01:15, 14.13it/s]
HPSAC valid search:  20%|█▉        | 265/1333 [00:17<01:15, 14.20it/s]
HPSAC valid search:  20%|██        | 267/1333 [00:17<01:14, 14.24it/s]
HPSAC valid search:  20%|██        | 269/1333 [00:17<01:14, 14.20it/s]
HPSAC valid search:  20%|██        | 271/1333 [00:17<01:15, 14.10it/s]
HPSAC valid search:  20%|██        | 273/1333 [00:18<01:16, 13.85it/s]
HPSAC valid search:  21%|██        | 275/1333 [00:18<01:15, 13.94it/s]
HPSAC valid search:  21%|██        | 277/1333 [00:18<01:15, 13.96it/s]
HPSAC valid search:  21%|██        | 279/1333 [00:18<01:15, 13.96it/s]
HPSAC valid search:  21%|██        | 281/1333 [00:18<01:14, 14.03it/s]
HPSAC valid search:  21%|██        | 283/1333 [00:18<01:15, 13.87it/s]
HPSAC valid search:  21%|██▏       | 285/1333 [00:18<01:14, 13.99it/s]
HPSAC valid search:  22%|██▏       | 287/1333 [00:19<01:14, 14.00it/s]
HPSAC valid search:  22%|██▏       | 289/1333 [00:19<01:14, 14.04it/s]
HPSAC valid search:  22%|██▏       | 291/1333 [00:19<01:14, 13.99it/s]
HPSAC valid search:  22%|██▏       | 293/1333 [00:19<01:13, 14.13it/s]
HPSAC valid search:  22%|██▏       | 295/1333 [00:19<01:12, 14.33it/s]
HPSAC valid search:  22%|██▏       | 297/1333 [00:19<01:12, 14.36it/s]
HPSAC valid search:  22%|██▏       | 299/1333 [00:19<01:11, 14.46it/s]
HPSAC valid search:  23%|██▎       | 301/1333 [00:20<01:11, 14.49it/s]
HPSAC valid search:  23%|██▎       | 303/1333 [00:20<01:11, 14.51it/s]
HPSAC valid search:  23%|██▎       | 305/1333 [00:20<01:10, 14.53it/s]
HPSAC valid search:  23%|██▎       | 307/1333 [00:20<01:10, 14.65it/s]
HPSAC valid search:  23%|██▎       | 309/1333 [00:20<01:09, 14.68it/s]
HPSAC valid search:  23%|██▎       | 311/1333 [00:20<01:09, 14.69it/s]
HPSAC valid search:  23%|██▎       | 313/1333 [00:20<01:09, 14.71it/s]
HPSAC valid search:  24%|██▎       | 315/1333 [00:20<01:09, 14.74it/s]
HPSAC valid search:  24%|██▍       | 317/1333 [00:21<01:09, 14.67it/s]
HPSAC valid search:  24%|██▍       | 319/1333 [00:21<01:09, 14.50it/s]
HPSAC valid search:  24%|██▍       | 321/1333 [00:21<01:10, 14.38it/s]
HPSAC valid search:  24%|██▍       | 323/1333 [00:21<01:09, 14.48it/s]
HPSAC valid search:  24%|██▍       | 325/1333 [00:21<01:09, 14.51it/s]
HPSAC valid search:  25%|██▍       | 327/1333 [00:21<01:09, 14.51it/s]
HPSAC valid search:  25%|██▍       | 329/1333 [00:21<01:09, 14.42it/s]
HPSAC valid search:  25%|██▍       | 331/1333 [00:22<01:09, 14.42it/s]
HPSAC valid search:  25%|██▍       | 333/1333 [00:22<01:10, 14.21it/s]
HPSAC valid search:  25%|██▌       | 335/1333 [00:22<01:10, 14.10it/s]
HPSAC valid search:  25%|██▌       | 337/1333 [00:22<01:09, 14.31it/s]
HPSAC valid search:  25%|██▌       | 339/1333 [00:22<01:09, 14.32it/s]
HPSAC valid search:  26%|██▌       | 341/1333 [00:22<01:09, 14.38it/s]
HPSAC valid search:  26%|██▌       | 343/1333 [00:22<01:07, 14.57it/s]
HPSAC valid search:  26%|██▌       | 345/1333 [00:23<01:07, 14.57it/s]
HPSAC valid search:  26%|██▌       | 347/1333 [00:23<01:08, 14.43it/s]
HPSAC valid search:  26%|██▌       | 349/1333 [00:23<01:08, 14.40it/s]
HPSAC valid search:  26%|██▋       | 351/1333 [00:23<01:07, 14.48it/s]
HPSAC valid search:  26%|██▋       | 353/1333 [00:23<01:07, 14.46it/s]
HPSAC valid search:  27%|██▋       | 355/1333 [00:23<01:07, 14.58it/s]
HPSAC valid search:  27%|██▋       | 357/1333 [00:23<01:06, 14.70it/s]
HPSAC valid search:  27%|██▋       | 359/1333 [00:24<01:05, 14.81it/s]
HPSAC valid search:  27%|██▋       | 361/1333 [00:24<01:05, 14.91it/s]
HPSAC valid search:  27%|██▋       | 363/1333 [00:24<01:04, 14.97it/s]
HPSAC valid search:  27%|██▋       | 365/1333 [00:24<01:04, 15.04it/s]
HPSAC valid search:  28%|██▊       | 367/1333 [00:24<01:04, 15.02it/s]
HPSAC valid search:  28%|██▊       | 369/1333 [00:24<01:04, 14.94it/s]
HPSAC valid search:  28%|██▊       | 371/1333 [00:24<01:04, 14.96it/s]
HPSAC valid search:  28%|██▊       | 373/1333 [00:24<01:04, 14.89it/s]
HPSAC valid search:  28%|██▊       | 375/1333 [00:25<01:04, 14.79it/s]
HPSAC valid search:  28%|██▊       | 377/1333 [00:25<01:04, 14.79it/s]
HPSAC valid search:  28%|██▊       | 379/1333 [00:25<01:04, 14.88it/s]
HPSAC valid search:  29%|██▊       | 381/1333 [00:25<01:04, 14.87it/s]
HPSAC valid search:  29%|██▊       | 383/1333 [00:25<01:03, 14.89it/s]
HPSAC valid search:  29%|██▉       | 385/1333 [00:25<01:03, 14.82it/s]
HPSAC valid search:  29%|██▉       | 387/1333 [00:25<01:03, 14.78it/s]
HPSAC valid search:  29%|██▉       | 389/1333 [00:26<01:03, 14.89it/s]
HPSAC valid search:  29%|██▉       | 391/1333 [00:26<01:03, 14.79it/s]
HPSAC valid search:  29%|██▉       | 393/1333 [00:26<01:03, 14.80it/s]
HPSAC valid search:  30%|██▉       | 395/1333 [00:26<01:03, 14.78it/s]
HPSAC valid search:  30%|██▉       | 397/1333 [00:26<01:03, 14.82it/s]
HPSAC valid search:  30%|██▉       | 399/1333 [00:26<01:02, 14.88it/s]
HPSAC valid search:  30%|███       | 401/1333 [00:26<01:03, 14.79it/s]
HPSAC valid search:  30%|███       | 403/1333 [00:26<01:03, 14.58it/s]
HPSAC valid search:  30%|███       | 405/1333 [00:27<01:02, 14.73it/s]
HPSAC valid search:  31%|███       | 407/1333 [00:27<01:02, 14.80it/s]
HPSAC valid search:  31%|███       | 409/1333 [00:27<01:02, 14.75it/s]
HPSAC valid search:  31%|███       | 411/1333 [00:27<01:01, 14.97it/s]
HPSAC valid search:  31%|███       | 413/1333 [00:27<01:01, 14.98it/s]
HPSAC valid search:  31%|███       | 415/1333 [00:27<01:01, 14.94it/s]
HPSAC valid search:  31%|███▏      | 417/1333 [00:27<01:01, 14.85it/s]
HPSAC valid search:  31%|███▏      | 419/1333 [00:28<01:01, 14.89it/s]
HPSAC valid search:  32%|███▏      | 421/1333 [00:28<01:01, 14.82it/s]
HPSAC valid search:  32%|███▏      | 423/1333 [00:28<01:01, 14.81it/s]
HPSAC valid search:  32%|███▏      | 425/1333 [00:28<01:01, 14.88it/s]
HPSAC valid search:  32%|███▏      | 427/1333 [00:28<01:00, 14.92it/s]
HPSAC valid search:  32%|███▏      | 429/1333 [00:28<01:00, 15.01it/s]
HPSAC valid search:  32%|███▏      | 431/1333 [00:28<01:00, 15.01it/s]
HPSAC valid search:  32%|███▏      | 433/1333 [00:28<01:00, 14.96it/s]
HPSAC valid search:  33%|███▎      | 435/1333 [00:29<00:59, 14.98it/s]
HPSAC valid search:  33%|███▎      | 437/1333 [00:29<00:59, 14.97it/s]
HPSAC valid search:  33%|███▎      | 439/1333 [00:29<01:00, 14.87it/s]
HPSAC valid search:  33%|███▎      | 441/1333 [00:29<00:59, 14.94it/s]
HPSAC valid search:  33%|███▎      | 443/1333 [00:29<00:59, 14.88it/s]
HPSAC valid search:  33%|███▎      | 445/1333 [00:29<00:59, 14.91it/s]
HPSAC valid search:  34%|███▎      | 447/1333 [00:29<01:00, 14.76it/s]
HPSAC valid search:  34%|███▎      | 449/1333 [00:30<00:59, 14.77it/s]
HPSAC valid search:  34%|███▍      | 451/1333 [00:30<00:59, 14.81it/s]
HPSAC valid search:  34%|███▍      | 453/1333 [00:30<00:58, 14.92it/s]
HPSAC valid search:  34%|███▍      | 455/1333 [00:30<00:58, 14.96it/s]
HPSAC valid search:  34%|███▍      | 457/1333 [00:30<00:58, 14.97it/s]
HPSAC valid search:  34%|███▍      | 459/1333 [00:30<00:58, 14.98it/s]
HPSAC valid search:  35%|███▍      | 461/1333 [00:30<00:59, 14.75it/s]
HPSAC valid search:  35%|███▍      | 463/1333 [00:30<00:58, 14.77it/s]
HPSAC valid search:  35%|███▍      | 465/1333 [00:31<00:58, 14.84it/s]
HPSAC valid search:  35%|███▌      | 467/1333 [00:31<00:58, 14.86it/s]
HPSAC valid search:  35%|███▌      | 469/1333 [00:31<00:59, 14.63it/s]
HPSAC valid search:  35%|███▌      | 471/1333 [00:31<00:58, 14.80it/s]
HPSAC valid search:  35%|███▌      | 473/1333 [00:31<00:57, 14.86it/s]
HPSAC valid search:  36%|███▌      | 475/1333 [00:31<00:57, 14.81it/s]
HPSAC valid search:  36%|███▌      | 477/1333 [00:31<00:57, 14.77it/s]
HPSAC valid search:  36%|███▌      | 479/1333 [00:32<00:57, 14.73it/s]
HPSAC valid search:  36%|███▌      | 481/1333 [00:32<00:57, 14.85it/s]
HPSAC valid search:  36%|███▌      | 483/1333 [00:32<00:57, 14.81it/s]
HPSAC valid search:  36%|███▋      | 485/1333 [00:32<00:57, 14.84it/s]
HPSAC valid search:  37%|███▋      | 487/1333 [00:32<00:56, 14.95it/s]
HPSAC valid search:  37%|███▋      | 489/1333 [00:32<00:56, 14.90it/s]
HPSAC valid search:  37%|███▋      | 491/1333 [00:32<00:56, 14.90it/s]
HPSAC valid search:  37%|███▋      | 493/1333 [00:33<00:56, 14.91it/s]
HPSAC valid search:  37%|███▋      | 495/1333 [00:33<00:56, 14.85it/s]
HPSAC valid search:  37%|███▋      | 497/1333 [00:33<00:56, 14.90it/s]
HPSAC valid search:  37%|███▋      | 499/1333 [00:33<00:56, 14.80it/s]
HPSAC valid search:  38%|███▊      | 501/1333 [00:33<00:56, 14.70it/s]
HPSAC valid search:  38%|███▊      | 503/1333 [00:33<00:56, 14.67it/s]
HPSAC valid search:  38%|███▊      | 505/1333 [00:33<00:56, 14.71it/s]
HPSAC valid search:  38%|███▊      | 507/1333 [00:33<00:55, 14.79it/s]
HPSAC valid search:  38%|███▊      | 509/1333 [00:34<00:55, 14.80it/s]
HPSAC valid search:  38%|███▊      | 511/1333 [00:34<00:55, 14.80it/s]
HPSAC valid search:  38%|███▊      | 513/1333 [00:34<00:55, 14.81it/s]
HPSAC valid search:  39%|███▊      | 515/1333 [00:34<00:55, 14.77it/s]
HPSAC valid search:  39%|███▉      | 517/1333 [00:34<00:55, 14.81it/s]
HPSAC valid search:  39%|███▉      | 519/1333 [00:34<00:55, 14.73it/s]
HPSAC valid search:  39%|███▉      | 521/1333 [00:34<00:54, 14.86it/s]
HPSAC valid search:  39%|███▉      | 523/1333 [00:35<00:54, 14.91it/s]
HPSAC valid search:  39%|███▉      | 525/1333 [00:35<00:54, 14.93it/s]
HPSAC valid search:  40%|███▉      | 527/1333 [00:35<00:54, 14.86it/s]
HPSAC valid search:  40%|███▉      | 529/1333 [00:35<00:53, 14.94it/s]
HPSAC valid search:  40%|███▉      | 531/1333 [00:35<00:54, 14.83it/s]
HPSAC valid search:  40%|███▉      | 533/1333 [00:35<00:54, 14.75it/s]
HPSAC valid search:  40%|████      | 535/1333 [00:35<00:53, 14.87it/s]
HPSAC valid search:  40%|████      | 537/1333 [00:35<00:53, 14.75it/s]
HPSAC valid search:  40%|████      | 539/1333 [00:36<00:53, 14.77it/s]
HPSAC valid search:  41%|████      | 541/1333 [00:36<00:53, 14.77it/s]
HPSAC valid search:  41%|████      | 543/1333 [00:36<00:53, 14.85it/s]
HPSAC valid search:  41%|████      | 545/1333 [00:36<00:52, 14.91it/s]
HPSAC valid search:  41%|████      | 547/1333 [00:36<00:52, 14.90it/s]
HPSAC valid search:  41%|████      | 549/1333 [00:36<00:52, 14.97it/s]
HPSAC valid search:  41%|████▏     | 551/1333 [00:36<00:52, 14.88it/s]
HPSAC valid search:  41%|████▏     | 553/1333 [00:37<00:52, 14.78it/s]
HPSAC valid search:  42%|████▏     | 555/1333 [00:37<00:52, 14.70it/s]
HPSAC valid search:  42%|████▏     | 557/1333 [00:37<00:52, 14.83it/s]
HPSAC valid search:  42%|████▏     | 559/1333 [00:37<00:52, 14.86it/s]
HPSAC valid search:  42%|████▏     | 561/1333 [00:37<00:51, 14.87it/s]
HPSAC valid search:  42%|████▏     | 563/1333 [00:37<00:51, 14.94it/s]
HPSAC valid search:  42%|████▏     | 565/1333 [00:37<00:51, 14.77it/s]
HPSAC valid search:  43%|████▎     | 567/1333 [00:38<00:51, 14.76it/s]
HPSAC valid search:  43%|████▎     | 569/1333 [00:38<00:51, 14.82it/s]
HPSAC valid search:  43%|████▎     | 571/1333 [00:38<00:51, 14.84it/s]
HPSAC valid search:  43%|████▎     | 573/1333 [00:38<00:51, 14.82it/s]
HPSAC valid search:  43%|████▎     | 575/1333 [00:38<00:51, 14.84it/s]
HPSAC valid search:  43%|████▎     | 577/1333 [00:38<00:51, 14.80it/s]
HPSAC valid search:  43%|████▎     | 579/1333 [00:38<00:51, 14.71it/s]
HPSAC valid search:  44%|████▎     | 581/1333 [00:38<00:51, 14.50it/s]
HPSAC valid search:  44%|████▎     | 583/1333 [00:39<00:51, 14.48it/s]
HPSAC valid search:  44%|████▍     | 585/1333 [00:39<00:50, 14.67it/s]
HPSAC valid search:  44%|████▍     | 587/1333 [00:39<00:51, 14.61it/s]
HPSAC valid search:  44%|████▍     | 589/1333 [00:39<00:50, 14.73it/s]
HPSAC valid search:  44%|████▍     | 591/1333 [00:39<00:50, 14.70it/s]
HPSAC valid search:  44%|████▍     | 593/1333 [00:39<00:50, 14.73it/s]
HPSAC valid search:  45%|████▍     | 595/1333 [00:39<00:50, 14.76it/s]
HPSAC valid search:  45%|████▍     | 597/1333 [00:40<00:49, 14.84it/s]
HPSAC valid search:  45%|████▍     | 599/1333 [00:40<00:49, 14.86it/s]
HPSAC valid search:  45%|████▌     | 601/1333 [00:40<00:49, 14.77it/s]
HPSAC valid search:  45%|████▌     | 603/1333 [00:40<00:49, 14.90it/s]
HPSAC valid search:  45%|████▌     | 605/1333 [00:40<00:48, 14.93it/s]
HPSAC valid search:  46%|████▌     | 607/1333 [00:40<00:48, 14.82it/s]
HPSAC valid search:  46%|████▌     | 609/1333 [00:40<00:48, 14.85it/s]
HPSAC valid search:  46%|████▌     | 611/1333 [00:40<00:48, 14.87it/s]
HPSAC valid search:  46%|████▌     | 613/1333 [00:41<00:48, 14.90it/s]
HPSAC valid search:  46%|████▌     | 615/1333 [00:41<00:48, 14.79it/s]
HPSAC valid search:  46%|████▋     | 617/1333 [00:41<00:48, 14.88it/s]
HPSAC valid search:  46%|████▋     | 619/1333 [00:41<00:48, 14.85it/s]
HPSAC valid search:  47%|████▋     | 621/1333 [00:41<00:47, 14.88it/s]
HPSAC valid search:  47%|████▋     | 623/1333 [00:41<00:48, 14.75it/s]
HPSAC valid search:  47%|████▋     | 625/1333 [00:41<00:47, 14.86it/s]
HPSAC valid search:  47%|████▋     | 627/1333 [00:42<00:47, 14.83it/s]
HPSAC valid search:  47%|████▋     | 629/1333 [00:42<00:47, 14.83it/s]
HPSAC valid search:  47%|████▋     | 631/1333 [00:42<00:47, 14.75it/s]
HPSAC valid search:  47%|████▋     | 633/1333 [00:42<00:47, 14.64it/s]
HPSAC valid search:  48%|████▊     | 635/1333 [00:42<00:47, 14.61it/s]
HPSAC valid search:  48%|████▊     | 637/1333 [00:42<00:47, 14.68it/s]
HPSAC valid search:  48%|████▊     | 639/1333 [00:42<00:47, 14.73it/s]
HPSAC valid search:  48%|████▊     | 641/1333 [00:43<00:46, 14.73it/s]
HPSAC valid search:  48%|████▊     | 643/1333 [00:43<00:46, 14.68it/s]
HPSAC valid search:  48%|████▊     | 645/1333 [00:43<00:46, 14.70it/s]
HPSAC valid search:  49%|████▊     | 647/1333 [00:43<00:46, 14.78it/s]
HPSAC valid search:  49%|████▊     | 649/1333 [00:43<00:46, 14.82it/s]
HPSAC valid search:  49%|████▉     | 651/1333 [00:43<00:45, 14.93it/s]
HPSAC valid search:  49%|████▉     | 653/1333 [00:43<00:45, 14.86it/s]
HPSAC valid search:  49%|████▉     | 655/1333 [00:43<00:45, 14.79it/s]
HPSAC valid search:  49%|████▉     | 657/1333 [00:44<00:45, 14.92it/s]
HPSAC valid search:  49%|████▉     | 659/1333 [00:44<00:45, 14.85it/s]
HPSAC valid search:  50%|████▉     | 661/1333 [00:44<00:45, 14.79it/s]
HPSAC valid search:  50%|████▉     | 663/1333 [00:44<00:45, 14.66it/s]
HPSAC valid search:  50%|████▉     | 665/1333 [00:44<00:45, 14.75it/s]
HPSAC valid search:  50%|█████     | 667/1333 [00:44<00:44, 14.89it/s]
HPSAC valid search:  50%|█████     | 669/1333 [00:44<00:44, 14.91it/s]
HPSAC valid search:  50%|█████     | 671/1333 [00:45<00:44, 14.92it/s]
HPSAC valid search:  50%|█████     | 673/1333 [00:45<00:43, 15.04it/s]
HPSAC valid search:  51%|█████     | 675/1333 [00:45<00:43, 15.06it/s]
HPSAC valid search:  51%|█████     | 677/1333 [00:45<00:44, 14.89it/s]
HPSAC valid search:  52%|█████▏    | 692/1333 [00:45<00:15, 42.03it/s]
HPSAC valid search:  52%|█████▏    | 696/1333 [00:45<00:21, 30.08it/s]
HPSAC valid search:  53%|█████▎    | 700/1333 [00:46<00:26, 24.28it/s]
HPSAC valid search:  53%|█████▎    | 703/1333 [00:46<00:29, 21.50it/s]
HPSAC valid search:  53%|█████▎    | 706/1333 [00:46<00:32, 19.37it/s]
HPSAC valid search:  53%|█████▎    | 709/1333 [00:46<00:34, 17.96it/s]
HPSAC valid search:  53%|█████▎    | 711/1333 [00:46<00:35, 17.35it/s]
HPSAC valid search:  53%|█████▎    | 713/1333 [00:47<00:37, 16.71it/s]
HPSAC valid search:  54%|█████▎    | 715/1333 [00:47<00:37, 16.29it/s]
HPSAC valid search:  54%|█████▍    | 717/1333 [00:47<00:38, 15.90it/s]
HPSAC valid search:  54%|█████▍    | 719/1333 [00:47<00:39, 15.59it/s]
HPSAC valid search:  54%|█████▍    | 721/1333 [00:47<00:40, 15.29it/s]
HPSAC valid search:  54%|█████▍    | 723/1333 [00:47<00:40, 14.98it/s]
HPSAC valid search:  54%|█████▍    | 725/1333 [00:47<00:41, 14.81it/s]
HPSAC valid search:  55%|█████▍    | 727/1333 [00:47<00:40, 14.82it/s]
HPSAC valid search:  55%|█████▍    | 729/1333 [00:48<00:40, 14.84it/s]
HPSAC valid search:  55%|█████▍    | 731/1333 [00:48<00:40, 14.73it/s]
HPSAC valid search:  55%|█████▍    | 733/1333 [00:48<00:41, 14.47it/s]
HPSAC valid search:  55%|█████▌    | 735/1333 [00:48<00:42, 14.19it/s]
HPSAC valid search:  55%|█████▌    | 737/1333 [00:48<00:42, 14.04it/s]
HPSAC valid search:  55%|█████▌    | 739/1333 [00:48<00:42, 13.96it/s]
HPSAC valid search:  56%|█████▌    | 741/1333 [00:48<00:42, 14.08it/s]
HPSAC valid search:  56%|█████▌    | 743/1333 [00:49<00:42, 13.85it/s]
HPSAC valid search:  56%|█████▌    | 745/1333 [00:49<00:42, 13.89it/s]
HPSAC valid search:  56%|█████▌    | 747/1333 [00:49<00:42, 13.89it/s]
HPSAC valid search:  56%|█████▌    | 749/1333 [00:49<00:42, 13.78it/s]
HPSAC valid search:  56%|█████▋    | 751/1333 [00:49<00:41, 13.90it/s]
HPSAC valid search:  56%|█████▋    | 753/1333 [00:49<00:41, 13.88it/s]
HPSAC valid search:  57%|█████▋    | 755/1333 [00:49<00:41, 13.80it/s]
HPSAC valid search:  57%|█████▋    | 757/1333 [00:50<00:42, 13.70it/s]
HPSAC valid search:  57%|█████▋    | 759/1333 [00:50<00:42, 13.64it/s]
HPSAC valid search:  57%|█████▋    | 761/1333 [00:50<00:41, 13.77it/s]
HPSAC valid search:  57%|█████▋    | 763/1333 [00:50<00:41, 13.57it/s]
HPSAC valid search:  57%|█████▋    | 765/1333 [00:50<00:41, 13.54it/s]
HPSAC valid search:  58%|█████▊    | 767/1333 [00:50<00:41, 13.62it/s]
HPSAC valid search:  58%|█████▊    | 769/1333 [00:50<00:40, 13.85it/s]
HPSAC valid search:  58%|█████▊    | 771/1333 [00:51<00:40, 13.95it/s]
HPSAC valid search:  58%|█████▊    | 773/1333 [00:51<00:40, 13.92it/s]
HPSAC valid search:  58%|█████▊    | 775/1333 [00:51<00:40, 13.69it/s]
HPSAC valid search:  58%|█████▊    | 777/1333 [00:51<00:40, 13.65it/s]
HPSAC valid search:  58%|█████▊    | 779/1333 [00:51<00:40, 13.80it/s]
HPSAC valid search:  59%|█████▊    | 781/1333 [00:51<00:39, 13.84it/s]
HPSAC valid search:  59%|█████▊    | 783/1333 [00:52<00:39, 14.08it/s]
HPSAC valid search:  59%|█████▉    | 785/1333 [00:52<00:39, 14.02it/s]
HPSAC valid search:  59%|█████▉    | 787/1333 [00:52<00:38, 14.05it/s]
HPSAC valid search:  59%|█████▉    | 789/1333 [00:52<00:39, 13.87it/s]
HPSAC valid search:  59%|█████▉    | 791/1333 [00:52<00:38, 13.90it/s]
HPSAC valid search:  59%|█████▉    | 793/1333 [00:52<00:39, 13.67it/s]
HPSAC valid search:  60%|█████▉    | 795/1333 [00:52<00:39, 13.68it/s]
HPSAC valid search:  60%|█████▉    | 797/1333 [00:53<00:39, 13.63it/s]
HPSAC valid search:  60%|█████▉    | 799/1333 [00:53<00:38, 13.73it/s]
HPSAC valid search:  60%|██████    | 801/1333 [00:53<00:38, 13.84it/s]
HPSAC valid search:  60%|██████    | 803/1333 [00:53<00:38, 13.83it/s]
HPSAC valid search:  60%|██████    | 805/1333 [00:53<00:38, 13.61it/s]
HPSAC valid search:  61%|██████    | 807/1333 [00:53<00:38, 13.81it/s]
HPSAC valid search:  61%|██████    | 809/1333 [00:53<00:37, 13.86it/s]
HPSAC valid search:  61%|██████    | 811/1333 [00:54<00:37, 14.00it/s]
HPSAC valid search:  61%|██████    | 813/1333 [00:54<00:36, 14.14it/s]
HPSAC valid search:  61%|██████    | 815/1333 [00:54<00:36, 14.01it/s]
HPSAC valid search:  61%|██████▏   | 817/1333 [00:54<00:36, 14.09it/s]
HPSAC valid search:  61%|██████▏   | 819/1333 [00:54<00:36, 14.18it/s]
HPSAC valid search:  62%|██████▏   | 821/1333 [00:54<00:36, 14.13it/s]
HPSAC valid search:  62%|██████▏   | 823/1333 [00:54<00:36, 14.14it/s]
HPSAC valid search:  62%|██████▏   | 825/1333 [00:55<00:35, 14.12it/s]
HPSAC valid search:  62%|██████▏   | 827/1333 [00:55<00:35, 14.29it/s]
HPSAC valid search:  62%|██████▏   | 829/1333 [00:55<00:35, 14.35it/s]
HPSAC valid search:  62%|██████▏   | 831/1333 [00:55<00:34, 14.42it/s]
HPSAC valid search:  62%|██████▏   | 833/1333 [00:55<00:34, 14.44it/s]
HPSAC valid search:  63%|██████▎   | 835/1333 [00:55<00:34, 14.32it/s]
HPSAC valid search:  63%|██████▎   | 837/1333 [00:55<00:34, 14.44it/s]
HPSAC valid search:  63%|██████▎   | 839/1333 [00:55<00:34, 14.18it/s]
HPSAC valid search:  63%|██████▎   | 841/1333 [00:56<00:34, 14.21it/s]
HPSAC valid search:  63%|██████▎   | 843/1333 [00:56<00:34, 14.29it/s]
HPSAC valid search:  63%|██████▎   | 845/1333 [00:56<00:33, 14.36it/s]
HPSAC valid search:  64%|██████▎   | 847/1333 [00:56<00:34, 14.08it/s]
HPSAC valid search:  64%|██████▎   | 849/1333 [00:56<00:34, 14.13it/s]
HPSAC valid search:  64%|██████▍   | 851/1333 [00:56<00:34, 14.12it/s]
HPSAC valid search:  64%|██████▍   | 853/1333 [00:56<00:33, 14.25it/s]
HPSAC valid search:  64%|██████▍   | 855/1333 [00:57<00:33, 14.27it/s]
HPSAC valid search:  64%|██████▍   | 857/1333 [00:57<00:33, 14.06it/s]
HPSAC valid search:  64%|██████▍   | 859/1333 [00:57<00:34, 13.76it/s]
HPSAC valid search:  65%|██████▍   | 861/1333 [00:57<00:33, 14.06it/s]
HPSAC valid search:  65%|██████▍   | 863/1333 [00:57<00:33, 14.12it/s]
HPSAC valid search:  65%|██████▍   | 865/1333 [00:57<00:33, 14.08it/s]
HPSAC valid search:  65%|██████▌   | 867/1333 [00:57<00:32, 14.14it/s]
HPSAC valid search:  65%|██████▌   | 869/1333 [00:58<00:33, 13.95it/s]
HPSAC valid search:  65%|██████▌   | 871/1333 [00:58<00:33, 13.75it/s]
HPSAC valid search:  65%|██████▌   | 873/1333 [00:58<00:32, 13.96it/s]
HPSAC valid search:  66%|██████▌   | 875/1333 [00:58<00:32, 14.16it/s]
HPSAC valid search:  66%|██████▌   | 877/1333 [00:58<00:32, 14.05it/s]
HPSAC valid search:  66%|██████▌   | 879/1333 [00:58<00:31, 14.33it/s]
HPSAC valid search:  66%|██████▌   | 881/1333 [00:58<00:31, 14.39it/s]
HPSAC valid search:  66%|██████▌   | 883/1333 [00:59<00:30, 14.57it/s]
HPSAC valid search:  66%|██████▋   | 885/1333 [00:59<00:30, 14.61it/s]
HPSAC valid search:  67%|██████▋   | 887/1333 [00:59<00:30, 14.55it/s]
HPSAC valid search:  67%|██████▋   | 889/1333 [00:59<00:30, 14.60it/s]
HPSAC valid search:  67%|██████▋   | 891/1333 [00:59<00:30, 14.55it/s]
HPSAC valid search:  67%|██████▋   | 893/1333 [00:59<00:30, 14.56it/s]
HPSAC valid search:  67%|██████▋   | 895/1333 [00:59<00:29, 14.64it/s]
HPSAC valid search:  67%|██████▋   | 897/1333 [01:00<00:29, 14.69it/s]
HPSAC valid search:  67%|██████▋   | 899/1333 [01:00<00:29, 14.60it/s]
HPSAC valid search:  68%|██████▊   | 901/1333 [01:00<00:29, 14.69it/s]
HPSAC valid search:  68%|██████▊   | 903/1333 [01:00<00:29, 14.81it/s]
HPSAC valid search:  68%|██████▊   | 905/1333 [01:00<00:29, 14.61it/s]
HPSAC valid search:  68%|██████▊   | 907/1333 [01:00<00:29, 14.64it/s]
HPSAC valid search:  68%|██████▊   | 909/1333 [01:00<00:29, 14.60it/s]
HPSAC valid search:  68%|██████▊   | 911/1333 [01:01<00:29, 14.45it/s]
HPSAC valid search:  68%|██████▊   | 913/1333 [01:01<00:29, 14.44it/s]
HPSAC valid search:  69%|██████▊   | 915/1333 [01:01<00:28, 14.66it/s]
HPSAC valid search:  69%|██████▉   | 917/1333 [01:01<00:28, 14.81it/s]
HPSAC valid search:  69%|██████▉   | 919/1333 [01:01<00:28, 14.76it/s]
HPSAC valid search:  69%|██████▉   | 921/1333 [01:01<00:27, 14.87it/s]
HPSAC valid search:  69%|██████▉   | 923/1333 [01:01<00:27, 14.74it/s]
HPSAC valid search:  69%|██████▉   | 925/1333 [01:01<00:27, 14.68it/s]
HPSAC valid search:  70%|██████▉   | 927/1333 [01:02<00:27, 14.68it/s]
HPSAC valid search:  70%|██████▉   | 929/1333 [01:02<00:27, 14.61it/s]
HPSAC valid search:  70%|██████▉   | 931/1333 [01:02<00:27, 14.56it/s]
HPSAC valid search:  70%|██████▉   | 933/1333 [01:02<00:27, 14.60it/s]
HPSAC valid search:  70%|███████   | 935/1333 [01:02<00:27, 14.54it/s]
HPSAC valid search:  70%|███████   | 937/1333 [01:02<00:26, 14.67it/s]
HPSAC valid search:  70%|███████   | 939/1333 [01:02<00:26, 14.71it/s]
HPSAC valid search:  71%|███████   | 941/1333 [01:03<00:26, 14.88it/s]
HPSAC valid search:  71%|███████   | 943/1333 [01:03<00:26, 14.86it/s]
HPSAC valid search:  71%|███████   | 945/1333 [01:03<00:26, 14.80it/s]
HPSAC valid search:  71%|███████   | 947/1333 [01:03<00:26, 14.76it/s]
HPSAC valid search:  71%|███████   | 949/1333 [01:03<00:26, 14.76it/s]
HPSAC valid search:  71%|███████▏  | 951/1333 [01:03<00:25, 14.93it/s]
HPSAC valid search:  71%|███████▏  | 953/1333 [01:03<00:25, 14.99it/s]
HPSAC valid search:  72%|███████▏  | 955/1333 [01:03<00:25, 14.92it/s]
HPSAC valid search:  72%|███████▏  | 957/1333 [01:04<00:25, 14.84it/s]
HPSAC valid search:  72%|███████▏  | 959/1333 [01:04<00:25, 14.91it/s]
HPSAC valid search:  72%|███████▏  | 961/1333 [01:04<00:25, 14.72it/s]
HPSAC valid search:  72%|███████▏  | 963/1333 [01:04<00:25, 14.68it/s]
HPSAC valid search:  72%|███████▏  | 965/1333 [01:04<00:25, 14.71it/s]
HPSAC valid search:  73%|███████▎  | 967/1333 [01:04<00:24, 14.80it/s]
HPSAC valid search:  73%|███████▎  | 969/1333 [01:04<00:24, 14.73it/s]
HPSAC valid search:  73%|███████▎  | 971/1333 [01:05<00:24, 14.67it/s]
HPSAC valid search:  73%|███████▎  | 973/1333 [01:05<00:24, 14.74it/s]
HPSAC valid search:  73%|███████▎  | 975/1333 [01:05<00:24, 14.65it/s]
HPSAC valid search:  73%|███████▎  | 977/1333 [01:05<00:24, 14.69it/s]
HPSAC valid search:  73%|███████▎  | 979/1333 [01:05<00:24, 14.65it/s]
HPSAC valid search:  74%|███████▎  | 981/1333 [01:05<00:23, 14.68it/s]
HPSAC valid search:  74%|███████▎  | 983/1333 [01:05<00:23, 14.70it/s]
HPSAC valid search:  74%|███████▍  | 985/1333 [01:06<00:23, 14.76it/s]
HPSAC valid search:  74%|███████▍  | 987/1333 [01:06<00:23, 14.70it/s]
HPSAC valid search:  74%|███████▍  | 989/1333 [01:06<00:23, 14.55it/s]
HPSAC valid search:  74%|███████▍  | 991/1333 [01:06<00:23, 14.61it/s]
HPSAC valid search:  74%|███████▍  | 993/1333 [01:06<00:23, 14.67it/s]
HPSAC valid search:  75%|███████▍  | 995/1333 [01:06<00:23, 14.58it/s]
HPSAC valid search:  75%|███████▍  | 997/1333 [01:06<00:23, 14.61it/s]
HPSAC valid search:  75%|███████▍  | 999/1333 [01:06<00:22, 14.73it/s]
HPSAC valid search:  75%|███████▌  | 1001/1333 [01:07<00:22, 14.76it/s]
HPSAC valid search:  75%|███████▌  | 1003/1333 [01:07<00:22, 14.80it/s]
HPSAC valid search:  75%|███████▌  | 1005/1333 [01:07<00:22, 14.77it/s]
HPSAC valid search:  76%|███████▌  | 1007/1333 [01:07<00:22, 14.79it/s]
HPSAC valid search:  76%|███████▌  | 1009/1333 [01:07<00:21, 14.75it/s]
HPSAC valid search:  76%|███████▌  | 1011/1333 [01:07<00:21, 14.79it/s]
HPSAC valid search:  76%|███████▌  | 1013/1333 [01:07<00:21, 14.77it/s]
HPSAC valid search:  76%|███████▌  | 1015/1333 [01:08<00:21, 14.72it/s]
HPSAC valid search:  76%|███████▋  | 1017/1333 [01:08<00:21, 14.87it/s]
HPSAC valid search:  76%|███████▋  | 1019/1333 [01:08<00:21, 14.90it/s]
HPSAC valid search:  77%|███████▋  | 1021/1333 [01:08<00:20, 14.87it/s]
HPSAC valid search:  77%|███████▋  | 1023/1333 [01:08<00:20, 14.80it/s]
HPSAC valid search:  77%|███████▋  | 1025/1333 [01:08<00:20, 14.84it/s]
HPSAC valid search:  77%|███████▋  | 1027/1333 [01:08<00:20, 14.86it/s]
HPSAC valid search:  77%|███████▋  | 1029/1333 [01:09<00:20, 14.90it/s]
HPSAC valid search:  77%|███████▋  | 1031/1333 [01:09<00:20, 14.81it/s]
HPSAC valid search:  77%|███████▋  | 1033/1333 [01:09<00:20, 14.66it/s]
HPSAC valid search:  78%|███████▊  | 1035/1333 [01:09<00:20, 14.64it/s]
HPSAC valid search:  78%|███████▊  | 1037/1333 [01:09<00:20, 14.59it/s]
HPSAC valid search:  78%|███████▊  | 1039/1333 [01:09<00:20, 14.58it/s]
HPSAC valid search:  78%|███████▊  | 1041/1333 [01:09<00:19, 14.71it/s]
HPSAC valid search:  78%|███████▊  | 1043/1333 [01:09<00:19, 14.59it/s]
HPSAC valid search:  78%|███████▊  | 1045/1333 [01:10<00:19, 14.65it/s]
HPSAC valid search:  79%|███████▊  | 1047/1333 [01:10<00:19, 14.77it/s]
HPSAC valid search:  79%|███████▊  | 1049/1333 [01:10<00:19, 14.74it/s]
HPSAC valid search:  79%|███████▉  | 1051/1333 [01:10<00:19, 14.65it/s]
HPSAC valid search:  79%|███████▉  | 1053/1333 [01:10<00:19, 14.71it/s]
HPSAC valid search:  79%|███████▉  | 1055/1333 [01:10<00:18, 14.73it/s]
HPSAC valid search:  79%|███████▉  | 1057/1333 [01:10<00:18, 14.66it/s]
HPSAC valid search:  79%|███████▉  | 1059/1333 [01:11<00:18, 14.73it/s]
HPSAC valid search:  80%|███████▉  | 1061/1333 [01:11<00:18, 14.71it/s]
HPSAC valid search:  80%|███████▉  | 1063/1333 [01:11<00:18, 14.74it/s]
HPSAC valid search:  80%|███████▉  | 1065/1333 [01:11<00:18, 14.54it/s]
HPSAC valid search:  80%|████████  | 1067/1333 [01:11<00:18, 14.56it/s]
HPSAC valid search:  80%|████████  | 1069/1333 [01:11<00:18, 14.36it/s]
HPSAC valid search:  80%|████████  | 1071/1333 [01:11<00:17, 14.56it/s]
HPSAC valid search:  80%|████████  | 1073/1333 [01:12<00:17, 14.64it/s]
HPSAC valid search:  81%|████████  | 1075/1333 [01:12<00:17, 14.66it/s]
HPSAC valid search:  81%|████████  | 1077/1333 [01:12<00:17, 14.83it/s]
HPSAC valid search:  81%|████████  | 1079/1333 [01:12<00:16, 14.99it/s]
HPSAC valid search:  81%|████████  | 1081/1333 [01:12<00:16, 14.95it/s]
HPSAC valid search:  81%|████████  | 1083/1333 [01:12<00:16, 14.94it/s]
HPSAC valid search:  81%|████████▏ | 1085/1333 [01:12<00:16, 14.92it/s]
HPSAC valid search:  82%|████████▏ | 1087/1333 [01:12<00:18, 13.66it/s]
HPSAC valid search:  82%|████████▏ | 1089/1333 [01:13<00:18, 13.15it/s]
HPSAC valid search:  82%|████████▏ | 1091/1333 [01:13<00:18, 13.18it/s]
HPSAC valid search:  82%|████████▏ | 1093/1333 [01:13<00:18, 13.21it/s]
HPSAC valid search:  82%|████████▏ | 1095/1333 [01:13<00:17, 13.31it/s]
HPSAC valid search:  82%|████████▏ | 1097/1333 [01:13<00:17, 13.47it/s]
HPSAC valid search:  82%|████████▏ | 1099/1333 [01:13<00:17, 13.60it/s]
HPSAC valid search:  83%|████████▎ | 1101/1333 [01:14<00:16, 13.75it/s]
HPSAC valid search:  83%|████████▎ | 1103/1333 [01:14<00:16, 13.98it/s]
HPSAC valid search:  83%|████████▎ | 1105/1333 [01:14<00:15, 14.26it/s]
HPSAC valid search:  83%|████████▎ | 1107/1333 [01:14<00:15, 14.45it/s]
HPSAC valid search:  83%|████████▎ | 1109/1333 [01:14<00:15, 14.43it/s]
HPSAC valid search:  83%|████████▎ | 1111/1333 [01:14<00:15, 14.47it/s]
HPSAC valid search:  83%|████████▎ | 1113/1333 [01:14<00:15, 14.61it/s]
HPSAC valid search:  84%|████████▎ | 1115/1333 [01:14<00:15, 14.53it/s]
HPSAC valid search:  84%|████████▍ | 1117/1333 [01:15<00:14, 14.64it/s]
HPSAC valid search:  84%|████████▍ | 1119/1333 [01:15<00:14, 14.61it/s]
HPSAC valid search:  84%|████████▍ | 1121/1333 [01:15<00:14, 14.67it/s]
HPSAC valid search:  84%|████████▍ | 1123/1333 [01:15<00:14, 14.73it/s]
HPSAC valid search:  84%|████████▍ | 1125/1333 [01:15<00:14, 14.84it/s]
HPSAC valid search:  85%|████████▍ | 1127/1333 [01:15<00:13, 14.94it/s]
HPSAC valid search:  85%|████████▍ | 1129/1333 [01:15<00:13, 14.89it/s]
HPSAC valid search:  85%|████████▍ | 1131/1333 [01:16<00:13, 14.88it/s]
HPSAC valid search:  85%|████████▍ | 1133/1333 [01:16<00:13, 14.59it/s]
HPSAC valid search:  85%|████████▌ | 1135/1333 [01:16<00:13, 14.54it/s]
HPSAC valid search:  85%|████████▌ | 1137/1333 [01:16<00:13, 14.41it/s]
HPSAC valid search:  85%|████████▌ | 1139/1333 [01:16<00:13, 14.36it/s]
HPSAC valid search:  86%|████████▌ | 1141/1333 [01:16<00:13, 14.38it/s]
HPSAC valid search:  87%|████████▋ | 1156/1333 [01:16<00:04, 41.24it/s]
HPSAC valid search:  87%|████████▋ | 1160/1333 [01:17<00:05, 28.96it/s]
HPSAC valid search:  87%|████████▋ | 1164/1333 [01:17<00:07, 23.38it/s]
HPSAC valid search:  88%|████████▊ | 1167/1333 [01:17<00:07, 20.87it/s]
HPSAC valid search:  88%|████████▊ | 1170/1333 [01:17<00:08, 19.17it/s]
HPSAC valid search:  88%|████████▊ | 1173/1333 [01:18<00:08, 17.81it/s]
HPSAC valid search:  88%|████████▊ | 1175/1333 [01:18<00:09, 17.15it/s]
HPSAC valid search:  88%|████████▊ | 1177/1333 [01:18<00:09, 16.60it/s]
HPSAC valid search:  88%|████████▊ | 1179/1333 [01:18<00:09, 16.16it/s]
HPSAC valid search:  89%|████████▊ | 1181/1333 [01:18<00:09, 15.93it/s]
HPSAC valid search:  89%|████████▊ | 1183/1333 [01:18<00:09, 15.48it/s]
HPSAC valid search:  89%|████████▉ | 1185/1333 [01:18<00:09, 15.23it/s]
HPSAC valid search:  89%|████████▉ | 1187/1333 [01:19<00:09, 15.21it/s]
HPSAC valid search:  89%|████████▉ | 1189/1333 [01:19<00:09, 15.13it/s]
HPSAC valid search:  89%|████████▉ | 1191/1333 [01:19<00:09, 15.06it/s]
HPSAC valid search:  89%|████████▉ | 1193/1333 [01:19<00:09, 15.01it/s]
HPSAC valid search:  90%|████████▉ | 1195/1333 [01:19<00:09, 14.89it/s]
HPSAC valid search:  90%|████████▉ | 1197/1333 [01:19<00:09, 14.92it/s]
HPSAC valid search:  90%|████████▉ | 1199/1333 [01:19<00:08, 14.91it/s]
HPSAC valid search:  90%|█████████ | 1201/1333 [01:19<00:08, 14.87it/s]
HPSAC valid search:  90%|█████████ | 1203/1333 [01:20<00:08, 14.95it/s]
HPSAC valid search:  90%|█████████ | 1205/1333 [01:20<00:08, 14.79it/s]
HPSAC valid search:  91%|█████████ | 1207/1333 [01:20<00:08, 14.75it/s]
HPSAC valid search:  91%|█████████ | 1209/1333 [01:20<00:08, 14.67it/s]
HPSAC valid search:  91%|█████████ | 1211/1333 [01:20<00:08, 14.75it/s]
HPSAC valid search:  91%|█████████ | 1213/1333 [01:20<00:08, 14.52it/s]
HPSAC valid search:  91%|█████████ | 1215/1333 [01:20<00:08, 14.51it/s]
HPSAC valid search:  91%|█████████▏| 1217/1333 [01:21<00:08, 14.48it/s]
HPSAC valid search:  91%|█████████▏| 1219/1333 [01:21<00:07, 14.58it/s]
HPSAC valid search:  92%|█████████▏| 1221/1333 [01:21<00:07, 14.66it/s]
HPSAC valid search:  92%|█████████▏| 1223/1333 [01:21<00:07, 14.54it/s]
HPSAC valid search:  92%|█████████▏| 1225/1333 [01:21<00:07, 14.46it/s]
HPSAC valid search:  92%|█████████▏| 1227/1333 [01:21<00:07, 14.42it/s]
HPSAC valid search:  92%|█████████▏| 1229/1333 [01:21<00:07, 14.43it/s]
HPSAC valid search:  92%|█████████▏| 1231/1333 [01:22<00:06, 14.67it/s]
HPSAC valid search:  92%|█████████▏| 1233/1333 [01:22<00:06, 14.66it/s]
HPSAC valid search:  93%|█████████▎| 1235/1333 [01:22<00:06, 14.77it/s]
HPSAC valid search:  93%|█████████▎| 1237/1333 [01:22<00:06, 14.90it/s]
HPSAC valid search:  93%|█████████▎| 1239/1333 [01:22<00:06, 14.76it/s]
HPSAC valid search:  93%|█████████▎| 1241/1333 [01:22<00:06, 14.62it/s]
HPSAC valid search:  93%|█████████▎| 1243/1333 [01:22<00:06, 14.68it/s]
HPSAC valid search:  93%|█████████▎| 1245/1333 [01:22<00:05, 14.71it/s]
HPSAC valid search:  94%|█████████▎| 1247/1333 [01:23<00:05, 14.64it/s]
HPSAC valid search:  94%|█████████▎| 1249/1333 [01:23<00:05, 14.49it/s]
HPSAC valid search:  94%|█████████▍| 1251/1333 [01:23<00:05, 14.70it/s]
HPSAC valid search:  94%|█████████▍| 1253/1333 [01:23<00:05, 14.63it/s]
HPSAC valid search:  94%|█████████▍| 1255/1333 [01:23<00:05, 14.43it/s]
HPSAC valid search:  94%|█████████▍| 1257/1333 [01:23<00:05, 14.35it/s]
HPSAC valid search:  94%|█████████▍| 1259/1333 [01:23<00:05, 14.54it/s]
HPSAC valid search:  95%|█████████▍| 1261/1333 [01:24<00:04, 14.58it/s]
HPSAC valid search:  95%|█████████▍| 1263/1333 [01:24<00:04, 14.65it/s]
HPSAC valid search:  95%|█████████▍| 1265/1333 [01:24<00:04, 14.78it/s]
HPSAC valid search:  95%|█████████▌| 1267/1333 [01:24<00:04, 14.79it/s]
HPSAC valid search:  95%|█████████▌| 1269/1333 [01:24<00:04, 14.67it/s]
HPSAC valid search:  95%|█████████▌| 1271/1333 [01:24<00:04, 14.58it/s]
HPSAC valid search:  95%|█████████▌| 1273/1333 [01:24<00:04, 14.72it/s]
HPSAC valid search:  96%|█████████▌| 1275/1333 [01:25<00:03, 14.70it/s]
HPSAC valid search:  96%|█████████▌| 1277/1333 [01:25<00:03, 14.84it/s]
HPSAC valid search:  96%|█████████▌| 1279/1333 [01:25<00:03, 14.81it/s]
HPSAC valid search:  96%|█████████▌| 1281/1333 [01:25<00:03, 14.76it/s]
HPSAC valid search:  96%|█████████▌| 1283/1333 [01:25<00:03, 14.86it/s]
HPSAC valid search:  96%|█████████▋| 1285/1333 [01:25<00:03, 14.81it/s]
HPSAC valid search:  97%|█████████▋| 1287/1333 [01:25<00:03, 14.66it/s]
HPSAC valid search:  97%|█████████▋| 1289/1333 [01:25<00:02, 14.73it/s]
HPSAC valid search:  97%|█████████▋| 1291/1333 [01:26<00:02, 14.68it/s]
HPSAC valid search:  97%|█████████▋| 1293/1333 [01:26<00:02, 14.77it/s]
HPSAC valid search:  97%|█████████▋| 1295/1333 [01:26<00:02, 14.72it/s]
HPSAC valid search:  97%|█████████▋| 1297/1333 [01:26<00:02, 14.66it/s]
HPSAC valid search:  97%|█████████▋| 1299/1333 [01:26<00:02, 14.74it/s]
HPSAC valid search:  98%|█████████▊| 1301/1333 [01:26<00:02, 14.66it/s]
HPSAC valid search:  98%|█████████▊| 1303/1333 [01:26<00:02, 14.69it/s]
HPSAC valid search:  98%|█████████▊| 1305/1333 [01:27<00:01, 14.80it/s]
HPSAC valid search:  98%|█████████▊| 1307/1333 [01:27<00:01, 14.84it/s]
HPSAC valid search:  98%|█████████▊| 1309/1333 [01:27<00:01, 14.42it/s]
HPSAC valid search:  98%|█████████▊| 1311/1333 [01:27<00:01, 13.59it/s]
HPSAC valid search:  98%|█████████▊| 1313/1333 [01:27<00:01, 13.24it/s]
HPSAC valid search:  99%|█████████▊| 1315/1333 [01:27<00:01, 12.03it/s]
HPSAC valid search:  99%|█████████▉| 1317/1333 [01:28<00:01, 11.80it/s]
HPSAC valid search:  99%|█████████▉| 1319/1333 [01:28<00:01, 11.81it/s]
HPSAC valid search:  99%|█████████▉| 1321/1333 [01:28<00:00, 12.02it/s]
HPSAC valid search:  99%|█████████▉| 1323/1333 [01:28<00:00, 11.87it/s]
HPSAC valid search:  99%|█████████▉| 1325/1333 [01:28<00:00, 11.57it/s]
HPSAC valid search: 100%|█████████▉| 1327/1333 [01:28<00:00, 11.71it/s]
HPSAC valid search: 100%|█████████▉| 1329/1333 [01:29<00:00, 12.08it/s]
HPSAC valid search: 100%|█████████▉| 1331/1333 [01:29<00:00, 12.34it/s]
HPSAC valid search: 100%|██████████| 1333/1333 [01:29<00:00, 12.59it/s]
                                                                       
HPSAC selected groups | level1_groups=78 | non_fallback_effective=0 | non_fallback_both_have_text=0
HPSAC fallback stats | all_levels_total=2 | all_levels_specific=0 | all_levels_fallback=2 | effective_level1_specific=0 | effective_level1_fallback=78

HPSAC calibration_valid:   0%|          | 0/1333 [00:00<?, ?it/s]
HPSAC calibration_valid:   0%|          | 2/1333 [00:00<01:36, 13.79it/s]
HPSAC calibration_valid:   0%|          | 4/1333 [00:00<01:36, 13.84it/s]
HPSAC calibration_valid:   0%|          | 6/1333 [00:00<01:36, 13.80it/s]
HPSAC calibration_valid:   1%|          | 8/1333 [00:00<01:36, 13.80it/s]
HPSAC calibration_valid:   1%|          | 10/1333 [00:00<01:35, 13.88it/s]
HPSAC calibration_valid:   1%|          | 12/1333 [00:00<01:35, 13.83it/s]
HPSAC calibration_valid:   1%|          | 14/1333 [00:01<01:36, 13.60it/s]
HPSAC calibration_valid:   1%|          | 16/1333 [00:01<01:35, 13.84it/s]
HPSAC calibration_valid:   1%|▏         | 18/1333 [00:01<01:32, 14.16it/s]
HPSAC calibration_valid:   2%|▏         | 20/1333 [00:01<01:32, 14.23it/s]
HPSAC calibration_valid:   2%|▏         | 22/1333 [00:01<01:30, 14.41it/s]
HPSAC calibration_valid:   2%|▏         | 24/1333 [00:01<01:30, 14.42it/s]
HPSAC calibration_valid:   2%|▏         | 26/1333 [00:01<01:31, 14.33it/s]
HPSAC calibration_valid:   2%|▏         | 28/1333 [00:01<01:31, 14.20it/s]
HPSAC calibration_valid:   2%|▏         | 30/1333 [00:02<01:31, 14.20it/s]
HPSAC calibration_valid:   2%|▏         | 32/1333 [00:02<01:33, 13.94it/s]
HPSAC calibration_valid:   3%|▎         | 34/1333 [00:02<01:36, 13.46it/s]
HPSAC calibration_valid:   3%|▎         | 36/1333 [00:02<01:35, 13.54it/s]
HPSAC calibration_valid:   3%|▎         | 38/1333 [00:02<01:35, 13.57it/s]
HPSAC calibration_valid:   3%|▎         | 40/1333 [00:02<01:34, 13.67it/s]
HPSAC calibration_valid:   3%|▎         | 42/1333 [00:03<01:34, 13.70it/s]
HPSAC calibration_valid:   3%|▎         | 44/1333 [00:03<01:32, 13.90it/s]
HPSAC calibration_valid:   3%|▎         | 46/1333 [00:03<01:32, 13.96it/s]
HPSAC calibration_valid:   4%|▎         | 48/1333 [00:03<01:33, 13.73it/s]
HPSAC calibration_valid:   4%|▍         | 50/1333 [00:03<01:33, 13.73it/s]
HPSAC calibration_valid:   4%|▍         | 52/1333 [00:03<01:34, 13.55it/s]
HPSAC calibration_valid:   4%|▍         | 54/1333 [00:03<01:36, 13.27it/s]
HPSAC calibration_valid:   4%|▍         | 56/1333 [00:04<01:35, 13.39it/s]
HPSAC calibration_valid:   4%|▍         | 58/1333 [00:04<01:35, 13.39it/s]
HPSAC calibration_valid:   5%|▍         | 60/1333 [00:04<01:34, 13.49it/s]
HPSAC calibration_valid:   5%|▍         | 62/1333 [00:04<01:34, 13.40it/s]
HPSAC calibration_valid:   5%|▍         | 64/1333 [00:04<01:33, 13.53it/s]
HPSAC calibration_valid:   5%|▍         | 66/1333 [00:04<01:32, 13.64it/s]
HPSAC calibration_valid:   5%|▌         | 68/1333 [00:04<01:33, 13.47it/s]
HPSAC calibration_valid:   5%|▌         | 70/1333 [00:05<01:32, 13.65it/s]
HPSAC calibration_valid:   5%|▌         | 72/1333 [00:05<01:32, 13.60it/s]
HPSAC calibration_valid:   6%|▌         | 74/1333 [00:05<01:32, 13.61it/s]
HPSAC calibration_valid:   6%|▌         | 76/1333 [00:05<01:31, 13.75it/s]
HPSAC calibration_valid:   6%|▌         | 78/1333 [00:05<01:32, 13.61it/s]
HPSAC calibration_valid:   6%|▌         | 80/1333 [00:05<01:31, 13.70it/s]
HPSAC calibration_valid:   6%|▌         | 82/1333 [00:05<01:29, 13.91it/s]
HPSAC calibration_valid:   6%|▋         | 84/1333 [00:06<01:30, 13.86it/s]
HPSAC calibration_valid:   6%|▋         | 86/1333 [00:06<01:29, 13.95it/s]
HPSAC calibration_valid:   7%|▋         | 88/1333 [00:06<01:29, 13.94it/s]
HPSAC calibration_valid:   7%|▋         | 90/1333 [00:06<01:28, 14.03it/s]
HPSAC calibration_valid:   7%|▋         | 92/1333 [00:06<01:27, 14.14it/s]
HPSAC calibration_valid:   7%|▋         | 94/1333 [00:06<01:27, 14.20it/s]
HPSAC calibration_valid:   7%|▋         | 96/1333 [00:06<01:26, 14.30it/s]
HPSAC calibration_valid:   7%|▋         | 98/1333 [00:07<01:27, 14.04it/s]
HPSAC calibration_valid:   8%|▊         | 100/1333 [00:07<01:28, 13.94it/s]
HPSAC calibration_valid:   8%|▊         | 102/1333 [00:07<01:27, 14.03it/s]
HPSAC calibration_valid:   8%|▊         | 104/1333 [00:07<01:27, 14.06it/s]
HPSAC calibration_valid:   8%|▊         | 106/1333 [00:07<01:27, 13.98it/s]
HPSAC calibration_valid:   8%|▊         | 108/1333 [00:07<01:26, 14.12it/s]
HPSAC calibration_valid:   8%|▊         | 110/1333 [00:07<01:26, 14.06it/s]
HPSAC calibration_valid:   8%|▊         | 112/1333 [00:08<01:26, 14.09it/s]
HPSAC calibration_valid:   9%|▊         | 114/1333 [00:08<01:27, 13.95it/s]
HPSAC calibration_valid:   9%|▊         | 116/1333 [00:08<01:26, 14.01it/s]
HPSAC calibration_valid:   9%|▉         | 118/1333 [00:08<01:26, 14.03it/s]
HPSAC calibration_valid:   9%|▉         | 120/1333 [00:08<01:26, 13.95it/s]
HPSAC calibration_valid:   9%|▉         | 122/1333 [00:08<01:27, 13.89it/s]
HPSAC calibration_valid:   9%|▉         | 124/1333 [00:08<01:26, 13.98it/s]
HPSAC calibration_valid:   9%|▉         | 126/1333 [00:09<01:24, 14.32it/s]
HPSAC calibration_valid:  10%|▉         | 128/1333 [00:09<01:24, 14.29it/s]
HPSAC calibration_valid:  10%|▉         | 130/1333 [00:09<01:24, 14.32it/s]
HPSAC calibration_valid:  10%|▉         | 132/1333 [00:09<01:23, 14.39it/s]
HPSAC calibration_valid:  10%|█         | 134/1333 [00:09<01:23, 14.35it/s]
HPSAC calibration_valid:  10%|█         | 136/1333 [00:09<01:22, 14.57it/s]
HPSAC calibration_valid:  10%|█         | 138/1333 [00:09<01:21, 14.67it/s]
HPSAC calibration_valid:  11%|█         | 140/1333 [00:10<01:21, 14.56it/s]
HPSAC calibration_valid:  11%|█         | 142/1333 [00:10<01:22, 14.37it/s]
HPSAC calibration_valid:  11%|█         | 144/1333 [00:10<01:22, 14.33it/s]
HPSAC calibration_valid:  11%|█         | 146/1333 [00:10<01:22, 14.41it/s]
HPSAC calibration_valid:  11%|█         | 148/1333 [00:10<01:22, 14.38it/s]
HPSAC calibration_valid:  11%|█▏        | 150/1333 [00:10<01:22, 14.26it/s]
HPSAC calibration_valid:  11%|█▏        | 152/1333 [00:10<01:22, 14.26it/s]
HPSAC calibration_valid:  12%|█▏        | 154/1333 [00:11<01:23, 14.07it/s]
HPSAC calibration_valid:  12%|█▏        | 156/1333 [00:11<01:25, 13.71it/s]
HPSAC calibration_valid:  12%|█▏        | 158/1333 [00:11<01:25, 13.67it/s]
HPSAC calibration_valid:  12%|█▏        | 160/1333 [00:11<01:26, 13.63it/s]
HPSAC calibration_valid:  12%|█▏        | 162/1333 [00:11<01:26, 13.59it/s]
HPSAC calibration_valid:  12%|█▏        | 164/1333 [00:11<01:26, 13.58it/s]
HPSAC calibration_valid:  12%|█▏        | 166/1333 [00:11<01:24, 13.86it/s]
HPSAC calibration_valid:  13%|█▎        | 168/1333 [00:12<01:23, 13.90it/s]
HPSAC calibration_valid:  13%|█▎        | 170/1333 [00:12<01:24, 13.82it/s]
HPSAC calibration_valid:  13%|█▎        | 172/1333 [00:12<01:24, 13.68it/s]
HPSAC calibration_valid:  13%|█▎        | 174/1333 [00:12<01:24, 13.72it/s]
HPSAC calibration_valid:  13%|█▎        | 176/1333 [00:12<01:24, 13.64it/s]
HPSAC calibration_valid:  13%|█▎        | 178/1333 [00:12<01:23, 13.80it/s]
HPSAC calibration_valid:  14%|█▎        | 180/1333 [00:12<01:23, 13.78it/s]
HPSAC calibration_valid:  14%|█▎        | 182/1333 [00:13<01:22, 13.91it/s]
HPSAC calibration_valid:  14%|█▍        | 184/1333 [00:13<01:21, 14.09it/s]
HPSAC calibration_valid:  14%|█▍        | 186/1333 [00:13<01:20, 14.22it/s]
HPSAC calibration_valid:  14%|█▍        | 188/1333 [00:13<01:19, 14.38it/s]
HPSAC calibration_valid:  14%|█▍        | 190/1333 [00:13<01:19, 14.43it/s]
HPSAC calibration_valid:  14%|█▍        | 192/1333 [00:13<01:18, 14.54it/s]
HPSAC calibration_valid:  15%|█▍        | 194/1333 [00:13<01:18, 14.57it/s]
HPSAC calibration_valid:  15%|█▍        | 196/1333 [00:14<01:19, 14.37it/s]
HPSAC calibration_valid:  15%|█▍        | 198/1333 [00:14<01:18, 14.50it/s]
HPSAC calibration_valid:  15%|█▌        | 200/1333 [00:14<01:18, 14.51it/s]
HPSAC calibration_valid:  15%|█▌        | 202/1333 [00:14<01:17, 14.63it/s]
HPSAC calibration_valid:  15%|█▌        | 204/1333 [00:14<01:16, 14.83it/s]
HPSAC calibration_valid:  15%|█▌        | 206/1333 [00:14<01:16, 14.81it/s]
HPSAC calibration_valid:  16%|█▌        | 208/1333 [00:14<01:16, 14.79it/s]
HPSAC calibration_valid:  16%|█▌        | 210/1333 [00:14<01:15, 14.84it/s]
HPSAC calibration_valid:  16%|█▌        | 212/1333 [00:15<01:16, 14.72it/s]
HPSAC calibration_valid:  16%|█▌        | 214/1333 [00:15<01:16, 14.63it/s]
HPSAC calibration_valid:  16%|█▌        | 216/1333 [00:15<01:16, 14.66it/s]
HPSAC calibration_valid:  16%|█▋        | 218/1333 [00:15<01:18, 14.19it/s]
HPSAC calibration_valid:  17%|█▋        | 220/1333 [00:15<01:18, 14.15it/s]
HPSAC calibration_valid:  17%|█▋        | 222/1333 [00:15<01:18, 14.18it/s]
HPSAC calibration_valid:  17%|█▋        | 224/1333 [00:15<01:18, 14.17it/s]
HPSAC calibration_valid:  17%|█▋        | 226/1333 [00:16<01:17, 14.24it/s]
HPSAC calibration_valid:  17%|█▋        | 228/1333 [00:16<01:18, 14.13it/s]
HPSAC calibration_valid:  17%|█▋        | 230/1333 [00:16<01:17, 14.15it/s]
HPSAC calibration_valid:  17%|█▋        | 232/1333 [00:16<01:16, 14.34it/s]
HPSAC calibration_valid:  18%|█▊        | 234/1333 [00:16<01:16, 14.42it/s]
HPSAC calibration_valid:  18%|█▊        | 236/1333 [00:16<01:15, 14.45it/s]
HPSAC calibration_valid:  18%|█▊        | 238/1333 [00:16<01:17, 14.20it/s]
HPSAC calibration_valid:  18%|█▊        | 240/1333 [00:17<01:16, 14.31it/s]
HPSAC calibration_valid:  18%|█▊        | 242/1333 [00:17<01:16, 14.21it/s]
HPSAC calibration_valid:  18%|█▊        | 244/1333 [00:17<01:17, 14.09it/s]
HPSAC calibration_valid:  18%|█▊        | 246/1333 [00:17<01:17, 13.95it/s]
HPSAC calibration_valid:  19%|█▊        | 248/1333 [00:17<01:18, 13.81it/s]
HPSAC calibration_valid:  19%|█▉        | 250/1333 [00:17<01:19, 13.60it/s]
HPSAC calibration_valid:  19%|█▉        | 252/1333 [00:17<01:17, 13.94it/s]
HPSAC calibration_valid:  19%|█▉        | 254/1333 [00:18<01:18, 13.83it/s]
HPSAC calibration_valid:  19%|█▉        | 256/1333 [00:18<01:17, 13.96it/s]
HPSAC calibration_valid:  19%|█▉        | 258/1333 [00:18<01:16, 14.10it/s]
HPSAC calibration_valid:  20%|█▉        | 260/1333 [00:18<01:15, 14.14it/s]
HPSAC calibration_valid:  20%|█▉        | 262/1333 [00:18<01:16, 14.09it/s]
HPSAC calibration_valid:  20%|█▉        | 264/1333 [00:18<01:16, 14.02it/s]
HPSAC calibration_valid:  21%|██        | 278/1333 [00:18<00:24, 42.76it/s]
HPSAC calibration_valid:  21%|██▏       | 284/1333 [00:19<00:40, 26.20it/s]
HPSAC calibration_valid:  22%|██▏       | 288/1333 [00:19<00:47, 22.17it/s]
HPSAC calibration_valid:  22%|██▏       | 292/1333 [00:19<00:52, 19.78it/s]
HPSAC calibration_valid:  22%|██▏       | 295/1333 [00:20<00:56, 18.35it/s]
HPSAC calibration_valid:  22%|██▏       | 298/1333 [00:20<00:59, 17.32it/s]
HPSAC calibration_valid:  23%|██▎       | 301/1333 [00:20<01:02, 16.56it/s]
HPSAC calibration_valid:  23%|██▎       | 303/1333 [00:20<01:03, 16.17it/s]
HPSAC calibration_valid:  23%|██▎       | 305/1333 [00:20<01:04, 15.86it/s]
HPSAC calibration_valid:  23%|██▎       | 307/1333 [00:20<01:05, 15.60it/s]
HPSAC calibration_valid:  23%|██▎       | 309/1333 [00:21<01:06, 15.32it/s]
HPSAC calibration_valid:  23%|██▎       | 311/1333 [00:21<01:07, 15.11it/s]
HPSAC calibration_valid:  23%|██▎       | 313/1333 [00:21<01:08, 14.82it/s]
HPSAC calibration_valid:  24%|██▎       | 315/1333 [00:21<01:08, 14.77it/s]
HPSAC calibration_valid:  24%|██▍       | 317/1333 [00:21<01:09, 14.53it/s]
HPSAC calibration_valid:  24%|██▍       | 319/1333 [00:21<01:10, 14.46it/s]
HPSAC calibration_valid:  24%|██▍       | 321/1333 [00:21<01:10, 14.34it/s]
HPSAC calibration_valid:  24%|██▍       | 323/1333 [00:22<01:09, 14.50it/s]
HPSAC calibration_valid:  24%|██▍       | 325/1333 [00:22<01:09, 14.59it/s]
HPSAC calibration_valid:  25%|██▍       | 327/1333 [00:22<01:09, 14.57it/s]
HPSAC calibration_valid:  25%|██▍       | 329/1333 [00:22<01:09, 14.46it/s]
HPSAC calibration_valid:  25%|██▍       | 331/1333 [00:22<01:09, 14.51it/s]
HPSAC calibration_valid:  25%|██▍       | 333/1333 [00:22<01:08, 14.50it/s]
HPSAC calibration_valid:  25%|██▌       | 335/1333 [00:22<01:08, 14.57it/s]
HPSAC calibration_valid:  25%|██▌       | 337/1333 [00:22<01:07, 14.66it/s]
HPSAC calibration_valid:  25%|██▌       | 339/1333 [00:23<01:08, 14.58it/s]
HPSAC calibration_valid:  26%|██▌       | 341/1333 [00:23<01:08, 14.49it/s]
HPSAC calibration_valid:  26%|██▌       | 343/1333 [00:23<01:07, 14.56it/s]
HPSAC calibration_valid:  26%|██▌       | 345/1333 [00:23<01:08, 14.45it/s]
HPSAC calibration_valid:  26%|██▌       | 347/1333 [00:23<01:08, 14.32it/s]
HPSAC calibration_valid:  26%|██▌       | 349/1333 [00:23<01:08, 14.40it/s]
HPSAC calibration_valid:  26%|██▋       | 351/1333 [00:23<01:08, 14.32it/s]
HPSAC calibration_valid:  26%|██▋       | 353/1333 [00:24<01:10, 14.00it/s]
HPSAC calibration_valid:  27%|██▋       | 355/1333 [00:24<01:11, 13.64it/s]
HPSAC calibration_valid:  27%|██▋       | 357/1333 [00:24<01:15, 12.91it/s]
HPSAC calibration_valid:  27%|██▋       | 359/1333 [00:24<01:15, 12.94it/s]
HPSAC calibration_valid:  27%|██▋       | 361/1333 [00:24<01:14, 13.13it/s]
HPSAC calibration_valid:  27%|██▋       | 363/1333 [00:24<01:12, 13.30it/s]
HPSAC calibration_valid:  27%|██▋       | 365/1333 [00:25<01:11, 13.49it/s]
HPSAC calibration_valid:  28%|██▊       | 367/1333 [00:25<01:11, 13.44it/s]
HPSAC calibration_valid:  28%|██▊       | 369/1333 [00:25<01:10, 13.60it/s]
HPSAC calibration_valid:  28%|██▊       | 371/1333 [00:25<01:10, 13.68it/s]
HPSAC calibration_valid:  28%|██▊       | 373/1333 [00:25<01:10, 13.64it/s]
HPSAC calibration_valid:  28%|██▊       | 375/1333 [00:25<01:10, 13.50it/s]
HPSAC calibration_valid:  28%|██▊       | 377/1333 [00:25<01:10, 13.54it/s]
HPSAC calibration_valid:  28%|██▊       | 379/1333 [00:26<01:09, 13.75it/s]
HPSAC calibration_valid:  29%|██▊       | 381/1333 [00:26<01:08, 13.94it/s]
HPSAC calibration_valid:  29%|██▊       | 383/1333 [00:26<01:07, 14.06it/s]
HPSAC calibration_valid:  29%|██▉       | 385/1333 [00:26<01:08, 13.82it/s]
HPSAC calibration_valid:  29%|██▉       | 387/1333 [00:26<01:08, 13.80it/s]
HPSAC calibration_valid:  29%|██▉       | 389/1333 [00:26<01:08, 13.87it/s]
HPSAC calibration_valid:  29%|██▉       | 391/1333 [00:26<01:07, 13.87it/s]
HPSAC calibration_valid:  29%|██▉       | 393/1333 [00:27<01:07, 13.83it/s]
HPSAC calibration_valid:  30%|██▉       | 395/1333 [00:27<01:08, 13.75it/s]
HPSAC calibration_valid:  30%|██▉       | 397/1333 [00:27<01:07, 13.85it/s]
HPSAC calibration_valid:  30%|██▉       | 399/1333 [00:27<01:07, 13.90it/s]
HPSAC calibration_valid:  30%|███       | 401/1333 [00:27<01:07, 13.85it/s]
HPSAC calibration_valid:  30%|███       | 403/1333 [00:27<01:07, 13.78it/s]
HPSAC calibration_valid:  30%|███       | 405/1333 [00:27<01:06, 13.88it/s]
HPSAC calibration_valid:  31%|███       | 407/1333 [00:28<01:06, 13.91it/s]
HPSAC calibration_valid:  31%|███       | 409/1333 [00:28<01:06, 13.89it/s]
HPSAC calibration_valid:  31%|███       | 411/1333 [00:28<01:05, 14.08it/s]
HPSAC calibration_valid:  31%|███       | 413/1333 [00:28<01:04, 14.21it/s]
HPSAC calibration_valid:  31%|███       | 415/1333 [00:28<01:04, 14.30it/s]
HPSAC calibration_valid:  31%|███▏      | 417/1333 [00:28<01:03, 14.33it/s]
HPSAC calibration_valid:  31%|███▏      | 419/1333 [00:28<01:03, 14.37it/s]
HPSAC calibration_valid:  32%|███▏      | 421/1333 [00:29<01:03, 14.43it/s]
HPSAC calibration_valid:  32%|███▏      | 423/1333 [00:29<01:04, 14.17it/s]
HPSAC calibration_valid:  32%|███▏      | 425/1333 [00:29<01:03, 14.26it/s]
HPSAC calibration_valid:  32%|███▏      | 427/1333 [00:29<01:03, 14.23it/s]
HPSAC calibration_valid:  32%|███▏      | 429/1333 [00:29<01:03, 14.13it/s]
HPSAC calibration_valid:  32%|███▏      | 431/1333 [00:29<01:04, 14.07it/s]
HPSAC calibration_valid:  32%|███▏      | 433/1333 [00:29<01:04, 13.95it/s]
HPSAC calibration_valid:  33%|███▎      | 435/1333 [00:30<01:04, 13.93it/s]
HPSAC calibration_valid:  33%|███▎      | 437/1333 [00:30<01:04, 13.92it/s]
HPSAC calibration_valid:  33%|███▎      | 439/1333 [00:30<01:04, 13.86it/s]
HPSAC calibration_valid:  33%|███▎      | 441/1333 [00:30<01:03, 14.03it/s]
HPSAC calibration_valid:  33%|███▎      | 443/1333 [00:30<01:02, 14.15it/s]
HPSAC calibration_valid:  33%|███▎      | 445/1333 [00:30<01:02, 14.28it/s]
HPSAC calibration_valid:  34%|███▎      | 447/1333 [00:30<01:02, 14.13it/s]
HPSAC calibration_valid:  34%|███▎      | 449/1333 [00:31<01:02, 14.12it/s]
HPSAC calibration_valid:  34%|███▍      | 451/1333 [00:31<01:01, 14.25it/s]
HPSAC calibration_valid:  34%|███▍      | 453/1333 [00:31<01:01, 14.33it/s]
HPSAC calibration_valid:  34%|███▍      | 455/1333 [00:31<01:01, 14.30it/s]
HPSAC calibration_valid:  34%|███▍      | 457/1333 [00:31<01:00, 14.40it/s]
HPSAC calibration_valid:  34%|███▍      | 459/1333 [00:31<01:00, 14.39it/s]
HPSAC calibration_valid:  35%|███▍      | 461/1333 [00:31<01:01, 14.11it/s]
HPSAC calibration_valid:  35%|███▍      | 463/1333 [00:32<01:01, 14.14it/s]
HPSAC calibration_valid:  35%|███▍      | 465/1333 [00:32<01:01, 14.14it/s]
HPSAC calibration_valid:  35%|███▌      | 467/1333 [00:32<01:01, 14.15it/s]
HPSAC calibration_valid:  35%|███▌      | 469/1333 [00:32<01:01, 13.98it/s]
HPSAC calibration_valid:  35%|███▌      | 471/1333 [00:32<01:01, 14.09it/s]
HPSAC calibration_valid:  35%|███▌      | 473/1333 [00:32<01:00, 14.23it/s]
HPSAC calibration_valid:  36%|███▌      | 475/1333 [00:32<01:00, 14.13it/s]
HPSAC calibration_valid:  36%|███▌      | 477/1333 [00:33<01:00, 14.15it/s]
HPSAC calibration_valid:  36%|███▌      | 479/1333 [00:33<00:59, 14.37it/s]
HPSAC calibration_valid:  36%|███▌      | 481/1333 [00:33<00:58, 14.52it/s]
HPSAC calibration_valid:  36%|███▌      | 483/1333 [00:33<00:58, 14.56it/s]
HPSAC calibration_valid:  36%|███▋      | 485/1333 [00:33<00:58, 14.43it/s]
HPSAC calibration_valid:  37%|███▋      | 487/1333 [00:33<00:58, 14.49it/s]
HPSAC calibration_valid:  37%|███▋      | 489/1333 [00:33<00:58, 14.53it/s]
HPSAC calibration_valid:  37%|███▋      | 491/1333 [00:33<00:57, 14.55it/s]
HPSAC calibration_valid:  37%|███▋      | 493/1333 [00:34<00:57, 14.59it/s]
HPSAC calibration_valid:  37%|███▋      | 495/1333 [00:34<00:57, 14.56it/s]
HPSAC calibration_valid:  37%|███▋      | 497/1333 [00:34<00:57, 14.53it/s]
HPSAC calibration_valid:  37%|███▋      | 499/1333 [00:34<00:57, 14.49it/s]
HPSAC calibration_valid:  38%|███▊      | 501/1333 [00:34<00:57, 14.37it/s]
HPSAC calibration_valid:  38%|███▊      | 503/1333 [00:34<00:57, 14.38it/s]
HPSAC calibration_valid:  38%|███▊      | 505/1333 [00:34<00:57, 14.32it/s]
HPSAC calibration_valid:  38%|███▊      | 507/1333 [00:35<00:57, 14.45it/s]
HPSAC calibration_valid:  38%|███▊      | 509/1333 [00:35<00:57, 14.36it/s]
HPSAC calibration_valid:  38%|███▊      | 511/1333 [00:35<00:56, 14.44it/s]
HPSAC calibration_valid:  38%|███▊      | 513/1333 [00:35<00:56, 14.50it/s]
HPSAC calibration_valid:  39%|███▊      | 515/1333 [00:35<00:56, 14.43it/s]
HPSAC calibration_valid:  39%|███▉      | 517/1333 [00:35<00:56, 14.41it/s]
HPSAC calibration_valid:  39%|███▉      | 519/1333 [00:35<00:56, 14.28it/s]
HPSAC calibration_valid:  39%|███▉      | 521/1333 [00:36<00:56, 14.29it/s]
HPSAC calibration_valid:  39%|███▉      | 523/1333 [00:36<00:57, 14.14it/s]
HPSAC calibration_valid:  39%|███▉      | 525/1333 [00:36<00:57, 14.08it/s]
HPSAC calibration_valid:  40%|███▉      | 527/1333 [00:36<00:57, 14.08it/s]
HPSAC calibration_valid:  40%|███▉      | 529/1333 [00:36<00:56, 14.22it/s]
HPSAC calibration_valid:  40%|███▉      | 531/1333 [00:36<00:56, 14.15it/s]
HPSAC calibration_valid:  40%|███▉      | 533/1333 [00:36<00:57, 14.02it/s]
HPSAC calibration_valid:  40%|████      | 535/1333 [00:37<01:00, 13.27it/s]
HPSAC calibration_valid:  40%|████      | 537/1333 [00:37<01:01, 12.91it/s]
HPSAC calibration_valid:  40%|████      | 539/1333 [00:37<01:01, 12.97it/s]
HPSAC calibration_valid:  41%|████      | 541/1333 [00:37<01:02, 12.74it/s]
HPSAC calibration_valid:  41%|████      | 543/1333 [00:37<01:01, 12.75it/s]
HPSAC calibration_valid:  41%|████      | 545/1333 [00:37<01:03, 12.48it/s]
HPSAC calibration_valid:  41%|████      | 547/1333 [00:38<01:04, 12.19it/s]
HPSAC calibration_valid:  41%|████      | 549/1333 [00:38<01:07, 11.63it/s]
HPSAC calibration_valid:  41%|████▏     | 551/1333 [00:38<01:07, 11.51it/s]
HPSAC calibration_valid:  41%|████▏     | 553/1333 [00:38<01:09, 11.19it/s]
HPSAC calibration_valid:  42%|████▏     | 555/1333 [00:38<01:10, 11.01it/s]
HPSAC calibration_valid:  42%|████▏     | 557/1333 [00:38<01:09, 11.24it/s]
HPSAC calibration_valid:  42%|████▏     | 559/1333 [00:39<01:06, 11.56it/s]
HPSAC calibration_valid:  42%|████▏     | 561/1333 [00:39<01:07, 11.48it/s]
HPSAC calibration_valid:  42%|████▏     | 563/1333 [00:39<01:05, 11.67it/s]
HPSAC calibration_valid:  42%|████▏     | 565/1333 [00:39<01:06, 11.51it/s]
HPSAC calibration_valid:  43%|████▎     | 567/1333 [00:39<01:06, 11.58it/s]
HPSAC calibration_valid:  43%|████▎     | 569/1333 [00:39<01:05, 11.72it/s]
HPSAC calibration_valid:  43%|████▎     | 571/1333 [00:40<01:04, 11.87it/s]
HPSAC calibration_valid:  43%|████▎     | 573/1333 [00:40<01:03, 11.89it/s]
HPSAC calibration_valid:  43%|████▎     | 575/1333 [00:40<01:02, 12.08it/s]
HPSAC calibration_valid:  43%|████▎     | 577/1333 [00:40<01:01, 12.23it/s]
HPSAC calibration_valid:  43%|████▎     | 579/1333 [00:40<01:01, 12.17it/s]
HPSAC calibration_valid:  44%|████▎     | 581/1333 [00:40<01:01, 12.26it/s]
HPSAC calibration_valid:  44%|████▎     | 583/1333 [00:41<01:01, 12.13it/s]
HPSAC calibration_valid:  44%|████▍     | 585/1333 [00:41<01:02, 11.97it/s]
HPSAC calibration_valid:  44%|████▍     | 587/1333 [00:41<01:04, 11.56it/s]
HPSAC calibration_valid:  44%|████▍     | 589/1333 [00:41<01:03, 11.74it/s]
HPSAC calibration_valid:  44%|████▍     | 591/1333 [00:41<01:02, 11.81it/s]
HPSAC calibration_valid:  44%|████▍     | 593/1333 [00:42<01:04, 11.52it/s]
HPSAC calibration_valid:  45%|████▍     | 595/1333 [00:42<01:02, 11.78it/s]
HPSAC calibration_valid:  45%|████▍     | 597/1333 [00:42<01:00, 12.10it/s]
HPSAC calibration_valid:  45%|████▍     | 599/1333 [00:42<01:00, 12.14it/s]
HPSAC calibration_valid:  45%|████▌     | 601/1333 [00:42<01:01, 11.86it/s]
HPSAC calibration_valid:  45%|████▌     | 603/1333 [00:42<01:00, 12.16it/s]
HPSAC calibration_valid:  45%|████▌     | 605/1333 [00:42<01:00, 12.07it/s]
HPSAC calibration_valid:  46%|████▌     | 607/1333 [00:43<01:00, 12.08it/s]
HPSAC calibration_valid:  46%|████▌     | 609/1333 [00:43<01:00, 12.06it/s]
HPSAC calibration_valid:  46%|████▌     | 611/1333 [00:43<01:01, 11.83it/s]
HPSAC calibration_valid:  46%|████▌     | 613/1333 [00:43<01:01, 11.74it/s]
HPSAC calibration_valid:  46%|████▌     | 615/1333 [00:43<01:01, 11.71it/s]
HPSAC calibration_valid:  46%|████▋     | 617/1333 [00:44<01:01, 11.66it/s]
HPSAC calibration_valid:  46%|████▋     | 619/1333 [00:44<01:01, 11.65it/s]
HPSAC calibration_valid:  47%|████▋     | 621/1333 [00:44<00:59, 11.95it/s]
HPSAC calibration_valid:  47%|████▋     | 623/1333 [00:44<00:58, 12.10it/s]
HPSAC calibration_valid:  47%|████▋     | 625/1333 [00:44<00:56, 12.46it/s]
HPSAC calibration_valid:  47%|████▋     | 627/1333 [00:44<00:55, 12.66it/s]
HPSAC calibration_valid:  47%|████▋     | 629/1333 [00:44<00:55, 12.73it/s]
HPSAC calibration_valid:  47%|████▋     | 631/1333 [00:45<00:55, 12.67it/s]
HPSAC calibration_valid:  47%|████▋     | 633/1333 [00:45<00:55, 12.63it/s]
HPSAC calibration_valid:  48%|████▊     | 635/1333 [00:45<00:55, 12.53it/s]
HPSAC calibration_valid:  48%|████▊     | 637/1333 [00:45<00:55, 12.48it/s]
HPSAC calibration_valid:  48%|████▊     | 639/1333 [00:45<00:55, 12.54it/s]
HPSAC calibration_valid:  48%|████▊     | 641/1333 [00:45<00:54, 12.64it/s]
HPSAC calibration_valid:  48%|████▊     | 643/1333 [00:46<00:54, 12.66it/s]
HPSAC calibration_valid:  48%|████▊     | 645/1333 [00:46<00:53, 12.81it/s]
HPSAC calibration_valid:  49%|████▊     | 647/1333 [00:46<00:53, 12.89it/s]
HPSAC calibration_valid:  49%|████▊     | 649/1333 [00:46<00:54, 12.55it/s]
HPSAC calibration_valid:  49%|████▉     | 651/1333 [00:46<00:54, 12.61it/s]
HPSAC calibration_valid:  49%|████▉     | 653/1333 [00:46<00:54, 12.42it/s]
HPSAC calibration_valid:  49%|████▉     | 655/1333 [00:47<00:55, 12.29it/s]
HPSAC calibration_valid:  49%|████▉     | 657/1333 [00:47<00:55, 12.23it/s]
HPSAC calibration_valid:  49%|████▉     | 659/1333 [00:47<00:55, 12.19it/s]
HPSAC calibration_valid:  50%|████▉     | 661/1333 [00:47<00:56, 12.00it/s]
HPSAC calibration_valid:  50%|████▉     | 663/1333 [00:47<00:56, 11.87it/s]
HPSAC calibration_valid:  50%|████▉     | 665/1333 [00:47<00:55, 11.97it/s]
HPSAC calibration_valid:  50%|█████     | 667/1333 [00:48<00:55, 12.05it/s]
HPSAC calibration_valid:  50%|█████     | 669/1333 [00:48<00:55, 11.98it/s]
HPSAC calibration_valid:  50%|█████     | 671/1333 [00:48<00:54, 12.25it/s]
HPSAC calibration_valid:  50%|█████     | 673/1333 [00:48<00:52, 12.68it/s]
HPSAC calibration_valid:  51%|█████     | 675/1333 [00:48<00:50, 12.91it/s]
HPSAC calibration_valid:  51%|█████     | 677/1333 [00:48<00:49, 13.21it/s]
HPSAC calibration_valid:  51%|█████     | 679/1333 [00:48<00:49, 13.18it/s]
HPSAC calibration_valid:  51%|█████     | 681/1333 [00:49<00:48, 13.31it/s]
HPSAC calibration_valid:  51%|█████     | 683/1333 [00:49<00:48, 13.46it/s]
HPSAC calibration_valid:  51%|█████▏    | 685/1333 [00:49<00:48, 13.35it/s]
HPSAC calibration_valid:  52%|█████▏    | 687/1333 [00:49<00:48, 13.31it/s]
HPSAC calibration_valid:  52%|█████▏    | 689/1333 [00:49<00:48, 13.41it/s]
HPSAC calibration_valid:  52%|█████▏    | 691/1333 [00:49<00:47, 13.39it/s]
HPSAC calibration_valid:  52%|█████▏    | 693/1333 [00:49<00:48, 13.23it/s]
HPSAC calibration_valid:  52%|█████▏    | 695/1333 [00:50<00:47, 13.46it/s]
HPSAC calibration_valid:  52%|█████▏    | 697/1333 [00:50<00:47, 13.49it/s]
HPSAC calibration_valid:  53%|█████▎    | 711/1333 [00:50<00:16, 37.57it/s]
HPSAC calibration_valid:  54%|█████▎    | 715/1333 [00:50<00:22, 27.26it/s]
HPSAC calibration_valid:  54%|█████▍    | 719/1333 [00:50<00:27, 22.16it/s]
HPSAC calibration_valid:  54%|█████▍    | 722/1333 [00:51<00:30, 19.76it/s]
HPSAC calibration_valid:  54%|█████▍    | 725/1333 [00:51<00:33, 18.12it/s]
HPSAC calibration_valid:  55%|█████▍    | 727/1333 [00:51<00:35, 17.18it/s]
HPSAC calibration_valid:  55%|█████▍    | 729/1333 [00:51<00:36, 16.41it/s]
HPSAC calibration_valid:  55%|█████▍    | 731/1333 [00:51<00:38, 15.69it/s]
HPSAC calibration_valid:  55%|█████▍    | 733/1333 [00:51<00:39, 15.17it/s]
HPSAC calibration_valid:  55%|█████▌    | 735/1333 [00:52<00:40, 14.72it/s]
HPSAC calibration_valid:  55%|█████▌    | 737/1333 [00:52<00:41, 14.39it/s]
HPSAC calibration_valid:  55%|█████▌    | 739/1333 [00:52<00:41, 14.47it/s]
HPSAC calibration_valid:  56%|█████▌    | 741/1333 [00:52<00:41, 14.37it/s]
HPSAC calibration_valid:  56%|█████▌    | 743/1333 [00:52<00:41, 14.33it/s]
HPSAC calibration_valid:  56%|█████▌    | 745/1333 [00:52<00:41, 14.33it/s]
HPSAC calibration_valid:  56%|█████▌    | 747/1333 [00:52<00:40, 14.42it/s]
HPSAC calibration_valid:  56%|█████▌    | 749/1333 [00:53<00:40, 14.30it/s]
HPSAC calibration_valid:  56%|█████▋    | 751/1333 [00:53<00:40, 14.49it/s]
HPSAC calibration_valid:  56%|█████▋    | 753/1333 [00:53<00:40, 14.46it/s]
HPSAC calibration_valid:  57%|█████▋    | 755/1333 [00:53<00:39, 14.51it/s]
HPSAC calibration_valid:  57%|█████▋    | 757/1333 [00:53<00:39, 14.43it/s]
HPSAC calibration_valid:  57%|█████▋    | 759/1333 [00:53<00:39, 14.51it/s]
HPSAC calibration_valid:  57%|█████▋    | 761/1333 [00:53<00:39, 14.52it/s]
HPSAC calibration_valid:  57%|█████▋    | 763/1333 [00:54<00:39, 14.45it/s]
HPSAC calibration_valid:  57%|█████▋    | 765/1333 [00:54<00:39, 14.55it/s]
HPSAC calibration_valid:  58%|█████▊    | 767/1333 [00:54<00:38, 14.56it/s]
HPSAC calibration_valid:  58%|█████▊    | 769/1333 [00:54<00:38, 14.67it/s]
HPSAC calibration_valid:  58%|█████▊    | 771/1333 [00:54<00:38, 14.57it/s]
HPSAC calibration_valid:  58%|█████▊    | 773/1333 [00:54<00:38, 14.55it/s]
HPSAC calibration_valid:  58%|█████▊    | 775/1333 [00:54<00:38, 14.40it/s]
HPSAC calibration_valid:  58%|█████▊    | 777/1333 [00:55<00:38, 14.47it/s]
HPSAC calibration_valid:  58%|█████▊    | 779/1333 [00:55<00:38, 14.57it/s]
HPSAC calibration_valid:  59%|█████▊    | 781/1333 [00:55<00:37, 14.56it/s]
HPSAC calibration_valid:  59%|█████▊    | 783/1333 [00:55<00:37, 14.57it/s]
HPSAC calibration_valid:  59%|█████▉    | 785/1333 [00:55<00:37, 14.45it/s]
HPSAC calibration_valid:  59%|█████▉    | 787/1333 [00:55<00:37, 14.59it/s]
HPSAC calibration_valid:  59%|█████▉    | 789/1333 [00:55<00:37, 14.52it/s]
HPSAC calibration_valid:  59%|█████▉    | 791/1333 [00:56<00:37, 14.62it/s]
HPSAC calibration_valid:  59%|█████▉    | 793/1333 [00:56<00:37, 14.55it/s]
HPSAC calibration_valid:  60%|█████▉    | 795/1333 [00:56<00:37, 14.50it/s]
HPSAC calibration_valid:  60%|█████▉    | 797/1333 [00:56<00:37, 14.46it/s]
HPSAC calibration_valid:  60%|█████▉    | 799/1333 [00:56<00:36, 14.52it/s]
HPSAC calibration_valid:  60%|██████    | 801/1333 [00:56<00:36, 14.62it/s]
HPSAC calibration_valid:  60%|██████    | 803/1333 [00:56<00:36, 14.68it/s]
HPSAC calibration_valid:  60%|██████    | 805/1333 [00:56<00:36, 14.58it/s]
HPSAC calibration_valid:  61%|██████    | 807/1333 [00:57<00:35, 14.68it/s]
HPSAC calibration_valid:  61%|██████    | 809/1333 [00:57<00:35, 14.65it/s]
HPSAC calibration_valid:  61%|██████    | 811/1333 [00:57<00:35, 14.69it/s]
HPSAC calibration_valid:  61%|██████    | 813/1333 [00:57<00:35, 14.60it/s]
HPSAC calibration_valid:  61%|██████    | 815/1333 [00:57<00:35, 14.56it/s]
HPSAC calibration_valid:  61%|██████▏   | 817/1333 [00:57<00:35, 14.48it/s]
HPSAC calibration_valid:  61%|██████▏   | 819/1333 [00:57<00:35, 14.61it/s]
HPSAC calibration_valid:  62%|██████▏   | 821/1333 [00:58<00:35, 14.61it/s]
HPSAC calibration_valid:  62%|██████▏   | 823/1333 [00:58<00:34, 14.59it/s]
HPSAC calibration_valid:  62%|██████▏   | 825/1333 [00:58<00:34, 14.54it/s]
HPSAC calibration_valid:  62%|██████▏   | 827/1333 [00:58<00:34, 14.51it/s]
HPSAC calibration_valid:  62%|██████▏   | 829/1333 [00:58<00:34, 14.56it/s]
HPSAC calibration_valid:  62%|██████▏   | 831/1333 [00:58<00:34, 14.60it/s]
HPSAC calibration_valid:  62%|██████▏   | 833/1333 [00:58<00:33, 14.76it/s]
HPSAC calibration_valid:  63%|██████▎   | 835/1333 [00:59<00:34, 14.55it/s]
HPSAC calibration_valid:  63%|██████▎   | 837/1333 [00:59<00:33, 14.69it/s]
HPSAC calibration_valid:  63%|██████▎   | 839/1333 [00:59<00:33, 14.63it/s]
HPSAC calibration_valid:  63%|██████▎   | 841/1333 [00:59<00:33, 14.54it/s]
HPSAC calibration_valid:  63%|██████▎   | 843/1333 [00:59<00:33, 14.70it/s]
HPSAC calibration_valid:  63%|██████▎   | 845/1333 [00:59<00:33, 14.68it/s]
HPSAC calibration_valid:  64%|██████▎   | 847/1333 [00:59<00:33, 14.66it/s]
HPSAC calibration_valid:  64%|██████▎   | 849/1333 [00:59<00:33, 14.59it/s]
HPSAC calibration_valid:  64%|██████▍   | 851/1333 [01:00<00:32, 14.68it/s]
HPSAC calibration_valid:  64%|██████▍   | 853/1333 [01:00<00:32, 14.63it/s]
HPSAC calibration_valid:  64%|██████▍   | 855/1333 [01:00<00:32, 14.63it/s]
HPSAC calibration_valid:  64%|██████▍   | 857/1333 [01:00<00:32, 14.60it/s]
HPSAC calibration_valid:  64%|██████▍   | 859/1333 [01:00<00:32, 14.53it/s]
HPSAC calibration_valid:  65%|██████▍   | 861/1333 [01:00<00:32, 14.67it/s]
HPSAC calibration_valid:  65%|██████▍   | 863/1333 [01:00<00:31, 14.74it/s]
HPSAC calibration_valid:  65%|██████▍   | 865/1333 [01:01<00:31, 14.64it/s]
HPSAC calibration_valid:  65%|██████▌   | 867/1333 [01:01<00:32, 14.55it/s]
HPSAC calibration_valid:  65%|██████▌   | 869/1333 [01:01<00:31, 14.52it/s]
HPSAC calibration_valid:  65%|██████▌   | 871/1333 [01:01<00:32, 14.39it/s]
HPSAC calibration_valid:  65%|██████▌   | 873/1333 [01:01<00:31, 14.46it/s]
HPSAC calibration_valid:  66%|██████▌   | 875/1333 [01:01<00:31, 14.67it/s]
HPSAC calibration_valid:  66%|██████▌   | 877/1333 [01:01<00:31, 14.48it/s]
HPSAC calibration_valid:  66%|██████▌   | 879/1333 [01:02<00:31, 14.53it/s]
HPSAC calibration_valid:  66%|██████▌   | 881/1333 [01:02<00:31, 14.44it/s]
HPSAC calibration_valid:  66%|██████▌   | 883/1333 [01:02<00:30, 14.57it/s]
HPSAC calibration_valid:  66%|██████▋   | 885/1333 [01:02<00:30, 14.49it/s]
HPSAC calibration_valid:  67%|██████▋   | 887/1333 [01:02<00:30, 14.44it/s]
HPSAC calibration_valid:  67%|██████▋   | 889/1333 [01:02<00:30, 14.48it/s]
HPSAC calibration_valid:  67%|██████▋   | 891/1333 [01:02<00:30, 14.42it/s]
HPSAC calibration_valid:  67%|██████▋   | 893/1333 [01:03<00:30, 14.46it/s]
HPSAC calibration_valid:  67%|██████▋   | 895/1333 [01:03<00:30, 14.43it/s]
HPSAC calibration_valid:  67%|██████▋   | 897/1333 [01:03<00:30, 14.42it/s]
HPSAC calibration_valid:  67%|██████▋   | 899/1333 [01:03<00:30, 14.35it/s]
HPSAC calibration_valid:  68%|██████▊   | 901/1333 [01:03<00:30, 14.28it/s]
HPSAC calibration_valid:  68%|██████▊   | 903/1333 [01:03<00:29, 14.37it/s]
HPSAC calibration_valid:  68%|██████▊   | 905/1333 [01:03<00:29, 14.37it/s]
HPSAC calibration_valid:  68%|██████▊   | 907/1333 [01:03<00:29, 14.33it/s]
HPSAC calibration_valid:  68%|██████▊   | 909/1333 [01:04<00:29, 14.31it/s]
HPSAC calibration_valid:  68%|██████▊   | 911/1333 [01:04<00:29, 14.16it/s]
HPSAC calibration_valid:  68%|██████▊   | 913/1333 [01:04<00:29, 14.06it/s]
HPSAC calibration_valid:  69%|██████▊   | 915/1333 [01:04<00:29, 14.24it/s]
HPSAC calibration_valid:  69%|██████▉   | 917/1333 [01:04<00:28, 14.38it/s]
HPSAC calibration_valid:  69%|██████▉   | 919/1333 [01:04<00:28, 14.46it/s]
HPSAC calibration_valid:  69%|██████▉   | 921/1333 [01:04<00:28, 14.60it/s]
HPSAC calibration_valid:  69%|██████▉   | 923/1333 [01:05<00:28, 14.53it/s]
HPSAC calibration_valid:  69%|██████▉   | 925/1333 [01:05<00:28, 14.51it/s]
HPSAC calibration_valid:  70%|██████▉   | 927/1333 [01:05<00:28, 14.43it/s]
HPSAC calibration_valid:  70%|██████▉   | 929/1333 [01:05<00:28, 14.35it/s]
HPSAC calibration_valid:  70%|██████▉   | 931/1333 [01:05<00:28, 14.27it/s]
HPSAC calibration_valid:  70%|██████▉   | 933/1333 [01:05<00:28, 14.14it/s]
HPSAC calibration_valid:  70%|███████   | 935/1333 [01:05<00:28, 13.93it/s]
HPSAC calibration_valid:  70%|███████   | 937/1333 [01:06<00:28, 14.09it/s]
HPSAC calibration_valid:  70%|███████   | 939/1333 [01:06<00:27, 14.12it/s]
HPSAC calibration_valid:  71%|███████   | 941/1333 [01:06<00:27, 14.25it/s]
HPSAC calibration_valid:  71%|███████   | 943/1333 [01:06<00:27, 14.07it/s]
HPSAC calibration_valid:  71%|███████   | 945/1333 [01:06<00:27, 14.01it/s]
HPSAC calibration_valid:  71%|███████   | 947/1333 [01:06<00:27, 14.01it/s]
HPSAC calibration_valid:  71%|███████   | 949/1333 [01:06<00:27, 14.03it/s]
HPSAC calibration_valid:  71%|███████▏  | 951/1333 [01:07<00:27, 14.14it/s]
HPSAC calibration_valid:  71%|███████▏  | 953/1333 [01:07<00:26, 14.17it/s]
HPSAC calibration_valid:  72%|███████▏  | 955/1333 [01:07<00:27, 13.73it/s]
HPSAC calibration_valid:  72%|███████▏  | 957/1333 [01:07<00:27, 13.91it/s]
HPSAC calibration_valid:  72%|███████▏  | 959/1333 [01:07<00:26, 14.05it/s]
HPSAC calibration_valid:  72%|███████▏  | 961/1333 [01:07<00:26, 14.09it/s]
HPSAC calibration_valid:  72%|███████▏  | 963/1333 [01:07<00:26, 14.04it/s]
HPSAC calibration_valid:  72%|███████▏  | 965/1333 [01:08<00:26, 14.11it/s]
HPSAC calibration_valid:  73%|███████▎  | 967/1333 [01:08<00:26, 14.07it/s]
HPSAC calibration_valid:  73%|███████▎  | 969/1333 [01:08<00:26, 13.75it/s]
HPSAC calibration_valid:  73%|███████▎  | 971/1333 [01:08<00:26, 13.80it/s]
HPSAC calibration_valid:  73%|███████▎  | 973/1333 [01:08<00:26, 13.84it/s]
HPSAC calibration_valid:  73%|███████▎  | 975/1333 [01:08<00:25, 13.96it/s]
HPSAC calibration_valid:  73%|███████▎  | 977/1333 [01:08<00:25, 14.15it/s]
HPSAC calibration_valid:  73%|███████▎  | 979/1333 [01:09<00:25, 14.12it/s]
HPSAC calibration_valid:  74%|███████▎  | 981/1333 [01:09<00:24, 14.15it/s]
HPSAC calibration_valid:  74%|███████▎  | 983/1333 [01:09<00:24, 14.19it/s]
HPSAC calibration_valid:  74%|███████▍  | 985/1333 [01:09<00:24, 14.18it/s]
HPSAC calibration_valid:  74%|███████▍  | 987/1333 [01:09<00:24, 14.04it/s]
HPSAC calibration_valid:  74%|███████▍  | 989/1333 [01:09<00:24, 14.06it/s]
HPSAC calibration_valid:  74%|███████▍  | 991/1333 [01:09<00:24, 14.25it/s]
HPSAC calibration_valid:  74%|███████▍  | 993/1333 [01:10<00:23, 14.34it/s]
HPSAC calibration_valid:  75%|███████▍  | 995/1333 [01:10<00:23, 14.31it/s]
HPSAC calibration_valid:  75%|███████▍  | 997/1333 [01:10<00:23, 14.29it/s]
HPSAC calibration_valid:  75%|███████▍  | 999/1333 [01:10<00:23, 14.41it/s]
HPSAC calibration_valid:  75%|███████▌  | 1001/1333 [01:10<00:23, 14.20it/s]
HPSAC calibration_valid:  75%|███████▌  | 1003/1333 [01:10<00:23, 14.30it/s]
HPSAC calibration_valid:  75%|███████▌  | 1005/1333 [01:10<00:22, 14.37it/s]
HPSAC calibration_valid:  76%|███████▌  | 1007/1333 [01:11<00:22, 14.45it/s]
HPSAC calibration_valid:  76%|███████▌  | 1009/1333 [01:11<00:22, 14.48it/s]
HPSAC calibration_valid:  76%|███████▌  | 1011/1333 [01:11<00:22, 14.46it/s]
HPSAC calibration_valid:  76%|███████▌  | 1013/1333 [01:11<00:22, 14.48it/s]
HPSAC calibration_valid:  76%|███████▌  | 1015/1333 [01:11<00:22, 14.39it/s]
HPSAC calibration_valid:  76%|███████▋  | 1017/1333 [01:11<00:21, 14.40it/s]
HPSAC calibration_valid:  76%|███████▋  | 1019/1333 [01:11<00:21, 14.48it/s]
HPSAC calibration_valid:  77%|███████▋  | 1021/1333 [01:12<00:21, 14.41it/s]
HPSAC calibration_valid:  77%|███████▋  | 1023/1333 [01:12<00:21, 14.24it/s]
HPSAC calibration_valid:  77%|███████▋  | 1025/1333 [01:12<00:21, 14.34it/s]
HPSAC calibration_valid:  77%|███████▋  | 1027/1333 [01:12<00:21, 14.41it/s]
HPSAC calibration_valid:  77%|███████▋  | 1029/1333 [01:12<00:21, 14.42it/s]
HPSAC calibration_valid:  77%|███████▋  | 1031/1333 [01:12<00:21, 14.31it/s]
HPSAC calibration_valid:  77%|███████▋  | 1033/1333 [01:12<00:20, 14.37it/s]
HPSAC calibration_valid:  78%|███████▊  | 1035/1333 [01:12<00:20, 14.34it/s]
HPSAC calibration_valid:  78%|███████▊  | 1037/1333 [01:13<00:20, 14.30it/s]
HPSAC calibration_valid:  78%|███████▊  | 1039/1333 [01:13<00:20, 14.36it/s]
HPSAC calibration_valid:  78%|███████▊  | 1041/1333 [01:13<00:20, 14.47it/s]
HPSAC calibration_valid:  78%|███████▊  | 1043/1333 [01:13<00:20, 14.36it/s]
HPSAC calibration_valid:  78%|███████▊  | 1045/1333 [01:13<00:20, 14.35it/s]
HPSAC calibration_valid:  79%|███████▊  | 1047/1333 [01:13<00:19, 14.41it/s]
HPSAC calibration_valid:  79%|███████▊  | 1049/1333 [01:13<00:19, 14.39it/s]
HPSAC calibration_valid:  79%|███████▉  | 1051/1333 [01:14<00:19, 14.18it/s]
HPSAC calibration_valid:  79%|███████▉  | 1053/1333 [01:14<00:19, 14.29it/s]
HPSAC calibration_valid:  79%|███████▉  | 1055/1333 [01:14<00:19, 14.42it/s]
HPSAC calibration_valid:  79%|███████▉  | 1057/1333 [01:14<00:19, 14.47it/s]
HPSAC calibration_valid:  79%|███████▉  | 1059/1333 [01:14<00:18, 14.46it/s]
HPSAC calibration_valid:  80%|███████▉  | 1061/1333 [01:14<00:18, 14.44it/s]
HPSAC calibration_valid:  80%|███████▉  | 1063/1333 [01:14<00:18, 14.35it/s]
HPSAC calibration_valid:  80%|███████▉  | 1065/1333 [01:15<00:18, 14.44it/s]
HPSAC calibration_valid:  80%|████████  | 1067/1333 [01:15<00:18, 14.35it/s]
HPSAC calibration_valid:  80%|████████  | 1069/1333 [01:15<00:18, 14.32it/s]
HPSAC calibration_valid:  80%|████████  | 1071/1333 [01:15<00:18, 14.41it/s]
HPSAC calibration_valid:  80%|████████  | 1073/1333 [01:15<00:18, 14.41it/s]
HPSAC calibration_valid:  81%|████████  | 1075/1333 [01:15<00:17, 14.35it/s]
HPSAC calibration_valid:  81%|████████  | 1077/1333 [01:15<00:17, 14.37it/s]
HPSAC calibration_valid:  81%|████████  | 1079/1333 [01:16<00:17, 14.39it/s]
HPSAC calibration_valid:  81%|████████  | 1081/1333 [01:16<00:17, 14.44it/s]
HPSAC calibration_valid:  81%|████████  | 1083/1333 [01:16<00:17, 14.36it/s]
HPSAC calibration_valid:  81%|████████▏ | 1085/1333 [01:16<00:17, 14.34it/s]
HPSAC calibration_valid:  82%|████████▏ | 1087/1333 [01:16<00:17, 13.96it/s]
HPSAC calibration_valid:  82%|████████▏ | 1089/1333 [01:16<00:17, 14.11it/s]
HPSAC calibration_valid:  82%|████████▏ | 1091/1333 [01:16<00:17, 14.15it/s]
HPSAC calibration_valid:  82%|████████▏ | 1093/1333 [01:17<00:16, 14.31it/s]
HPSAC calibration_valid:  82%|████████▏ | 1095/1333 [01:17<00:16, 14.38it/s]
HPSAC calibration_valid:  82%|████████▏ | 1097/1333 [01:17<00:16, 14.26it/s]
HPSAC calibration_valid:  82%|████████▏ | 1099/1333 [01:17<00:16, 14.33it/s]
HPSAC calibration_valid:  83%|████████▎ | 1101/1333 [01:17<00:16, 14.33it/s]
HPSAC calibration_valid:  83%|████████▎ | 1103/1333 [01:17<00:15, 14.38it/s]
HPSAC calibration_valid:  83%|████████▎ | 1105/1333 [01:17<00:15, 14.40it/s]
HPSAC calibration_valid:  83%|████████▎ | 1107/1333 [01:18<00:15, 14.31it/s]
HPSAC calibration_valid:  83%|████████▎ | 1109/1333 [01:18<00:15, 14.26it/s]
HPSAC calibration_valid:  83%|████████▎ | 1111/1333 [01:18<00:15, 14.28it/s]
HPSAC calibration_valid:  83%|████████▎ | 1113/1333 [01:18<00:15, 14.38it/s]
HPSAC calibration_valid:  84%|████████▎ | 1115/1333 [01:18<00:15, 14.34it/s]
HPSAC calibration_valid:  84%|████████▍ | 1117/1333 [01:18<00:15, 14.37it/s]
HPSAC calibration_valid:  84%|████████▍ | 1119/1333 [01:18<00:14, 14.30it/s]
HPSAC calibration_valid:  84%|████████▍ | 1121/1333 [01:18<00:14, 14.37it/s]
HPSAC calibration_valid:  84%|████████▍ | 1123/1333 [01:19<00:14, 14.29it/s]
HPSAC calibration_valid:  84%|████████▍ | 1125/1333 [01:19<00:14, 14.46it/s]
HPSAC calibration_valid:  85%|████████▍ | 1127/1333 [01:19<00:14, 14.53it/s]
HPSAC calibration_valid:  85%|████████▍ | 1129/1333 [01:19<00:14, 14.44it/s]
HPSAC calibration_valid:  85%|████████▍ | 1131/1333 [01:19<00:14, 14.28it/s]
HPSAC calibration_valid:  85%|████████▍ | 1133/1333 [01:19<00:14, 13.98it/s]
HPSAC calibration_valid:  85%|████████▌ | 1135/1333 [01:20<00:14, 13.47it/s]
HPSAC calibration_valid:  85%|████████▌ | 1137/1333 [01:20<00:15, 12.95it/s]
HPSAC calibration_valid:  85%|████████▌ | 1139/1333 [01:20<00:15, 12.91it/s]
HPSAC calibration_valid:  86%|████████▌ | 1141/1333 [01:20<00:14, 12.86it/s]
HPSAC calibration_valid:  86%|████████▌ | 1143/1333 [01:20<00:14, 13.00it/s]
HPSAC calibration_valid:  86%|████████▌ | 1145/1333 [01:20<00:14, 12.98it/s]
HPSAC calibration_valid:  86%|████████▌ | 1147/1333 [01:20<00:14, 12.88it/s]
HPSAC calibration_valid:  86%|████████▌ | 1149/1333 [01:21<00:14, 12.93it/s]
HPSAC calibration_valid:  86%|████████▋ | 1151/1333 [01:21<00:14, 12.99it/s]
HPSAC calibration_valid:  86%|████████▋ | 1153/1333 [01:21<00:13, 13.20it/s]
HPSAC calibration_valid:  87%|████████▋ | 1155/1333 [01:21<00:13, 13.34it/s]
HPSAC calibration_valid:  87%|████████▋ | 1157/1333 [01:21<00:13, 13.46it/s]
HPSAC calibration_valid:  88%|████████▊ | 1169/1333 [01:21<00:04, 36.65it/s]
HPSAC calibration_valid:  88%|████████▊ | 1174/1333 [01:22<00:06, 24.48it/s]
HPSAC calibration_valid:  88%|████████▊ | 1178/1333 [01:22<00:08, 19.33it/s]
HPSAC calibration_valid:  89%|████████▊ | 1181/1333 [01:22<00:08, 17.44it/s]
HPSAC calibration_valid:  89%|████████▉ | 1184/1333 [01:23<00:09, 15.33it/s]
HPSAC calibration_valid:  89%|████████▉ | 1186/1333 [01:23<00:09, 14.71it/s]
HPSAC calibration_valid:  89%|████████▉ | 1188/1333 [01:23<00:10, 14.23it/s]
HPSAC calibration_valid:  89%|████████▉ | 1190/1333 [01:23<00:10, 13.74it/s]
HPSAC calibration_valid:  89%|████████▉ | 1192/1333 [01:23<00:10, 13.44it/s]
HPSAC calibration_valid:  90%|████████▉ | 1194/1333 [01:23<00:10, 13.15it/s]
HPSAC calibration_valid:  90%|████████▉ | 1196/1333 [01:23<00:10, 13.02it/s]
HPSAC calibration_valid:  90%|████████▉ | 1198/1333 [01:24<00:10, 13.03it/s]
HPSAC calibration_valid:  90%|█████████ | 1200/1333 [01:24<00:10, 13.17it/s]
HPSAC calibration_valid:  90%|█████████ | 1202/1333 [01:24<00:09, 13.49it/s]
HPSAC calibration_valid:  90%|█████████ | 1204/1333 [01:24<00:09, 13.55it/s]
HPSAC calibration_valid:  90%|█████████ | 1206/1333 [01:24<00:09, 13.55it/s]
HPSAC calibration_valid:  91%|█████████ | 1208/1333 [01:24<00:09, 13.60it/s]
HPSAC calibration_valid:  91%|█████████ | 1210/1333 [01:24<00:08, 13.69it/s]
HPSAC calibration_valid:  91%|█████████ | 1212/1333 [01:25<00:08, 13.79it/s]
HPSAC calibration_valid:  91%|█████████ | 1214/1333 [01:25<00:08, 13.83it/s]
HPSAC calibration_valid:  91%|█████████ | 1216/1333 [01:25<00:08, 13.97it/s]
HPSAC calibration_valid:  91%|█████████▏| 1218/1333 [01:25<00:08, 14.13it/s]
HPSAC calibration_valid:  92%|█████████▏| 1220/1333 [01:25<00:08, 14.10it/s]
HPSAC calibration_valid:  92%|█████████▏| 1222/1333 [01:25<00:07, 13.95it/s]
HPSAC calibration_valid:  92%|█████████▏| 1224/1333 [01:25<00:07, 13.93it/s]
HPSAC calibration_valid:  92%|█████████▏| 1226/1333 [01:26<00:07, 13.56it/s]
HPSAC calibration_valid:  92%|█████████▏| 1228/1333 [01:26<00:07, 13.22it/s]
HPSAC calibration_valid:  92%|█████████▏| 1230/1333 [01:26<00:07, 13.15it/s]
HPSAC calibration_valid:  92%|█████████▏| 1232/1333 [01:26<00:07, 13.03it/s]
HPSAC calibration_valid:  93%|█████████▎| 1234/1333 [01:26<00:07, 13.06it/s]
HPSAC calibration_valid:  93%|█████████▎| 1236/1333 [01:26<00:07, 12.90it/s]
HPSAC calibration_valid:  93%|█████████▎| 1238/1333 [01:27<00:07, 12.86it/s]
HPSAC calibration_valid:  93%|█████████▎| 1240/1333 [01:27<00:07, 12.90it/s]
HPSAC calibration_valid:  93%|█████████▎| 1242/1333 [01:27<00:07, 12.90it/s]
HPSAC calibration_valid:  93%|█████████▎| 1244/1333 [01:27<00:06, 13.18it/s]
HPSAC calibration_valid:  93%|█████████▎| 1246/1333 [01:27<00:06, 13.03it/s]
HPSAC calibration_valid:  94%|█████████▎| 1248/1333 [01:27<00:06, 13.11it/s]
HPSAC calibration_valid:  94%|█████████▍| 1250/1333 [01:27<00:06, 13.20it/s]
HPSAC calibration_valid:  94%|█████████▍| 1252/1333 [01:28<00:06, 13.26it/s]
HPSAC calibration_valid:  94%|█████████▍| 1254/1333 [01:28<00:05, 13.43it/s]
HPSAC calibration_valid:  94%|█████████▍| 1256/1333 [01:28<00:05, 13.54it/s]
HPSAC calibration_valid:  94%|█████████▍| 1258/1333 [01:28<00:05, 13.55it/s]
HPSAC calibration_valid:  95%|█████████▍| 1260/1333 [01:28<00:05, 13.53it/s]
HPSAC calibration_valid:  95%|█████████▍| 1262/1333 [01:28<00:05, 13.42it/s]
HPSAC calibration_valid:  95%|█████████▍| 1264/1333 [01:29<00:05, 13.49it/s]
HPSAC calibration_valid:  95%|█████████▍| 1266/1333 [01:29<00:04, 13.62it/s]
HPSAC calibration_valid:  95%|█████████▌| 1268/1333 [01:29<00:04, 13.83it/s]
HPSAC calibration_valid:  95%|█████████▌| 1270/1333 [01:29<00:04, 13.98it/s]
HPSAC calibration_valid:  95%|█████████▌| 1272/1333 [01:29<00:04, 14.11it/s]
HPSAC calibration_valid:  96%|█████████▌| 1274/1333 [01:29<00:04, 13.89it/s]
HPSAC calibration_valid:  96%|█████████▌| 1276/1333 [01:29<00:04, 13.68it/s]
HPSAC calibration_valid:  96%|█████████▌| 1278/1333 [01:30<00:04, 13.50it/s]
HPSAC calibration_valid:  96%|█████████▌| 1280/1333 [01:30<00:03, 13.50it/s]
HPSAC calibration_valid:  96%|█████████▌| 1282/1333 [01:30<00:03, 13.50it/s]
HPSAC calibration_valid:  96%|█████████▋| 1284/1333 [01:30<00:03, 13.48it/s]
HPSAC calibration_valid:  96%|█████████▋| 1286/1333 [01:30<00:03, 13.45it/s]
HPSAC calibration_valid:  97%|█████████▋| 1288/1333 [01:30<00:03, 13.55it/s]
HPSAC calibration_valid:  97%|█████████▋| 1290/1333 [01:30<00:03, 13.72it/s]
HPSAC calibration_valid:  97%|█████████▋| 1292/1333 [01:31<00:03, 13.66it/s]
HPSAC calibration_valid:  97%|█████████▋| 1294/1333 [01:31<00:02, 13.35it/s]
HPSAC calibration_valid:  97%|█████████▋| 1296/1333 [01:31<00:02, 13.32it/s]
HPSAC calibration_valid:  97%|█████████▋| 1298/1333 [01:31<00:02, 13.45it/s]
HPSAC calibration_valid:  98%|█████████▊| 1300/1333 [01:31<00:02, 13.56it/s]
HPSAC calibration_valid:  98%|█████████▊| 1302/1333 [01:31<00:02, 13.76it/s]
HPSAC calibration_valid:  98%|█████████▊| 1304/1333 [01:31<00:02, 13.94it/s]
HPSAC calibration_valid:  98%|█████████▊| 1306/1333 [01:32<00:01, 14.12it/s]
HPSAC calibration_valid:  98%|█████████▊| 1308/1333 [01:32<00:01, 14.26it/s]
HPSAC calibration_valid:  98%|█████████▊| 1310/1333 [01:32<00:01, 14.29it/s]
HPSAC calibration_valid:  98%|█████████▊| 1312/1333 [01:32<00:01, 14.35it/s]
HPSAC calibration_valid:  99%|█████████▊| 1314/1333 [01:32<00:01, 14.50it/s]
HPSAC calibration_valid:  99%|█████████▊| 1316/1333 [01:32<00:01, 14.58it/s]
HPSAC calibration_valid:  99%|█████████▉| 1318/1333 [01:32<00:01, 14.53it/s]
HPSAC calibration_valid:  99%|█████████▉| 1320/1333 [01:33<00:00, 14.32it/s]
HPSAC calibration_valid:  99%|█████████▉| 1322/1333 [01:33<00:00, 14.41it/s]
HPSAC calibration_valid:  99%|█████████▉| 1324/1333 [01:33<00:00, 14.34it/s]
HPSAC calibration_valid:  99%|█████████▉| 1326/1333 [01:33<00:00, 14.28it/s]
HPSAC calibration_valid: 100%|█████████▉| 1328/1333 [01:33<00:00, 14.28it/s]
HPSAC calibration_valid: 100%|█████████▉| 1330/1333 [01:33<00:00, 14.31it/s]
HPSAC calibration_valid: 100%|█████████▉| 1332/1333 [01:33<00:00, 14.33it/s]
                                                                            

HPSAC test:   0%|          | 0/2663 [00:00<?, ?it/s]
HPSAC test:   0%|          | 2/2663 [00:00<03:00, 14.76it/s]
HPSAC test:   0%|          | 4/2663 [00:00<03:00, 14.75it/s]
HPSAC test:   0%|          | 6/2663 [00:00<03:04, 14.37it/s]
HPSAC test:   0%|          | 8/2663 [00:00<03:02, 14.57it/s]
HPSAC test:   0%|          | 10/2663 [00:00<03:01, 14.64it/s]
HPSAC test:   0%|          | 12/2663 [00:00<03:00, 14.72it/s]
HPSAC test:   1%|          | 14/2663 [00:00<03:00, 14.67it/s]
HPSAC test:   1%|          | 16/2663 [00:01<03:01, 14.59it/s]
HPSAC test:   1%|          | 18/2663 [00:01<02:59, 14.73it/s]
HPSAC test:   1%|          | 20/2663 [00:01<02:59, 14.75it/s]
HPSAC test:   1%|          | 22/2663 [00:01<03:00, 14.67it/s]
HPSAC test:   1%|          | 24/2663 [00:01<03:00, 14.63it/s]
HPSAC test:   1%|          | 26/2663 [00:01<03:01, 14.52it/s]
HPSAC test:   1%|          | 28/2663 [00:01<03:02, 14.45it/s]
HPSAC test:   1%|          | 30/2663 [00:02<03:01, 14.55it/s]
HPSAC test:   1%|          | 32/2663 [00:02<03:01, 14.51it/s]
HPSAC test:   1%|▏         | 34/2663 [00:02<02:59, 14.62it/s]
HPSAC test:   1%|▏         | 36/2663 [00:02<02:58, 14.71it/s]
HPSAC test:   1%|▏         | 38/2663 [00:02<02:59, 14.66it/s]
HPSAC test:   2%|▏         | 40/2663 [00:02<02:58, 14.68it/s]
HPSAC test:   2%|▏         | 42/2663 [00:02<02:58, 14.68it/s]
HPSAC test:   2%|▏         | 44/2663 [00:03<02:59, 14.56it/s]
HPSAC test:   2%|▏         | 46/2663 [00:03<02:58, 14.65it/s]
HPSAC test:   2%|▏         | 48/2663 [00:03<02:59, 14.59it/s]
HPSAC test:   2%|▏         | 50/2663 [00:03<02:57, 14.68it/s]
HPSAC test:   2%|▏         | 52/2663 [00:03<02:58, 14.66it/s]
HPSAC test:   2%|▏         | 54/2663 [00:03<02:56, 14.76it/s]
HPSAC test:   2%|▏         | 56/2663 [00:03<02:57, 14.66it/s]
HPSAC test:   2%|▏         | 58/2663 [00:03<02:57, 14.66it/s]
HPSAC test:   2%|▏         | 60/2663 [00:04<02:57, 14.65it/s]
HPSAC test:   2%|▏         | 62/2663 [00:04<02:57, 14.69it/s]
HPSAC test:   2%|▏         | 64/2663 [00:04<02:56, 14.69it/s]
HPSAC test:   2%|▏         | 66/2663 [00:04<02:58, 14.58it/s]
HPSAC test:   3%|▎         | 68/2663 [00:04<02:58, 14.51it/s]
HPSAC test:   3%|▎         | 70/2663 [00:04<02:58, 14.50it/s]
HPSAC test:   3%|▎         | 72/2663 [00:04<02:57, 14.57it/s]
HPSAC test:   3%|▎         | 74/2663 [00:05<02:58, 14.54it/s]
HPSAC test:   3%|▎         | 76/2663 [00:05<02:58, 14.49it/s]
HPSAC test:   3%|▎         | 78/2663 [00:05<02:58, 14.49it/s]
HPSAC test:   3%|▎         | 80/2663 [00:05<02:57, 14.57it/s]
HPSAC test:   3%|▎         | 82/2663 [00:05<02:58, 14.49it/s]
HPSAC test:   3%|▎         | 84/2663 [00:05<02:58, 14.46it/s]
HPSAC test:   3%|▎         | 86/2663 [00:05<02:59, 14.38it/s]
HPSAC test:   3%|▎         | 88/2663 [00:06<02:57, 14.51it/s]
HPSAC test:   3%|▎         | 90/2663 [00:06<02:57, 14.52it/s]
HPSAC test:   3%|▎         | 92/2663 [00:06<02:58, 14.42it/s]
HPSAC test:   4%|▎         | 94/2663 [00:06<02:58, 14.41it/s]
HPSAC test:   4%|▎         | 96/2663 [00:06<02:56, 14.57it/s]
HPSAC test:   4%|▎         | 98/2663 [00:06<02:54, 14.70it/s]
HPSAC test:   4%|▍         | 100/2663 [00:06<02:53, 14.75it/s]
HPSAC test:   4%|▍         | 102/2663 [00:06<02:53, 14.75it/s]
HPSAC test:   4%|▍         | 104/2663 [00:07<02:54, 14.67it/s]
HPSAC test:   4%|▍         | 106/2663 [00:07<02:54, 14.62it/s]
HPSAC test:   4%|▍         | 108/2663 [00:07<02:54, 14.65it/s]
HPSAC test:   4%|▍         | 110/2663 [00:07<02:53, 14.74it/s]
HPSAC test:   4%|▍         | 112/2663 [00:07<02:53, 14.68it/s]
HPSAC test:   4%|▍         | 114/2663 [00:07<02:52, 14.76it/s]
HPSAC test:   4%|▍         | 116/2663 [00:07<02:52, 14.74it/s]
HPSAC test:   4%|▍         | 118/2663 [00:08<02:52, 14.75it/s]
HPSAC test:   5%|▍         | 120/2663 [00:08<02:52, 14.78it/s]
HPSAC test:   5%|▍         | 122/2663 [00:08<02:53, 14.66it/s]
HPSAC test:   5%|▍         | 124/2663 [00:08<02:54, 14.54it/s]
HPSAC test:   5%|▍         | 126/2663 [00:08<02:54, 14.56it/s]
HPSAC test:   5%|▍         | 128/2663 [00:08<02:54, 14.53it/s]
HPSAC test:   5%|▍         | 130/2663 [00:08<02:53, 14.64it/s]
HPSAC test:   5%|▍         | 132/2663 [00:09<02:53, 14.59it/s]
HPSAC test:   5%|▌         | 134/2663 [00:09<02:53, 14.56it/s]
HPSAC test:   5%|▌         | 136/2663 [00:09<02:52, 14.61it/s]
HPSAC test:   5%|▌         | 138/2663 [00:09<02:53, 14.54it/s]
HPSAC test:   5%|▌         | 140/2663 [00:09<02:52, 14.62it/s]
HPSAC test:   5%|▌         | 142/2663 [00:09<02:52, 14.62it/s]
HPSAC test:   5%|▌         | 144/2663 [00:09<02:52, 14.61it/s]
HPSAC test:   5%|▌         | 146/2663 [00:09<02:52, 14.60it/s]
HPSAC test:   6%|▌         | 148/2663 [00:10<02:52, 14.56it/s]
HPSAC test:   6%|▌         | 150/2663 [00:10<02:52, 14.58it/s]
HPSAC test:   6%|▌         | 152/2663 [00:10<02:53, 14.46it/s]
HPSAC test:   6%|▌         | 154/2663 [00:10<02:52, 14.52it/s]
HPSAC test:   6%|▌         | 156/2663 [00:10<02:50, 14.68it/s]
HPSAC test:   6%|▌         | 158/2663 [00:10<02:51, 14.64it/s]
HPSAC test:   6%|▌         | 160/2663 [00:10<02:50, 14.64it/s]
HPSAC test:   6%|▌         | 162/2663 [00:11<02:51, 14.58it/s]
HPSAC test:   6%|▌         | 164/2663 [00:11<02:51, 14.59it/s]
HPSAC test:   6%|▌         | 166/2663 [00:11<02:52, 14.51it/s]
HPSAC test:   6%|▋         | 168/2663 [00:11<02:51, 14.55it/s]
HPSAC test:   6%|▋         | 170/2663 [00:11<02:50, 14.66it/s]
HPSAC test:   6%|▋         | 172/2663 [00:11<02:50, 14.60it/s]
HPSAC test:   7%|▋         | 174/2663 [00:11<02:50, 14.61it/s]
HPSAC test:   7%|▋         | 176/2663 [00:12<02:51, 14.54it/s]
HPSAC test:   7%|▋         | 178/2663 [00:12<02:51, 14.53it/s]
HPSAC test:   7%|▋         | 180/2663 [00:12<02:49, 14.61it/s]
HPSAC test:   7%|▋         | 182/2663 [00:12<02:50, 14.54it/s]
HPSAC test:   7%|▋         | 184/2663 [00:12<02:49, 14.62it/s]
HPSAC test:   7%|▋         | 186/2663 [00:12<02:48, 14.66it/s]
HPSAC test:   7%|▋         | 188/2663 [00:12<02:48, 14.70it/s]
HPSAC test:   7%|▋         | 190/2663 [00:13<02:51, 14.38it/s]
HPSAC test:   7%|▋         | 192/2663 [00:13<02:50, 14.45it/s]
HPSAC test:   7%|▋         | 194/2663 [00:13<02:51, 14.43it/s]
HPSAC test:   7%|▋         | 196/2663 [00:13<02:49, 14.55it/s]
HPSAC test:   7%|▋         | 198/2663 [00:13<02:50, 14.47it/s]
HPSAC test:   8%|▊         | 200/2663 [00:13<02:52, 14.32it/s]
HPSAC test:   8%|▊         | 202/2663 [00:13<02:50, 14.40it/s]
HPSAC test:   8%|▊         | 204/2663 [00:13<02:53, 14.14it/s]
HPSAC test:   8%|▊         | 206/2663 [00:14<02:52, 14.25it/s]
HPSAC test:   8%|▊         | 208/2663 [00:14<02:50, 14.37it/s]
HPSAC test:   8%|▊         | 210/2663 [00:14<02:50, 14.37it/s]
HPSAC test:   8%|▊         | 212/2663 [00:14<02:50, 14.42it/s]
HPSAC test:   8%|▊         | 214/2663 [00:14<02:49, 14.48it/s]
HPSAC test:   8%|▊         | 216/2663 [00:14<02:51, 14.29it/s]
HPSAC test:   8%|▊         | 218/2663 [00:14<02:49, 14.44it/s]
HPSAC test:   8%|▊         | 220/2663 [00:15<02:49, 14.38it/s]
HPSAC test:   8%|▊         | 222/2663 [00:15<02:50, 14.28it/s]
HPSAC test:   8%|▊         | 224/2663 [00:15<02:50, 14.33it/s]
HPSAC test:   8%|▊         | 226/2663 [00:15<02:50, 14.33it/s]
HPSAC test:   9%|▊         | 228/2663 [00:15<02:51, 14.16it/s]
HPSAC test:   9%|▊         | 230/2663 [00:15<02:52, 14.07it/s]
HPSAC test:   9%|▊         | 232/2663 [00:15<02:50, 14.23it/s]
HPSAC test:   9%|▉         | 234/2663 [00:16<02:50, 14.27it/s]
HPSAC test:   9%|▉         | 236/2663 [00:16<02:48, 14.43it/s]
HPSAC test:   9%|▉         | 238/2663 [00:16<02:48, 14.43it/s]
HPSAC test:   9%|▉         | 240/2663 [00:16<02:49, 14.28it/s]
HPSAC test:   9%|▉         | 242/2663 [00:16<02:49, 14.26it/s]
HPSAC test:   9%|▉         | 244/2663 [00:16<02:51, 14.07it/s]
HPSAC test:   9%|▉         | 246/2663 [00:16<02:53, 13.94it/s]
HPSAC test:   9%|▉         | 248/2663 [00:17<02:55, 13.78it/s]
HPSAC test:   9%|▉         | 250/2663 [00:17<02:56, 13.69it/s]
HPSAC test:   9%|▉         | 252/2663 [00:17<02:55, 13.76it/s]
HPSAC test:  10%|▉         | 254/2663 [00:17<02:53, 13.90it/s]
HPSAC test:  10%|▉         | 256/2663 [00:17<02:55, 13.72it/s]
HPSAC test:  10%|▉         | 258/2663 [00:17<02:55, 13.74it/s]
HPSAC test:  10%|▉         | 260/2663 [00:17<02:53, 13.83it/s]
HPSAC test:  10%|▉         | 262/2663 [00:18<02:55, 13.68it/s]
HPSAC test:  10%|▉         | 264/2663 [00:18<02:56, 13.63it/s]
HPSAC test:  10%|▉         | 266/2663 [00:18<02:56, 13.61it/s]
HPSAC test:  10%|█         | 268/2663 [00:18<02:55, 13.66it/s]
HPSAC test:  10%|█         | 270/2663 [00:18<02:53, 13.81it/s]
HPSAC test:  10%|█         | 272/2663 [00:18<02:52, 13.87it/s]
HPSAC test:  10%|█         | 274/2663 [00:18<02:56, 13.54it/s]
HPSAC test:  11%|█         | 287/2663 [00:19<01:00, 39.26it/s]
HPSAC test:  11%|█         | 292/2663 [00:19<01:31, 25.89it/s]
HPSAC test:  11%|█         | 296/2663 [00:19<01:49, 21.52it/s]
HPSAC test:  11%|█▏        | 300/2663 [00:20<02:03, 19.13it/s]
HPSAC test:  11%|█▏        | 303/2663 [00:20<02:12, 17.87it/s]
HPSAC test:  11%|█▏        | 306/2663 [00:20<02:19, 16.89it/s]
HPSAC test:  12%|█▏        | 308/2663 [00:20<02:23, 16.37it/s]
HPSAC test:  12%|█▏        | 310/2663 [00:20<02:26, 16.04it/s]
HPSAC test:  12%|█▏        | 312/2663 [00:20<02:30, 15.62it/s]
HPSAC test:  12%|█▏        | 314/2663 [00:20<02:33, 15.33it/s]
HPSAC test:  12%|█▏        | 316/2663 [00:21<02:35, 15.12it/s]
HPSAC test:  12%|█▏        | 318/2663 [00:21<02:38, 14.83it/s]
HPSAC test:  12%|█▏        | 320/2663 [00:21<02:41, 14.52it/s]
HPSAC test:  12%|█▏        | 322/2663 [00:21<02:41, 14.54it/s]
HPSAC test:  12%|█▏        | 324/2663 [00:21<02:41, 14.46it/s]
HPSAC test:  12%|█▏        | 326/2663 [00:21<02:40, 14.60it/s]
HPSAC test:  12%|█▏        | 328/2663 [00:21<02:41, 14.44it/s]
HPSAC test:  12%|█▏        | 330/2663 [00:22<02:42, 14.37it/s]
HPSAC test:  12%|█▏        | 332/2663 [00:22<02:41, 14.41it/s]
HPSAC test:  13%|█▎        | 334/2663 [00:22<02:41, 14.40it/s]
HPSAC test:  13%|█▎        | 336/2663 [00:22<02:41, 14.38it/s]
HPSAC test:  13%|█▎        | 338/2663 [00:22<02:41, 14.40it/s]
HPSAC test:  13%|█▎        | 340/2663 [00:22<02:41, 14.37it/s]
HPSAC test:  13%|█▎        | 342/2663 [00:22<02:42, 14.31it/s]
HPSAC test:  13%|█▎        | 344/2663 [00:23<02:45, 13.98it/s]
HPSAC test:  13%|█▎        | 346/2663 [00:23<02:47, 13.81it/s]
HPSAC test:  13%|█▎        | 348/2663 [00:23<02:47, 13.83it/s]
HPSAC test:  13%|█▎        | 350/2663 [00:23<02:46, 13.86it/s]
HPSAC test:  13%|█▎        | 352/2663 [00:23<02:45, 13.98it/s]
HPSAC test:  13%|█▎        | 354/2663 [00:23<02:46, 13.86it/s]
HPSAC test:  13%|█▎        | 356/2663 [00:23<02:49, 13.62it/s]
HPSAC test:  13%|█▎        | 358/2663 [00:24<02:46, 13.81it/s]
HPSAC test:  14%|█▎        | 360/2663 [00:24<02:43, 14.09it/s]
HPSAC test:  14%|█▎        | 362/2663 [00:24<02:44, 14.01it/s]
HPSAC test:  14%|█▎        | 364/2663 [00:24<02:43, 14.03it/s]
HPSAC test:  14%|█▎        | 366/2663 [00:24<02:44, 13.94it/s]
HPSAC test:  14%|█▍        | 368/2663 [00:24<02:42, 14.11it/s]
HPSAC test:  14%|█▍        | 370/2663 [00:24<02:40, 14.31it/s]
HPSAC test:  14%|█▍        | 372/2663 [00:25<02:40, 14.31it/s]
HPSAC test:  14%|█▍        | 374/2663 [00:25<02:41, 14.16it/s]
HPSAC test:  14%|█▍        | 376/2663 [00:25<02:41, 14.12it/s]
HPSAC test:  14%|█▍        | 378/2663 [00:25<02:41, 14.13it/s]
HPSAC test:  14%|█▍        | 380/2663 [00:25<02:40, 14.24it/s]
HPSAC test:  14%|█▍        | 382/2663 [00:25<02:40, 14.18it/s]
HPSAC test:  14%|█▍        | 384/2663 [00:25<02:40, 14.21it/s]
HPSAC test:  14%|█▍        | 386/2663 [00:26<02:44, 13.84it/s]
HPSAC test:  15%|█▍        | 388/2663 [00:26<02:46, 13.67it/s]
HPSAC test:  15%|█▍        | 390/2663 [00:26<02:48, 13.52it/s]
HPSAC test:  15%|█▍        | 392/2663 [00:26<02:47, 13.58it/s]
HPSAC test:  15%|█▍        | 394/2663 [00:26<02:47, 13.52it/s]
HPSAC test:  15%|█▍        | 396/2663 [00:26<02:47, 13.54it/s]
HPSAC test:  15%|█▍        | 398/2663 [00:26<02:47, 13.50it/s]
HPSAC test:  15%|█▌        | 400/2663 [00:27<02:50, 13.29it/s]
HPSAC test:  15%|█▌        | 402/2663 [00:27<02:55, 12.92it/s]
HPSAC test:  15%|█▌        | 404/2663 [00:27<02:54, 12.97it/s]
HPSAC test:  15%|█▌        | 406/2663 [00:27<02:53, 13.00it/s]
HPSAC test:  15%|█▌        | 408/2663 [00:27<02:55, 12.85it/s]
HPSAC test:  15%|█▌        | 410/2663 [00:27<02:55, 12.87it/s]
HPSAC test:  15%|█▌        | 412/2663 [00:28<02:54, 12.93it/s]
HPSAC test:  16%|█▌        | 414/2663 [00:28<02:53, 12.94it/s]
HPSAC test:  16%|█▌        | 416/2663 [00:28<02:52, 13.01it/s]
HPSAC test:  16%|█▌        | 418/2663 [00:28<02:52, 13.03it/s]
HPSAC test:  16%|█▌        | 420/2663 [00:28<02:49, 13.23it/s]
HPSAC test:  16%|█▌        | 422/2663 [00:28<02:46, 13.47it/s]
HPSAC test:  16%|█▌        | 424/2663 [00:28<02:47, 13.38it/s]
HPSAC test:  16%|█▌        | 426/2663 [00:29<02:48, 13.27it/s]
HPSAC test:  16%|█▌        | 428/2663 [00:29<02:48, 13.24it/s]
HPSAC test:  16%|█▌        | 430/2663 [00:29<02:52, 12.92it/s]
HPSAC test:  16%|█▌        | 432/2663 [00:29<02:51, 12.98it/s]
HPSAC test:  16%|█▋        | 434/2663 [00:29<02:49, 13.15it/s]
HPSAC test:  16%|█▋        | 436/2663 [00:29<02:50, 13.07it/s]
HPSAC test:  16%|█▋        | 438/2663 [00:30<02:52, 12.92it/s]
HPSAC test:  17%|█▋        | 440/2663 [00:30<02:56, 12.59it/s]
HPSAC test:  17%|█▋        | 442/2663 [00:30<02:54, 12.71it/s]
HPSAC test:  17%|█▋        | 444/2663 [00:30<02:53, 12.80it/s]
HPSAC test:  17%|█▋        | 446/2663 [00:30<02:56, 12.58it/s]
HPSAC test:  17%|█▋        | 448/2663 [00:30<02:58, 12.43it/s]
HPSAC test:  17%|█▋        | 450/2663 [00:31<02:56, 12.57it/s]
HPSAC test:  17%|█▋        | 452/2663 [00:31<02:53, 12.76it/s]
HPSAC test:  17%|█▋        | 454/2663 [00:31<02:51, 12.86it/s]
HPSAC test:  17%|█▋        | 456/2663 [00:31<02:56, 12.52it/s]
HPSAC test:  17%|█▋        | 458/2663 [00:31<02:56, 12.51it/s]
HPSAC test:  17%|█▋        | 460/2663 [00:31<02:56, 12.45it/s]
HPSAC test:  17%|█▋        | 462/2663 [00:31<02:58, 12.32it/s]
HPSAC test:  17%|█▋        | 464/2663 [00:32<02:56, 12.49it/s]
HPSAC test:  17%|█▋        | 466/2663 [00:32<02:52, 12.72it/s]
HPSAC test:  18%|█▊        | 468/2663 [00:32<02:54, 12.55it/s]
HPSAC test:  18%|█▊        | 470/2663 [00:32<03:01, 12.11it/s]
HPSAC test:  18%|█▊        | 472/2663 [00:32<03:00, 12.11it/s]
HPSAC test:  18%|█▊        | 474/2663 [00:32<02:58, 12.27it/s]
HPSAC test:  18%|█▊        | 476/2663 [00:33<02:56, 12.41it/s]
HPSAC test:  18%|█▊        | 478/2663 [00:33<02:53, 12.58it/s]
HPSAC test:  18%|█▊        | 480/2663 [00:33<02:53, 12.57it/s]
HPSAC test:  18%|█▊        | 482/2663 [00:33<02:50, 12.81it/s]
HPSAC test:  18%|█▊        | 484/2663 [00:33<02:45, 13.15it/s]
HPSAC test:  18%|█▊        | 486/2663 [00:33<02:47, 12.98it/s]
HPSAC test:  18%|█▊        | 488/2663 [00:34<02:49, 12.85it/s]
HPSAC test:  18%|█▊        | 490/2663 [00:34<02:49, 12.80it/s]
HPSAC test:  18%|█▊        | 492/2663 [00:34<02:49, 12.83it/s]
HPSAC test:  19%|█▊        | 494/2663 [00:34<02:48, 12.84it/s]
HPSAC test:  19%|█▊        | 496/2663 [00:34<02:43, 13.27it/s]
HPSAC test:  19%|█▊        | 498/2663 [00:34<02:41, 13.41it/s]
HPSAC test:  19%|█▉        | 500/2663 [00:34<02:42, 13.32it/s]
HPSAC test:  19%|█▉        | 502/2663 [00:35<02:43, 13.25it/s]
HPSAC test:  19%|█▉        | 504/2663 [00:35<02:50, 12.66it/s]
HPSAC test:  19%|█▉        | 506/2663 [00:35<02:52, 12.52it/s]
HPSAC test:  19%|█▉        | 508/2663 [00:35<02:55, 12.26it/s]
HPSAC test:  19%|█▉        | 510/2663 [00:35<02:54, 12.31it/s]
HPSAC test:  19%|█▉        | 512/2663 [00:35<02:55, 12.29it/s]
HPSAC test:  19%|█▉        | 514/2663 [00:36<03:08, 11.41it/s]
HPSAC test:  19%|█▉        | 516/2663 [00:36<03:14, 11.03it/s]
HPSAC test:  19%|█▉        | 518/2663 [00:36<03:20, 10.70it/s]
HPSAC test:  20%|█▉        | 520/2663 [00:36<03:19, 10.73it/s]
HPSAC test:  20%|█▉        | 522/2663 [00:36<03:15, 10.94it/s]
HPSAC test:  20%|█▉        | 524/2663 [00:37<03:18, 10.79it/s]
HPSAC test:  20%|█▉        | 526/2663 [00:37<03:14, 10.97it/s]
HPSAC test:  20%|█▉        | 528/2663 [00:37<03:10, 11.23it/s]
HPSAC test:  20%|█▉        | 530/2663 [00:37<03:03, 11.62it/s]
HPSAC test:  20%|█▉        | 532/2663 [00:37<02:54, 12.24it/s]
HPSAC test:  20%|██        | 534/2663 [00:37<02:49, 12.57it/s]
HPSAC test:  20%|██        | 536/2663 [00:38<02:46, 12.81it/s]
HPSAC test:  20%|██        | 538/2663 [00:38<02:43, 13.01it/s]
HPSAC test:  20%|██        | 540/2663 [00:38<02:38, 13.43it/s]
HPSAC test:  20%|██        | 542/2663 [00:38<02:38, 13.41it/s]
HPSAC test:  20%|██        | 544/2663 [00:38<02:36, 13.50it/s]
HPSAC test:  21%|██        | 546/2663 [00:38<02:34, 13.74it/s]
HPSAC test:  21%|██        | 548/2663 [00:38<02:33, 13.75it/s]
HPSAC test:  21%|██        | 550/2663 [00:39<02:30, 14.03it/s]
HPSAC test:  21%|██        | 552/2663 [00:39<02:29, 14.15it/s]
HPSAC test:  21%|██        | 554/2663 [00:39<02:31, 13.88it/s]
HPSAC test:  21%|██        | 556/2663 [00:39<02:32, 13.80it/s]
HPSAC test:  21%|██        | 558/2663 [00:39<02:30, 13.95it/s]
HPSAC test:  21%|██        | 560/2663 [00:39<02:31, 13.89it/s]
HPSAC test:  21%|██        | 562/2663 [00:39<02:30, 13.92it/s]
HPSAC test:  21%|██        | 564/2663 [00:40<02:29, 14.04it/s]
HPSAC test:  21%|██▏       | 566/2663 [00:40<02:28, 14.15it/s]
HPSAC test:  21%|██▏       | 568/2663 [00:40<02:25, 14.39it/s]
HPSAC test:  21%|██▏       | 570/2663 [00:40<02:24, 14.50it/s]
HPSAC test:  21%|██▏       | 572/2663 [00:40<02:27, 14.16it/s]
HPSAC test:  22%|██▏       | 574/2663 [00:40<02:27, 14.21it/s]
HPSAC test:  22%|██▏       | 576/2663 [00:40<02:25, 14.31it/s]
HPSAC test:  22%|██▏       | 578/2663 [00:40<02:24, 14.48it/s]
HPSAC test:  22%|██▏       | 580/2663 [00:41<02:24, 14.40it/s]
HPSAC test:  22%|██▏       | 582/2663 [00:41<02:23, 14.49it/s]
HPSAC test:  22%|██▏       | 584/2663 [00:41<02:26, 14.18it/s]
HPSAC test:  22%|██▏       | 586/2663 [00:41<02:30, 13.78it/s]
HPSAC test:  22%|██▏       | 588/2663 [00:41<02:35, 13.36it/s]
HPSAC test:  22%|██▏       | 590/2663 [00:41<02:35, 13.33it/s]
HPSAC test:  22%|██▏       | 592/2663 [00:42<02:30, 13.74it/s]
HPSAC test:  22%|██▏       | 594/2663 [00:42<02:27, 13.98it/s]
HPSAC test:  22%|██▏       | 596/2663 [00:42<02:29, 13.86it/s]
HPSAC test:  22%|██▏       | 598/2663 [00:42<02:26, 14.05it/s]
HPSAC test:  23%|██▎       | 600/2663 [00:42<02:23, 14.34it/s]
HPSAC test:  23%|██▎       | 602/2663 [00:42<02:22, 14.43it/s]
HPSAC test:  23%|██▎       | 604/2663 [00:42<02:19, 14.73it/s]
HPSAC test:  23%|██▎       | 606/2663 [00:42<02:17, 14.95it/s]
HPSAC test:  23%|██▎       | 608/2663 [00:43<02:15, 15.17it/s]
HPSAC test:  23%|██▎       | 610/2663 [00:43<02:15, 15.17it/s]
HPSAC test:  23%|██▎       | 612/2663 [00:43<02:14, 15.29it/s]
HPSAC test:  23%|██▎       | 614/2663 [00:43<02:13, 15.37it/s]
HPSAC test:  23%|██▎       | 616/2663 [00:43<02:14, 15.18it/s]
HPSAC test:  23%|██▎       | 618/2663 [00:43<02:14, 15.17it/s]
HPSAC test:  23%|██▎       | 620/2663 [00:43<02:13, 15.36it/s]
HPSAC test:  23%|██▎       | 622/2663 [00:43<02:12, 15.35it/s]
HPSAC test:  23%|██▎       | 624/2663 [00:44<02:12, 15.39it/s]
HPSAC test:  24%|██▎       | 626/2663 [00:44<02:12, 15.33it/s]
HPSAC test:  24%|██▎       | 628/2663 [00:44<02:11, 15.42it/s]
HPSAC test:  24%|██▎       | 630/2663 [00:44<02:12, 15.32it/s]
HPSAC test:  24%|██▎       | 632/2663 [00:44<02:11, 15.47it/s]
HPSAC test:  24%|██▍       | 634/2663 [00:44<02:11, 15.47it/s]
HPSAC test:  24%|██▍       | 636/2663 [00:44<02:11, 15.36it/s]
HPSAC test:  24%|██▍       | 638/2663 [00:45<02:13, 15.22it/s]
HPSAC test:  24%|██▍       | 640/2663 [00:45<02:15, 14.90it/s]
HPSAC test:  24%|██▍       | 642/2663 [00:45<02:14, 14.99it/s]
HPSAC test:  24%|██▍       | 644/2663 [00:45<02:16, 14.82it/s]
HPSAC test:  24%|██▍       | 646/2663 [00:45<02:19, 14.48it/s]
HPSAC test:  24%|██▍       | 648/2663 [00:45<02:20, 14.29it/s]
HPSAC test:  24%|██▍       | 650/2663 [00:45<02:20, 14.35it/s]
HPSAC test:  24%|██▍       | 652/2663 [00:46<02:21, 14.18it/s]
HPSAC test:  25%|██▍       | 654/2663 [00:46<02:18, 14.48it/s]
HPSAC test:  25%|██▍       | 656/2663 [00:46<02:17, 14.58it/s]
HPSAC test:  25%|██▍       | 658/2663 [00:46<02:14, 14.93it/s]
HPSAC test:  25%|██▍       | 660/2663 [00:46<02:14, 14.88it/s]
HPSAC test:  25%|██▍       | 662/2663 [00:46<02:13, 14.98it/s]
HPSAC test:  25%|██▍       | 664/2663 [00:46<02:12, 15.13it/s]
HPSAC test:  25%|██▌       | 666/2663 [00:46<02:10, 15.35it/s]
HPSAC test:  25%|██▌       | 668/2663 [00:47<02:10, 15.24it/s]
HPSAC test:  25%|██▌       | 670/2663 [00:47<02:09, 15.38it/s]
HPSAC test:  25%|██▌       | 672/2663 [00:47<02:10, 15.31it/s]
HPSAC test:  25%|██▌       | 674/2663 [00:47<02:08, 15.46it/s]
HPSAC test:  25%|██▌       | 676/2663 [00:47<02:09, 15.40it/s]
HPSAC test:  25%|██▌       | 678/2663 [00:47<02:08, 15.41it/s]
HPSAC test:  26%|██▌       | 680/2663 [00:47<02:07, 15.55it/s]
HPSAC test:  26%|██▌       | 682/2663 [00:47<02:08, 15.48it/s]
HPSAC test:  26%|██▌       | 684/2663 [00:48<02:08, 15.40it/s]
HPSAC test:  26%|██▌       | 686/2663 [00:48<02:09, 15.31it/s]
HPSAC test:  26%|██▌       | 688/2663 [00:48<02:09, 15.26it/s]
HPSAC test:  26%|██▌       | 690/2663 [00:48<02:08, 15.37it/s]
HPSAC test:  26%|██▌       | 692/2663 [00:48<02:08, 15.36it/s]
HPSAC test:  26%|██▌       | 694/2663 [00:48<02:09, 15.16it/s]
HPSAC test:  26%|██▌       | 696/2663 [00:48<02:10, 15.12it/s]
HPSAC test:  26%|██▌       | 698/2663 [00:49<02:10, 15.00it/s]
HPSAC test:  26%|██▋       | 700/2663 [00:49<02:09, 15.13it/s]
HPSAC test:  26%|██▋       | 702/2663 [00:49<02:08, 15.23it/s]
HPSAC test:  26%|██▋       | 704/2663 [00:49<02:06, 15.47it/s]
HPSAC test:  27%|██▋       | 706/2663 [00:49<02:05, 15.55it/s]
HPSAC test:  27%|██▋       | 708/2663 [00:49<02:07, 15.28it/s]
HPSAC test:  27%|██▋       | 710/2663 [00:49<02:09, 15.14it/s]
HPSAC test:  27%|██▋       | 712/2663 [00:49<02:09, 15.02it/s]
HPSAC test:  27%|██▋       | 714/2663 [00:50<02:09, 15.06it/s]
HPSAC test:  27%|██▋       | 716/2663 [00:50<02:08, 15.20it/s]
HPSAC test:  27%|██▋       | 718/2663 [00:50<02:07, 15.31it/s]
HPSAC test:  27%|██▋       | 720/2663 [00:50<02:06, 15.39it/s]
HPSAC test:  28%|██▊       | 735/2663 [00:50<00:45, 42.08it/s]
HPSAC test:  28%|██▊       | 739/2663 [00:50<01:04, 29.88it/s]
HPSAC test:  28%|██▊       | 743/2663 [00:51<01:19, 24.27it/s]
HPSAC test:  28%|██▊       | 746/2663 [00:51<01:30, 21.17it/s]
HPSAC test:  28%|██▊       | 749/2663 [00:51<01:38, 19.35it/s]
HPSAC test:  28%|██▊       | 752/2663 [00:51<01:46, 18.01it/s]
HPSAC test:  28%|██▊       | 754/2663 [00:51<01:49, 17.39it/s]
HPSAC test:  28%|██▊       | 756/2663 [00:52<01:53, 16.85it/s]
HPSAC test:  28%|██▊       | 758/2663 [00:52<01:56, 16.35it/s]
HPSAC test:  29%|██▊       | 760/2663 [00:52<02:00, 15.82it/s]
HPSAC test:  29%|██▊       | 762/2663 [00:52<02:02, 15.49it/s]
HPSAC test:  29%|██▊       | 764/2663 [00:52<02:02, 15.51it/s]
HPSAC test:  29%|██▉       | 766/2663 [00:52<02:04, 15.24it/s]
HPSAC test:  29%|██▉       | 768/2663 [00:52<02:03, 15.28it/s]
HPSAC test:  29%|██▉       | 770/2663 [00:52<02:03, 15.30it/s]
HPSAC test:  29%|██▉       | 772/2663 [00:53<02:03, 15.37it/s]
HPSAC test:  29%|██▉       | 774/2663 [00:53<02:02, 15.41it/s]
HPSAC test:  29%|██▉       | 776/2663 [00:53<02:02, 15.35it/s]
HPSAC test:  29%|██▉       | 778/2663 [00:53<02:03, 15.21it/s]
HPSAC test:  29%|██▉       | 780/2663 [00:53<02:02, 15.36it/s]
HPSAC test:  29%|██▉       | 782/2663 [00:53<02:04, 15.16it/s]
HPSAC test:  29%|██▉       | 784/2663 [00:53<02:03, 15.27it/s]
HPSAC test:  30%|██▉       | 786/2663 [00:54<02:03, 15.21it/s]
HPSAC test:  30%|██▉       | 788/2663 [00:54<02:02, 15.26it/s]
HPSAC test:  30%|██▉       | 790/2663 [00:54<02:03, 15.21it/s]
HPSAC test:  30%|██▉       | 792/2663 [00:54<02:03, 15.09it/s]
HPSAC test:  30%|██▉       | 794/2663 [00:54<02:04, 15.01it/s]
HPSAC test:  30%|██▉       | 796/2663 [00:54<02:03, 15.06it/s]
HPSAC test:  30%|██▉       | 798/2663 [00:54<02:01, 15.30it/s]
HPSAC test:  30%|███       | 800/2663 [00:54<02:01, 15.35it/s]
HPSAC test:  30%|███       | 802/2663 [00:55<02:00, 15.44it/s]
HPSAC test:  30%|███       | 804/2663 [00:55<01:59, 15.51it/s]
HPSAC test:  30%|███       | 806/2663 [00:55<02:00, 15.40it/s]
HPSAC test:  30%|███       | 808/2663 [00:55<01:59, 15.48it/s]
HPSAC test:  30%|███       | 810/2663 [00:55<02:00, 15.42it/s]
HPSAC test:  30%|███       | 812/2663 [00:55<01:59, 15.46it/s]
HPSAC test:  31%|███       | 814/2663 [00:55<01:58, 15.57it/s]
HPSAC test:  31%|███       | 816/2663 [00:55<01:58, 15.57it/s]
HPSAC test:  31%|███       | 818/2663 [00:56<01:57, 15.66it/s]
HPSAC test:  31%|███       | 820/2663 [00:56<01:58, 15.51it/s]
HPSAC test:  31%|███       | 822/2663 [00:56<01:58, 15.56it/s]
HPSAC test:  31%|███       | 824/2663 [00:56<01:57, 15.61it/s]
HPSAC test:  31%|███       | 826/2663 [00:56<01:56, 15.71it/s]
HPSAC test:  31%|███       | 828/2663 [00:56<01:58, 15.47it/s]
HPSAC test:  31%|███       | 830/2663 [00:56<01:57, 15.55it/s]
HPSAC test:  31%|███       | 832/2663 [00:56<01:57, 15.59it/s]
HPSAC test:  31%|███▏      | 834/2663 [00:57<01:57, 15.61it/s]
HPSAC test:  31%|███▏      | 836/2663 [00:57<01:56, 15.71it/s]
HPSAC test:  31%|███▏      | 838/2663 [00:57<01:57, 15.60it/s]
HPSAC test:  32%|███▏      | 840/2663 [00:57<01:56, 15.62it/s]
HPSAC test:  32%|███▏      | 842/2663 [00:57<01:56, 15.64it/s]
HPSAC test:  32%|███▏      | 844/2663 [00:57<01:57, 15.52it/s]
HPSAC test:  32%|███▏      | 846/2663 [00:57<01:56, 15.60it/s]
HPSAC test:  32%|███▏      | 848/2663 [00:58<01:57, 15.44it/s]
HPSAC test:  32%|███▏      | 850/2663 [00:58<01:58, 15.35it/s]
HPSAC test:  32%|███▏      | 852/2663 [00:58<01:57, 15.36it/s]
HPSAC test:  32%|███▏      | 854/2663 [00:58<01:58, 15.27it/s]
HPSAC test:  32%|███▏      | 856/2663 [00:58<01:59, 15.17it/s]
HPSAC test:  32%|███▏      | 858/2663 [00:58<01:58, 15.26it/s]
HPSAC test:  32%|███▏      | 860/2663 [00:58<01:57, 15.35it/s]
HPSAC test:  32%|███▏      | 862/2663 [00:58<01:58, 15.26it/s]
HPSAC test:  32%|███▏      | 864/2663 [00:59<01:57, 15.36it/s]
HPSAC test:  33%|███▎      | 866/2663 [00:59<01:57, 15.26it/s]
HPSAC test:  33%|███▎      | 868/2663 [00:59<01:58, 15.18it/s]
HPSAC test:  33%|███▎      | 870/2663 [00:59<01:58, 15.09it/s]
HPSAC test:  33%|███▎      | 872/2663 [00:59<01:58, 15.13it/s]
HPSAC test:  33%|███▎      | 874/2663 [00:59<01:57, 15.18it/s]
HPSAC test:  33%|███▎      | 876/2663 [00:59<01:57, 15.26it/s]
HPSAC test:  33%|███▎      | 878/2663 [00:59<01:56, 15.26it/s]
HPSAC test:  33%|███▎      | 880/2663 [01:00<01:56, 15.30it/s]
HPSAC test:  33%|███▎      | 882/2663 [01:00<01:55, 15.45it/s]
HPSAC test:  33%|███▎      | 884/2663 [01:00<01:55, 15.43it/s]
HPSAC test:  33%|███▎      | 886/2663 [01:00<01:54, 15.48it/s]
HPSAC test:  33%|███▎      | 888/2663 [01:00<01:54, 15.48it/s]
HPSAC test:  33%|███▎      | 890/2663 [01:00<01:54, 15.46it/s]
HPSAC test:  33%|███▎      | 892/2663 [01:00<01:53, 15.58it/s]
HPSAC test:  34%|███▎      | 894/2663 [01:01<01:53, 15.60it/s]
HPSAC test:  34%|███▎      | 896/2663 [01:01<01:53, 15.57it/s]
HPSAC test:  34%|███▎      | 898/2663 [01:01<01:53, 15.62it/s]
HPSAC test:  34%|███▍      | 900/2663 [01:01<01:53, 15.60it/s]
HPSAC test:  34%|███▍      | 902/2663 [01:01<01:55, 15.19it/s]
HPSAC test:  34%|███▍      | 904/2663 [01:01<01:56, 15.07it/s]
HPSAC test:  34%|███▍      | 906/2663 [01:01<01:55, 15.25it/s]
HPSAC test:  34%|███▍      | 908/2663 [01:01<01:56, 15.06it/s]
HPSAC test:  34%|███▍      | 910/2663 [01:02<01:55, 15.12it/s]
HPSAC test:  34%|███▍      | 912/2663 [01:02<01:55, 15.15it/s]
HPSAC test:  34%|███▍      | 914/2663 [01:02<01:54, 15.28it/s]
HPSAC test:  34%|███▍      | 916/2663 [01:02<01:54, 15.22it/s]
HPSAC test:  34%|███▍      | 918/2663 [01:02<01:54, 15.24it/s]
HPSAC test:  35%|███▍      | 920/2663 [01:02<01:54, 15.23it/s]
HPSAC test:  35%|███▍      | 922/2663 [01:02<01:54, 15.14it/s]
HPSAC test:  35%|███▍      | 924/2663 [01:02<01:53, 15.32it/s]
HPSAC test:  35%|███▍      | 926/2663 [01:03<01:54, 15.13it/s]
HPSAC test:  35%|███▍      | 928/2663 [01:03<01:54, 15.12it/s]
HPSAC test:  35%|███▍      | 930/2663 [01:03<01:54, 15.12it/s]
HPSAC test:  35%|███▍      | 932/2663 [01:03<01:55, 15.05it/s]
HPSAC test:  35%|███▌      | 934/2663 [01:03<01:55, 14.99it/s]
HPSAC test:  35%|███▌      | 936/2663 [01:03<01:56, 14.81it/s]
HPSAC test:  35%|███▌      | 938/2663 [01:03<01:55, 14.94it/s]
HPSAC test:  35%|███▌      | 940/2663 [01:04<01:54, 15.04it/s]
HPSAC test:  35%|███▌      | 942/2663 [01:04<01:54, 15.06it/s]
HPSAC test:  35%|███▌      | 944/2663 [01:04<01:53, 15.15it/s]
HPSAC test:  36%|███▌      | 946/2663 [01:04<01:55, 14.91it/s]
HPSAC test:  36%|███▌      | 948/2663 [01:04<01:53, 15.06it/s]
HPSAC test:  36%|███▌      | 950/2663 [01:04<01:54, 14.99it/s]
HPSAC test:  36%|███▌      | 952/2663 [01:04<01:53, 15.02it/s]
HPSAC test:  36%|███▌      | 954/2663 [01:04<01:54, 14.95it/s]
HPSAC test:  36%|███▌      | 956/2663 [01:05<01:52, 15.22it/s]
HPSAC test:  36%|███▌      | 958/2663 [01:05<01:53, 15.06it/s]
HPSAC test:  36%|███▌      | 960/2663 [01:05<01:54, 14.93it/s]
HPSAC test:  36%|███▌      | 962/2663 [01:05<01:53, 14.93it/s]
HPSAC test:  36%|███▌      | 964/2663 [01:05<01:53, 15.01it/s]
HPSAC test:  36%|███▋      | 966/2663 [01:05<01:53, 15.00it/s]
HPSAC test:  36%|███▋      | 968/2663 [01:05<01:52, 15.09it/s]
HPSAC test:  36%|███▋      | 970/2663 [01:06<01:51, 15.19it/s]
HPSAC test:  37%|███▋      | 972/2663 [01:06<01:50, 15.25it/s]
HPSAC test:  37%|███▋      | 974/2663 [01:06<01:51, 15.18it/s]
HPSAC test:  37%|███▋      | 976/2663 [01:06<01:54, 14.68it/s]
HPSAC test:  37%|███▋      | 978/2663 [01:06<01:54, 14.69it/s]
HPSAC test:  37%|███▋      | 980/2663 [01:06<01:55, 14.54it/s]
HPSAC test:  37%|███▋      | 982/2663 [01:06<01:55, 14.52it/s]
HPSAC test:  37%|███▋      | 984/2663 [01:07<01:54, 14.68it/s]
HPSAC test:  37%|███▋      | 986/2663 [01:07<01:53, 14.79it/s]
HPSAC test:  37%|███▋      | 988/2663 [01:07<01:52, 14.95it/s]
HPSAC test:  37%|███▋      | 990/2663 [01:07<01:52, 14.84it/s]
HPSAC test:  37%|███▋      | 992/2663 [01:07<01:52, 14.80it/s]
HPSAC test:  37%|███▋      | 994/2663 [01:07<01:53, 14.74it/s]
HPSAC test:  37%|███▋      | 996/2663 [01:07<01:52, 14.79it/s]
HPSAC test:  37%|███▋      | 998/2663 [01:07<01:51, 14.88it/s]
HPSAC test:  38%|███▊      | 1000/2663 [01:08<01:53, 14.69it/s]
HPSAC test:  38%|███▊      | 1002/2663 [01:08<01:54, 14.56it/s]
HPSAC test:  38%|███▊      | 1004/2663 [01:08<01:56, 14.18it/s]
HPSAC test:  38%|███▊      | 1006/2663 [01:08<01:54, 14.47it/s]
HPSAC test:  38%|███▊      | 1008/2663 [01:08<01:56, 14.20it/s]
HPSAC test:  38%|███▊      | 1010/2663 [01:08<01:55, 14.28it/s]
HPSAC test:  38%|███▊      | 1012/2663 [01:08<01:58, 13.94it/s]
HPSAC test:  38%|███▊      | 1014/2663 [01:09<01:57, 14.05it/s]
HPSAC test:  38%|███▊      | 1016/2663 [01:09<01:55, 14.21it/s]
HPSAC test:  38%|███▊      | 1018/2663 [01:09<01:53, 14.46it/s]
HPSAC test:  38%|███▊      | 1020/2663 [01:09<01:53, 14.50it/s]
HPSAC test:  38%|███▊      | 1022/2663 [01:09<01:53, 14.41it/s]
HPSAC test:  38%|███▊      | 1024/2663 [01:09<01:53, 14.48it/s]
HPSAC test:  39%|███▊      | 1026/2663 [01:09<01:53, 14.44it/s]
HPSAC test:  39%|███▊      | 1028/2663 [01:10<01:52, 14.51it/s]
HPSAC test:  39%|███▊      | 1030/2663 [01:10<01:51, 14.62it/s]
HPSAC test:  39%|███▉      | 1032/2663 [01:10<01:51, 14.63it/s]
HPSAC test:  39%|███▉      | 1034/2663 [01:10<01:50, 14.79it/s]
HPSAC test:  39%|███▉      | 1036/2663 [01:10<01:49, 14.82it/s]
HPSAC test:  39%|███▉      | 1038/2663 [01:10<01:52, 14.48it/s]
HPSAC test:  39%|███▉      | 1040/2663 [01:10<01:50, 14.70it/s]
HPSAC test:  39%|███▉      | 1042/2663 [01:11<01:52, 14.36it/s]
HPSAC test:  39%|███▉      | 1044/2663 [01:11<01:51, 14.53it/s]
HPSAC test:  39%|███▉      | 1046/2663 [01:11<01:52, 14.39it/s]
HPSAC test:  39%|███▉      | 1048/2663 [01:11<01:52, 14.32it/s]
HPSAC test:  39%|███▉      | 1050/2663 [01:11<01:51, 14.47it/s]
HPSAC test:  40%|███▉      | 1052/2663 [01:11<01:51, 14.41it/s]
HPSAC test:  40%|███▉      | 1054/2663 [01:11<01:50, 14.60it/s]
HPSAC test:  40%|███▉      | 1056/2663 [01:11<01:49, 14.66it/s]
HPSAC test:  40%|███▉      | 1058/2663 [01:12<01:49, 14.69it/s]
HPSAC test:  40%|███▉      | 1060/2663 [01:12<01:47, 14.92it/s]
HPSAC test:  40%|███▉      | 1062/2663 [01:12<01:48, 14.77it/s]
HPSAC test:  40%|███▉      | 1064/2663 [01:12<01:48, 14.74it/s]
HPSAC test:  40%|████      | 1066/2663 [01:12<01:49, 14.61it/s]
HPSAC test:  40%|████      | 1068/2663 [01:12<01:48, 14.66it/s]
HPSAC test:  40%|████      | 1070/2663 [01:12<01:49, 14.58it/s]
HPSAC test:  40%|████      | 1072/2663 [01:13<01:49, 14.49it/s]
HPSAC test:  40%|████      | 1074/2663 [01:13<01:48, 14.58it/s]
HPSAC test:  40%|████      | 1076/2663 [01:13<01:49, 14.43it/s]
HPSAC test:  40%|████      | 1078/2663 [01:13<01:51, 14.22it/s]
HPSAC test:  41%|████      | 1080/2663 [01:13<01:50, 14.34it/s]
HPSAC test:  41%|████      | 1082/2663 [01:13<01:50, 14.28it/s]
HPSAC test:  41%|████      | 1084/2663 [01:13<01:51, 14.21it/s]
HPSAC test:  41%|████      | 1086/2663 [01:14<01:51, 14.14it/s]
HPSAC test:  41%|████      | 1088/2663 [01:14<01:52, 14.04it/s]
HPSAC test:  41%|████      | 1090/2663 [01:14<01:53, 13.82it/s]
HPSAC test:  41%|████      | 1092/2663 [01:14<01:53, 13.84it/s]
HPSAC test:  41%|████      | 1094/2663 [01:14<01:53, 13.86it/s]
HPSAC test:  41%|████      | 1096/2663 [01:14<01:52, 13.93it/s]
HPSAC test:  41%|████      | 1098/2663 [01:14<01:53, 13.80it/s]
HPSAC test:  41%|████▏     | 1100/2663 [01:15<01:51, 14.02it/s]
HPSAC test:  41%|████▏     | 1102/2663 [01:15<01:53, 13.74it/s]
HPSAC test:  41%|████▏     | 1104/2663 [01:15<01:54, 13.58it/s]
HPSAC test:  42%|████▏     | 1106/2663 [01:15<01:56, 13.31it/s]
HPSAC test:  42%|████▏     | 1108/2663 [01:15<01:57, 13.29it/s]
HPSAC test:  42%|████▏     | 1110/2663 [01:15<01:56, 13.39it/s]
HPSAC test:  42%|████▏     | 1112/2663 [01:15<01:55, 13.44it/s]
HPSAC test:  42%|████▏     | 1114/2663 [01:16<01:54, 13.56it/s]
HPSAC test:  42%|████▏     | 1116/2663 [01:16<01:53, 13.62it/s]
HPSAC test:  42%|████▏     | 1118/2663 [01:16<01:51, 13.87it/s]
HPSAC test:  42%|████▏     | 1120/2663 [01:16<01:49, 14.15it/s]
HPSAC test:  42%|████▏     | 1122/2663 [01:16<01:49, 14.12it/s]
HPSAC test:  42%|████▏     | 1124/2663 [01:16<01:47, 14.31it/s]
HPSAC test:  42%|████▏     | 1126/2663 [01:16<01:44, 14.75it/s]
HPSAC test:  42%|████▏     | 1128/2663 [01:17<01:44, 14.75it/s]
HPSAC test:  42%|████▏     | 1130/2663 [01:17<01:43, 14.75it/s]
HPSAC test:  43%|████▎     | 1132/2663 [01:17<01:44, 14.65it/s]
HPSAC test:  43%|████▎     | 1134/2663 [01:17<01:44, 14.66it/s]
HPSAC test:  43%|████▎     | 1136/2663 [01:17<01:49, 13.89it/s]
HPSAC test:  43%|████▎     | 1138/2663 [01:17<01:51, 13.71it/s]
HPSAC test:  43%|████▎     | 1140/2663 [01:17<01:50, 13.72it/s]
HPSAC test:  43%|████▎     | 1142/2663 [01:18<01:53, 13.43it/s]
HPSAC test:  43%|████▎     | 1144/2663 [01:18<01:51, 13.58it/s]
HPSAC test:  43%|████▎     | 1146/2663 [01:18<01:52, 13.50it/s]
HPSAC test:  43%|████▎     | 1148/2663 [01:18<01:51, 13.61it/s]
HPSAC test:  43%|████▎     | 1150/2663 [01:18<01:50, 13.65it/s]
HPSAC test:  43%|████▎     | 1152/2663 [01:18<01:48, 13.89it/s]
HPSAC test:  43%|████▎     | 1154/2663 [01:18<01:48, 13.97it/s]
HPSAC test:  43%|████▎     | 1156/2663 [01:19<01:45, 14.23it/s]
HPSAC test:  43%|████▎     | 1158/2663 [01:19<01:44, 14.46it/s]
HPSAC test:  44%|████▎     | 1160/2663 [01:19<01:42, 14.67it/s]
HPSAC test:  44%|████▎     | 1162/2663 [01:19<01:40, 14.90it/s]
HPSAC test:  44%|████▎     | 1164/2663 [01:19<01:40, 14.87it/s]
HPSAC test:  44%|████▍     | 1166/2663 [01:19<01:39, 15.07it/s]
HPSAC test:  44%|████▍     | 1168/2663 [01:19<01:38, 15.16it/s]
HPSAC test:  44%|████▍     | 1170/2663 [01:20<01:37, 15.34it/s]
HPSAC test:  44%|████▍     | 1172/2663 [01:20<01:36, 15.50it/s]
HPSAC test:  44%|████▍     | 1174/2663 [01:20<01:35, 15.63it/s]
HPSAC test:  44%|████▍     | 1176/2663 [01:20<01:34, 15.65it/s]
HPSAC test:  44%|████▍     | 1178/2663 [01:20<01:34, 15.68it/s]
HPSAC test:  44%|████▍     | 1180/2663 [01:20<01:35, 15.57it/s]
HPSAC test:  44%|████▍     | 1182/2663 [01:20<01:36, 15.37it/s]
HPSAC test:  44%|████▍     | 1184/2663 [01:20<01:36, 15.39it/s]
HPSAC test:  45%|████▍     | 1186/2663 [01:21<01:36, 15.25it/s]
HPSAC test:  45%|████▍     | 1188/2663 [01:21<01:36, 15.26it/s]
HPSAC test:  45%|████▍     | 1190/2663 [01:21<01:36, 15.34it/s]
HPSAC test:  45%|████▍     | 1192/2663 [01:21<01:36, 15.32it/s]
HPSAC test:  45%|████▍     | 1194/2663 [01:21<01:35, 15.40it/s]
HPSAC test:  45%|████▍     | 1196/2663 [01:21<01:35, 15.41it/s]
HPSAC test:  45%|████▍     | 1198/2663 [01:21<01:35, 15.39it/s]
HPSAC test:  46%|████▌     | 1213/2663 [01:21<00:30, 47.46it/s]
HPSAC test:  46%|████▌     | 1219/2663 [01:22<00:49, 28.96it/s]
HPSAC test:  46%|████▌     | 1224/2663 [01:22<01:01, 23.35it/s]
HPSAC test:  46%|████▌     | 1228/2663 [01:22<01:08, 20.87it/s]
HPSAC test:  46%|████▌     | 1231/2663 [01:23<01:13, 19.37it/s]
HPSAC test:  46%|████▋     | 1234/2663 [01:23<01:18, 18.21it/s]
HPSAC test:  46%|████▋     | 1237/2663 [01:23<01:22, 17.31it/s]
HPSAC test:  47%|████▋     | 1239/2663 [01:23<01:23, 16.97it/s]
HPSAC test:  47%|████▋     | 1241/2663 [01:23<01:25, 16.58it/s]
HPSAC test:  47%|████▋     | 1243/2663 [01:23<01:27, 16.18it/s]
HPSAC test:  47%|████▋     | 1245/2663 [01:24<01:29, 15.85it/s]
HPSAC test:  47%|████▋     | 1247/2663 [01:24<01:29, 15.74it/s]
HPSAC test:  47%|████▋     | 1249/2663 [01:24<01:30, 15.60it/s]
HPSAC test:  47%|████▋     | 1251/2663 [01:24<01:30, 15.56it/s]
HPSAC test:  47%|████▋     | 1253/2663 [01:24<01:30, 15.65it/s]
HPSAC test:  47%|████▋     | 1255/2663 [01:24<01:29, 15.66it/s]
HPSAC test:  47%|████▋     | 1257/2663 [01:24<01:29, 15.70it/s]
HPSAC test:  47%|████▋     | 1259/2663 [01:24<01:30, 15.49it/s]
HPSAC test:  47%|████▋     | 1261/2663 [01:25<01:30, 15.54it/s]
HPSAC test:  47%|████▋     | 1263/2663 [01:25<01:29, 15.64it/s]
HPSAC test:  48%|████▊     | 1265/2663 [01:25<01:30, 15.48it/s]
HPSAC test:  48%|████▊     | 1267/2663 [01:25<01:29, 15.61it/s]
HPSAC test:  48%|████▊     | 1269/2663 [01:25<01:28, 15.70it/s]
HPSAC test:  48%|████▊     | 1271/2663 [01:25<01:28, 15.64it/s]
HPSAC test:  48%|████▊     | 1273/2663 [01:25<01:28, 15.64it/s]
HPSAC test:  48%|████▊     | 1275/2663 [01:25<01:29, 15.57it/s]
HPSAC test:  48%|████▊     | 1277/2663 [01:26<01:29, 15.54it/s]
HPSAC test:  48%|████▊     | 1279/2663 [01:26<01:28, 15.58it/s]
HPSAC test:  48%|████▊     | 1281/2663 [01:26<01:29, 15.48it/s]
HPSAC test:  48%|████▊     | 1283/2663 [01:26<01:28, 15.56it/s]
HPSAC test:  48%|████▊     | 1285/2663 [01:26<01:28, 15.53it/s]
HPSAC test:  48%|████▊     | 1287/2663 [01:26<01:28, 15.55it/s]
HPSAC test:  48%|████▊     | 1289/2663 [01:26<01:28, 15.59it/s]
HPSAC test:  48%|████▊     | 1291/2663 [01:26<01:27, 15.61it/s]
HPSAC test:  49%|████▊     | 1293/2663 [01:27<01:27, 15.64it/s]
HPSAC test:  49%|████▊     | 1295/2663 [01:27<01:27, 15.62it/s]
HPSAC test:  49%|████▊     | 1297/2663 [01:27<01:27, 15.68it/s]
HPSAC test:  49%|████▉     | 1299/2663 [01:27<01:27, 15.59it/s]
HPSAC test:  49%|████▉     | 1301/2663 [01:27<01:27, 15.51it/s]
HPSAC test:  49%|████▉     | 1303/2663 [01:27<01:27, 15.48it/s]
HPSAC test:  49%|████▉     | 1305/2663 [01:27<01:27, 15.45it/s]
HPSAC test:  49%|████▉     | 1307/2663 [01:28<01:28, 15.29it/s]
HPSAC test:  49%|████▉     | 1309/2663 [01:28<01:27, 15.40it/s]
HPSAC test:  49%|████▉     | 1311/2663 [01:28<01:27, 15.38it/s]
HPSAC test:  49%|████▉     | 1313/2663 [01:28<01:26, 15.53it/s]
HPSAC test:  49%|████▉     | 1315/2663 [01:28<01:27, 15.46it/s]
HPSAC test:  49%|████▉     | 1317/2663 [01:28<01:27, 15.45it/s]
HPSAC test:  50%|████▉     | 1319/2663 [01:28<01:28, 15.22it/s]
HPSAC test:  50%|████▉     | 1321/2663 [01:28<01:28, 15.11it/s]
HPSAC test:  50%|████▉     | 1323/2663 [01:29<01:27, 15.28it/s]
HPSAC test:  50%|████▉     | 1325/2663 [01:29<01:27, 15.27it/s]
HPSAC test:  50%|████▉     | 1327/2663 [01:29<01:26, 15.41it/s]
HPSAC test:  50%|████▉     | 1329/2663 [01:29<01:26, 15.41it/s]
HPSAC test:  50%|████▉     | 1331/2663 [01:29<01:25, 15.65it/s]
HPSAC test:  50%|█████     | 1333/2663 [01:29<01:25, 15.61it/s]
HPSAC test:  50%|█████     | 1335/2663 [01:29<01:25, 15.53it/s]
HPSAC test:  50%|█████     | 1337/2663 [01:29<01:24, 15.71it/s]
HPSAC test:  50%|█████     | 1339/2663 [01:30<01:24, 15.72it/s]
HPSAC test:  50%|█████     | 1341/2663 [01:30<01:23, 15.85it/s]
HPSAC test:  50%|█████     | 1343/2663 [01:30<01:22, 15.98it/s]
HPSAC test:  51%|█████     | 1345/2663 [01:30<01:23, 15.87it/s]
HPSAC test:  51%|█████     | 1347/2663 [01:30<01:24, 15.64it/s]
HPSAC test:  51%|█████     | 1349/2663 [01:30<01:25, 15.43it/s]
HPSAC test:  51%|█████     | 1351/2663 [01:30<01:25, 15.43it/s]
HPSAC test:  51%|█████     | 1353/2663 [01:30<01:26, 15.17it/s]
HPSAC test:  51%|█████     | 1355/2663 [01:31<01:26, 15.13it/s]
HPSAC test:  51%|█████     | 1357/2663 [01:31<01:25, 15.23it/s]
HPSAC test:  51%|█████     | 1359/2663 [01:31<01:24, 15.34it/s]
HPSAC test:  51%|█████     | 1361/2663 [01:31<01:25, 15.25it/s]
HPSAC test:  51%|█████     | 1363/2663 [01:31<01:24, 15.32it/s]
HPSAC test:  51%|█████▏    | 1365/2663 [01:31<01:24, 15.28it/s]
HPSAC test:  51%|█████▏    | 1367/2663 [01:31<01:25, 15.19it/s]
HPSAC test:  51%|█████▏    | 1369/2663 [01:32<01:26, 14.93it/s]
HPSAC test:  51%|█████▏    | 1371/2663 [01:32<01:26, 14.92it/s]
HPSAC test:  52%|█████▏    | 1373/2663 [01:32<01:25, 15.10it/s]
HPSAC test:  52%|█████▏    | 1375/2663 [01:32<01:25, 15.10it/s]
HPSAC test:  52%|█████▏    | 1377/2663 [01:32<01:26, 14.95it/s]
HPSAC test:  52%|█████▏    | 1379/2663 [01:32<01:24, 15.12it/s]
HPSAC test:  52%|█████▏    | 1381/2663 [01:32<01:25, 15.04it/s]
HPSAC test:  52%|█████▏    | 1383/2663 [01:32<01:24, 15.11it/s]
HPSAC test:  52%|█████▏    | 1385/2663 [01:33<01:24, 15.08it/s]
HPSAC test:  52%|█████▏    | 1387/2663 [01:33<01:23, 15.22it/s]
HPSAC test:  52%|█████▏    | 1389/2663 [01:33<01:24, 15.14it/s]
HPSAC test:  52%|█████▏    | 1391/2663 [01:33<01:23, 15.26it/s]
HPSAC test:  52%|█████▏    | 1393/2663 [01:33<01:24, 15.12it/s]
HPSAC test:  52%|█████▏    | 1395/2663 [01:33<01:22, 15.37it/s]
HPSAC test:  52%|█████▏    | 1397/2663 [01:33<01:21, 15.48it/s]
HPSAC test:  53%|█████▎    | 1399/2663 [01:34<01:21, 15.57it/s]
HPSAC test:  53%|█████▎    | 1401/2663 [01:34<01:21, 15.40it/s]
HPSAC test:  53%|█████▎    | 1403/2663 [01:34<01:21, 15.54it/s]
HPSAC test:  53%|█████▎    | 1405/2663 [01:34<01:20, 15.56it/s]
HPSAC test:  53%|█████▎    | 1407/2663 [01:34<01:21, 15.41it/s]
HPSAC test:  53%|█████▎    | 1409/2663 [01:34<01:21, 15.34it/s]
HPSAC test:  53%|█████▎    | 1411/2663 [01:34<01:21, 15.36it/s]
HPSAC test:  53%|█████▎    | 1413/2663 [01:34<01:21, 15.36it/s]
HPSAC test:  53%|█████▎    | 1415/2663 [01:35<01:21, 15.26it/s]
HPSAC test:  53%|█████▎    | 1417/2663 [01:35<01:21, 15.27it/s]
HPSAC test:  53%|█████▎    | 1419/2663 [01:35<01:20, 15.42it/s]
HPSAC test:  53%|█████▎    | 1421/2663 [01:35<01:21, 15.18it/s]
HPSAC test:  53%|█████▎    | 1423/2663 [01:35<01:21, 15.25it/s]
HPSAC test:  54%|█████▎    | 1425/2663 [01:35<01:21, 15.13it/s]
HPSAC test:  54%|█████▎    | 1427/2663 [01:35<01:20, 15.36it/s]
HPSAC test:  54%|█████▎    | 1429/2663 [01:35<01:22, 15.04it/s]
HPSAC test:  54%|█████▎    | 1431/2663 [01:36<01:20, 15.23it/s]
HPSAC test:  54%|█████▍    | 1433/2663 [01:36<01:20, 15.19it/s]
HPSAC test:  54%|█████▍    | 1435/2663 [01:36<01:20, 15.26it/s]
HPSAC test:  54%|█████▍    | 1437/2663 [01:36<01:20, 15.17it/s]
HPSAC test:  54%|█████▍    | 1439/2663 [01:36<01:19, 15.35it/s]
HPSAC test:  54%|█████▍    | 1441/2663 [01:36<01:19, 15.41it/s]
HPSAC test:  54%|█████▍    | 1443/2663 [01:36<01:18, 15.47it/s]
HPSAC test:  54%|█████▍    | 1445/2663 [01:37<01:19, 15.26it/s]
HPSAC test:  54%|█████▍    | 1447/2663 [01:37<01:18, 15.40it/s]
HPSAC test:  54%|█████▍    | 1449/2663 [01:37<01:18, 15.43it/s]
HPSAC test:  54%|█████▍    | 1451/2663 [01:37<01:18, 15.49it/s]
HPSAC test:  55%|█████▍    | 1453/2663 [01:37<01:18, 15.42it/s]
HPSAC test:  55%|█████▍    | 1455/2663 [01:37<01:18, 15.41it/s]
HPSAC test:  55%|█████▍    | 1457/2663 [01:37<01:18, 15.42it/s]
HPSAC test:  55%|█████▍    | 1459/2663 [01:37<01:18, 15.33it/s]
HPSAC test:  55%|█████▍    | 1461/2663 [01:38<01:18, 15.33it/s]
HPSAC test:  55%|█████▍    | 1463/2663 [01:38<01:17, 15.44it/s]
HPSAC test:  55%|█████▌    | 1465/2663 [01:38<01:17, 15.37it/s]
HPSAC test:  55%|█████▌    | 1467/2663 [01:38<01:17, 15.44it/s]
HPSAC test:  55%|█████▌    | 1469/2663 [01:38<01:17, 15.41it/s]
HPSAC test:  55%|█████▌    | 1471/2663 [01:38<01:16, 15.65it/s]
HPSAC test:  55%|█████▌    | 1473/2663 [01:38<01:16, 15.65it/s]
HPSAC test:  55%|█████▌    | 1475/2663 [01:38<01:15, 15.68it/s]
HPSAC test:  55%|█████▌    | 1477/2663 [01:39<01:15, 15.71it/s]
HPSAC test:  56%|█████▌    | 1479/2663 [01:39<01:15, 15.73it/s]
HPSAC test:  56%|█████▌    | 1481/2663 [01:39<01:15, 15.68it/s]
HPSAC test:  56%|█████▌    | 1483/2663 [01:39<01:14, 15.79it/s]
HPSAC test:  56%|█████▌    | 1485/2663 [01:39<01:15, 15.70it/s]
HPSAC test:  56%|█████▌    | 1487/2663 [01:39<01:14, 15.81it/s]
HPSAC test:  56%|█████▌    | 1489/2663 [01:39<01:14, 15.85it/s]
HPSAC test:  56%|█████▌    | 1491/2663 [01:39<01:13, 15.91it/s]
HPSAC test:  56%|█████▌    | 1493/2663 [01:40<01:14, 15.67it/s]
HPSAC test:  56%|█████▌    | 1495/2663 [01:40<01:14, 15.61it/s]
HPSAC test:  56%|█████▌    | 1497/2663 [01:40<01:14, 15.67it/s]
HPSAC test:  56%|█████▋    | 1499/2663 [01:40<01:15, 15.43it/s]
HPSAC test:  56%|█████▋    | 1501/2663 [01:40<01:16, 15.27it/s]
HPSAC test:  56%|█████▋    | 1503/2663 [01:40<01:15, 15.30it/s]
HPSAC test:  57%|█████▋    | 1505/2663 [01:40<01:15, 15.35it/s]
HPSAC test:  57%|█████▋    | 1507/2663 [01:41<01:14, 15.49it/s]
HPSAC test:  57%|█████▋    | 1509/2663 [01:41<01:14, 15.52it/s]
HPSAC test:  57%|█████▋    | 1511/2663 [01:41<01:13, 15.65it/s]
HPSAC test:  57%|█████▋    | 1513/2663 [01:41<01:13, 15.64it/s]
HPSAC test:  57%|█████▋    | 1515/2663 [01:41<01:13, 15.60it/s]
HPSAC test:  57%|█████▋    | 1517/2663 [01:41<01:13, 15.63it/s]
HPSAC test:  57%|█████▋    | 1519/2663 [01:41<01:13, 15.59it/s]
HPSAC test:  57%|█████▋    | 1521/2663 [01:41<01:13, 15.59it/s]
HPSAC test:  57%|█████▋    | 1523/2663 [01:42<01:13, 15.47it/s]
HPSAC test:  57%|█████▋    | 1525/2663 [01:42<01:13, 15.56it/s]
HPSAC test:  57%|█████▋    | 1527/2663 [01:42<01:12, 15.68it/s]
HPSAC test:  57%|█████▋    | 1529/2663 [01:42<01:12, 15.70it/s]
HPSAC test:  57%|█████▋    | 1531/2663 [01:42<01:13, 15.44it/s]
HPSAC test:  58%|█████▊    | 1533/2663 [01:42<01:12, 15.55it/s]
HPSAC test:  58%|█████▊    | 1535/2663 [01:42<01:12, 15.51it/s]
HPSAC test:  58%|█████▊    | 1537/2663 [01:42<01:13, 15.40it/s]
HPSAC test:  58%|█████▊    | 1539/2663 [01:43<01:12, 15.43it/s]
HPSAC test:  58%|█████▊    | 1541/2663 [01:43<01:12, 15.38it/s]
HPSAC test:  58%|█████▊    | 1543/2663 [01:43<01:12, 15.45it/s]
HPSAC test:  58%|█████▊    | 1545/2663 [01:43<01:12, 15.48it/s]
HPSAC test:  58%|█████▊    | 1547/2663 [01:43<01:12, 15.48it/s]
HPSAC test:  58%|█████▊    | 1549/2663 [01:43<01:11, 15.55it/s]
HPSAC test:  58%|█████▊    | 1551/2663 [01:43<01:12, 15.39it/s]
HPSAC test:  58%|█████▊    | 1553/2663 [01:43<01:12, 15.38it/s]
HPSAC test:  58%|█████▊    | 1555/2663 [01:44<01:12, 15.29it/s]
HPSAC test:  58%|█████▊    | 1557/2663 [01:44<01:12, 15.29it/s]
HPSAC test:  59%|█████▊    | 1559/2663 [01:44<01:13, 15.11it/s]
HPSAC test:  59%|█████▊    | 1561/2663 [01:44<01:15, 14.58it/s]
HPSAC test:  59%|█████▊    | 1563/2663 [01:44<01:16, 14.40it/s]
HPSAC test:  59%|█████▉    | 1565/2663 [01:44<01:16, 14.37it/s]
HPSAC test:  59%|█████▉    | 1567/2663 [01:44<01:16, 14.33it/s]
HPSAC test:  59%|█████▉    | 1569/2663 [01:45<01:15, 14.42it/s]
HPSAC test:  59%|█████▉    | 1571/2663 [01:45<01:16, 14.24it/s]
HPSAC test:  59%|█████▉    | 1573/2663 [01:45<01:16, 14.18it/s]
HPSAC test:  59%|█████▉    | 1575/2663 [01:45<01:16, 14.18it/s]
HPSAC test:  59%|█████▉    | 1577/2663 [01:45<01:15, 14.38it/s]
HPSAC test:  59%|█████▉    | 1579/2663 [01:45<01:15, 14.37it/s]
HPSAC test:  59%|█████▉    | 1581/2663 [01:45<01:15, 14.41it/s]
HPSAC test:  59%|█████▉    | 1583/2663 [01:46<01:15, 14.30it/s]
HPSAC test:  60%|█████▉    | 1585/2663 [01:46<01:14, 14.51it/s]
HPSAC test:  60%|█████▉    | 1587/2663 [01:46<01:14, 14.54it/s]
HPSAC test:  60%|█████▉    | 1589/2663 [01:46<01:13, 14.67it/s]
HPSAC test:  60%|█████▉    | 1591/2663 [01:46<01:13, 14.56it/s]
HPSAC test:  60%|█████▉    | 1593/2663 [01:46<01:13, 14.48it/s]
HPSAC test:  60%|█████▉    | 1595/2663 [01:46<01:14, 14.28it/s]
HPSAC test:  60%|█████▉    | 1597/2663 [01:47<01:15, 14.18it/s]
HPSAC test:  60%|██████    | 1599/2663 [01:47<01:16, 13.99it/s]
HPSAC test:  60%|██████    | 1601/2663 [01:47<01:15, 13.98it/s]
HPSAC test:  60%|██████    | 1603/2663 [01:47<01:14, 14.29it/s]
HPSAC test:  60%|██████    | 1605/2663 [01:47<01:13, 14.41it/s]
HPSAC test:  60%|██████    | 1607/2663 [01:47<01:14, 14.18it/s]
HPSAC test:  60%|██████    | 1609/2663 [01:47<01:15, 13.99it/s]
HPSAC test:  60%|██████    | 1611/2663 [01:48<01:14, 14.09it/s]
HPSAC test:  61%|██████    | 1613/2663 [01:48<01:13, 14.20it/s]
HPSAC test:  61%|██████    | 1615/2663 [01:48<01:13, 14.32it/s]
HPSAC test:  61%|██████    | 1617/2663 [01:48<01:12, 14.43it/s]
HPSAC test:  61%|██████    | 1619/2663 [01:48<01:11, 14.69it/s]
HPSAC test:  61%|██████    | 1621/2663 [01:48<01:11, 14.64it/s]
HPSAC test:  61%|██████    | 1623/2663 [01:48<01:11, 14.51it/s]
HPSAC test:  61%|██████    | 1625/2663 [01:48<01:12, 14.39it/s]
HPSAC test:  61%|██████    | 1627/2663 [01:49<01:11, 14.56it/s]
HPSAC test:  61%|██████    | 1629/2663 [01:49<01:09, 14.83it/s]
HPSAC test:  61%|██████    | 1631/2663 [01:49<01:12, 14.31it/s]
HPSAC test:  61%|██████▏   | 1633/2663 [01:49<01:11, 14.45it/s]
HPSAC test:  61%|██████▏   | 1635/2663 [01:49<01:10, 14.50it/s]
HPSAC test:  61%|██████▏   | 1637/2663 [01:49<01:11, 14.33it/s]
HPSAC test:  62%|██████▏   | 1639/2663 [01:49<01:11, 14.34it/s]
HPSAC test:  62%|██████▏   | 1641/2663 [01:50<01:10, 14.41it/s]
HPSAC test:  62%|██████▏   | 1643/2663 [01:50<01:09, 14.58it/s]
HPSAC test:  62%|██████▏   | 1645/2663 [01:50<01:09, 14.61it/s]
HPSAC test:  62%|██████▏   | 1647/2663 [01:50<01:09, 14.58it/s]
HPSAC test:  62%|██████▏   | 1649/2663 [01:50<01:08, 14.71it/s]
HPSAC test:  62%|██████▏   | 1651/2663 [01:50<01:09, 14.65it/s]
HPSAC test:  62%|██████▏   | 1653/2663 [01:50<01:10, 14.40it/s]
HPSAC test:  62%|██████▏   | 1655/2663 [01:51<01:11, 14.18it/s]
HPSAC test:  62%|██████▏   | 1657/2663 [01:51<01:10, 14.32it/s]
HPSAC test:  62%|██████▏   | 1659/2663 [01:51<01:10, 14.28it/s]
HPSAC test:  62%|██████▏   | 1661/2663 [01:51<01:10, 14.29it/s]
HPSAC test:  62%|██████▏   | 1663/2663 [01:51<01:09, 14.42it/s]
HPSAC test:  63%|██████▎   | 1665/2663 [01:51<01:10, 14.19it/s]
HPSAC test:  63%|██████▎   | 1667/2663 [01:51<01:15, 13.24it/s]
HPSAC test:  63%|██████▎   | 1669/2663 [01:52<01:14, 13.35it/s]
HPSAC test:  63%|██████▎   | 1671/2663 [01:52<01:14, 13.32it/s]
HPSAC test:  63%|██████▎   | 1673/2663 [01:52<01:13, 13.55it/s]
HPSAC test:  63%|██████▎   | 1675/2663 [01:52<01:12, 13.64it/s]
HPSAC test:  63%|██████▎   | 1677/2663 [01:52<01:11, 13.77it/s]
HPSAC test:  63%|██████▎   | 1679/2663 [01:52<01:11, 13.80it/s]
HPSAC test:  63%|██████▎   | 1681/2663 [01:52<01:10, 14.01it/s]
HPSAC test:  63%|██████▎   | 1683/2663 [01:53<01:09, 14.11it/s]
HPSAC test:  63%|██████▎   | 1685/2663 [01:53<01:08, 14.19it/s]
HPSAC test:  64%|██████▍   | 1699/2663 [01:53<00:24, 39.54it/s]
HPSAC test:  64%|██████▍   | 1703/2663 [01:53<00:34, 28.12it/s]
HPSAC test:  64%|██████▍   | 1707/2663 [01:53<00:43, 21.90it/s]
HPSAC test:  64%|██████▍   | 1710/2663 [01:54<00:47, 19.90it/s]
HPSAC test:  64%|██████▍   | 1713/2663 [01:54<00:51, 18.43it/s]
HPSAC test:  64%|██████▍   | 1716/2663 [01:54<00:54, 17.39it/s]
HPSAC test:  65%|██████▍   | 1718/2663 [01:54<00:55, 16.91it/s]
HPSAC test:  65%|██████▍   | 1720/2663 [01:54<00:57, 16.41it/s]
HPSAC test:  65%|██████▍   | 1722/2663 [01:54<00:59, 15.69it/s]
HPSAC test:  65%|██████▍   | 1724/2663 [01:55<01:01, 15.35it/s]
HPSAC test:  65%|██████▍   | 1726/2663 [01:55<01:03, 14.82it/s]
HPSAC test:  65%|██████▍   | 1728/2663 [01:55<01:04, 14.46it/s]
HPSAC test:  65%|██████▍   | 1730/2663 [01:55<01:03, 14.70it/s]
HPSAC test:  65%|██████▌   | 1732/2663 [01:55<01:03, 14.55it/s]
HPSAC test:  65%|██████▌   | 1734/2663 [01:55<01:03, 14.65it/s]
HPSAC test:  65%|██████▌   | 1736/2663 [01:55<01:03, 14.68it/s]
HPSAC test:  65%|██████▌   | 1738/2663 [01:56<01:02, 14.72it/s]
HPSAC test:  65%|██████▌   | 1740/2663 [01:56<01:02, 14.67it/s]
HPSAC test:  65%|██████▌   | 1742/2663 [01:56<01:02, 14.74it/s]
HPSAC test:  65%|██████▌   | 1744/2663 [01:56<01:02, 14.72it/s]
HPSAC test:  66%|██████▌   | 1746/2663 [01:56<01:03, 14.44it/s]
HPSAC test:  66%|██████▌   | 1748/2663 [01:56<01:02, 14.57it/s]
HPSAC test:  66%|██████▌   | 1750/2663 [01:56<01:01, 14.77it/s]
HPSAC test:  66%|██████▌   | 1752/2663 [01:57<01:01, 14.91it/s]
HPSAC test:  66%|██████▌   | 1754/2663 [01:57<01:00, 14.97it/s]
HPSAC test:  66%|██████▌   | 1756/2663 [01:57<00:59, 15.22it/s]
HPSAC test:  66%|██████▌   | 1758/2663 [01:57<00:59, 15.15it/s]
HPSAC test:  66%|██████▌   | 1760/2663 [01:57<00:58, 15.33it/s]
HPSAC test:  66%|██████▌   | 1762/2663 [01:57<00:58, 15.43it/s]
HPSAC test:  66%|██████▌   | 1764/2663 [01:57<00:58, 15.44it/s]
HPSAC test:  66%|██████▋   | 1766/2663 [01:57<00:57, 15.59it/s]
HPSAC test:  66%|██████▋   | 1768/2663 [01:58<00:57, 15.59it/s]
HPSAC test:  66%|██████▋   | 1770/2663 [01:58<00:57, 15.47it/s]
HPSAC test:  67%|██████▋   | 1772/2663 [01:58<00:57, 15.57it/s]
HPSAC test:  67%|██████▋   | 1774/2663 [01:58<00:57, 15.50it/s]
HPSAC test:  67%|██████▋   | 1776/2663 [01:58<00:56, 15.72it/s]
HPSAC test:  67%|██████▋   | 1778/2663 [01:58<00:56, 15.70it/s]
HPSAC test:  67%|██████▋   | 1780/2663 [01:58<00:56, 15.70it/s]
HPSAC test:  67%|██████▋   | 1782/2663 [01:58<00:56, 15.58it/s]
HPSAC test:  67%|██████▋   | 1784/2663 [01:59<00:57, 15.29it/s]
HPSAC test:  67%|██████▋   | 1786/2663 [01:59<00:57, 15.37it/s]
HPSAC test:  67%|██████▋   | 1788/2663 [01:59<00:56, 15.37it/s]
HPSAC test:  67%|██████▋   | 1790/2663 [01:59<00:57, 15.31it/s]
HPSAC test:  67%|██████▋   | 1792/2663 [01:59<00:56, 15.32it/s]
HPSAC test:  67%|██████▋   | 1794/2663 [01:59<00:56, 15.27it/s]
HPSAC test:  67%|██████▋   | 1796/2663 [01:59<00:57, 14.97it/s]
HPSAC test:  68%|██████▊   | 1798/2663 [02:00<00:58, 14.68it/s]
HPSAC test:  68%|██████▊   | 1800/2663 [02:00<00:58, 14.75it/s]
HPSAC test:  68%|██████▊   | 1802/2663 [02:00<00:58, 14.68it/s]
HPSAC test:  68%|██████▊   | 1804/2663 [02:00<00:58, 14.74it/s]
HPSAC test:  68%|██████▊   | 1806/2663 [02:00<00:57, 14.92it/s]
HPSAC test:  68%|██████▊   | 1808/2663 [02:00<00:56, 15.08it/s]
HPSAC test:  68%|██████▊   | 1810/2663 [02:00<00:56, 15.17it/s]
HPSAC test:  68%|██████▊   | 1812/2663 [02:00<00:55, 15.38it/s]
HPSAC test:  68%|██████▊   | 1814/2663 [02:01<00:55, 15.33it/s]
HPSAC test:  68%|██████▊   | 1816/2663 [02:01<00:54, 15.53it/s]
HPSAC test:  68%|██████▊   | 1818/2663 [02:01<00:54, 15.58it/s]
HPSAC test:  68%|██████▊   | 1820/2663 [02:01<00:54, 15.51it/s]
HPSAC test:  68%|██████▊   | 1822/2663 [02:01<00:54, 15.49it/s]
HPSAC test:  68%|██████▊   | 1824/2663 [02:01<00:54, 15.51it/s]
HPSAC test:  69%|██████▊   | 1826/2663 [02:01<00:53, 15.65it/s]
HPSAC test:  69%|██████▊   | 1828/2663 [02:01<00:53, 15.53it/s]
HPSAC test:  69%|██████▊   | 1830/2663 [02:02<00:54, 15.35it/s]
HPSAC test:  69%|██████▉   | 1832/2663 [02:02<00:53, 15.43it/s]
HPSAC test:  69%|██████▉   | 1834/2663 [02:02<00:54, 15.32it/s]
HPSAC test:  69%|██████▉   | 1836/2663 [02:02<00:53, 15.53it/s]
HPSAC test:  69%|██████▉   | 1838/2663 [02:02<00:52, 15.61it/s]
HPSAC test:  69%|██████▉   | 1840/2663 [02:02<00:52, 15.59it/s]
HPSAC test:  69%|██████▉   | 1842/2663 [02:02<00:52, 15.72it/s]
HPSAC test:  69%|██████▉   | 1844/2663 [02:03<00:52, 15.75it/s]
HPSAC test:  69%|██████▉   | 1846/2663 [02:03<00:52, 15.65it/s]
HPSAC test:  69%|██████▉   | 1848/2663 [02:03<00:52, 15.55it/s]
HPSAC test:  69%|██████▉   | 1850/2663 [02:03<00:52, 15.62it/s]
HPSAC test:  70%|██████▉   | 1852/2663 [02:03<00:51, 15.72it/s]
HPSAC test:  70%|██████▉   | 1854/2663 [02:03<00:51, 15.63it/s]
HPSAC test:  70%|██████▉   | 1856/2663 [02:03<00:51, 15.55it/s]
HPSAC test:  70%|██████▉   | 1858/2663 [02:03<00:51, 15.65it/s]
HPSAC test:  70%|██████▉   | 1860/2663 [02:04<00:50, 15.76it/s]
HPSAC test:  70%|██████▉   | 1862/2663 [02:04<00:50, 15.77it/s]
HPSAC test:  70%|██████▉   | 1864/2663 [02:04<00:51, 15.65it/s]
HPSAC test:  70%|███████   | 1866/2663 [02:04<00:51, 15.60it/s]
HPSAC test:  70%|███████   | 1868/2663 [02:04<00:50, 15.59it/s]
HPSAC test:  70%|███████   | 1870/2663 [02:04<00:50, 15.60it/s]
HPSAC test:  70%|███████   | 1872/2663 [02:04<00:50, 15.72it/s]
HPSAC test:  70%|███████   | 1874/2663 [02:04<00:50, 15.62it/s]
HPSAC test:  70%|███████   | 1876/2663 [02:05<00:50, 15.62it/s]
HPSAC test:  71%|███████   | 1878/2663 [02:05<00:50, 15.69it/s]
HPSAC test:  71%|███████   | 1880/2663 [02:05<00:50, 15.49it/s]
HPSAC test:  71%|███████   | 1882/2663 [02:05<00:50, 15.51it/s]
HPSAC test:  71%|███████   | 1884/2663 [02:05<00:49, 15.69it/s]
HPSAC test:  71%|███████   | 1886/2663 [02:05<00:49, 15.66it/s]
HPSAC test:  71%|███████   | 1888/2663 [02:05<00:49, 15.74it/s]
HPSAC test:  71%|███████   | 1890/2663 [02:05<00:49, 15.59it/s]
HPSAC test:  71%|███████   | 1892/2663 [02:06<00:49, 15.56it/s]
HPSAC test:  71%|███████   | 1894/2663 [02:06<00:49, 15.62it/s]
HPSAC test:  71%|███████   | 1896/2663 [02:06<00:50, 15.34it/s]
HPSAC test:  71%|███████▏  | 1898/2663 [02:06<00:49, 15.37it/s]
HPSAC test:  71%|███████▏  | 1900/2663 [02:06<00:49, 15.44it/s]
HPSAC test:  71%|███████▏  | 1902/2663 [02:06<00:49, 15.51it/s]
HPSAC test:  71%|███████▏  | 1904/2663 [02:06<00:49, 15.45it/s]
HPSAC test:  72%|███████▏  | 1906/2663 [02:06<00:48, 15.55it/s]
HPSAC test:  72%|███████▏  | 1908/2663 [02:07<00:47, 15.74it/s]
HPSAC test:  72%|███████▏  | 1910/2663 [02:07<00:47, 15.72it/s]
HPSAC test:  72%|███████▏  | 1912/2663 [02:07<00:48, 15.58it/s]
HPSAC test:  72%|███████▏  | 1914/2663 [02:07<00:48, 15.54it/s]
HPSAC test:  72%|███████▏  | 1916/2663 [02:07<00:48, 15.46it/s]
HPSAC test:  72%|███████▏  | 1918/2663 [02:07<00:48, 15.32it/s]
HPSAC test:  72%|███████▏  | 1920/2663 [02:07<00:48, 15.43it/s]
HPSAC test:  72%|███████▏  | 1922/2663 [02:08<00:48, 15.43it/s]
HPSAC test:  72%|███████▏  | 1924/2663 [02:08<00:47, 15.56it/s]
HPSAC test:  72%|███████▏  | 1926/2663 [02:08<00:48, 15.30it/s]
HPSAC test:  72%|███████▏  | 1928/2663 [02:08<00:48, 15.28it/s]
HPSAC test:  72%|███████▏  | 1930/2663 [02:08<00:48, 15.26it/s]
HPSAC test:  73%|███████▎  | 1932/2663 [02:08<00:47, 15.46it/s]
HPSAC test:  73%|███████▎  | 1934/2663 [02:08<00:46, 15.56it/s]
HPSAC test:  73%|███████▎  | 1936/2663 [02:08<00:47, 15.46it/s]
HPSAC test:  73%|███████▎  | 1938/2663 [02:09<00:46, 15.50it/s]
HPSAC test:  73%|███████▎  | 1940/2663 [02:09<00:47, 15.37it/s]
HPSAC test:  73%|███████▎  | 1942/2663 [02:09<00:46, 15.43it/s]
HPSAC test:  73%|███████▎  | 1944/2663 [02:09<00:46, 15.42it/s]
HPSAC test:  73%|███████▎  | 1946/2663 [02:09<00:46, 15.42it/s]
HPSAC test:  73%|███████▎  | 1948/2663 [02:09<00:46, 15.23it/s]
HPSAC test:  73%|███████▎  | 1950/2663 [02:09<00:46, 15.44it/s]
HPSAC test:  73%|███████▎  | 1952/2663 [02:09<00:45, 15.49it/s]
HPSAC test:  73%|███████▎  | 1954/2663 [02:10<00:45, 15.48it/s]
HPSAC test:  73%|███████▎  | 1956/2663 [02:10<00:45, 15.43it/s]
HPSAC test:  74%|███████▎  | 1958/2663 [02:10<00:45, 15.44it/s]
HPSAC test:  74%|███████▎  | 1960/2663 [02:10<00:45, 15.29it/s]
HPSAC test:  74%|███████▎  | 1962/2663 [02:10<00:46, 15.22it/s]
HPSAC test:  74%|███████▍  | 1964/2663 [02:10<00:45, 15.35it/s]
HPSAC test:  74%|███████▍  | 1966/2663 [02:10<00:45, 15.47it/s]
HPSAC test:  74%|███████▍  | 1968/2663 [02:11<00:44, 15.50it/s]
HPSAC test:  74%|███████▍  | 1970/2663 [02:11<00:45, 15.29it/s]
HPSAC test:  74%|███████▍  | 1972/2663 [02:11<00:45, 15.34it/s]
HPSAC test:  74%|███████▍  | 1974/2663 [02:11<00:45, 15.27it/s]
HPSAC test:  74%|███████▍  | 1976/2663 [02:11<00:44, 15.36it/s]
HPSAC test:  74%|███████▍  | 1978/2663 [02:11<00:44, 15.39it/s]
HPSAC test:  74%|███████▍  | 1980/2663 [02:11<00:44, 15.31it/s]
HPSAC test:  74%|███████▍  | 1982/2663 [02:11<00:44, 15.42it/s]
HPSAC test:  75%|███████▍  | 1984/2663 [02:12<00:44, 15.31it/s]
HPSAC test:  75%|███████▍  | 1986/2663 [02:12<00:44, 15.29it/s]
HPSAC test:  75%|███████▍  | 1988/2663 [02:12<00:43, 15.42it/s]
HPSAC test:  75%|███████▍  | 1990/2663 [02:12<00:44, 15.14it/s]
HPSAC test:  75%|███████▍  | 1992/2663 [02:12<00:44, 15.12it/s]
HPSAC test:  75%|███████▍  | 1994/2663 [02:12<00:43, 15.26it/s]
HPSAC test:  75%|███████▍  | 1996/2663 [02:12<00:43, 15.28it/s]
HPSAC test:  75%|███████▌  | 1998/2663 [02:12<00:43, 15.39it/s]
HPSAC test:  75%|███████▌  | 2000/2663 [02:13<00:43, 15.33it/s]
HPSAC test:  75%|███████▌  | 2002/2663 [02:13<00:42, 15.55it/s]
HPSAC test:  75%|███████▌  | 2004/2663 [02:13<00:42, 15.57it/s]
HPSAC test:  75%|███████▌  | 2006/2663 [02:13<00:42, 15.42it/s]
HPSAC test:  75%|███████▌  | 2008/2663 [02:13<00:42, 15.31it/s]
HPSAC test:  75%|███████▌  | 2010/2663 [02:13<00:42, 15.25it/s]
HPSAC test:  76%|███████▌  | 2012/2663 [02:13<00:42, 15.39it/s]
HPSAC test:  76%|███████▌  | 2014/2663 [02:13<00:41, 15.51it/s]
HPSAC test:  76%|███████▌  | 2016/2663 [02:14<00:41, 15.50it/s]
HPSAC test:  76%|███████▌  | 2018/2663 [02:14<00:41, 15.37it/s]
HPSAC test:  76%|███████▌  | 2020/2663 [02:14<00:42, 15.26it/s]
HPSAC test:  76%|███████▌  | 2022/2663 [02:14<00:42, 15.22it/s]
HPSAC test:  76%|███████▌  | 2024/2663 [02:14<00:41, 15.27it/s]
HPSAC test:  76%|███████▌  | 2026/2663 [02:14<00:42, 15.07it/s]
HPSAC test:  76%|███████▌  | 2028/2663 [02:14<00:41, 15.29it/s]
HPSAC test:  76%|███████▌  | 2030/2663 [02:15<00:42, 14.94it/s]
HPSAC test:  76%|███████▋  | 2032/2663 [02:15<00:41, 15.20it/s]
HPSAC test:  76%|███████▋  | 2034/2663 [02:15<00:41, 15.19it/s]
HPSAC test:  76%|███████▋  | 2036/2663 [02:15<00:40, 15.39it/s]
HPSAC test:  77%|███████▋  | 2038/2663 [02:15<00:40, 15.25it/s]
HPSAC test:  77%|███████▋  | 2040/2663 [02:15<00:40, 15.22it/s]
HPSAC test:  77%|███████▋  | 2042/2663 [02:15<00:41, 15.10it/s]
HPSAC test:  77%|███████▋  | 2044/2663 [02:15<00:40, 15.29it/s]
HPSAC test:  77%|███████▋  | 2046/2663 [02:16<00:40, 15.40it/s]
HPSAC test:  77%|███████▋  | 2048/2663 [02:16<00:40, 15.35it/s]
HPSAC test:  77%|███████▋  | 2050/2663 [02:16<00:39, 15.51it/s]
HPSAC test:  77%|███████▋  | 2052/2663 [02:16<00:39, 15.58it/s]
HPSAC test:  77%|███████▋  | 2054/2663 [02:16<00:39, 15.51it/s]
HPSAC test:  77%|███████▋  | 2056/2663 [02:16<00:39, 15.51it/s]
HPSAC test:  77%|███████▋  | 2058/2663 [02:16<00:39, 15.45it/s]
HPSAC test:  77%|███████▋  | 2060/2663 [02:17<00:38, 15.51it/s]
HPSAC test:  77%|███████▋  | 2062/2663 [02:17<00:38, 15.44it/s]
HPSAC test:  78%|███████▊  | 2064/2663 [02:17<00:38, 15.37it/s]
HPSAC test:  78%|███████▊  | 2066/2663 [02:17<00:38, 15.31it/s]
HPSAC test:  78%|███████▊  | 2068/2663 [02:17<00:38, 15.39it/s]
HPSAC test:  78%|███████▊  | 2070/2663 [02:17<00:38, 15.26it/s]
HPSAC test:  78%|███████▊  | 2072/2663 [02:17<00:38, 15.41it/s]
HPSAC test:  78%|███████▊  | 2074/2663 [02:17<00:38, 15.36it/s]
HPSAC test:  78%|███████▊  | 2076/2663 [02:18<00:38, 15.30it/s]
HPSAC test:  78%|███████▊  | 2078/2663 [02:18<00:38, 15.37it/s]
HPSAC test:  78%|███████▊  | 2080/2663 [02:18<00:37, 15.56it/s]
HPSAC test:  78%|███████▊  | 2082/2663 [02:18<00:37, 15.43it/s]
HPSAC test:  78%|███████▊  | 2084/2663 [02:18<00:37, 15.39it/s]
HPSAC test:  78%|███████▊  | 2086/2663 [02:18<00:37, 15.45it/s]
HPSAC test:  78%|███████▊  | 2088/2663 [02:18<00:37, 15.36it/s]
HPSAC test:  78%|███████▊  | 2090/2663 [02:18<00:37, 15.34it/s]
HPSAC test:  79%|███████▊  | 2092/2663 [02:19<00:37, 15.35it/s]
HPSAC test:  79%|███████▊  | 2094/2663 [02:19<00:37, 15.22it/s]
HPSAC test:  79%|███████▊  | 2096/2663 [02:19<00:37, 15.23it/s]
HPSAC test:  79%|███████▉  | 2098/2663 [02:19<00:36, 15.47it/s]
HPSAC test:  79%|███████▉  | 2100/2663 [02:19<00:36, 15.30it/s]
HPSAC test:  79%|███████▉  | 2102/2663 [02:19<00:36, 15.42it/s]
HPSAC test:  79%|███████▉  | 2104/2663 [02:19<00:36, 15.39it/s]
HPSAC test:  79%|███████▉  | 2106/2663 [02:19<00:36, 15.31it/s]
HPSAC test:  79%|███████▉  | 2108/2663 [02:20<00:36, 15.21it/s]
HPSAC test:  79%|███████▉  | 2110/2663 [02:20<00:36, 15.35it/s]
HPSAC test:  79%|███████▉  | 2112/2663 [02:20<00:35, 15.40it/s]
HPSAC test:  79%|███████▉  | 2114/2663 [02:20<00:35, 15.48it/s]
HPSAC test:  79%|███████▉  | 2116/2663 [02:20<00:35, 15.38it/s]
HPSAC test:  80%|███████▉  | 2118/2663 [02:20<00:35, 15.18it/s]
HPSAC test:  80%|███████▉  | 2120/2663 [02:20<00:36, 14.75it/s]
HPSAC test:  80%|███████▉  | 2122/2663 [02:21<00:37, 14.54it/s]
HPSAC test:  80%|███████▉  | 2124/2663 [02:21<00:38, 14.10it/s]
HPSAC test:  80%|███████▉  | 2126/2663 [02:21<00:38, 14.00it/s]
HPSAC test:  80%|███████▉  | 2128/2663 [02:21<00:38, 13.81it/s]
HPSAC test:  80%|███████▉  | 2130/2663 [02:21<00:38, 13.75it/s]
HPSAC test:  80%|████████  | 2132/2663 [02:21<00:38, 13.84it/s]
HPSAC test:  80%|████████  | 2134/2663 [02:21<00:37, 14.04it/s]
HPSAC test:  80%|████████  | 2136/2663 [02:22<00:36, 14.29it/s]
HPSAC test:  80%|████████  | 2138/2663 [02:22<00:36, 14.32it/s]
HPSAC test:  80%|████████  | 2140/2663 [02:22<00:35, 14.63it/s]
HPSAC test:  80%|████████  | 2142/2663 [02:22<00:35, 14.60it/s]
HPSAC test:  81%|████████  | 2144/2663 [02:22<00:34, 14.84it/s]
HPSAC test:  81%|████████  | 2146/2663 [02:22<00:34, 14.92it/s]
HPSAC test:  81%|████████  | 2148/2663 [02:22<00:34, 15.14it/s]
HPSAC test:  81%|████████  | 2150/2663 [02:23<00:34, 15.08it/s]
HPSAC test:  81%|████████  | 2152/2663 [02:23<00:33, 15.16it/s]
HPSAC test:  81%|████████  | 2154/2663 [02:23<00:33, 15.11it/s]
HPSAC test:  81%|████████  | 2156/2663 [02:23<00:33, 14.99it/s]
HPSAC test:  81%|████████  | 2158/2663 [02:23<00:33, 15.13it/s]
HPSAC test:  81%|████████  | 2160/2663 [02:23<00:32, 15.28it/s]
HPSAC test:  81%|████████  | 2162/2663 [02:23<00:33, 15.07it/s]
HPSAC test:  81%|████████▏ | 2164/2663 [02:23<00:33, 14.78it/s]
HPSAC test:  81%|████████▏ | 2166/2663 [02:24<00:34, 14.54it/s]
HPSAC test:  81%|████████▏ | 2168/2663 [02:24<00:34, 14.38it/s]
HPSAC test:  81%|████████▏ | 2170/2663 [02:24<00:34, 14.34it/s]
HPSAC test:  82%|████████▏ | 2172/2663 [02:24<00:33, 14.47it/s]
HPSAC test:  82%|████████▏ | 2174/2663 [02:24<00:33, 14.52it/s]
HPSAC test:  82%|████████▏ | 2188/2663 [02:24<00:10, 44.14it/s]
HPSAC test:  82%|████████▏ | 2194/2663 [02:25<00:17, 26.67it/s]
HPSAC test:  83%|████████▎ | 2199/2663 [02:25<00:21, 21.55it/s]
HPSAC test:  83%|████████▎ | 2203/2663 [02:25<00:23, 19.32it/s]
HPSAC test:  83%|████████▎ | 2206/2663 [02:25<00:25, 18.09it/s]
HPSAC test:  83%|████████▎ | 2209/2663 [02:26<00:26, 17.16it/s]
HPSAC test:  83%|████████▎ | 2212/2663 [02:26<00:27, 16.52it/s]
HPSAC test:  83%|████████▎ | 2214/2663 [02:26<00:27, 16.20it/s]
HPSAC test:  83%|████████▎ | 2216/2663 [02:26<00:28, 15.90it/s]
HPSAC test:  83%|████████▎ | 2218/2663 [02:26<00:28, 15.84it/s]
HPSAC test:  83%|████████▎ | 2220/2663 [02:26<00:28, 15.64it/s]
HPSAC test:  83%|████████▎ | 2222/2663 [02:27<00:28, 15.24it/s]
HPSAC test:  84%|████████▎ | 2224/2663 [02:27<00:28, 15.16it/s]
HPSAC test:  84%|████████▎ | 2226/2663 [02:27<00:29, 14.75it/s]
HPSAC test:  84%|████████▎ | 2228/2663 [02:27<00:29, 14.55it/s]
HPSAC test:  84%|████████▎ | 2230/2663 [02:27<00:29, 14.68it/s]
HPSAC test:  84%|████████▍ | 2232/2663 [02:27<00:29, 14.43it/s]
HPSAC test:  84%|████████▍ | 2234/2663 [02:27<00:29, 14.52it/s]
HPSAC test:  84%|████████▍ | 2236/2663 [02:28<00:29, 14.37it/s]
HPSAC test:  84%|████████▍ | 2238/2663 [02:28<00:30, 14.14it/s]
HPSAC test:  84%|████████▍ | 2240/2663 [02:28<00:29, 14.21it/s]
HPSAC test:  84%|████████▍ | 2242/2663 [02:28<00:29, 14.25it/s]
HPSAC test:  84%|████████▍ | 2244/2663 [02:28<00:29, 14.26it/s]
HPSAC test:  84%|████████▍ | 2246/2663 [02:28<00:29, 14.38it/s]
HPSAC test:  84%|████████▍ | 2248/2663 [02:28<00:29, 14.31it/s]
HPSAC test:  84%|████████▍ | 2250/2663 [02:29<00:28, 14.31it/s]
HPSAC test:  85%|████████▍ | 2252/2663 [02:29<00:29, 13.98it/s]
HPSAC test:  85%|████████▍ | 2254/2663 [02:29<00:29, 13.69it/s]
HPSAC test:  85%|████████▍ | 2256/2663 [02:29<00:30, 13.52it/s]
HPSAC test:  85%|████████▍ | 2258/2663 [02:29<00:29, 13.61it/s]
HPSAC test:  85%|████████▍ | 2260/2663 [02:29<00:29, 13.69it/s]
HPSAC test:  85%|████████▍ | 2262/2663 [02:29<00:29, 13.77it/s]
HPSAC test:  85%|████████▌ | 2264/2663 [02:30<00:29, 13.68it/s]
HPSAC test:  85%|████████▌ | 2266/2663 [02:30<00:29, 13.44it/s]
HPSAC test:  85%|████████▌ | 2268/2663 [02:30<00:29, 13.21it/s]
HPSAC test:  85%|████████▌ | 2270/2663 [02:30<00:29, 13.29it/s]
HPSAC test:  85%|████████▌ | 2272/2663 [02:30<00:29, 13.33it/s]
HPSAC test:  85%|████████▌ | 2274/2663 [02:30<00:29, 13.40it/s]
HPSAC test:  85%|████████▌ | 2276/2663 [02:30<00:28, 13.52it/s]
HPSAC test:  86%|████████▌ | 2278/2663 [02:31<00:28, 13.56it/s]
HPSAC test:  86%|████████▌ | 2280/2663 [02:31<00:27, 13.81it/s]
HPSAC test:  86%|████████▌ | 2282/2663 [02:31<00:27, 13.91it/s]
HPSAC test:  86%|████████▌ | 2284/2663 [02:31<00:27, 13.93it/s]
HPSAC test:  86%|████████▌ | 2286/2663 [02:31<00:28, 13.29it/s]
HPSAC test:  86%|████████▌ | 2288/2663 [02:31<00:28, 12.97it/s]
HPSAC test:  86%|████████▌ | 2290/2663 [02:32<00:28, 13.22it/s]
HPSAC test:  86%|████████▌ | 2292/2663 [02:32<00:28, 13.09it/s]
HPSAC test:  86%|████████▌ | 2294/2663 [02:32<00:28, 13.14it/s]
HPSAC test:  86%|████████▌ | 2296/2663 [02:32<00:28, 12.80it/s]
HPSAC test:  86%|████████▋ | 2298/2663 [02:32<00:29, 12.40it/s]
HPSAC test:  86%|████████▋ | 2300/2663 [02:32<00:29, 12.51it/s]
HPSAC test:  86%|████████▋ | 2302/2663 [02:32<00:28, 12.80it/s]
HPSAC test:  87%|████████▋ | 2304/2663 [02:33<00:27, 13.17it/s]
HPSAC test:  87%|████████▋ | 2306/2663 [02:33<00:27, 13.15it/s]
HPSAC test:  87%|████████▋ | 2308/2663 [02:33<00:27, 13.02it/s]
HPSAC test:  87%|████████▋ | 2310/2663 [02:33<00:26, 13.10it/s]
HPSAC test:  87%|████████▋ | 2312/2663 [02:33<00:26, 13.31it/s]
HPSAC test:  87%|████████▋ | 2314/2663 [02:33<00:26, 13.32it/s]
HPSAC test:  87%|████████▋ | 2316/2663 [02:34<00:26, 13.30it/s]
HPSAC test:  87%|████████▋ | 2318/2663 [02:34<00:25, 13.64it/s]
HPSAC test:  87%|████████▋ | 2320/2663 [02:34<00:25, 13.36it/s]
HPSAC test:  87%|████████▋ | 2322/2663 [02:34<00:24, 13.66it/s]
HPSAC test:  87%|████████▋ | 2324/2663 [02:34<00:24, 13.68it/s]
HPSAC test:  87%|████████▋ | 2326/2663 [02:34<00:24, 13.92it/s]
HPSAC test:  87%|████████▋ | 2328/2663 [02:34<00:23, 14.35it/s]
HPSAC test:  87%|████████▋ | 2330/2663 [02:34<00:22, 14.61it/s]
HPSAC test:  88%|████████▊ | 2332/2663 [02:35<00:22, 14.53it/s]
HPSAC test:  88%|████████▊ | 2334/2663 [02:35<00:22, 14.64it/s]
HPSAC test:  88%|████████▊ | 2336/2663 [02:35<00:22, 14.73it/s]
HPSAC test:  88%|████████▊ | 2338/2663 [02:35<00:22, 14.53it/s]
HPSAC test:  88%|████████▊ | 2340/2663 [02:35<00:21, 14.79it/s]
HPSAC test:  88%|████████▊ | 2342/2663 [02:35<00:22, 14.50it/s]
HPSAC test:  88%|████████▊ | 2344/2663 [02:35<00:21, 14.57it/s]
HPSAC test:  88%|████████▊ | 2346/2663 [02:36<00:21, 14.79it/s]
HPSAC test:  88%|████████▊ | 2348/2663 [02:36<00:21, 14.72it/s]
HPSAC test:  88%|████████▊ | 2350/2663 [02:36<00:21, 14.58it/s]
HPSAC test:  88%|████████▊ | 2352/2663 [02:36<00:21, 14.42it/s]
HPSAC test:  88%|████████▊ | 2354/2663 [02:36<00:21, 14.40it/s]
HPSAC test:  88%|████████▊ | 2356/2663 [02:36<00:21, 14.34it/s]
HPSAC test:  89%|████████▊ | 2358/2663 [02:36<00:21, 14.39it/s]
HPSAC test:  89%|████████▊ | 2360/2663 [02:37<00:20, 14.65it/s]
HPSAC test:  89%|████████▊ | 2362/2663 [02:37<00:20, 14.71it/s]
HPSAC test:  89%|████████▉ | 2364/2663 [02:37<00:20, 14.67it/s]
HPSAC test:  89%|████████▉ | 2366/2663 [02:37<00:20, 14.65it/s]
HPSAC test:  89%|████████▉ | 2368/2663 [02:37<00:19, 14.82it/s]
HPSAC test:  89%|████████▉ | 2370/2663 [02:37<00:19, 14.72it/s]
HPSAC test:  89%|████████▉ | 2372/2663 [02:37<00:19, 14.92it/s]
HPSAC test:  89%|████████▉ | 2374/2663 [02:37<00:19, 14.92it/s]
HPSAC test:  89%|████████▉ | 2376/2663 [02:38<00:19, 14.39it/s]
HPSAC test:  89%|████████▉ | 2378/2663 [02:38<00:19, 14.45it/s]
HPSAC test:  89%|████████▉ | 2380/2663 [02:38<00:19, 14.78it/s]
HPSAC test:  89%|████████▉ | 2382/2663 [02:38<00:18, 15.02it/s]
HPSAC test:  90%|████████▉ | 2384/2663 [02:38<00:18, 15.28it/s]
HPSAC test:  90%|████████▉ | 2386/2663 [02:38<00:18, 15.36it/s]
HPSAC test:  90%|████████▉ | 2388/2663 [02:38<00:18, 15.28it/s]
HPSAC test:  90%|████████▉ | 2390/2663 [02:39<00:17, 15.46it/s]
HPSAC test:  90%|████████▉ | 2392/2663 [02:39<00:17, 15.45it/s]
HPSAC test:  90%|████████▉ | 2394/2663 [02:39<00:17, 15.50it/s]
HPSAC test:  90%|████████▉ | 2396/2663 [02:39<00:17, 15.60it/s]
HPSAC test:  90%|█████████ | 2398/2663 [02:39<00:16, 15.81it/s]
HPSAC test:  90%|█████████ | 2400/2663 [02:39<00:16, 15.87it/s]
HPSAC test:  90%|█████████ | 2402/2663 [02:39<00:16, 15.83it/s]
HPSAC test:  90%|█████████ | 2404/2663 [02:39<00:16, 15.90it/s]
HPSAC test:  90%|█████████ | 2406/2663 [02:40<00:16, 15.79it/s]
HPSAC test:  90%|█████████ | 2408/2663 [02:40<00:16, 15.65it/s]
HPSAC test:  90%|█████████ | 2410/2663 [02:40<00:16, 15.74it/s]
HPSAC test:  91%|█████████ | 2412/2663 [02:40<00:15, 15.72it/s]
HPSAC test:  91%|█████████ | 2414/2663 [02:40<00:15, 15.73it/s]
HPSAC test:  91%|█████████ | 2416/2663 [02:40<00:15, 15.85it/s]
HPSAC test:  91%|█████████ | 2418/2663 [02:40<00:15, 15.76it/s]
HPSAC test:  91%|█████████ | 2420/2663 [02:40<00:15, 15.75it/s]
HPSAC test:  91%|█████████ | 2422/2663 [02:41<00:15, 15.71it/s]
HPSAC test:  91%|█████████ | 2424/2663 [02:41<00:15, 15.64it/s]
HPSAC test:  91%|█████████ | 2426/2663 [02:41<00:15, 15.59it/s]
HPSAC test:  91%|█████████ | 2428/2663 [02:41<00:15, 15.35it/s]
HPSAC test:  91%|█████████▏| 2430/2663 [02:41<00:15, 15.49it/s]
HPSAC test:  91%|█████████▏| 2432/2663 [02:41<00:14, 15.49it/s]
HPSAC test:  91%|█████████▏| 2434/2663 [02:41<00:14, 15.48it/s]
HPSAC test:  91%|█████████▏| 2436/2663 [02:41<00:14, 15.44it/s]
HPSAC test:  92%|█████████▏| 2438/2663 [02:42<00:14, 15.39it/s]
HPSAC test:  92%|█████████▏| 2440/2663 [02:42<00:14, 15.50it/s]
HPSAC test:  92%|█████████▏| 2442/2663 [02:42<00:14, 15.47it/s]
HPSAC test:  92%|█████████▏| 2444/2663 [02:42<00:14, 15.53it/s]
HPSAC test:  92%|█████████▏| 2446/2663 [02:42<00:14, 15.49it/s]
HPSAC test:  92%|█████████▏| 2448/2663 [02:42<00:13, 15.61it/s]
HPSAC test:  92%|█████████▏| 2450/2663 [02:42<00:13, 15.60it/s]
HPSAC test:  92%|█████████▏| 2452/2663 [02:43<00:13, 15.55it/s]
HPSAC test:  92%|█████████▏| 2454/2663 [02:43<00:13, 15.60it/s]
HPSAC test:  92%|█████████▏| 2456/2663 [02:43<00:13, 15.76it/s]
HPSAC test:  92%|█████████▏| 2458/2663 [02:43<00:13, 15.70it/s]
HPSAC test:  92%|█████████▏| 2460/2663 [02:43<00:13, 15.52it/s]
HPSAC test:  92%|█████████▏| 2462/2663 [02:43<00:12, 15.68it/s]
HPSAC test:  93%|█████████▎| 2464/2663 [02:43<00:12, 15.62it/s]
HPSAC test:  93%|█████████▎| 2466/2663 [02:43<00:12, 15.49it/s]
HPSAC test:  93%|█████████▎| 2468/2663 [02:44<00:12, 15.46it/s]
HPSAC test:  93%|█████████▎| 2470/2663 [02:44<00:12, 15.57it/s]
HPSAC test:  93%|█████████▎| 2472/2663 [02:44<00:12, 15.42it/s]
HPSAC test:  93%|█████████▎| 2474/2663 [02:44<00:12, 15.45it/s]
HPSAC test:  93%|█████████▎| 2476/2663 [02:44<00:12, 15.32it/s]
HPSAC test:  93%|█████████▎| 2478/2663 [02:44<00:12, 15.39it/s]
HPSAC test:  93%|█████████▎| 2480/2663 [02:44<00:12, 15.15it/s]
HPSAC test:  93%|█████████▎| 2482/2663 [02:44<00:12, 14.73it/s]
HPSAC test:  93%|█████████▎| 2484/2663 [02:45<00:12, 14.80it/s]
HPSAC test:  93%|█████████▎| 2486/2663 [02:45<00:12, 14.75it/s]
HPSAC test:  93%|█████████▎| 2488/2663 [02:45<00:12, 14.57it/s]
HPSAC test:  94%|█████████▎| 2490/2663 [02:45<00:11, 14.59it/s]
HPSAC test:  94%|█████████▎| 2492/2663 [02:45<00:11, 14.52it/s]
HPSAC test:  94%|█████████▎| 2494/2663 [02:45<00:11, 14.25it/s]
HPSAC test:  94%|█████████▎| 2496/2663 [02:45<00:11, 14.41it/s]
HPSAC test:  94%|█████████▍| 2498/2663 [02:46<00:11, 14.82it/s]
HPSAC test:  94%|█████████▍| 2500/2663 [02:46<00:10, 15.01it/s]
HPSAC test:  94%|█████████▍| 2502/2663 [02:46<00:10, 15.04it/s]
HPSAC test:  94%|█████████▍| 2504/2663 [02:46<00:10, 15.15it/s]
HPSAC test:  94%|█████████▍| 2506/2663 [02:46<00:10, 15.35it/s]
HPSAC test:  94%|█████████▍| 2508/2663 [02:46<00:10, 15.41it/s]
HPSAC test:  94%|█████████▍| 2510/2663 [02:46<00:09, 15.41it/s]
HPSAC test:  94%|█████████▍| 2512/2663 [02:46<00:09, 15.53it/s]
HPSAC test:  94%|█████████▍| 2514/2663 [02:47<00:09, 15.55it/s]
HPSAC test:  94%|█████████▍| 2516/2663 [02:47<00:09, 15.74it/s]
HPSAC test:  95%|█████████▍| 2518/2663 [02:47<00:09, 15.61it/s]
HPSAC test:  95%|█████████▍| 2520/2663 [02:47<00:09, 15.70it/s]
HPSAC test:  95%|█████████▍| 2522/2663 [02:47<00:08, 15.74it/s]
HPSAC test:  95%|█████████▍| 2524/2663 [02:47<00:08, 15.80it/s]
HPSAC test:  95%|█████████▍| 2526/2663 [02:47<00:08, 15.77it/s]
HPSAC test:  95%|█████████▍| 2528/2663 [02:47<00:08, 15.68it/s]
HPSAC test:  95%|█████████▌| 2530/2663 [02:48<00:08, 15.75it/s]
HPSAC test:  95%|█████████▌| 2532/2663 [02:48<00:08, 15.81it/s]
HPSAC test:  95%|█████████▌| 2534/2663 [02:48<00:08, 15.75it/s]
HPSAC test:  95%|█████████▌| 2536/2663 [02:48<00:08, 15.80it/s]
HPSAC test:  95%|█████████▌| 2538/2663 [02:48<00:07, 15.79it/s]
HPSAC test:  95%|█████████▌| 2540/2663 [02:48<00:07, 15.87it/s]
HPSAC test:  95%|█████████▌| 2542/2663 [02:48<00:07, 15.89it/s]
HPSAC test:  96%|█████████▌| 2544/2663 [02:48<00:07, 15.85it/s]
HPSAC test:  96%|█████████▌| 2546/2663 [02:49<00:07, 15.86it/s]
HPSAC test:  96%|█████████▌| 2548/2663 [02:49<00:07, 15.88it/s]
HPSAC test:  96%|█████████▌| 2550/2663 [02:49<00:07, 15.89it/s]
HPSAC test:  96%|█████████▌| 2552/2663 [02:49<00:07, 15.82it/s]
HPSAC test:  96%|█████████▌| 2554/2663 [02:49<00:06, 15.77it/s]
HPSAC test:  96%|█████████▌| 2556/2663 [02:49<00:06, 15.65it/s]
HPSAC test:  96%|█████████▌| 2558/2663 [02:49<00:06, 15.63it/s]
HPSAC test:  96%|█████████▌| 2560/2663 [02:50<00:06, 15.48it/s]
HPSAC test:  96%|█████████▌| 2562/2663 [02:50<00:06, 15.44it/s]
HPSAC test:  96%|█████████▋| 2564/2663 [02:50<00:06, 15.19it/s]
HPSAC test:  96%|█████████▋| 2566/2663 [02:50<00:06, 15.17it/s]
HPSAC test:  96%|█████████▋| 2568/2663 [02:50<00:06, 15.12it/s]
HPSAC test:  97%|█████████▋| 2570/2663 [02:50<00:06, 15.17it/s]
HPSAC test:  97%|█████████▋| 2572/2663 [02:50<00:05, 15.18it/s]
HPSAC test:  97%|█████████▋| 2574/2663 [02:50<00:05, 15.35it/s]
HPSAC test:  97%|█████████▋| 2576/2663 [02:51<00:05, 15.34it/s]
HPSAC test:  97%|█████████▋| 2578/2663 [02:51<00:05, 15.38it/s]
HPSAC test:  97%|█████████▋| 2580/2663 [02:51<00:05, 15.21it/s]
HPSAC test:  97%|█████████▋| 2582/2663 [02:51<00:05, 15.39it/s]
HPSAC test:  97%|█████████▋| 2584/2663 [02:51<00:05, 15.36it/s]
HPSAC test:  97%|█████████▋| 2586/2663 [02:51<00:05, 15.29it/s]
HPSAC test:  97%|█████████▋| 2588/2663 [02:51<00:04, 15.25it/s]
HPSAC test:  97%|█████████▋| 2590/2663 [02:51<00:04, 15.28it/s]
HPSAC test:  97%|█████████▋| 2592/2663 [02:52<00:04, 15.30it/s]
HPSAC test:  97%|█████████▋| 2594/2663 [02:52<00:04, 15.38it/s]
HPSAC test:  97%|█████████▋| 2596/2663 [02:52<00:04, 15.28it/s]
HPSAC test:  98%|█████████▊| 2598/2663 [02:52<00:04, 15.18it/s]
HPSAC test:  98%|█████████▊| 2600/2663 [02:52<00:04, 14.95it/s]
HPSAC test:  98%|█████████▊| 2602/2663 [02:52<00:04, 15.01it/s]
HPSAC test:  98%|█████████▊| 2604/2663 [02:52<00:03, 15.00it/s]
HPSAC test:  98%|█████████▊| 2606/2663 [02:53<00:03, 15.03it/s]
HPSAC test:  98%|█████████▊| 2608/2663 [02:53<00:03, 15.21it/s]
HPSAC test:  98%|█████████▊| 2610/2663 [02:53<00:03, 15.24it/s]
HPSAC test:  98%|█████████▊| 2612/2663 [02:53<00:03, 15.34it/s]
HPSAC test:  98%|█████████▊| 2614/2663 [02:53<00:03, 15.41it/s]
HPSAC test:  98%|█████████▊| 2616/2663 [02:53<00:03, 15.29it/s]
HPSAC test:  98%|█████████▊| 2618/2663 [02:53<00:02, 15.37it/s]
HPSAC test:  98%|█████████▊| 2620/2663 [02:53<00:02, 15.28it/s]
HPSAC test:  98%|█████████▊| 2622/2663 [02:54<00:02, 15.31it/s]
HPSAC test:  99%|█████████▊| 2624/2663 [02:54<00:02, 15.32it/s]
HPSAC test:  99%|█████████▊| 2626/2663 [02:54<00:02, 15.51it/s]
HPSAC test:  99%|█████████▊| 2628/2663 [02:54<00:02, 15.50it/s]
HPSAC test:  99%|█████████▉| 2630/2663 [02:54<00:02, 15.52it/s]
HPSAC test:  99%|█████████▉| 2632/2663 [02:54<00:01, 15.61it/s]
HPSAC test:  99%|█████████▉| 2634/2663 [02:54<00:01, 15.70it/s]
HPSAC test:  99%|█████████▉| 2636/2663 [02:54<00:01, 15.74it/s]
HPSAC test:  99%|█████████▉| 2638/2663 [02:55<00:01, 15.67it/s]
HPSAC test:  99%|█████████▉| 2640/2663 [02:55<00:01, 15.75it/s]
HPSAC test:  99%|█████████▉| 2642/2663 [02:55<00:01, 15.58it/s]
HPSAC test:  99%|█████████▉| 2644/2663 [02:55<00:01, 15.70it/s]
HPSAC test:  99%|█████████▉| 2646/2663 [02:55<00:01, 15.75it/s]
HPSAC test:  99%|█████████▉| 2648/2663 [02:55<00:00, 15.72it/s]
HPSAC test: 100%|█████████▉| 2650/2663 [02:55<00:00, 15.75it/s]
HPSAC test: 100%|█████████▉| 2652/2663 [02:55<00:00, 15.79it/s]
                                                               
HPSAC validation overall:
  MRR: 0.341901
  MR: 1131.710053
  hit@10: 0.421230
  hit@3: 0.365341
  hit@1: 0.296699
HPSAC validation Head/Tail Missing Text:
  MRR: 0.287479
  MR: 1494.832285
  hit@10: 0.359539
  hit@3: 0.309748
  hit@1: 0.246331
HPSAC validation Head Missing Text:
  MRR: 0.275989
  MR: 1650.339638
  hit@10: 0.338816
  hit@3: 0.296875
  hit@1: 0.236020
HPSAC validation Tail Missing Text:
  MRR: 0.268868
  MR: 1473.444947
  hit@10: 0.336350
  hit@3: 0.288839
  hit@1: 0.232278
HPSAC validation Head/Tail Both Have Text:
  MRR: 0.478889
  MR: 217.676781
  hit@10: 0.576517
  hit@3: 0.505277
  hit@1: 0.423483
HPSAC test overall:
  MRR: 0.368125
  MR: 1052.975028
  hit@10: 0.440856
  hit@3: 0.395794
  hit@1: 0.322005
HPSAC test Head/Tail Missing Text:
  MRR: 0.304411
  MR: 1419.015054
  hit@10: 0.362634
  hit@3: 0.327688
  hit@1: 0.266129
HPSAC test Head Missing Text:
  MRR: 0.304147
  MR: 1459.200350
  hit@10: 0.360892
  hit@3: 0.327209
  hit@1: 0.266404
HPSAC test Tail Missing Text:
  MRR: 0.276951
  MR: 1595.719623
  hit@10: 0.329811
  hit@3: 0.297358
  hit@1: 0.242264
HPSAC test Head/Tail Both Have Text:
  MRR: 0.515705
  MR: 205.111457
  hit@10: 0.622042
  hit@3: 0.553549
  hit@1: 0.451432
MT-Guard summary | lock_missing_text=False | valid_missing_text_equal_bv1=True | test_missing_text_equal_bv1=True | test_overall_mrr_delta=0.000000 | test_both_have_text_mrr_delta=0.000000 | non_fallback_both_have_text=0
RESULT_JSON: {"alpha_grid": [0.0], "calibration_mode": "temperature", "calibration_search_space": {"alpha_search_enabled": false, "fixed_default_parameters": false, "group_level_search_enabled": false, "lambda_search_enabled": false, "temperature_scaling_rank_invariant_for_positive_T": true, "temperature_search_enabled": true}, "candidate_order": "entity_id_ascending_0_to_ent_tot_minus_1", "checkpoint_a": "checkpoint/revision_mkgy_low_degree_text30_A_seed1.ckpt", "checkpoint_b": "checkpoint/revision_mkgy_low_degree_text30_AB_seed1.ckpt", "checkpoint_id_order_check": "state_dict entity/relation embedding shapes match dataset counts", "dataset": "MKG-Y", "disabled_training_side_modules": {"confidence_calibration": true, "diffheg": true, "gate_expert_router_imputer_training": true, "relation_aware_retrieval": true}, "effective_level1_group_configs": {"relation=0|side=head_prediction|text=both_have_text": {"accepted": false, "reason": "temperature_validation_search_rank_invariant", "resolved_group": "text=both_have_text", "resolved_level": "level3", "selected_alpha": 0.0, "selected_lambda": 1.0, "selected_temperature": 1.0, "text_state": "both_have_text"}, "relation=0|side=head_prediction|text=missing_text": {"accepted": false, "reason": "temperature_validation_search_rank_invariant", "resolved_group": "text=missing_text", "resolved_level": "level3", "selected_alpha": 0.0, "selected_lambda": 1.0, "selected_temperature": 1.0, "text_state": "missing_text"}, "relation=0|side=tail_prediction|text=both_have_text": {"accepted": false, "reason": "temperature_validation_search_rank_invariant", "resolved_group": "text=both_have_text", "resolved_level": "level3", "selected_alpha": 0.0, "selected_lambda": 1.0, "selected_temperature": 1.0, "text_state": "both_have_text"}, "relation=0|side=tail_prediction|text=missing_text": {"accepted": false, "reason": "temperature_validation_search_rank_invariant", "resolved_group": "text=missing_text", "resolved_level": "level3", "selected_alpha": 0.0, "selected_lambda": 1.0, "selected_temperature": 1.0, "text_state": "missing_text"}, "relation=10|side=head_prediction|text=both_have_text": {"accepted": false, "reason": "temperature_validation_search_rank_invariant", "resolved_group": "text=both_have_text", "resolved_level": "level3", "selected_alpha": 0.0, "selected_lambda": 1.0, "selected_temperature": 1.0, "text_state": "both_have_text"}, "relation=10|side=head_prediction|text=missing_text": {"accepted": false, "reason": "temperature_validation_search_rank_invariant", "resolved_group": "text=missing_text", "resolved_level": "level3", "selected_alpha": 0.0, "selected_lambda": 1.0, "selected_temperature": 1.0, "text_state": "missing_text"}, "relation=10|side=tail_prediction|text=both_have_text": {"accepted": false, "reason": "temperature_validation_search_rank_invariant", "resolved_group": "text=both_have_text", "resolved_level": "level3", "selected_alpha": 0.0, "selected_lambda": 1.0, "selected_temperature": 1.0, "text_state": "both_have_text"}, "relation=10|side=tail_prediction|text=missing_text": {"accepted": false, "reason": "temperature_validation_search_rank_invariant", "resolved_group": "text=missing_text", "resolved_level": "level3", "selected_alpha": 0.0, "selected_lambda": 1.0, "selected_temperature": 1.0, "text_state": "missing_text"}, "relation=11|side=head_prediction|text=both_have_text": {"accepted": false, "reason": "temperature_validation_search_rank_invariant", "resolved_group": "text=both_have_text", "resolved_level": "level3", "selected_alpha": 0.0, "selected_lambda": 1.0, "selected_temperature": 1.0, "text_state": "both_have_text"}, "relation=11|side=head_prediction|text=missing_text": {"accepted": false, "reason": "temperature_validation_search_rank_invariant", "resolved_group": "text=missing_text", "resolved_level": "level3", "selected_alpha": 0.0, "selected_lambda": 1.0, "selected_temperature": 1.0, "text_state": "missing_text"}, "relation=11|side=tail_prediction|text=both_have_text": {"accepted": false, "reason": "temperature_validation_search_rank_invariant", "resolved_group": "text=both_have_text", "resolved_level": "level3", "selected_alpha": 0.0, "selected_lambda": 1.0, "selected_temperature": 1.0, "text_state": "both_have_text"}, "relation=11|side=tail_prediction|text=missing_text": {"accepted": false, "reason": "temperature_validation_search_rank_invariant", "resolved_group": "text=missing_text", "resolved_level": "level3", "selected_alpha": 0.0, "selected_lambda": 1.0, "selected_temperature": 1.0, "text_state": "missing_text"}, "relation=12|side=head_prediction|text=both_have_text": {"accepted": false, "reason": "temperature_validation_search_rank_invariant", "resolved_group": "text=both_have_text", "resolved_level": "level3", "selected_alpha": 0.0, "selected_lambda": 1.0, "selected_temperature": 1.0, "text_state": "both_have_text"}, "relation=12|side=head_prediction|text=missing_text": {"accepted": false, "reason": "temperature_validation_search_rank_invariant", "resolved_group": "text=missing_text", "resolved_level": "level3", "selected_alpha": 0.0, "selected_lambda": 1.0, "selected_temperature": 1.0, "text_state": "missing_text"}, "relation=12|side=tail_prediction|text=both_have_text": {"accepted": false, "reason": "temperature_validation_search_rank_invariant", "resolved_group": "text=both_have_text", "resolved_level": "level3", "selected_alpha": 0.0, "selected_lambda": 1.0, "selected_temperature": 1.0, "text_state": "both_have_text"}, "relation=12|side=tail_prediction|text=missing_text": {"accepted": false, "reason": "temperature_validation_search_rank_invariant", "resolved_group": "text=missing_text", "resolved_level": "level3", "selected_alpha": 0.0, "selected_lambda": 1.0, "selected_temperature": 1.0, "text_state": "missing_text"}, "relation=13|side=head_prediction|text=missing_text": {"accepted": false, "reason": "temperature_validation_search_rank_invariant", "resolved_group": "text=missing_text", "resolved_level": "level3", "selected_alpha": 0.0, "selected_lambda": 1.0, "selected_temperature": 1.0, "text_state": "missing_text"}, "relation=13|side=tail_prediction|text=missing_text": {"accepted": false, "reason": "temperature_validation_search_rank_invariant", "resolved_group": "text=missing_text", "resolved_level": "level3", "selected_alpha": 0.0, "selected_lambda": 1.0, "selected_temperature": 1.0, "text_state": "missing_text"}, "relation=14|side=head_prediction|text=missing_text": {"accepted": false, "reason": "temperature_validation_search_rank_invariant", "resolved_group": "text=missing_text", "resolved_level": "level3", "selected_alpha": 0.0, "selected_lambda": 1.0, "selected_temperature": 1.0, "text_state": "missing_text"}, "relation=14|side=tail_prediction|text=missing_text": {"accepted": false, "reason": "temperature_validation_search_rank_invariant", "resolved_group": "text=missing_text", "resolved_level": "level3", "selected_alpha": 0.0, "selected_lambda": 1.0, "selected_temperature": 1.0, "text_state": "missing_text"}, "relation=15|side=head_prediction|text=missing_text": {"accepted": false, "reason": "temperature_validation_search_rank_invariant", "resolved_group": "text=missing_text", "resolved_level": "level3", "selected_alpha": 0.0, "selected_lambda": 1.0, "selected_temperature": 1.0, "text_state": "missing_text"}, "relation=15|side=tail_prediction|text=missing_text": {"accepted": false, "reason": "temperature_validation_search_rank_invariant", "resolved_group": "text=missing_text", "resolved_level": "level3", "selected_alpha": 0.0, "selected_lambda": 1.0, "selected_temperature": 1.0, "text_state": "missing_text"}, "relation=16|side=head_prediction|text=missing_text": {"accepted": false, "reason": "temperature_validation_search_rank_invariant", "resolved_group": "text=missing_text", "resolved_level": "level3", "selected_alpha": 0.0, "selected_lambda": 1.0, "selected_temperature": 1.0, "text_state": "missing_text"}, "relation=16|side=tail_prediction|text=missing_text": {"accepted": false, "reason": "temperature_validation_search_rank_invariant", "resolved_group": "text=missing_text", "resolved_level": "level3", "selected_alpha": 0.0, "selected_lambda": 1.0, "selected_temperature": 1.0, "text_state": "missing_text"}, "relation=17|side=head_prediction|text=both_have_text": {"accepted": false, "reason": "temperature_validation_search_rank_invariant", "resolved_group": "text=both_have_text", "resolved_level": "level3", "selected_alpha": 0.0, "selected_lambda": 1.0, "selected_temperature": 1.0, "text_state": "both_have_text"}, "relation=17|side=head_prediction|text=missing_text": {"accepted": false, "reason": "temperature_validation_search_rank_invariant", "resolved_group": "text=missing_text", "resolved_level": "level3", "selected_alpha": 0.0, "selected_lambda": 1.0, "selected_temperature": 1.0, "text_state": "missing_text"}, "relation=17|side=tail_prediction|text=both_have_text": {"accepted": false, "reason": "temperature_validation_search_rank_invariant", "resolved_group": "text=both_have_text", "resolved_level": "level3", "selected_alpha": 0.0, "selected_lambda": 1.0, "selected_temperature": 1.0, "text_state": "both_have_text"}, "relation=17|side=tail_prediction|text=missing_text": {"accepted": false, "reason": "temperature_validation_search_rank_invariant", "resolved_group": "text=missing_text", "resolved_level": "level3", "selected_alpha": 0.0, "selected_lambda": 1.0, "selected_temperature": 1.0, "text_state": "missing_text"}, "relation=18|side=head_prediction|text=missing_text": {"accepted": false, "reason": "temperature_validation_search_rank_invariant", "resolved_group": "text=missing_text", "resolved_level": "level3", "selected_alpha": 0.0, "selected_lambda": 1.0, "selected_temperature": 1.0, "text_state": "missing_text"}, "relation=18|side=tail_prediction|text=missing_text": {"accepted": false, "reason": "temperature_validation_search_rank_invariant", "resolved_group": "text=missing_text", "resolved_level": "level3", "selected_alpha": 0.0, "selected_lambda": 1.0, "selected_temperature": 1.0, "text_state": "missing_text"}, "relation=19|side=head_prediction|text=both_have_text": {"accepted": false, "reason": "temperature_validation_search_rank_invariant", "resolved_group": "text=both_have_text", "resolved_level": "level3", "selected_alpha": 0.0, "selected_lambda": 1.0, "selected_temperature": 1.0, "text_state": "both_have_text"}, "relation=19|side=tail_prediction|text=both_have_text": {"accepted": false, "reason": "temperature_validation_search_rank_invariant", "resolved_group": "text=both_have_text", "resolved_level": "level3", "selected_alpha": 0.0, "selected_lambda": 1.0, "selected_temperature": 1.0, "text_state": "both_have_text"}, "relation=1|side=head_prediction|text=both_have_text": {"accepted": false, "reason": "temperature_validation_search_rank_invariant", "resolved_group": "text=both_have_text", "resolved_level": "level3", "selected_alpha": 0.0, "selected_lambda": 1.0, "selected_temperature": 1.0, "text_state": "both_have_text"}, "relation=1|side=head_prediction|text=missing_text": {"accepted": false, "reason": "temperature_validation_search_rank_invariant", "resolved_group": "text=missing_text", "resolved_level": "level3", "selected_alpha": 0.0, "selected_lambda": 1.0, "selected_temperature": 1.0, "text_state": "missing_text"}, "relation=1|side=tail_prediction|text=both_have_text": {"accepted": false, "reason": "temperature_validation_search_rank_invariant", "resolved_group": "text=both_have_text", "resolved_level": "level3", "selected_alpha": 0.0, "selected_lambda": 1.0, "selected_temperature": 1.0, "text_state": "both_have_text"}, "relation=1|side=tail_prediction|text=missing_text": {"accepted": false, "reason": "temperature_validation_search_rank_invariant", "resolved_group": "text=missing_text", "resolved_level": "level3", "selected_alpha": 0.0, "selected_lambda": 1.0, "selected_temperature": 1.0, "text_state": "missing_text"}, "relation=20|side=head_prediction|text=both_have_text": {"accepted": false, "reason": "temperature_validation_search_rank_invariant", "resolved_group": "text=both_have_text", "resolved_level": "level3", "selected_alpha": 0.0, "selected_lambda": 1.0, "selected_temperature": 1.0, "text_state": "both_have_text"}, "relation=20|side=tail_prediction|text=both_have_text": {"accepted": false, "reason": "temperature_validation_search_rank_invariant", "resolved_group": "text=both_have_text", "resolved_level": "level3", "selected_alpha": 0.0, "selected_lambda": 1.0, "selected_temperature": 1.0, "text_state": "both_have_text"}, "relation=21|side=head_prediction|text=missing_text": {"accepted": false, "reason": "temperature_validation_search_rank_invariant", "resolved_group": "text=missing_text", "resolved_level": "level3", "selected_alpha": 0.0, "selected_lambda": 1.0, "selected_temperature": 1.0, "text_state": "missing_text"}, "relation=21|side=tail_prediction|text=missing_text": {"accepted": false, "reason": "temperature_validation_search_rank_invariant", "resolved_group": "text=missing_text", "resolved_level": "level3", "selected_alpha": 0.0, "selected_lambda": 1.0, "selected_temperature": 1.0, "text_state": "missing_text"}, "relation=22|side=head_prediction|text=both_have_text": {"accepted": false, "reason": "temperature_validation_search_rank_invariant", "resolved_group": "text=both_have_text", "resolved_level": "level3", "selected_alpha": 0.0, "selected_lambda": 1.0, "selected_temperature": 1.0, "text_state": "both_have_text"}, "relation=22|side=tail_prediction|text=both_have_text": {"accepted": false, "reason": "temperature_validation_search_rank_invariant", "resolved_group": "text=both_have_text", "resolved_level": "level3", "selected_alpha": 0.0, "selected_lambda": 1.0, "selected_temperature": 1.0, "text_state": "both_have_text"}, "relation=23|side=head_prediction|text=missing_text": {"accepted": false, "reason": "temperature_validation_search_rank_invariant", "resolved_group": "text=missing_text", "resolved_level": "level3", "selected_alpha": 0.0, "selected_lambda": 1.0, "selected_temperature": 1.0, "text_state": "missing_text"}, "relation=23|side=tail_prediction|text=missing_text": {"accepted": false, "reason": "temperature_validation_search_rank_invariant", "resolved_group": "text=missing_text", "resolved_level": "level3", "selected_alpha": 0.0, "selected_lambda": 1.0, "selected_temperature": 1.0, "text_state": "missing_text"}, "relation=26|side=head_prediction|text=both_have_text": {"accepted": false, "reason": "temperature_validation_search_rank_invariant", "resolved_group": "text=both_have_text", "resolved_level": "level3", "selected_alpha": 0.0, "selected_lambda": 1.0, "selected_temperature": 1.0, "text_state": "both_have_text"}, "relation=26|side=tail_prediction|text=both_have_text": {"accepted": false, "reason": "temperature_validation_search_rank_invariant", "resolved_group": "text=both_have_text", "resolved_level": "level3", "selected_alpha": 0.0, "selected_lambda": 1.0, "selected_temperature": 1.0, "text_state": "both_have_text"}, "relation=2|side=head_prediction|text=both_have_text": {"accepted": false, "reason": "temperature_validation_search_rank_invariant", "resolved_group": "text=both_have_text", "resolved_level": "level3", "selected_alpha": 0.0, "selected_lambda": 1.0, "selected_temperature": 1.0, "text_state": "both_have_text"}, "relation=2|side=head_prediction|text=missing_text": {"accepted": false, "reason": "temperature_validation_search_rank_invariant", "resolved_group": "text=missing_text", "resolved_level": "level3", "selected_alpha": 0.0, "selected_lambda": 1.0, "selected_temperature": 1.0, "text_state": "missing_text"}, "relation=2|side=tail_prediction|text=both_have_text": {"accepted": false, "reason": "temperature_validation_search_rank_invariant", "resolved_group": "text=both_have_text", "resolved_level": "level3", "selected_alpha": 0.0, "selected_lambda": 1.0, "selected_temperature": 1.0, "text_state": "both_have_text"}, "relation=2|side=tail_prediction|text=missing_text": {"accepted": false, "reason": "temperature_validation_search_rank_invariant", "resolved_group": "text=missing_text", "resolved_level": "level3", "selected_alpha": 0.0, "selected_lambda": 1.0, "selected_temperature": 1.0, "text_state": "missing_text"}, "relation=3|side=head_prediction|text=both_have_text": {"accepted": false, "reason": "temperature_validation_search_rank_invariant", "resolved_group": "text=both_have_text", "resolved_level": "level3", "selected_alpha": 0.0, "selected_lambda": 1.0, "selected_temperature": 1.0, "text_state": "both_have_text"}, "relation=3|side=head_prediction|text=missing_text": {"accepted": false, "reason": "temperature_validation_search_rank_invariant", "resolved_group": "text=missing_text", "resolved_level": "level3", "selected_alpha": 0.0, "selected_lambda": 1.0, "selected_temperature": 1.0, "text_state": "missing_text"}, "relation=3|side=tail_prediction|text=both_have_text": {"accepted": false, "reason": "temperature_validation_search_rank_invariant", "resolved_group": "text=both_have_text", "resolved_level": "level3", "selected_alpha": 0.0, "selected_lambda": 1.0, "selected_temperature": 1.0, "text_state": "both_have_text"}, "relation=3|side=tail_prediction|text=missing_text": {"accepted": false, "reason": "temperature_validation_search_rank_invariant", "resolved_group": "text=missing_text", "resolved_level": "level3", "selected_alpha": 0.0, "selected_lambda": 1.0, "selected_temperature": 1.0, "text_state": "missing_text"}, "relation=4|side=head_prediction|text=both_have_text": {"accepted": false, "reason": "temperature_validation_search_rank_invariant", "resolved_group": "text=both_have_text", "resolved_level": "level3", "selected_alpha": 0.0, "selected_lambda": 1.0, "selected_temperature": 1.0, "text_state": "both_have_text"}, "relation=4|side=head_prediction|text=missing_text": {"accepted": false, "reason": "temperature_validation_search_rank_invariant", "resolved_group": "text=missing_text", "resolved_level": "level3", "selected_alpha": 0.0, "selected_lambda": 1.0, "selected_temperature": 1.0, "text_state": "missing_text"}, "relation=4|side=tail_prediction|text=both_have_text": {"accepted": false, "reason": "temperature_validation_search_rank_invariant", "resolved_group": "text=both_have_text", "resolved_level": "level3", "selected_alpha": 0.0, "selected_lambda": 1.0, "selected_temperature": 1.0, "text_state": "both_have_text"}, "relation=4|side=tail_prediction|text=missing_text": {"accepted": false, "reason": "temperature_validation_search_rank_invariant", "resolved_group": "text=missing_text", "resolved_level": "level3", "selected_alpha": 0.0, "selected_lambda": 1.0, "selected_temperature": 1.0, "text_state": "missing_text"}, "relation=5|side=head_prediction|text=both_have_text": {"accepted": false, "reason": "temperature_validation_search_rank_invariant", "resolved_group": "text=both_have_text", "resolved_level": "level3", "selected_alpha": 0.0, "selected_lambda": 1.0, "selected_temperature": 1.0, "text_state": "both_have_text"}, "relation=5|side=head_prediction|text=missing_text": {"accepted": false, "reason": "temperature_validation_search_rank_invariant", "resolved_group": "text=missing_text", "resolved_level": "level3", "selected_alpha": 0.0, "selected_lambda": 1.0, "selected_temperature": 1.0, "text_state": "missing_text"}, "relation=5|side=tail_prediction|text=both_have_text": {"accepted": false, "reason": "temperature_validation_search_rank_invariant", "resolved_group": "text=both_have_text", "resolved_level": "level3", "selected_alpha": 0.0, "selected_lambda": 1.0, "selected_temperature": 1.0, "text_state": "both_have_text"}, "relation=5|side=tail_prediction|text=missing_text": {"accepted": false, "reason": "temperature_validation_search_rank_invariant", "resolved_group": "text=missing_text", "resolved_level": "level3", "selected_alpha": 0.0, "selected_lambda": 1.0, "selected_temperature": 1.0, "text_state": "missing_text"}, "relation=6|side=head_prediction|text=both_have_text": {"accepted": false, "reason": "temperature_validation_search_rank_invariant", "resolved_group": "text=both_have_text", "resolved_level": "level3", "selected_alpha": 0.0, "selected_lambda": 1.0, "selected_temperature": 1.0, "text_state": "both_have_text"}, "relation=6|side=head_prediction|text=missing_text": {"accepted": false, "reason": "temperature_validation_search_rank_invariant", "resolved_group": "text=missing_text", "resolved_level": "level3", "selected_alpha": 0.0, "selected_lambda": 1.0, "selected_temperature": 1.0, "text_state": "missing_text"}, "relation=6|side=tail_prediction|text=both_have_text": {"accepted": false, "reason": "temperature_validation_search_rank_invariant", "resolved_group": "text=both_have_text", "resolved_level": "level3", "selected_alpha": 0.0, "selected_lambda": 1.0, "selected_temperature": 1.0, "text_state": "both_have_text"}, "relation=6|side=tail_prediction|text=missing_text": {"accepted": false, "reason": "temperature_validation_search_rank_invariant", "resolved_group": "text=missing_text", "resolved_level": "level3", "selected_alpha": 0.0, "selected_lambda": 1.0, "selected_temperature": 1.0, "text_state": "missing_text"}, "relation=7|side=head_prediction|text=both_have_text": {"accepted": false, "reason": "temperature_validation_search_rank_invariant", "resolved_group": "text=both_have_text", "resolved_level": "level3", "selected_alpha": 0.0, "selected_lambda": 1.0, "selected_temperature": 1.0, "text_state": "both_have_text"}, "relation=7|side=head_prediction|text=missing_text": {"accepted": false, "reason": "temperature_validation_search_rank_invariant", "resolved_group": "text=missing_text", "resolved_level": "level3", "selected_alpha": 0.0, "selected_lambda": 1.0, "selected_temperature": 1.0, "text_state": "missing_text"}, "relation=7|side=tail_prediction|text=both_have_text": {"accepted": false, "reason": "temperature_validation_search_rank_invariant", "resolved_group": "text=both_have_text", "resolved_level": "level3", "selected_alpha": 0.0, "selected_lambda": 1.0, "selected_temperature": 1.0, "text_state": "both_have_text"}, "relation=7|side=tail_prediction|text=missing_text": {"accepted": false, "reason": "temperature_validation_search_rank_invariant", "resolved_group": "text=missing_text", "resolved_level": "level3", "selected_alpha": 0.0, "selected_lambda": 1.0, "selected_temperature": 1.0, "text_state": "missing_text"}, "relation=8|side=head_prediction|text=both_have_text": {"accepted": false, "reason": "temperature_validation_search_rank_invariant", "resolved_group": "text=both_have_text", "resolved_level": "level3", "selected_alpha": 0.0, "selected_lambda": 1.0, "selected_temperature": 1.0, "text_state": "both_have_text"}, "relation=8|side=head_prediction|text=missing_text": {"accepted": false, "reason": "temperature_validation_search_rank_invariant", "resolved_group": "text=missing_text", "resolved_level": "level3", "selected_alpha": 0.0, "selected_lambda": 1.0, "selected_temperature": 1.0, "text_state": "missing_text"}, "relation=8|side=tail_prediction|text=both_have_text": {"accepted": false, "reason": "temperature_validation_search_rank_invariant", "resolved_group": "text=both_have_text", "resolved_level": "level3", "selected_alpha": 0.0, "selected_lambda": 1.0, "selected_temperature": 1.0, "text_state": "both_have_text"}, "relation=8|side=tail_prediction|text=missing_text": {"accepted": false, "reason": "temperature_validation_search_rank_invariant", "resolved_group": "text=missing_text", "resolved_level": "level3", "selected_alpha": 0.0, "selected_lambda": 1.0, "selected_temperature": 1.0, "text_state": "missing_text"}, "relation=9|side=head_prediction|text=both_have_text": {"accepted": false, "reason": "temperature_validation_search_rank_invariant", "resolved_group": "text=both_have_text", "resolved_level": "level3", "selected_alpha": 0.0, "selected_lambda": 1.0, "selected_temperature": 1.0, "text_state": "both_have_text"}, "relation=9|side=head_prediction|text=missing_text": {"accepted": false, "reason": "temperature_validation_search_rank_invariant", "resolved_group": "text=missing_text", "resolved_level": "level3", "selected_alpha": 0.0, "selected_lambda": 1.0, "selected_temperature": 1.0, "text_state": "missing_text"}, "relation=9|side=tail_prediction|text=both_have_text": {"accepted": false, "reason": "temperature_validation_search_rank_invariant", "resolved_group": "text=both_have_text", "resolved_level": "level3", "selected_alpha": 0.0, "selected_lambda": 1.0, "selected_temperature": 1.0, "text_state": "both_have_text"}, "relation=9|side=tail_prediction|text=missing_text": {"accepted": false, "reason": "temperature_validation_search_rank_invariant", "resolved_group": "text=missing_text", "resolved_level": "level3", "selected_alpha": 0.0, "selected_lambda": 1.0, "selected_temperature": 1.0, "text_state": "missing_text"}}, "entity_count": 15000, "fallback_alpha": 0.0, "fallback_lambda": 1.0, "fallback_temperature": 1.0, "global_selected_config": null, "group_records": {"level1": {}, "level2": {}, "level3": {"text=both_have_text": {"accepted": false, "fallback_alpha": 0.0, "fallback_lambda": 1.0, "fallback_temperature": 1.0, "fallback_valid_metrics": {"hit1": 0.29669917479369845, "hit10": 0.4212303075768942, "hit3": 0.36534133533383345, "mr": 1131.7100525131282, "mrr": 0.3419008974315221, "query_count": 2666}, "group": "text=both_have_text", "level": "global", "query_count": 2666, "rank_invariant_to_positive_temperature": true, "reason": "temperature_validation_search_rank_invariant", "selected_alpha": 0.0, "selected_lambda": 1.0, "selected_temperature": 1.0, "selected_valid_metrics": {"hit1": 0.29669917479369845, "hit10": 0.4212303075768942, "hit3": 0.36534133533383345, "mr": 1131.7100525131282, "mrr": 0.3419008974315221, "query_count": 2666}, "temperature_candidate_metrics": [{"metrics": {"hit1": 0.29669917479369845, "hit10": 0.4212303075768942, "hit3": 0.36534133533383345, "mr": 1131.7100525131282, "mrr": 0.3419008974315221, "query_count": 2666}, "rank_invariant_to_positive_temperature": true, "temperature": 0.5}, {"metrics": {"hit1": 0.29669917479369845, "hit10": 0.4212303075768942, "hit3": 0.36534133533383345, "mr": 1131.7100525131282, "mrr": 0.3419008974315221, "query_count": 2666}, "rank_invariant_to_positive_temperature": true, "temperature": 0.75}, {"metrics": {"hit1": 0.29669917479369845, "hit10": 0.4212303075768942, "hit3": 0.36534133533383345, "mr": 1131.7100525131282, "mrr": 0.3419008974315221, "query_count": 2666}, "rank_invariant_to_positive_temperature": true, "temperature": 1.0}, {"metrics": {"hit1": 0.29669917479369845, "hit10": 0.4212303075768942, "hit3": 0.36534133533383345, "mr": 1131.7100525131282, "mrr": 0.3419008974315221, "query_count": 2666}, "rank_invariant_to_positive_temperature": true, "temperature": 1.25}, {"metrics": {"hit1": 0.29669917479369845, "hit10": 0.4212303075768942, "hit3": 0.36534133533383345, "mr": 1131.7100525131282, "mrr": 0.3419008974315221, "query_count": 2666}, "rank_invariant_to_positive_temperature": true, "temperature": 1.5}, {"metrics": {"hit1": 0.29669917479369845, "hit10": 0.4212303075768942, "hit3": 0.36534133533383345, "mr": 1131.7100525131282, "mrr": 0.3419008974315221, "query_count": 2666}, "rank_invariant_to_positive_temperature": true, "temperature": 2.0}], "text_state": "all", "valid_mrr_delta_vs_bv1": 0.0}, "text=missing_text": {"accepted": false, "fallback_alpha": 0.0, "fallback_lambda": 1.0, "fallback_temperature": 1.0, "fallback_valid_metrics": {"hit1": 0.29669917479369845, "hit10": 0.4212303075768942, "hit3": 0.36534133533383345, "mr": 1131.7100525131282, "mrr": 0.3419008974315221, "query_count": 2666}, "group": "text=missing_text", "level": "global", "query_count": 2666, "rank_invariant_to_positive_temperature": true, "reason": "temperature_validation_search_rank_invariant", "selected_alpha": 0.0, "selected_lambda": 1.0, "selected_temperature": 1.0, "selected_valid_metrics": {"hit1": 0.29669917479369845, "hit10": 0.4212303075768942, "hit3": 0.36534133533383345, "mr": 1131.7100525131282, "mrr": 0.3419008974315221, "query_count": 2666}, "temperature_candidate_metrics": [{"metrics": {"hit1": 0.29669917479369845, "hit10": 0.4212303075768942, "hit3": 0.36534133533383345, "mr": 1131.7100525131282, "mrr": 0.3419008974315221, "query_count": 2666}, "rank_invariant_to_positive_temperature": true, "temperature": 0.5}, {"metrics": {"hit1": 0.29669917479369845, "hit10": 0.4212303075768942, "hit3": 0.36534133533383345, "mr": 1131.7100525131282, "mrr": 0.3419008974315221, "query_count": 2666}, "rank_invariant_to_positive_temperature": true, "temperature": 0.75}, {"metrics": {"hit1": 0.29669917479369845, "hit10": 0.4212303075768942, "hit3": 0.36534133533383345, "mr": 1131.7100525131282, "mrr": 0.3419008974315221, "query_count": 2666}, "rank_invariant_to_positive_temperature": true, "temperature": 1.0}, {"metrics": {"hit1": 0.29669917479369845, "hit10": 0.4212303075768942, "hit3": 0.36534133533383345, "mr": 1131.7100525131282, "mrr": 0.3419008974315221, "query_count": 2666}, "rank_invariant_to_positive_temperature": true, "temperature": 1.25}, {"metrics": {"hit1": 0.29669917479369845, "hit10": 0.4212303075768942, "hit3": 0.36534133533383345, "mr": 1131.7100525131282, "mrr": 0.3419008974315221, "query_count": 2666}, "rank_invariant_to_positive_temperature": true, "temperature": 1.5}, {"metrics": {"hit1": 0.29669917479369845, "hit10": 0.4212303075768942, "hit3": 0.36534133533383345, "mr": 1131.7100525131282, "mrr": 0.3419008974315221, "query_count": 2666}, "rank_invariant_to_positive_temperature": true, "temperature": 2.0}], "text_state": "all", "valid_mrr_delta_vs_bv1": 0.0}}}, "hpsac_calibration_overall_metrics": {"count": 2666, "count_type": "query", "hit1": 0.29669917479369845, "hit10": 0.4212303075768942, "hit3": 0.36534133533383345, "mr": 1131.7100525131282, "mrr": 0.3419008974315221, "triple_count": 1333}, "hpsac_calibration_subset_metrics": {"head_and_tail_have_text": {"count": 758, "count_type": "query", "hit1": 0.4234828496042216, "hit10": 0.5765171503957783, "hit3": 0.5052770448548812, "mr": 217.67678100263853, "mrr": 0.478888907360444, "triple_count": 379}, "head_missing_text": {"count": 1216, "count_type": "query", "hit1": 0.23601973684210525, "hit10": 0.33881578947368424, "hit3": 0.296875, "mr": 1650.3396381578948, "mrr": 0.2759891040875215, "triple_count": 608}, "head_or_tail_both_have_text": {"count": 758, "count_type": "query", "hit1": 0.4234828496042216, "hit10": 0.5765171503957783, "hit3": 0.5052770448548812, "mr": 217.67678100263853, "mrr": 0.478888907360444, "triple_count": 379}, "head_or_tail_missing_text": {"count": 1908, "count_type": "query", "hit1": 0.24633123689727462, "hit10": 0.35953878406708595, "hit3": 0.30974842767295596, "mr": 1494.8322851153039, "mrr": 0.28747903604466535, "triple_count": 954}, "tail_missing_text": {"count": 1326, "count_type": "query", "hit1": 0.23227752639517346, "hit10": 0.33634992458521873, "hit3": 0.2888386123680241, "mr": 1473.444947209653, "mrr": 0.26886816156166327, "triple_count": 663}}, "hpsac_stats": {"all_levels_accepted_ratio": 0.0, "all_levels_accepted_specific_parameter_group_count": 0, "all_levels_fallback_default_group_count": 2, "all_levels_fallback_group_count": 2, "all_levels_fallback_ratio": 1.0, "all_levels_specific_parameter_group_count": 0, "all_levels_total_group_count": 2, "effective_level1_policy": {"default_fallback_group_count": 78, "default_fallback_ratio": 1.0, "reason_counts": {"temperature_validation_search_rank_invariant": 78}, "resolved_level_counts": {"level3": 78}, "specific_parameter_group_count": 0, "specific_parameter_ratio": 0.0, "total_group_count": 78}, "fallback_alpha": 0.0, "fallback_lambda": 1.0, "levels": {"level1": {"accepted_ratio": 0.0, "accepted_specific_parameter_group_count": 0, "fallback_default_group_count": 0, "fallback_group_count": 0, "fallback_ratio": 0.0, "insufficient_validation_queries_group_count": 0, "missing_text_locked_group_count": 0, "missing_text_mrr_below_bv1_group_count": 0, "no_candidate_group_count": 0, "pareto_safe_rejected_group_count": 0, "reason_counts": {}, "specific_parameter_group_count": 0, "total_group_count": 0}, "level2": {"accepted_ratio": 0.0, "accepted_specific_parameter_group_count": 0, "fallback_default_group_count": 0, "fallback_group_count": 0, "fallback_ratio": 0.0, "insufficient_validation_queries_group_count": 0, "missing_text_locked_group_count": 0, "missing_text_mrr_below_bv1_group_count": 0, "no_candidate_group_count": 0, "pareto_safe_rejected_group_count": 0, "reason_counts": {}, "specific_parameter_group_count": 0, "total_group_count": 0}, "level3": {"accepted_ratio": 0.0, "accepted_specific_parameter_group_count": 0, "fallback_default_group_count": 2, "fallback_group_count": 2, "fallback_ratio": 1.0, "insufficient_validation_queries_group_count": 0, "missing_text_locked_group_count": 0, "missing_text_mrr_below_bv1_group_count": 0, "no_candidate_group_count": 0, "pareto_safe_rejected_group_count": 0, "reason_counts": {"temperature_validation_search_rank_invariant": 2}, "specific_parameter_group_count": 0, "total_group_count": 2}}, "min_group_queries": 30, "min_group_queries_name": "N_min", "safe_delta": 0.0002, "safe_delta_name": "delta"}, "inject_text_missing_rate": 0.3, "injected_text_count": 3695, "injection_info": {"additional_masked_count": 3695, "available_text_before": 12316, "inject_rate_applied": 0.30001623903864894, "inject_rate_requested": 0.3, "loaded_mask_metadata": {"additional_masked_count": 3695, "available_text_before": 12316, "available_text_degree_summary": {"count": 12316, "degree_max": 78, "degree_mean": 2.771841526031494, "degree_min": 0}, "degree_observed_triple_count": 21310, "degree_source_splits": ["train2id.txt"], "degree_strategy": "low_degree", "inject_rate_applied": 0.30001623903864894, "inject_rate_requested": 0.3, "loaded_mask_metadata": {}, "mask_checksum_sha256": "c913edd722b7eb42d8cdbc248b7c16469a13a91c24ebe3ed19e2d6dd8d9b330b", "mask_path": null, "mask_scope": "entity_level_shared_across_train_valid_test", "mask_source": "generated", "mask_strategy": "low_degree", "masked_entity_ids_preview": [10, 13, 22, 26, 27, 59, 64, 67, 70, 90, 114, 129, 152, 157, 162, 173, 224, 239, 244, 245], "masked_text_degree_summary": {"count": 3695, "degree_max": 2, "degree_mean": 0.9290933609008789, "degree_min": 0}, "missingness_unit": "entity", "save_mask_path": "/home/student04/my_data/DHNS-main/masks/MKG-Y_low_degree_text30_seed1.pt", "seed": 1}, "mask_checksum_sha256": "c913edd722b7eb42d8cdbc248b7c16469a13a91c24ebe3ed19e2d6dd8d9b330b", "mask_path": "/mnt/c/Users/15513/Desktop/\u5b9e\u9a8c/\u5b9e\u9a8c\u5ba44090\u4e0a\u7684\u6587\u4ef6/DHNS-main/masks/MKG-Y_low_degree_text30_seed1.pt", "mask_scope": "entity_level_shared_across_train_valid_test", "mask_source": "loaded_file", "mask_strategy": "low_degree", "masked_entity_ids_preview": [10, 13, 22, 26, 27, 59, 64, 67, 70, 90, 114, 129, 152, 157, 162, 173, 224, 239, 244, 245], "missingness_unit": "entity", "save_mask_path": null, "seed": 0}, "lambda_grid": [1.0], "level1_group_count": 78, "lock_missing_text": false, "min_group_queries": 30, "missing_text_count": 6379, "non_fallback_both_have_text_group_count": 0, "non_fallback_effective_group_count": 0, "relation_count": 28, "requested_alpha_grid": [0.0], "requested_lambda_grid": [1.0], "retrieval_pool_size": 512, "retrieval_source": "entity_embedding_knn", "retrieval_topk": 5, "runtime_cost": {"eval_wall_time_sec": 373.34488937299466}, "safe_delta": 0.0002, "save_text_missing_mask_path": null, "separate_calibration_split": true, "simulate_native_text_missing_rate": 0.0, "simulated_native_text_missing_count": 0, "simulated_native_text_missing_info": null, "temperature_grid": [0.5, 0.75, 1.0, 1.25, 1.5, 2.0], "temperature_selected_config": {"accepted": false, "fallback_alpha": 0.0, "fallback_lambda": 1.0, "fallback_temperature": 1.0, "fallback_valid_metrics": {"hit1": 0.29669917479369845, "hit10": 0.4212303075768942, "hit3": 0.36534133533383345, "mr": 1131.7100525131282, "mrr": 0.3419008974315221, "query_count": 2666}, "group": "global_temperature", "level": "global", "query_count": 2666, "rank_invariant_to_positive_temperature": true, "reason": "temperature_validation_search_rank_invariant", "selected_alpha": 0.0, "selected_lambda": 1.0, "selected_temperature": 1.0, "selected_valid_metrics": {"hit1": 0.29669917479369845, "hit10": 0.4212303075768942, "hit3": 0.36534133533383345, "mr": 1131.7100525131282, "mrr": 0.3419008974315221, "query_count": 2666}, "temperature_candidate_metrics": [{"metrics": {"hit1": 0.29669917479369845, "hit10": 0.4212303075768942, "hit3": 0.36534133533383345, "mr": 1131.7100525131282, "mrr": 0.3419008974315221, "query_count": 2666}, "rank_invariant_to_positive_temperature": true, "temperature": 0.5}, {"metrics": {"hit1": 0.29669917479369845, "hit10": 0.4212303075768942, "hit3": 0.36534133533383345, "mr": 1131.7100525131282, "mrr": 0.3419008974315221, "query_count": 2666}, "rank_invariant_to_positive_temperature": true, "temperature": 0.75}, {"metrics": {"hit1": 0.29669917479369845, "hit10": 0.4212303075768942, "hit3": 0.36534133533383345, "mr": 1131.7100525131282, "mrr": 0.3419008974315221, "query_count": 2666}, "rank_invariant_to_positive_temperature": true, "temperature": 1.0}, {"metrics": {"hit1": 0.29669917479369845, "hit10": 0.4212303075768942, "hit3": 0.36534133533383345, "mr": 1131.7100525131282, "mrr": 0.3419008974315221, "query_count": 2666}, "rank_invariant_to_positive_temperature": true, "temperature": 1.25}, {"metrics": {"hit1": 0.29669917479369845, "hit10": 0.4212303075768942, "hit3": 0.36534133533383345, "mr": 1131.7100525131282, "mrr": 0.3419008974315221, "query_count": 2666}, "rank_invariant_to_positive_temperature": true, "temperature": 1.5}, {"metrics": {"hit1": 0.29669917479369845, "hit10": 0.4212303075768942, "hit3": 0.36534133533383345, "mr": 1131.7100525131282, "mrr": 0.3419008974315221, "query_count": 2666}, "rank_invariant_to_positive_temperature": true, "temperature": 2.0}], "text_state": "all", "valid_mrr_delta_vs_bv1": 0.0}, "test_bv1_overall_metrics": {"count": 5326, "count_type": "query", "hit1": 0.32200525722868945, "hit10": 0.4408561772437101, "hit3": 0.3957942170484416, "mr": 1052.975028163725, "mrr": 0.36812481167032024, "triple_count": 2663}, "test_bv1_subset_metrics": {"head_and_tail_have_text": {"count": 1606, "count_type": "query", "hit1": 0.45143212951432127, "hit10": 0.6220423412204235, "hit3": 0.5535491905354919, "mr": 205.11145703611456, "mrr": 0.5157050732140941, "triple_count": 803}, "head_missing_text": {"count": 2286, "count_type": "query", "hit1": 0.2664041994750656, "hit10": 0.36089238845144356, "hit3": 0.32720909886264216, "mr": 1459.2003499562554, "mrr": 0.30414711118340404, "triple_count": 1143}, "head_or_tail_both_have_text": {"count": 1606, "count_type": "query", "hit1": 0.45143212951432127, "hit10": 0.6220423412204235, "hit3": 0.5535491905354919, "mr": 205.11145703611456, "mrr": 0.5157050732140941, "triple_count": 803}, "head_or_tail_missing_text": {"count": 3720, "count_type": "query", "hit1": 0.2661290322580645, "hit10": 0.3626344086021505, "hit3": 0.32768817204301076, "mr": 1419.0150537634408, "mrr": 0.30441139768126096, "triple_count": 1860}, "tail_missing_text": {"count": 2650, "count_type": "query", "hit1": 0.24226415094339623, "hit10": 0.329811320754717, "hit3": 0.29735849056603775, "mr": 1595.7196226415094, "mrr": 0.2769506786190207, "triple_count": 1325}}, "test_delta_vs_bv1": {"head_and_tail_have_text": {"hit1": 0.0, "hit10": 0.0, "hit3": 0.0, "mr": 0.0, "mrr": 0.0}, "head_missing_text": {"hit1": 0.0, "hit10": 0.0, "hit3": 0.0, "mr": 0.0, "mrr": 0.0}, "head_or_tail_missing_text": {"hit1": 0.0, "hit10": 0.0, "hit3": 0.0, "mr": 0.0, "mrr": 0.0}, "overall": {"hit1": 0.0, "hit10": 0.0, "hit3": 0.0, "mr": 0.0, "mrr": 0.0}, "tail_missing_text": {"hit1": 0.0, "hit10": 0.0, "hit3": 0.0, "mr": 0.0, "mrr": 0.0}}, "test_missing_text_equal_bv1": true, "test_overall_metrics": {"count": 5326, "count_type": "query", "hit1": 0.32200525722868945, "hit10": 0.4408561772437101, "hit3": 0.3957942170484416, "mr": 1052.975028163725, "mrr": 0.36812481167032024, "triple_count": 2663}, "test_policy_counts": {"level3|lambda=1.00|alpha=0.0|T=1": 5326}, "test_subset_metrics": {"head_and_tail_have_text": {"count": 1606, "count_type": "query", "hit1": 0.45143212951432127, "hit10": 0.6220423412204235, "hit3": 0.5535491905354919, "mr": 205.11145703611456, "mrr": 0.5157050732140941, "triple_count": 803}, "head_missing_text": {"count": 2286, "count_type": "query", "hit1": 0.2664041994750656, "hit10": 0.36089238845144356, "hit3": 0.32720909886264216, "mr": 1459.2003499562554, "mrr": 0.30414711118340404, "triple_count": 1143}, "head_or_tail_both_have_text": {"count": 1606, "count_type": "query", "hit1": 0.45143212951432127, "hit10": 0.6220423412204235, "hit3": 0.5535491905354919, "mr": 205.11145703611456, "mrr": 0.5157050732140941, "triple_count": 803}, "head_or_tail_missing_text": {"count": 3720, "count_type": "query", "hit1": 0.2661290322580645, "hit10": 0.3626344086021505, "hit3": 0.32768817204301076, "mr": 1419.0150537634408, "mrr": 0.30441139768126096, "triple_count": 1860}, "tail_missing_text": {"count": 2650, "count_type": "query", "hit1": 0.24226415094339623, "hit10": 0.329811320754717, "hit3": 0.29735849056603775, "mr": 1595.7196226415094, "mrr": 0.2769506786190207, "triple_count": 1325}}, "text_missing_mask_path": "/mnt/c/Users/15513/Desktop/\u5b9e\u9a8c/\u5b9e\u9a8c\u5ba44090\u4e0a\u7684\u6587\u4ef6/DHNS-main/masks/MKG-Y_low_degree_text30_seed1.pt", "text_missing_mask_seed": 0, "text_missing_mask_strategy": "low_degree", "validation_bv1_overall_metrics": {"count": 2666, "count_type": "query", "hit1": 0.29669917479369845, "hit10": 0.4212303075768942, "hit3": 0.36534133533383345, "mr": 1131.7100525131282, "mrr": 0.3419008974315221, "triple_count": 1333}, "validation_bv1_subset_metrics": {"head_and_tail_have_text": {"count": 758, "count_type": "query", "hit1": 0.4234828496042216, "hit10": 0.5765171503957783, "hit3": 0.5052770448548812, "mr": 217.67678100263853, "mrr": 0.478888907360444, "triple_count": 379}, "head_missing_text": {"count": 1216, "count_type": "query", "hit1": 0.23601973684210525, "hit10": 0.33881578947368424, "hit3": 0.296875, "mr": 1650.3396381578948, "mrr": 0.2759891040875215, "triple_count": 608}, "head_or_tail_both_have_text": {"count": 758, "count_type": "query", "hit1": 0.4234828496042216, "hit10": 0.5765171503957783, "hit3": 0.5052770448548812, "mr": 217.67678100263853, "mrr": 0.478888907360444, "triple_count": 379}, "head_or_tail_missing_text": {"count": 1908, "count_type": "query", "hit1": 0.24633123689727462, "hit10": 0.35953878406708595, "hit3": 0.30974842767295596, "mr": 1494.8322851153039, "mrr": 0.28747903604466535, "triple_count": 954}, "tail_missing_text": {"count": 1326, "count_type": "query", "hit1": 0.23227752639517346, "hit10": 0.33634992458521873, "hit3": 0.2888386123680241, "mr": 1473.444947209653, "mrr": 0.26886816156166327, "triple_count": 663}}, "validation_delta_vs_bv1": {"head_and_tail_have_text": {"hit1": 0.0, "hit10": 0.0, "hit3": 0.0, "mr": 0.0, "mrr": 0.0}, "head_missing_text": {"hit1": 0.0, "hit10": 0.0, "hit3": 0.0, "mr": 0.0, "mrr": 0.0}, "head_or_tail_missing_text": {"hit1": 0.0, "hit10": 0.0, "hit3": 0.0, "mr": 0.0, "mrr": 0.0}, "overall": {"hit1": 0.0, "hit10": 0.0, "hit3": 0.0, "mr": 0.0, "mrr": 0.0}, "tail_missing_text": {"hit1": 0.0, "hit10": 0.0, "hit3": 0.0, "mr": 0.0, "mrr": 0.0}}, "validation_metrics_scope": "hpsac_calibration_half", "validation_missing_text_equal_bv1": true, "validation_overall_metrics": {"count": 2666, "count_type": "query", "hit1": 0.29669917479369845, "hit10": 0.4212303075768942, "hit3": 0.36534133533383345, "mr": 1131.7100525131282, "mrr": 0.3419008974315221, "triple_count": 1333}, "validation_policy_counts": {"level3|lambda=1.00|alpha=0.0|T=1": 2666}, "validation_split_info": {"hpsac_calibration_index_checksum_sha256": "00df99633122679f3703abb0e81b2cdec1ef316795ec82541377af69888eaccf", "hpsac_calibration_indices_preview": [950, 1243, 100, 1418, 1817, 2211, 2647, 896, 2295, 622, 85, 193, 1435, 2508, 1372, 105, 1815, 1245, 1597, 192], "hpsac_calibration_triple_count": 1333, "hpsac_partition_usage": "groupwise_lambda_alpha_selection_and_safety_checks", "hyperparameter_partition_usage": "reserved_for_upstream_epoch_learning_rate_and_base_model_selection", "hyperparameter_selection_index_checksum_sha256": "5ddf46e3532aedc62a18aa8fa88010aba9e4eb23c60842a102006880c8bd8d15", "hyperparameter_selection_indices_preview": [147, 886, 2371, 370, 1791, 2659, 304, 923, 1511, 196, 1506, 2545, 1887, 641, 937, 808, 968, 840, 1459, 2156], "hyperparameter_selection_triple_count": 1332, "mode": "random_50_50_separate_calibration", "original_validation_triple_count": 2665, "partitions_cover_validation": true, "partitions_disjoint": true, "random_generator": "numpy.random.default_rng(PCG64)", "separate_calibration_split": true, "validation_split_seed": 2026}, "validation_split_seed": 2026, "validation_subset_metrics": {"head_and_tail_have_text": {"count": 758, "count_type": "query", "hit1": 0.4234828496042216, "hit10": 0.5765171503957783, "hit3": 0.5052770448548812, "mr": 217.67678100263853, "mrr": 0.478888907360444, "triple_count": 379}, "head_missing_text": {"count": 1216, "count_type": "query", "hit1": 0.23601973684210525, "hit10": 0.33881578947368424, "hit3": 0.296875, "mr": 1650.3396381578948, "mrr": 0.2759891040875215, "triple_count": 608}, "head_or_tail_both_have_text": {"count": 758, "count_type": "query", "hit1": 0.4234828496042216, "hit10": 0.5765171503957783, "hit3": 0.5052770448548812, "mr": 217.67678100263853, "mrr": 0.478888907360444, "triple_count": 379}, "head_or_tail_missing_text": {"count": 1908, "count_type": "query", "hit1": 0.24633123689727462, "hit10": 0.35953878406708595, "hit3": 0.30974842767295596, "mr": 1494.8322851153039, "mrr": 0.28747903604466535, "triple_count": 954}, "tail_missing_text": {"count": 1326, "count_type": "query", "hit1": 0.23227752639517346, "hit10": 0.33634992458521873, "hit3": 0.2888386123680241, "mr": 1473.444947209653, "mrr": 0.26886816156166327, "triple_count": 663}}}
