/mnt/c/Users/15513/Desktop/实验/实验室4090上的文件/DHNS-main/eval_hpsac.py:944: FutureWarning: You are using `torch.load` with `weights_only=False` (the current default value), which uses the default pickle module implicitly. It is possible to construct malicious pickle data which will execute arbitrary code during unpickling (See https://github.com/pytorch/pytorch/blob/main/SECURITY.md#untrusted-models for more details). In a future release, the default value for `weights_only` will be flipped to `True`. This limits the functions that could be executed during unpickling. Arbitrary objects will no longer be allowed to be loaded via this mode unless they are explicitly allowlisted by the user via `torch.serialization.add_safe_globals`. We recommend you start setting `weights_only=True` for any use case where you don't have full control of the loaded file. Please open an issue on GitHub for any issues related to this experimental feature.
  img_emb = torch.load(visual_path, map_location="cpu")
/mnt/c/Users/15513/Desktop/实验/实验室4090上的文件/DHNS-main/eval_hpsac.py:945: FutureWarning: You are using `torch.load` with `weights_only=False` (the current default value), which uses the default pickle module implicitly. It is possible to construct malicious pickle data which will execute arbitrary code during unpickling (See https://github.com/pytorch/pytorch/blob/main/SECURITY.md#untrusted-models for more details). In a future release, the default value for `weights_only` will be flipped to `True`. This limits the functions that could be executed during unpickling. Arbitrary objects will no longer be allowed to be loaded via this mode unless they are explicitly allowlisted by the user via `torch.serialization.add_safe_globals`. We recommend you start setting `weights_only=True` for any use case where you don't have full control of the loaded file. Please open an issue on GitHub for any issues related to this experimental feature.
  text_emb = torch.load(textual_path, map_location="cpu")
/mnt/c/Users/15513/Desktop/实验/实验室4090上的文件/DHNS-main/missing_text_protocol.py:72: FutureWarning: You are using `torch.load` with `weights_only=False` (the current default value), which uses the default pickle module implicitly. It is possible to construct malicious pickle data which will execute arbitrary code during unpickling (See https://github.com/pytorch/pytorch/blob/main/SECURITY.md#untrusted-models for more details). In a future release, the default value for `weights_only` will be flipped to `True`. This limits the functions that could be executed during unpickling. Arbitrary objects will no longer be allowed to be loaded via this mode unless they are explicitly allowlisted by the user via `torch.serialization.add_safe_globals`. We recommend you start setting `weights_only=True` for any use case where you don't have full control of the loaded file. Please open an issue on GitHub for any issues related to this experimental feature.
  payload = torch.load(path, map_location="cpu")
HPSAC config | dataset=MKG-Y | lambda_grid=0.25 | alpha_grid=0.0,0.1,0.2,0.3 | temperature_grid=0.5,0.75,1.0,1.25,1.5,2.0 | min_group_queries=30 | safe_delta=0.000200 | calibration_mode=alpha_only
HPSAC validation partition | separate_calibration_split=True | split_seed=2026
HPSAC injected text missingness | requested=0.3000 | applied=0.3000 | count=3695
HPSAC text mask | strategy=low_degree | source=loaded_file | checksum=db45462ffcb79e45f0cd6d726e223d8765a516db14262f9e3e4d286981497287
HPSAC MT guard | lock_missing_text=False
HPSAC safety | training=False | new_network=False | internal_scoring_unchanged=True
/mnt/c/Users/15513/Desktop/实验/实验室4090上的文件/DHNS-main/eval_vgse.py:257: FutureWarning: You are using `torch.load` with `weights_only=False` (the current default value), which uses the default pickle module implicitly. It is possible to construct malicious pickle data which will execute arbitrary code during unpickling (See https://github.com/pytorch/pytorch/blob/main/SECURITY.md#untrusted-models for more details). In a future release, the default value for `weights_only` will be flipped to `True`. This limits the functions that could be executed during unpickling. Arbitrary objects will no longer be allowed to be loaded via this mode unless they are explicitly allowlisted by the user via `torch.serialization.add_safe_globals`. We recommend you start setting `weights_only=True` for any use case where you don't have full control of the loaded file. Please open an issue on GitHub for any issues related to this experimental feature.
  state_dict = torch.load(checkpoint_path, map_location="cpu")
HPSAC validation split | total=2665 | hyperparameter_selection=1332 | hpsac_calibration=1333 | calibration_checksum=00df99633122679f3703abb0e81b2cdec1ef316795ec82541377af69888eaccf

HPSAC valid search:   0%|          | 0/1333 [00:00<?, ?it/s]Active modalities | phase=eval | text_branch_enabled=True | modality_count=3 | modalities=structural,visual,text
Active modalities | phase=eval | text_branch_enabled=True | modality_count=3 | modalities=structural,visual,text
Retrieval missing-text debug | phase=NA | role=NA | batch_entity_count=15000 | topk=5 | pool_size=512/8621 | relation_avg_pool=NA | fallback_ratio=0.0000 | agg_mean_norm=0.905499 | source=global_text_pool

HPSAC valid search:   0%|          | 1/1333 [00:00<08:22,  2.65it/s]
HPSAC valid search:   0%|          | 3/1333 [00:00<03:11,  6.93it/s]
HPSAC valid search:   0%|          | 5/1333 [00:00<02:16,  9.70it/s]
HPSAC valid search:   1%|          | 7/1333 [00:00<01:53, 11.63it/s]
HPSAC valid search:   1%|          | 9/1333 [00:00<01:44, 12.71it/s]
HPSAC valid search:   1%|          | 11/1333 [00:01<01:37, 13.57it/s]
HPSAC valid search:   1%|          | 13/1333 [00:01<01:33, 14.13it/s]
HPSAC valid search:   1%|          | 15/1333 [00:01<01:30, 14.50it/s]
HPSAC valid search:   1%|▏         | 17/1333 [00:01<01:29, 14.74it/s]
HPSAC valid search:   1%|▏         | 19/1333 [00:01<01:28, 14.81it/s]
HPSAC valid search:   2%|▏         | 21/1333 [00:01<01:28, 14.89it/s]
HPSAC valid search:   2%|▏         | 23/1333 [00:01<01:26, 15.07it/s]
HPSAC valid search:   2%|▏         | 25/1333 [00:01<01:26, 15.09it/s]
HPSAC valid search:   2%|▏         | 27/1333 [00:02<01:25, 15.23it/s]
HPSAC valid search:   2%|▏         | 29/1333 [00:02<01:25, 15.23it/s]
HPSAC valid search:   2%|▏         | 31/1333 [00:02<01:25, 15.28it/s]
HPSAC valid search:   2%|▏         | 33/1333 [00:02<01:26, 15.11it/s]
HPSAC valid search:   3%|▎         | 35/1333 [00:02<01:25, 15.16it/s]
HPSAC valid search:   3%|▎         | 37/1333 [00:02<01:24, 15.27it/s]
HPSAC valid search:   3%|▎         | 39/1333 [00:02<01:24, 15.28it/s]
HPSAC valid search:   3%|▎         | 41/1333 [00:02<01:24, 15.21it/s]
HPSAC valid search:   3%|▎         | 43/1333 [00:03<01:24, 15.28it/s]
HPSAC valid search:   3%|▎         | 45/1333 [00:03<01:23, 15.35it/s]
HPSAC valid search:   4%|▎         | 47/1333 [00:03<01:23, 15.33it/s]
HPSAC valid search:   4%|▎         | 49/1333 [00:03<01:24, 15.16it/s]
HPSAC valid search:   4%|▍         | 51/1333 [00:03<01:24, 15.23it/s]
HPSAC valid search:   4%|▍         | 53/1333 [00:03<01:25, 15.04it/s]
HPSAC valid search:   4%|▍         | 55/1333 [00:03<01:25, 14.93it/s]
HPSAC valid search:   4%|▍         | 57/1333 [00:04<01:25, 14.92it/s]
HPSAC valid search:   4%|▍         | 59/1333 [00:04<01:25, 14.92it/s]
HPSAC valid search:   5%|▍         | 61/1333 [00:04<01:24, 15.09it/s]
HPSAC valid search:   5%|▍         | 63/1333 [00:04<01:24, 15.05it/s]
HPSAC valid search:   5%|▍         | 65/1333 [00:04<01:25, 14.75it/s]
HPSAC valid search:   5%|▌         | 67/1333 [00:04<01:25, 14.84it/s]
HPSAC valid search:   5%|▌         | 69/1333 [00:04<01:24, 14.99it/s]
HPSAC valid search:   5%|▌         | 71/1333 [00:04<01:23, 15.08it/s]
HPSAC valid search:   5%|▌         | 73/1333 [00:05<01:24, 14.98it/s]
HPSAC valid search:   6%|▌         | 75/1333 [00:05<01:22, 15.16it/s]
HPSAC valid search:   6%|▌         | 77/1333 [00:05<01:22, 15.14it/s]
HPSAC valid search:   6%|▌         | 79/1333 [00:05<01:22, 15.17it/s]
HPSAC valid search:   6%|▌         | 81/1333 [00:05<01:23, 15.06it/s]
HPSAC valid search:   6%|▌         | 83/1333 [00:05<01:22, 15.15it/s]
HPSAC valid search:   6%|▋         | 85/1333 [00:05<01:21, 15.27it/s]
HPSAC valid search:   7%|▋         | 87/1333 [00:06<01:22, 15.19it/s]
HPSAC valid search:   7%|▋         | 89/1333 [00:06<01:21, 15.27it/s]
HPSAC valid search:   7%|▋         | 91/1333 [00:06<01:20, 15.37it/s]
HPSAC valid search:   7%|▋         | 93/1333 [00:06<01:20, 15.38it/s]
HPSAC valid search:   7%|▋         | 95/1333 [00:06<01:20, 15.41it/s]
HPSAC valid search:   7%|▋         | 97/1333 [00:06<01:20, 15.31it/s]
HPSAC valid search:   7%|▋         | 99/1333 [00:06<01:20, 15.25it/s]
HPSAC valid search:   8%|▊         | 101/1333 [00:06<01:20, 15.29it/s]
HPSAC valid search:   8%|▊         | 103/1333 [00:07<01:20, 15.31it/s]
HPSAC valid search:   8%|▊         | 105/1333 [00:07<01:20, 15.30it/s]
HPSAC valid search:   8%|▊         | 107/1333 [00:07<01:19, 15.35it/s]
HPSAC valid search:   8%|▊         | 109/1333 [00:07<01:20, 15.23it/s]
HPSAC valid search:   8%|▊         | 111/1333 [00:07<01:19, 15.31it/s]
HPSAC valid search:   8%|▊         | 113/1333 [00:07<01:21, 15.03it/s]
HPSAC valid search:   9%|▊         | 115/1333 [00:07<01:20, 15.08it/s]
HPSAC valid search:   9%|▉         | 117/1333 [00:08<01:20, 15.11it/s]
HPSAC valid search:   9%|▉         | 119/1333 [00:08<01:19, 15.19it/s]
HPSAC valid search:   9%|▉         | 121/1333 [00:08<01:20, 15.02it/s]
HPSAC valid search:   9%|▉         | 123/1333 [00:08<01:20, 14.96it/s]
HPSAC valid search:   9%|▉         | 125/1333 [00:08<01:19, 15.15it/s]
HPSAC valid search:  10%|▉         | 127/1333 [00:08<01:20, 15.07it/s]
HPSAC valid search:  10%|▉         | 129/1333 [00:08<01:20, 15.03it/s]
HPSAC valid search:  10%|▉         | 131/1333 [00:08<01:20, 14.99it/s]
HPSAC valid search:  10%|▉         | 133/1333 [00:09<01:19, 15.04it/s]
HPSAC valid search:  10%|█         | 135/1333 [00:09<01:19, 15.05it/s]
HPSAC valid search:  10%|█         | 137/1333 [00:09<01:18, 15.20it/s]
HPSAC valid search:  10%|█         | 139/1333 [00:09<01:18, 15.13it/s]
HPSAC valid search:  11%|█         | 141/1333 [00:09<01:18, 15.12it/s]
HPSAC valid search:  11%|█         | 143/1333 [00:09<01:20, 14.87it/s]
HPSAC valid search:  11%|█         | 145/1333 [00:09<01:19, 15.01it/s]
HPSAC valid search:  11%|█         | 147/1333 [00:09<01:19, 14.99it/s]
HPSAC valid search:  11%|█         | 149/1333 [00:10<01:18, 15.11it/s]
HPSAC valid search:  11%|█▏        | 151/1333 [00:10<01:18, 15.10it/s]
HPSAC valid search:  11%|█▏        | 153/1333 [00:10<01:18, 15.10it/s]
HPSAC valid search:  12%|█▏        | 155/1333 [00:10<01:17, 15.14it/s]
HPSAC valid search:  12%|█▏        | 157/1333 [00:10<01:18, 15.07it/s]
HPSAC valid search:  12%|█▏        | 159/1333 [00:10<01:17, 15.22it/s]
HPSAC valid search:  12%|█▏        | 161/1333 [00:10<01:17, 15.19it/s]
HPSAC valid search:  12%|█▏        | 163/1333 [00:11<01:16, 15.36it/s]
HPSAC valid search:  12%|█▏        | 165/1333 [00:11<01:16, 15.31it/s]
HPSAC valid search:  13%|█▎        | 167/1333 [00:11<01:15, 15.37it/s]
HPSAC valid search:  13%|█▎        | 169/1333 [00:11<01:15, 15.35it/s]
HPSAC valid search:  13%|█▎        | 171/1333 [00:11<01:15, 15.32it/s]
HPSAC valid search:  13%|█▎        | 173/1333 [00:11<01:16, 15.22it/s]
HPSAC valid search:  13%|█▎        | 175/1333 [00:11<01:15, 15.27it/s]
HPSAC valid search:  13%|█▎        | 177/1333 [00:11<01:15, 15.23it/s]
HPSAC valid search:  13%|█▎        | 179/1333 [00:12<01:15, 15.20it/s]
HPSAC valid search:  14%|█▎        | 181/1333 [00:12<01:15, 15.16it/s]
HPSAC valid search:  14%|█▎        | 183/1333 [00:12<01:17, 14.87it/s]
HPSAC valid search:  14%|█▍        | 185/1333 [00:12<01:20, 14.30it/s]
HPSAC valid search:  14%|█▍        | 187/1333 [00:12<01:21, 14.03it/s]
HPSAC valid search:  14%|█▍        | 189/1333 [00:12<01:22, 13.94it/s]
HPSAC valid search:  14%|█▍        | 191/1333 [00:12<01:23, 13.69it/s]
HPSAC valid search:  14%|█▍        | 193/1333 [00:13<01:23, 13.69it/s]
HPSAC valid search:  15%|█▍        | 195/1333 [00:13<01:23, 13.65it/s]
HPSAC valid search:  15%|█▍        | 197/1333 [00:13<01:23, 13.60it/s]
HPSAC valid search:  15%|█▍        | 199/1333 [00:13<01:23, 13.62it/s]
HPSAC valid search:  15%|█▌        | 201/1333 [00:13<01:22, 13.71it/s]
HPSAC valid search:  15%|█▌        | 203/1333 [00:13<01:21, 13.79it/s]
HPSAC valid search:  15%|█▌        | 205/1333 [00:13<01:20, 13.94it/s]
HPSAC valid search:  16%|█▌        | 207/1333 [00:14<01:19, 14.09it/s]
HPSAC valid search:  16%|█▌        | 209/1333 [00:14<01:18, 14.32it/s]
HPSAC valid search:  16%|█▌        | 211/1333 [00:14<01:18, 14.33it/s]
HPSAC valid search:  16%|█▌        | 213/1333 [00:14<01:18, 14.35it/s]
HPSAC valid search:  16%|█▌        | 215/1333 [00:14<01:17, 14.47it/s]
HPSAC valid search:  16%|█▋        | 217/1333 [00:14<01:16, 14.50it/s]
HPSAC valid search:  16%|█▋        | 219/1333 [00:14<01:18, 14.13it/s]
HPSAC valid search:  17%|█▋        | 221/1333 [00:15<01:20, 13.79it/s]
HPSAC valid search:  17%|█▋        | 223/1333 [00:15<01:22, 13.46it/s]
HPSAC valid search:  17%|█▋        | 225/1333 [00:15<01:20, 13.71it/s]
HPSAC valid search:  17%|█▋        | 227/1333 [00:15<01:19, 13.95it/s]
HPSAC valid search:  17%|█▋        | 229/1333 [00:15<01:17, 14.24it/s]
HPSAC valid search:  17%|█▋        | 231/1333 [00:15<01:16, 14.35it/s]
HPSAC valid search:  17%|█▋        | 233/1333 [00:15<01:16, 14.41it/s]
HPSAC valid search:  18%|█▊        | 235/1333 [00:16<01:17, 14.17it/s]
HPSAC valid search:  18%|█▊        | 237/1333 [00:16<01:19, 13.83it/s]
HPSAC valid search:  18%|█▊        | 239/1333 [00:16<01:18, 14.01it/s]
HPSAC valid search:  18%|█▊        | 241/1333 [00:16<01:18, 13.92it/s]
HPSAC valid search:  18%|█▊        | 243/1333 [00:16<01:19, 13.70it/s]
HPSAC valid search:  18%|█▊        | 245/1333 [00:16<01:18, 13.81it/s]
HPSAC valid search:  19%|█▊        | 247/1333 [00:16<01:17, 14.03it/s]
HPSAC valid search:  19%|█▊        | 249/1333 [00:17<01:16, 14.19it/s]
HPSAC valid search:  19%|█▉        | 251/1333 [00:17<01:15, 14.26it/s]
HPSAC valid search:  19%|█▉        | 253/1333 [00:17<01:16, 14.09it/s]
HPSAC valid search:  19%|█▉        | 255/1333 [00:17<01:16, 14.11it/s]
HPSAC valid search:  19%|█▉        | 257/1333 [00:17<01:17, 13.93it/s]
HPSAC valid search:  19%|█▉        | 259/1333 [00:17<01:17, 13.81it/s]
HPSAC valid search:  20%|█▉        | 261/1333 [00:17<01:16, 13.99it/s]
HPSAC valid search:  20%|█▉        | 263/1333 [00:18<01:15, 14.24it/s]
HPSAC valid search:  20%|█▉        | 265/1333 [00:18<01:14, 14.42it/s]
HPSAC valid search:  20%|██        | 267/1333 [00:18<01:14, 14.31it/s]
HPSAC valid search:  20%|██        | 269/1333 [00:18<01:13, 14.43it/s]
HPSAC valid search:  20%|██        | 271/1333 [00:18<01:14, 14.25it/s]
HPSAC valid search:  20%|██        | 273/1333 [00:18<01:15, 14.06it/s]
HPSAC valid search:  21%|██        | 275/1333 [00:18<01:14, 14.17it/s]
HPSAC valid search:  21%|██        | 277/1333 [00:19<01:16, 13.81it/s]
HPSAC valid search:  21%|██        | 279/1333 [00:19<01:17, 13.65it/s]
HPSAC valid search:  21%|██        | 281/1333 [00:19<01:16, 13.80it/s]
HPSAC valid search:  21%|██        | 283/1333 [00:19<01:15, 13.97it/s]
HPSAC valid search:  21%|██▏       | 285/1333 [00:19<01:13, 14.25it/s]
HPSAC valid search:  22%|██▏       | 287/1333 [00:19<01:13, 14.15it/s]
HPSAC valid search:  22%|██▏       | 289/1333 [00:19<01:14, 14.06it/s]
HPSAC valid search:  22%|██▏       | 291/1333 [00:20<01:13, 14.25it/s]
HPSAC valid search:  22%|██▏       | 293/1333 [00:20<01:12, 14.27it/s]
HPSAC valid search:  22%|██▏       | 295/1333 [00:20<01:11, 14.46it/s]
HPSAC valid search:  22%|██▏       | 297/1333 [00:20<01:11, 14.50it/s]
HPSAC valid search:  22%|██▏       | 299/1333 [00:20<01:10, 14.66it/s]
HPSAC valid search:  23%|██▎       | 301/1333 [00:20<01:10, 14.57it/s]
HPSAC valid search:  23%|██▎       | 303/1333 [00:20<01:11, 14.44it/s]
HPSAC valid search:  23%|██▎       | 305/1333 [00:21<01:13, 14.02it/s]
HPSAC valid search:  23%|██▎       | 307/1333 [00:21<01:13, 13.92it/s]
HPSAC valid search:  23%|██▎       | 309/1333 [00:21<01:11, 14.23it/s]
HPSAC valid search:  23%|██▎       | 311/1333 [00:21<01:11, 14.27it/s]
HPSAC valid search:  23%|██▎       | 313/1333 [00:21<01:10, 14.39it/s]
HPSAC valid search:  24%|██▎       | 315/1333 [00:21<01:09, 14.61it/s]
HPSAC valid search:  24%|██▍       | 317/1333 [00:21<01:08, 14.74it/s]
HPSAC valid search:  24%|██▍       | 319/1333 [00:22<01:08, 14.88it/s]
HPSAC valid search:  24%|██▍       | 321/1333 [00:22<01:07, 14.94it/s]
HPSAC valid search:  24%|██▍       | 323/1333 [00:22<01:06, 15.08it/s]
HPSAC valid search:  24%|██▍       | 325/1333 [00:22<01:06, 15.05it/s]
HPSAC valid search:  25%|██▍       | 327/1333 [00:22<01:07, 14.91it/s]
HPSAC valid search:  25%|██▍       | 329/1333 [00:22<01:07, 14.80it/s]
HPSAC valid search:  25%|██▍       | 331/1333 [00:22<01:07, 14.83it/s]
HPSAC valid search:  25%|██▍       | 333/1333 [00:22<01:07, 14.75it/s]
HPSAC valid search:  25%|██▌       | 335/1333 [00:23<01:07, 14.71it/s]
HPSAC valid search:  25%|██▌       | 337/1333 [00:23<01:07, 14.85it/s]
HPSAC valid search:  25%|██▌       | 339/1333 [00:23<01:06, 14.93it/s]
HPSAC valid search:  26%|██▌       | 341/1333 [00:23<01:06, 14.99it/s]
HPSAC valid search:  26%|██▌       | 343/1333 [00:23<01:06, 14.97it/s]
HPSAC valid search:  26%|██▌       | 345/1333 [00:23<01:06, 14.90it/s]
HPSAC valid search:  26%|██▌       | 347/1333 [00:23<01:06, 14.86it/s]
HPSAC valid search:  26%|██▌       | 349/1333 [00:24<01:06, 14.87it/s]
HPSAC valid search:  26%|██▋       | 351/1333 [00:24<01:06, 14.79it/s]
HPSAC valid search:  26%|██▋       | 353/1333 [00:24<01:05, 14.94it/s]
HPSAC valid search:  27%|██▋       | 355/1333 [00:24<01:04, 15.15it/s]
HPSAC valid search:  27%|██▋       | 357/1333 [00:24<01:03, 15.25it/s]
HPSAC valid search:  27%|██▋       | 359/1333 [00:24<01:03, 15.38it/s]
HPSAC valid search:  27%|██▋       | 361/1333 [00:24<01:03, 15.26it/s]
HPSAC valid search:  27%|██▋       | 363/1333 [00:24<01:03, 15.28it/s]
HPSAC valid search:  27%|██▋       | 365/1333 [00:25<01:03, 15.34it/s]
HPSAC valid search:  28%|██▊       | 367/1333 [00:25<01:03, 15.16it/s]
HPSAC valid search:  28%|██▊       | 369/1333 [00:25<01:03, 15.21it/s]
HPSAC valid search:  28%|██▊       | 371/1333 [00:25<01:02, 15.29it/s]
HPSAC valid search:  28%|██▊       | 373/1333 [00:25<01:02, 15.27it/s]
HPSAC valid search:  28%|██▊       | 375/1333 [00:25<01:03, 15.10it/s]
HPSAC valid search:  28%|██▊       | 377/1333 [00:25<01:03, 15.09it/s]
HPSAC valid search:  28%|██▊       | 379/1333 [00:25<01:03, 15.10it/s]
HPSAC valid search:  29%|██▊       | 381/1333 [00:26<01:02, 15.19it/s]
HPSAC valid search:  29%|██▊       | 383/1333 [00:26<01:02, 15.21it/s]
HPSAC valid search:  29%|██▉       | 385/1333 [00:26<01:02, 15.10it/s]
HPSAC valid search:  29%|██▉       | 387/1333 [00:26<01:03, 14.96it/s]
HPSAC valid search:  29%|██▉       | 389/1333 [00:26<01:02, 15.03it/s]
HPSAC valid search:  29%|██▉       | 391/1333 [00:26<01:03, 14.77it/s]
HPSAC valid search:  29%|██▉       | 393/1333 [00:26<01:03, 14.75it/s]
HPSAC valid search:  30%|██▉       | 395/1333 [00:27<01:03, 14.82it/s]
HPSAC valid search:  30%|██▉       | 397/1333 [00:27<01:02, 14.98it/s]
HPSAC valid search:  30%|██▉       | 399/1333 [00:27<01:02, 15.04it/s]
HPSAC valid search:  30%|███       | 401/1333 [00:27<01:02, 15.03it/s]
HPSAC valid search:  30%|███       | 403/1333 [00:27<01:02, 14.90it/s]
HPSAC valid search:  30%|███       | 405/1333 [00:27<01:01, 15.06it/s]
HPSAC valid search:  31%|███       | 407/1333 [00:27<01:01, 15.01it/s]
HPSAC valid search:  31%|███       | 409/1333 [00:28<01:01, 14.97it/s]
HPSAC valid search:  31%|███       | 411/1333 [00:28<01:01, 15.11it/s]
HPSAC valid search:  31%|███       | 413/1333 [00:28<01:00, 15.19it/s]
HPSAC valid search:  31%|███       | 415/1333 [00:28<01:00, 15.15it/s]
HPSAC valid search:  31%|███▏      | 417/1333 [00:28<01:00, 15.09it/s]
HPSAC valid search:  31%|███▏      | 419/1333 [00:28<01:00, 15.12it/s]
HPSAC valid search:  32%|███▏      | 421/1333 [00:28<01:00, 15.13it/s]
HPSAC valid search:  32%|███▏      | 423/1333 [00:28<01:00, 15.07it/s]
HPSAC valid search:  32%|███▏      | 425/1333 [00:29<01:00, 15.09it/s]
HPSAC valid search:  32%|███▏      | 427/1333 [00:29<00:59, 15.20it/s]
HPSAC valid search:  32%|███▏      | 429/1333 [00:29<00:59, 15.27it/s]
HPSAC valid search:  32%|███▏      | 431/1333 [00:29<00:59, 15.22it/s]
HPSAC valid search:  32%|███▏      | 433/1333 [00:29<00:59, 15.16it/s]
HPSAC valid search:  33%|███▎      | 435/1333 [00:29<00:59, 15.16it/s]
HPSAC valid search:  33%|███▎      | 437/1333 [00:29<00:59, 14.99it/s]
HPSAC valid search:  33%|███▎      | 439/1333 [00:29<00:59, 14.96it/s]
HPSAC valid search:  33%|███▎      | 441/1333 [00:30<00:59, 15.11it/s]
HPSAC valid search:  33%|███▎      | 443/1333 [00:30<00:58, 15.23it/s]
HPSAC valid search:  33%|███▎      | 445/1333 [00:30<00:58, 15.30it/s]
HPSAC valid search:  34%|███▎      | 447/1333 [00:30<00:58, 15.06it/s]
HPSAC valid search:  34%|███▎      | 449/1333 [00:30<00:58, 15.05it/s]
HPSAC valid search:  34%|███▍      | 451/1333 [00:30<00:58, 14.99it/s]
HPSAC valid search:  34%|███▍      | 453/1333 [00:30<00:58, 15.04it/s]
HPSAC valid search:  34%|███▍      | 455/1333 [00:31<00:58, 15.03it/s]
HPSAC valid search:  34%|███▍      | 457/1333 [00:31<00:57, 15.11it/s]
HPSAC valid search:  34%|███▍      | 459/1333 [00:31<00:57, 15.17it/s]
HPSAC valid search:  35%|███▍      | 461/1333 [00:31<00:57, 15.16it/s]
HPSAC valid search:  35%|███▍      | 463/1333 [00:31<00:57, 15.25it/s]
HPSAC valid search:  35%|███▍      | 465/1333 [00:31<00:57, 15.05it/s]
HPSAC valid search:  35%|███▌      | 467/1333 [00:31<00:57, 15.04it/s]
HPSAC valid search:  35%|███▌      | 469/1333 [00:31<00:58, 14.89it/s]
HPSAC valid search:  35%|███▌      | 471/1333 [00:32<00:57, 15.04it/s]
HPSAC valid search:  35%|███▌      | 473/1333 [00:32<00:56, 15.17it/s]
HPSAC valid search:  36%|███▌      | 475/1333 [00:32<00:56, 15.16it/s]
HPSAC valid search:  36%|███▌      | 477/1333 [00:32<00:56, 15.20it/s]
HPSAC valid search:  36%|███▌      | 479/1333 [00:32<00:56, 15.23it/s]
HPSAC valid search:  36%|███▌      | 481/1333 [00:32<00:55, 15.27it/s]
HPSAC valid search:  36%|███▌      | 483/1333 [00:32<00:55, 15.28it/s]
HPSAC valid search:  36%|███▋      | 485/1333 [00:33<00:55, 15.18it/s]
HPSAC valid search:  37%|███▋      | 487/1333 [00:33<00:56, 15.06it/s]
HPSAC valid search:  37%|███▋      | 489/1333 [00:33<00:55, 15.21it/s]
HPSAC valid search:  37%|███▋      | 491/1333 [00:33<00:55, 15.21it/s]
HPSAC valid search:  37%|███▋      | 493/1333 [00:33<00:55, 15.25it/s]
HPSAC valid search:  37%|███▋      | 495/1333 [00:33<00:55, 15.16it/s]
HPSAC valid search:  37%|███▋      | 497/1333 [00:33<00:55, 15.19it/s]
HPSAC valid search:  37%|███▋      | 499/1333 [00:33<00:55, 15.14it/s]
HPSAC valid search:  38%|███▊      | 501/1333 [00:34<00:55, 15.09it/s]
HPSAC valid search:  38%|███▊      | 503/1333 [00:34<00:55, 15.05it/s]
HPSAC valid search:  38%|███▊      | 505/1333 [00:34<00:55, 14.99it/s]
HPSAC valid search:  38%|███▊      | 507/1333 [00:34<00:54, 15.20it/s]
HPSAC valid search:  38%|███▊      | 509/1333 [00:34<00:54, 15.00it/s]
HPSAC valid search:  38%|███▊      | 511/1333 [00:34<00:54, 15.05it/s]
HPSAC valid search:  38%|███▊      | 513/1333 [00:34<00:53, 15.21it/s]
HPSAC valid search:  39%|███▊      | 515/1333 [00:35<00:53, 15.17it/s]
HPSAC valid search:  39%|███▉      | 517/1333 [00:35<00:53, 15.26it/s]
HPSAC valid search:  39%|███▉      | 519/1333 [00:35<00:53, 15.12it/s]
HPSAC valid search:  39%|███▉      | 521/1333 [00:35<00:53, 15.27it/s]
HPSAC valid search:  39%|███▉      | 523/1333 [00:35<00:53, 15.20it/s]
HPSAC valid search:  39%|███▉      | 525/1333 [00:35<00:53, 15.20it/s]
HPSAC valid search:  40%|███▉      | 527/1333 [00:35<00:52, 15.23it/s]
HPSAC valid search:  40%|███▉      | 529/1333 [00:35<00:52, 15.29it/s]
HPSAC valid search:  40%|███▉      | 531/1333 [00:36<00:52, 15.20it/s]
HPSAC valid search:  40%|███▉      | 533/1333 [00:36<00:52, 15.13it/s]
HPSAC valid search:  40%|████      | 535/1333 [00:36<00:52, 15.09it/s]
HPSAC valid search:  40%|████      | 537/1333 [00:36<00:52, 15.13it/s]
HPSAC valid search:  40%|████      | 539/1333 [00:36<00:52, 15.17it/s]
HPSAC valid search:  41%|████      | 541/1333 [00:36<00:51, 15.24it/s]
HPSAC valid search:  41%|████      | 543/1333 [00:36<00:52, 15.13it/s]
HPSAC valid search:  41%|████      | 545/1333 [00:36<00:52, 14.90it/s]
HPSAC valid search:  41%|████      | 547/1333 [00:37<00:52, 14.91it/s]
HPSAC valid search:  41%|████      | 549/1333 [00:37<00:52, 14.94it/s]
HPSAC valid search:  41%|████▏     | 551/1333 [00:37<00:51, 15.08it/s]
HPSAC valid search:  41%|████▏     | 553/1333 [00:37<00:52, 14.95it/s]
HPSAC valid search:  42%|████▏     | 555/1333 [00:37<00:52, 14.92it/s]
HPSAC valid search:  42%|████▏     | 557/1333 [00:37<00:51, 15.08it/s]
HPSAC valid search:  42%|████▏     | 559/1333 [00:37<00:51, 15.00it/s]
HPSAC valid search:  42%|████▏     | 561/1333 [00:38<00:51, 14.99it/s]
HPSAC valid search:  42%|████▏     | 563/1333 [00:38<00:51, 14.96it/s]
HPSAC valid search:  42%|████▏     | 565/1333 [00:38<00:51, 14.88it/s]
HPSAC valid search:  43%|████▎     | 567/1333 [00:38<00:51, 14.94it/s]
HPSAC valid search:  43%|████▎     | 569/1333 [00:38<00:50, 15.07it/s]
HPSAC valid search:  43%|████▎     | 571/1333 [00:38<00:50, 15.12it/s]
HPSAC valid search:  43%|████▎     | 573/1333 [00:38<00:50, 15.06it/s]
HPSAC valid search:  43%|████▎     | 575/1333 [00:38<00:50, 15.10it/s]
HPSAC valid search:  43%|████▎     | 577/1333 [00:39<00:50, 15.03it/s]
HPSAC valid search:  43%|████▎     | 579/1333 [00:39<00:49, 15.10it/s]
HPSAC valid search:  44%|████▎     | 581/1333 [00:39<00:49, 15.08it/s]
HPSAC valid search:  44%|████▎     | 583/1333 [00:39<00:49, 15.15it/s]
HPSAC valid search:  44%|████▍     | 585/1333 [00:39<00:48, 15.28it/s]
HPSAC valid search:  44%|████▍     | 587/1333 [00:39<00:48, 15.35it/s]
HPSAC valid search:  44%|████▍     | 589/1333 [00:39<00:48, 15.28it/s]
HPSAC valid search:  44%|████▍     | 591/1333 [00:40<00:48, 15.18it/s]
HPSAC valid search:  44%|████▍     | 593/1333 [00:40<00:48, 15.26it/s]
HPSAC valid search:  45%|████▍     | 595/1333 [00:40<00:48, 15.19it/s]
HPSAC valid search:  45%|████▍     | 597/1333 [00:40<00:47, 15.34it/s]
HPSAC valid search:  45%|████▍     | 599/1333 [00:40<00:47, 15.39it/s]
HPSAC valid search:  45%|████▌     | 601/1333 [00:40<00:47, 15.35it/s]
HPSAC valid search:  45%|████▌     | 603/1333 [00:40<00:47, 15.37it/s]
HPSAC valid search:  45%|████▌     | 605/1333 [00:40<00:47, 15.39it/s]
HPSAC valid search:  46%|████▌     | 607/1333 [00:41<00:47, 15.20it/s]
HPSAC valid search:  46%|████▌     | 609/1333 [00:41<00:47, 15.20it/s]
HPSAC valid search:  46%|████▌     | 611/1333 [00:41<00:47, 15.19it/s]
HPSAC valid search:  46%|████▌     | 613/1333 [00:41<00:46, 15.33it/s]
HPSAC valid search:  46%|████▌     | 615/1333 [00:41<00:46, 15.30it/s]
HPSAC valid search:  46%|████▋     | 617/1333 [00:41<00:46, 15.35it/s]
HPSAC valid search:  46%|████▋     | 619/1333 [00:41<00:47, 15.15it/s]
HPSAC valid search:  47%|████▋     | 621/1333 [00:41<00:46, 15.23it/s]
HPSAC valid search:  47%|████▋     | 623/1333 [00:42<00:46, 15.19it/s]
HPSAC valid search:  47%|████▋     | 625/1333 [00:42<00:47, 14.96it/s]
HPSAC valid search:  47%|████▋     | 627/1333 [00:42<00:47, 14.90it/s]
HPSAC valid search:  47%|████▋     | 629/1333 [00:42<00:47, 14.93it/s]
HPSAC valid search:  47%|████▋     | 631/1333 [00:42<00:46, 15.04it/s]
HPSAC valid search:  47%|████▋     | 633/1333 [00:42<00:46, 14.98it/s]
HPSAC valid search:  48%|████▊     | 635/1333 [00:42<00:46, 14.97it/s]
HPSAC valid search:  48%|████▊     | 637/1333 [00:43<00:46, 15.08it/s]
HPSAC valid search:  48%|████▊     | 639/1333 [00:43<00:46, 14.96it/s]
HPSAC valid search:  48%|████▊     | 641/1333 [00:43<00:46, 14.94it/s]
HPSAC valid search:  48%|████▊     | 643/1333 [00:43<00:46, 14.80it/s]
HPSAC valid search:  48%|████▊     | 645/1333 [00:43<00:45, 15.00it/s]
HPSAC valid search:  49%|████▊     | 647/1333 [00:43<00:45, 15.07it/s]
HPSAC valid search:  49%|████▊     | 649/1333 [00:43<00:45, 15.08it/s]
HPSAC valid search:  49%|████▉     | 651/1333 [00:43<00:44, 15.21it/s]
HPSAC valid search:  49%|████▉     | 653/1333 [00:44<00:44, 15.22it/s]
HPSAC valid search:  49%|████▉     | 655/1333 [00:44<00:45, 15.03it/s]
HPSAC valid search:  49%|████▉     | 657/1333 [00:44<00:44, 15.09it/s]
HPSAC valid search:  49%|████▉     | 659/1333 [00:44<00:45, 14.93it/s]
HPSAC valid search:  50%|████▉     | 661/1333 [00:44<00:45, 14.92it/s]
HPSAC valid search:  50%|████▉     | 663/1333 [00:44<00:45, 14.81it/s]
HPSAC valid search:  50%|████▉     | 665/1333 [00:44<00:44, 14.93it/s]
HPSAC valid search:  50%|█████     | 667/1333 [00:45<00:44, 15.02it/s]
HPSAC valid search:  50%|█████     | 669/1333 [00:45<00:44, 15.08it/s]
HPSAC valid search:  50%|█████     | 671/1333 [00:45<00:44, 14.95it/s]
HPSAC valid search:  50%|█████     | 673/1333 [00:45<00:43, 15.18it/s]
HPSAC valid search:  51%|█████     | 675/1333 [00:45<00:43, 15.26it/s]
HPSAC valid search:  51%|█████     | 677/1333 [00:45<00:42, 15.34it/s]
HPSAC valid search:  51%|█████     | 679/1333 [00:45<00:43, 15.02it/s]
HPSAC valid search:  51%|█████     | 681/1333 [00:45<00:43, 15.02it/s]
HPSAC valid search:  51%|█████     | 683/1333 [00:46<00:42, 15.23it/s]
HPSAC valid search:  51%|█████▏    | 685/1333 [00:46<00:42, 15.17it/s]
HPSAC valid search:  52%|█████▏    | 687/1333 [00:46<00:42, 15.10it/s]
HPSAC valid search:  52%|█████▏    | 689/1333 [00:46<00:42, 15.18it/s]
HPSAC valid search:  52%|█████▏    | 691/1333 [00:46<00:41, 15.30it/s]
HPSAC valid search:  52%|█████▏    | 693/1333 [00:46<00:41, 15.28it/s]
HPSAC valid search:  52%|█████▏    | 695/1333 [00:46<00:41, 15.30it/s]
HPSAC valid search:  52%|█████▏    | 697/1333 [00:47<00:41, 15.33it/s]
HPSAC valid search:  52%|█████▏    | 699/1333 [00:47<00:41, 15.30it/s]
HPSAC valid search:  53%|█████▎    | 701/1333 [00:47<00:41, 15.35it/s]
HPSAC valid search:  53%|█████▎    | 703/1333 [00:47<00:41, 15.22it/s]
HPSAC valid search:  53%|█████▎    | 705/1333 [00:47<00:41, 15.00it/s]
HPSAC valid search:  53%|█████▎    | 707/1333 [00:47<00:41, 14.97it/s]
HPSAC valid search:  53%|█████▎    | 709/1333 [00:47<00:41, 14.90it/s]
HPSAC valid search:  53%|█████▎    | 711/1333 [00:47<00:41, 15.03it/s]
HPSAC valid search:  53%|█████▎    | 713/1333 [00:48<00:40, 15.15it/s]
HPSAC valid search:  54%|█████▎    | 715/1333 [00:48<00:40, 15.21it/s]
HPSAC valid search:  54%|█████▍    | 717/1333 [00:48<00:40, 15.26it/s]
HPSAC valid search:  54%|█████▍    | 719/1333 [00:48<00:40, 15.25it/s]
HPSAC valid search:  54%|█████▍    | 721/1333 [00:48<00:40, 15.27it/s]
HPSAC valid search:  54%|█████▍    | 723/1333 [00:48<00:40, 15.18it/s]
HPSAC valid search:  54%|█████▍    | 725/1333 [00:48<00:40, 15.03it/s]
HPSAC valid search:  55%|█████▍    | 727/1333 [00:49<00:39, 15.18it/s]
HPSAC valid search:  55%|█████▍    | 729/1333 [00:49<00:39, 15.15it/s]
HPSAC valid search:  55%|█████▍    | 731/1333 [00:49<00:39, 15.14it/s]
HPSAC valid search:  55%|█████▍    | 733/1333 [00:49<00:39, 15.14it/s]
HPSAC valid search:  55%|█████▌    | 735/1333 [00:49<00:39, 15.19it/s]
HPSAC valid search:  55%|█████▌    | 737/1333 [00:49<00:39, 15.12it/s]
HPSAC valid search:  55%|█████▌    | 739/1333 [00:49<00:38, 15.24it/s]
HPSAC valid search:  56%|█████▌    | 741/1333 [00:49<00:39, 15.13it/s]
HPSAC valid search:  56%|█████▌    | 743/1333 [00:50<00:39, 15.12it/s]
HPSAC valid search:  56%|█████▌    | 745/1333 [00:50<00:39, 15.06it/s]
HPSAC valid search:  56%|█████▌    | 747/1333 [00:50<00:40, 14.62it/s]
HPSAC valid search:  56%|█████▌    | 749/1333 [00:50<00:40, 14.25it/s]
HPSAC valid search:  56%|█████▋    | 751/1333 [00:50<00:41, 14.14it/s]
HPSAC valid search:  56%|█████▋    | 753/1333 [00:50<00:41, 14.11it/s]
HPSAC valid search:  57%|█████▋    | 755/1333 [00:50<00:41, 13.98it/s]
HPSAC valid search:  57%|█████▋    | 757/1333 [00:51<00:41, 13.76it/s]
HPSAC valid search:  57%|█████▋    | 759/1333 [00:51<00:42, 13.40it/s]
HPSAC valid search:  57%|█████▋    | 761/1333 [00:51<00:42, 13.48it/s]
HPSAC valid search:  57%|█████▋    | 763/1333 [00:51<00:42, 13.44it/s]
HPSAC valid search:  57%|█████▋    | 765/1333 [00:51<00:41, 13.70it/s]
HPSAC valid search:  58%|█████▊    | 767/1333 [00:51<00:41, 13.78it/s]
HPSAC valid search:  58%|█████▊    | 769/1333 [00:51<00:40, 13.77it/s]
HPSAC valid search:  58%|█████▊    | 771/1333 [00:52<00:40, 13.85it/s]
HPSAC valid search:  58%|█████▊    | 773/1333 [00:52<00:39, 14.05it/s]
HPSAC valid search:  58%|█████▊    | 775/1333 [00:52<00:39, 14.20it/s]
HPSAC valid search:  58%|█████▊    | 777/1333 [00:52<00:38, 14.46it/s]
HPSAC valid search:  58%|█████▊    | 779/1333 [00:52<00:37, 14.74it/s]
HPSAC valid search:  59%|█████▊    | 781/1333 [00:52<00:37, 14.83it/s]
HPSAC valid search:  59%|█████▊    | 783/1333 [00:52<00:36, 15.04it/s]
HPSAC valid search:  59%|█████▉    | 785/1333 [00:53<00:37, 14.68it/s]
HPSAC valid search:  59%|█████▉    | 787/1333 [00:53<00:36, 14.92it/s]
HPSAC valid search:  59%|█████▉    | 789/1333 [00:53<00:36, 14.84it/s]
HPSAC valid search:  59%|█████▉    | 791/1333 [00:53<00:36, 14.90it/s]
HPSAC valid search:  59%|█████▉    | 793/1333 [00:53<00:36, 14.71it/s]
HPSAC valid search:  60%|█████▉    | 795/1333 [00:53<00:36, 14.68it/s]
HPSAC valid search:  60%|█████▉    | 797/1333 [00:53<00:37, 14.21it/s]
HPSAC valid search:  60%|█████▉    | 799/1333 [00:54<00:38, 13.93it/s]
HPSAC valid search:  60%|██████    | 801/1333 [00:54<00:38, 13.96it/s]
HPSAC valid search:  60%|██████    | 803/1333 [00:54<00:37, 14.08it/s]
HPSAC valid search:  60%|██████    | 805/1333 [00:54<00:37, 14.18it/s]
HPSAC valid search:  61%|██████    | 807/1333 [00:54<00:36, 14.43it/s]
HPSAC valid search:  61%|██████    | 809/1333 [00:54<00:36, 14.29it/s]
HPSAC valid search:  61%|██████    | 811/1333 [00:54<00:36, 14.33it/s]
HPSAC valid search:  61%|██████    | 813/1333 [00:55<00:36, 14.33it/s]
HPSAC valid search:  61%|██████    | 815/1333 [00:55<00:36, 14.08it/s]
HPSAC valid search:  61%|██████▏   | 817/1333 [00:55<00:37, 13.92it/s]
HPSAC valid search:  61%|██████▏   | 819/1333 [00:55<00:36, 13.99it/s]
HPSAC valid search:  62%|██████▏   | 821/1333 [00:55<00:36, 13.98it/s]
HPSAC valid search:  62%|██████▏   | 823/1333 [00:55<00:36, 14.10it/s]
HPSAC valid search:  62%|██████▏   | 825/1333 [00:55<00:35, 14.24it/s]
HPSAC valid search:  62%|██████▏   | 827/1333 [00:55<00:35, 14.36it/s]
HPSAC valid search:  62%|██████▏   | 829/1333 [00:56<00:34, 14.50it/s]
HPSAC valid search:  62%|██████▏   | 831/1333 [00:56<00:34, 14.48it/s]
HPSAC valid search:  62%|██████▏   | 833/1333 [00:56<00:34, 14.30it/s]
HPSAC valid search:  63%|██████▎   | 835/1333 [00:56<00:35, 14.22it/s]
HPSAC valid search:  63%|██████▎   | 837/1333 [00:56<00:34, 14.39it/s]
HPSAC valid search:  63%|██████▎   | 839/1333 [00:56<00:34, 14.38it/s]
HPSAC valid search:  63%|██████▎   | 841/1333 [00:56<00:34, 14.16it/s]
HPSAC valid search:  63%|██████▎   | 843/1333 [00:57<00:34, 14.17it/s]
HPSAC valid search:  63%|██████▎   | 845/1333 [00:57<00:34, 14.19it/s]
HPSAC valid search:  64%|██████▎   | 847/1333 [00:57<00:34, 14.22it/s]
HPSAC valid search:  64%|██████▎   | 849/1333 [00:57<00:34, 14.09it/s]
HPSAC valid search:  64%|██████▍   | 851/1333 [00:57<00:34, 14.01it/s]
HPSAC valid search:  64%|██████▍   | 853/1333 [00:57<00:34, 14.11it/s]
HPSAC valid search:  64%|██████▍   | 855/1333 [00:57<00:33, 14.18it/s]
HPSAC valid search:  64%|██████▍   | 857/1333 [00:58<00:33, 14.23it/s]
HPSAC valid search:  64%|██████▍   | 859/1333 [00:58<00:32, 14.36it/s]
HPSAC valid search:  65%|██████▍   | 861/1333 [00:58<00:32, 14.61it/s]
HPSAC valid search:  65%|██████▍   | 863/1333 [00:58<00:31, 14.75it/s]
HPSAC valid search:  65%|██████▍   | 865/1333 [00:58<00:31, 14.70it/s]
HPSAC valid search:  65%|██████▌   | 867/1333 [00:58<00:32, 14.31it/s]
HPSAC valid search:  65%|██████▌   | 869/1333 [00:58<00:32, 14.08it/s]
HPSAC valid search:  65%|██████▌   | 871/1333 [00:59<00:33, 13.93it/s]
HPSAC valid search:  65%|██████▌   | 873/1333 [00:59<00:32, 14.03it/s]
HPSAC valid search:  66%|██████▌   | 875/1333 [00:59<00:31, 14.38it/s]
HPSAC valid search:  66%|██████▌   | 877/1333 [00:59<00:31, 14.32it/s]
HPSAC valid search:  66%|██████▌   | 879/1333 [00:59<00:31, 14.44it/s]
HPSAC valid search:  66%|██████▌   | 881/1333 [00:59<00:31, 14.32it/s]
HPSAC valid search:  66%|██████▌   | 883/1333 [00:59<00:31, 14.24it/s]
HPSAC valid search:  66%|██████▋   | 885/1333 [01:00<00:31, 14.15it/s]
HPSAC valid search:  67%|██████▋   | 887/1333 [01:00<00:31, 14.14it/s]
HPSAC valid search:  67%|██████▋   | 889/1333 [01:00<00:30, 14.36it/s]
HPSAC valid search:  67%|██████▋   | 891/1333 [01:00<00:30, 14.34it/s]
HPSAC valid search:  67%|██████▋   | 893/1333 [01:00<00:30, 14.39it/s]
HPSAC valid search:  67%|██████▋   | 895/1333 [01:00<00:30, 14.55it/s]
HPSAC valid search:  67%|██████▋   | 897/1333 [01:00<00:29, 14.77it/s]
HPSAC valid search:  67%|██████▋   | 899/1333 [01:01<00:29, 14.94it/s]
HPSAC valid search:  68%|██████▊   | 901/1333 [01:01<00:28, 14.93it/s]
HPSAC valid search:  68%|██████▊   | 903/1333 [01:01<00:28, 14.89it/s]
HPSAC valid search:  68%|██████▊   | 905/1333 [01:01<00:28, 14.91it/s]
HPSAC valid search:  68%|██████▊   | 907/1333 [01:01<00:28, 15.09it/s]
HPSAC valid search:  68%|██████▊   | 909/1333 [01:01<00:28, 15.11it/s]
HPSAC valid search:  68%|██████▊   | 911/1333 [01:01<00:28, 14.96it/s]
HPSAC valid search:  68%|██████▊   | 913/1333 [01:01<00:28, 14.96it/s]
HPSAC valid search:  69%|██████▊   | 915/1333 [01:02<00:27, 15.05it/s]
HPSAC valid search:  69%|██████▉   | 917/1333 [01:02<00:27, 15.20it/s]
HPSAC valid search:  69%|██████▉   | 919/1333 [01:02<00:27, 15.27it/s]
HPSAC valid search:  69%|██████▉   | 921/1333 [01:02<00:26, 15.48it/s]
HPSAC valid search:  69%|██████▉   | 923/1333 [01:02<00:26, 15.33it/s]
HPSAC valid search:  69%|██████▉   | 925/1333 [01:02<00:26, 15.26it/s]
HPSAC valid search:  70%|██████▉   | 927/1333 [01:02<00:26, 15.17it/s]
HPSAC valid search:  70%|██████▉   | 929/1333 [01:02<00:26, 15.08it/s]
HPSAC valid search:  70%|██████▉   | 931/1333 [01:03<00:26, 15.16it/s]
HPSAC valid search:  70%|██████▉   | 933/1333 [01:03<00:26, 15.17it/s]
HPSAC valid search:  70%|███████   | 935/1333 [01:03<00:26, 15.10it/s]
HPSAC valid search:  70%|███████   | 937/1333 [01:03<00:26, 15.20it/s]
HPSAC valid search:  70%|███████   | 939/1333 [01:03<00:25, 15.29it/s]
HPSAC valid search:  71%|███████   | 941/1333 [01:03<00:25, 15.37it/s]
HPSAC valid search:  71%|███████   | 943/1333 [01:03<00:25, 15.17it/s]
HPSAC valid search:  71%|███████   | 945/1333 [01:04<00:25, 15.16it/s]
HPSAC valid search:  71%|███████   | 947/1333 [01:04<00:26, 14.82it/s]
HPSAC valid search:  71%|███████   | 949/1333 [01:04<00:25, 14.86it/s]
HPSAC valid search:  71%|███████▏  | 951/1333 [01:04<00:25, 14.99it/s]
HPSAC valid search:  71%|███████▏  | 953/1333 [01:04<00:25, 15.06it/s]
HPSAC valid search:  72%|███████▏  | 955/1333 [01:04<00:24, 15.13it/s]
HPSAC valid search:  72%|███████▏  | 957/1333 [01:04<00:24, 15.11it/s]
HPSAC valid search:  72%|███████▏  | 959/1333 [01:04<00:24, 15.25it/s]
HPSAC valid search:  72%|███████▏  | 961/1333 [01:05<00:24, 15.15it/s]
HPSAC valid search:  72%|███████▏  | 963/1333 [01:05<00:24, 15.18it/s]
HPSAC valid search:  72%|███████▏  | 965/1333 [01:05<00:24, 15.16it/s]
HPSAC valid search:  73%|███████▎  | 967/1333 [01:05<00:24, 15.19it/s]
HPSAC valid search:  73%|███████▎  | 969/1333 [01:05<00:24, 15.02it/s]
HPSAC valid search:  73%|███████▎  | 971/1333 [01:05<00:23, 15.13it/s]
HPSAC valid search:  73%|███████▎  | 973/1333 [01:05<00:23, 15.04it/s]
HPSAC valid search:  73%|███████▎  | 975/1333 [01:06<00:23, 14.99it/s]
HPSAC valid search:  73%|███████▎  | 977/1333 [01:06<00:23, 15.20it/s]
HPSAC valid search:  73%|███████▎  | 979/1333 [01:06<00:23, 15.23it/s]
HPSAC valid search:  74%|███████▎  | 981/1333 [01:06<00:23, 15.13it/s]
HPSAC valid search:  74%|███████▎  | 983/1333 [01:06<00:23, 15.08it/s]
HPSAC valid search:  74%|███████▍  | 985/1333 [01:06<00:23, 15.05it/s]
HPSAC valid search:  74%|███████▍  | 987/1333 [01:06<00:23, 14.98it/s]
HPSAC valid search:  74%|███████▍  | 989/1333 [01:06<00:22, 15.08it/s]
HPSAC valid search:  74%|███████▍  | 991/1333 [01:07<00:22, 15.16it/s]
HPSAC valid search:  74%|███████▍  | 993/1333 [01:07<00:22, 15.25it/s]
HPSAC valid search:  75%|███████▍  | 995/1333 [01:07<00:22, 15.28it/s]
HPSAC valid search:  75%|███████▍  | 997/1333 [01:07<00:22, 15.20it/s]
HPSAC valid search:  75%|███████▍  | 999/1333 [01:07<00:21, 15.29it/s]
HPSAC valid search:  75%|███████▌  | 1001/1333 [01:07<00:21, 15.20it/s]
HPSAC valid search:  75%|███████▌  | 1003/1333 [01:07<00:21, 15.32it/s]
HPSAC valid search:  75%|███████▌  | 1005/1333 [01:08<00:21, 15.31it/s]
HPSAC valid search:  76%|███████▌  | 1007/1333 [01:08<00:21, 15.27it/s]
HPSAC valid search:  76%|███████▌  | 1009/1333 [01:08<00:21, 15.30it/s]
HPSAC valid search:  76%|███████▌  | 1011/1333 [01:08<00:21, 15.33it/s]
HPSAC valid search:  76%|███████▌  | 1013/1333 [01:08<00:21, 15.20it/s]
HPSAC valid search:  76%|███████▌  | 1015/1333 [01:08<00:20, 15.17it/s]
HPSAC valid search:  76%|███████▋  | 1017/1333 [01:08<00:20, 15.30it/s]
HPSAC valid search:  76%|███████▋  | 1019/1333 [01:08<00:20, 15.29it/s]
HPSAC valid search:  77%|███████▋  | 1021/1333 [01:09<00:20, 15.30it/s]
HPSAC valid search:  77%|███████▋  | 1023/1333 [01:09<00:20, 15.09it/s]
HPSAC valid search:  77%|███████▋  | 1025/1333 [01:09<00:20, 15.18it/s]
HPSAC valid search:  77%|███████▋  | 1027/1333 [01:09<00:20, 14.99it/s]
HPSAC valid search:  77%|███████▋  | 1029/1333 [01:09<00:20, 15.06it/s]
HPSAC valid search:  77%|███████▋  | 1031/1333 [01:09<00:20, 15.06it/s]
HPSAC valid search:  77%|███████▋  | 1033/1333 [01:09<00:19, 15.10it/s]
HPSAC valid search:  78%|███████▊  | 1035/1333 [01:09<00:19, 15.11it/s]
HPSAC valid search:  78%|███████▊  | 1037/1333 [01:10<00:19, 15.07it/s]
HPSAC valid search:  78%|███████▊  | 1039/1333 [01:10<00:19, 15.02it/s]
HPSAC valid search:  78%|███████▊  | 1041/1333 [01:10<00:19, 14.98it/s]
HPSAC valid search:  78%|███████▊  | 1043/1333 [01:10<00:19, 14.82it/s]
HPSAC valid search:  78%|███████▊  | 1045/1333 [01:10<00:19, 14.66it/s]
HPSAC valid search:  79%|███████▊  | 1047/1333 [01:10<00:19, 14.48it/s]
HPSAC valid search:  79%|███████▊  | 1049/1333 [01:10<00:19, 14.53it/s]
HPSAC valid search:  79%|███████▉  | 1051/1333 [01:11<00:19, 14.45it/s]
HPSAC valid search:  79%|███████▉  | 1053/1333 [01:11<00:19, 14.60it/s]
HPSAC valid search:  79%|███████▉  | 1055/1333 [01:11<00:18, 14.74it/s]
HPSAC valid search:  79%|███████▉  | 1057/1333 [01:11<00:18, 14.78it/s]
HPSAC valid search:  79%|███████▉  | 1059/1333 [01:11<00:18, 14.82it/s]
HPSAC valid search:  80%|███████▉  | 1061/1333 [01:11<00:18, 14.79it/s]
HPSAC valid search:  80%|███████▉  | 1063/1333 [01:11<00:18, 14.80it/s]
HPSAC valid search:  80%|███████▉  | 1065/1333 [01:12<00:17, 14.92it/s]
HPSAC valid search:  80%|████████  | 1067/1333 [01:12<00:17, 14.89it/s]
HPSAC valid search:  80%|████████  | 1069/1333 [01:12<00:17, 14.93it/s]
HPSAC valid search:  80%|████████  | 1071/1333 [01:12<00:17, 15.02it/s]
HPSAC valid search:  80%|████████  | 1073/1333 [01:12<00:17, 15.05it/s]
HPSAC valid search:  81%|████████  | 1075/1333 [01:12<00:17, 15.12it/s]
HPSAC valid search:  81%|████████  | 1077/1333 [01:12<00:16, 15.25it/s]
HPSAC valid search:  81%|████████  | 1079/1333 [01:12<00:16, 15.11it/s]
HPSAC valid search:  81%|████████  | 1081/1333 [01:13<00:16, 15.12it/s]
HPSAC valid search:  81%|████████  | 1083/1333 [01:13<00:16, 15.17it/s]
HPSAC valid search:  81%|████████▏ | 1085/1333 [01:13<00:16, 15.22it/s]
HPSAC valid search:  82%|████████▏ | 1087/1333 [01:13<00:16, 14.91it/s]
HPSAC valid search:  82%|████████▏ | 1089/1333 [01:13<00:16, 14.85it/s]
HPSAC valid search:  82%|████████▏ | 1091/1333 [01:13<00:16, 14.89it/s]
HPSAC valid search:  82%|████████▏ | 1093/1333 [01:13<00:15, 15.01it/s]
HPSAC valid search:  82%|████████▏ | 1095/1333 [01:14<00:15, 14.98it/s]
HPSAC valid search:  82%|████████▏ | 1097/1333 [01:14<00:15, 15.09it/s]
HPSAC valid search:  82%|████████▏ | 1099/1333 [01:14<00:15, 15.12it/s]
HPSAC valid search:  83%|████████▎ | 1101/1333 [01:14<00:15, 15.10it/s]
HPSAC valid search:  83%|████████▎ | 1103/1333 [01:14<00:15, 15.14it/s]
HPSAC valid search:  83%|████████▎ | 1105/1333 [01:14<00:14, 15.30it/s]
HPSAC valid search:  83%|████████▎ | 1107/1333 [01:14<00:15, 14.94it/s]
HPSAC valid search:  83%|████████▎ | 1109/1333 [01:14<00:15, 14.87it/s]
HPSAC valid search:  83%|████████▎ | 1111/1333 [01:15<00:14, 14.81it/s]
HPSAC valid search:  83%|████████▎ | 1113/1333 [01:15<00:14, 14.95it/s]
HPSAC valid search:  84%|████████▎ | 1115/1333 [01:15<00:14, 15.01it/s]
HPSAC valid search:  84%|████████▍ | 1117/1333 [01:15<00:14, 15.10it/s]
HPSAC valid search:  84%|████████▍ | 1119/1333 [01:15<00:14, 15.05it/s]
HPSAC valid search:  84%|████████▍ | 1121/1333 [01:15<00:14, 15.05it/s]
HPSAC valid search:  84%|████████▍ | 1123/1333 [01:15<00:13, 15.02it/s]
HPSAC valid search:  84%|████████▍ | 1125/1333 [01:16<00:13, 14.98it/s]
HPSAC valid search:  85%|████████▍ | 1127/1333 [01:16<00:13, 15.05it/s]
HPSAC valid search:  85%|████████▍ | 1129/1333 [01:16<00:13, 15.09it/s]
HPSAC valid search:  85%|████████▍ | 1131/1333 [01:16<00:13, 15.16it/s]
HPSAC valid search:  85%|████████▍ | 1133/1333 [01:16<00:13, 15.17it/s]
HPSAC valid search:  85%|████████▌ | 1135/1333 [01:16<00:13, 15.20it/s]
HPSAC valid search:  85%|████████▌ | 1137/1333 [01:16<00:12, 15.20it/s]
HPSAC valid search:  85%|████████▌ | 1139/1333 [01:16<00:12, 15.20it/s]
HPSAC valid search:  86%|████████▌ | 1141/1333 [01:17<00:12, 15.29it/s]
HPSAC valid search:  86%|████████▌ | 1143/1333 [01:17<00:12, 15.22it/s]
HPSAC valid search:  86%|████████▌ | 1145/1333 [01:17<00:12, 15.27it/s]
HPSAC valid search:  86%|████████▌ | 1147/1333 [01:17<00:12, 15.15it/s]
HPSAC valid search:  86%|████████▌ | 1149/1333 [01:17<00:12, 15.07it/s]
HPSAC valid search:  86%|████████▋ | 1151/1333 [01:17<00:12, 15.11it/s]
HPSAC valid search:  86%|████████▋ | 1153/1333 [01:17<00:11, 15.08it/s]
HPSAC valid search:  87%|████████▋ | 1155/1333 [01:17<00:11, 15.15it/s]
HPSAC valid search:  87%|████████▋ | 1157/1333 [01:18<00:11, 15.19it/s]
HPSAC valid search:  87%|████████▋ | 1159/1333 [01:18<00:11, 15.15it/s]
HPSAC valid search:  87%|████████▋ | 1161/1333 [01:18<00:11, 15.07it/s]
HPSAC valid search:  87%|████████▋ | 1163/1333 [01:18<00:11, 15.16it/s]
HPSAC valid search:  87%|████████▋ | 1165/1333 [01:18<00:11, 15.20it/s]
HPSAC valid search:  88%|████████▊ | 1167/1333 [01:18<00:10, 15.20it/s]
HPSAC valid search:  88%|████████▊ | 1169/1333 [01:18<00:10, 15.30it/s]
HPSAC valid search:  88%|████████▊ | 1171/1333 [01:19<00:10, 15.26it/s]
HPSAC valid search:  88%|████████▊ | 1173/1333 [01:19<00:10, 15.30it/s]
HPSAC valid search:  88%|████████▊ | 1175/1333 [01:19<00:10, 15.39it/s]
HPSAC valid search:  88%|████████▊ | 1177/1333 [01:19<00:10, 15.40it/s]
HPSAC valid search:  88%|████████▊ | 1179/1333 [01:19<00:10, 15.37it/s]
HPSAC valid search:  89%|████████▊ | 1181/1333 [01:19<00:09, 15.35it/s]
HPSAC valid search:  89%|████████▊ | 1183/1333 [01:19<00:09, 15.04it/s]
HPSAC valid search:  89%|████████▉ | 1185/1333 [01:19<00:10, 14.73it/s]
HPSAC valid search:  89%|████████▉ | 1187/1333 [01:20<00:09, 14.75it/s]
HPSAC valid search:  89%|████████▉ | 1189/1333 [01:20<00:09, 14.72it/s]
HPSAC valid search:  89%|████████▉ | 1191/1333 [01:20<00:09, 14.65it/s]
HPSAC valid search:  89%|████████▉ | 1193/1333 [01:20<00:09, 14.48it/s]
HPSAC valid search:  90%|████████▉ | 1195/1333 [01:20<00:09, 14.19it/s]
HPSAC valid search:  90%|████████▉ | 1197/1333 [01:20<00:09, 14.43it/s]
HPSAC valid search:  90%|████████▉ | 1199/1333 [01:20<00:09, 14.50it/s]
HPSAC valid search:  90%|█████████ | 1201/1333 [01:21<00:09, 14.60it/s]
HPSAC valid search:  90%|█████████ | 1203/1333 [01:21<00:08, 14.77it/s]
HPSAC valid search:  90%|█████████ | 1205/1333 [01:21<00:08, 14.67it/s]
HPSAC valid search:  91%|█████████ | 1207/1333 [01:21<00:08, 14.66it/s]
HPSAC valid search:  91%|█████████ | 1209/1333 [01:21<00:08, 14.71it/s]
HPSAC valid search:  91%|█████████ | 1211/1333 [01:21<00:08, 14.88it/s]
HPSAC valid search:  91%|█████████ | 1213/1333 [01:21<00:08, 14.95it/s]
HPSAC valid search:  91%|█████████ | 1215/1333 [01:22<00:07, 14.98it/s]
HPSAC valid search:  91%|█████████▏| 1217/1333 [01:22<00:07, 15.07it/s]
HPSAC valid search:  91%|█████████▏| 1219/1333 [01:22<00:07, 15.02it/s]
HPSAC valid search:  92%|█████████▏| 1221/1333 [01:22<00:07, 15.10it/s]
HPSAC valid search:  92%|█████████▏| 1223/1333 [01:22<00:07, 14.96it/s]
HPSAC valid search:  92%|█████████▏| 1225/1333 [01:22<00:07, 14.99it/s]
HPSAC valid search:  92%|█████████▏| 1227/1333 [01:22<00:07, 14.85it/s]
HPSAC valid search:  92%|█████████▏| 1229/1333 [01:22<00:07, 14.74it/s]
HPSAC valid search:  92%|█████████▏| 1231/1333 [01:23<00:06, 14.70it/s]
HPSAC valid search:  92%|█████████▏| 1233/1333 [01:23<00:06, 14.66it/s]
HPSAC valid search:  93%|█████████▎| 1235/1333 [01:23<00:06, 14.70it/s]
HPSAC valid search:  93%|█████████▎| 1237/1333 [01:23<00:06, 14.66it/s]
HPSAC valid search:  93%|█████████▎| 1239/1333 [01:23<00:06, 14.65it/s]
HPSAC valid search:  93%|█████████▎| 1241/1333 [01:23<00:06, 14.57it/s]
HPSAC valid search:  93%|█████████▎| 1243/1333 [01:23<00:06, 14.62it/s]
HPSAC valid search:  93%|█████████▎| 1245/1333 [01:24<00:05, 14.69it/s]
HPSAC valid search:  94%|█████████▎| 1247/1333 [01:24<00:05, 14.82it/s]
HPSAC valid search:  94%|█████████▎| 1249/1333 [01:24<00:05, 14.84it/s]
HPSAC valid search:  94%|█████████▍| 1251/1333 [01:24<00:05, 14.96it/s]
HPSAC valid search:  94%|█████████▍| 1253/1333 [01:24<00:05, 14.99it/s]
HPSAC valid search:  94%|█████████▍| 1255/1333 [01:24<00:05, 15.03it/s]
HPSAC valid search:  94%|█████████▍| 1257/1333 [01:24<00:05, 15.11it/s]
HPSAC valid search:  94%|█████████▍| 1259/1333 [01:24<00:04, 15.26it/s]
HPSAC valid search:  95%|█████████▍| 1261/1333 [01:25<00:04, 14.87it/s]
HPSAC valid search:  95%|█████████▍| 1263/1333 [01:25<00:04, 15.00it/s]
HPSAC valid search:  95%|█████████▍| 1265/1333 [01:25<00:04, 15.00it/s]
HPSAC valid search:  95%|█████████▌| 1267/1333 [01:25<00:04, 15.07it/s]
HPSAC valid search:  95%|█████████▌| 1269/1333 [01:25<00:04, 15.00it/s]
HPSAC valid search:  95%|█████████▌| 1271/1333 [01:25<00:04, 14.98it/s]
HPSAC valid search:  95%|█████████▌| 1273/1333 [01:25<00:03, 15.12it/s]
HPSAC valid search:  96%|█████████▌| 1275/1333 [01:26<00:03, 15.11it/s]
HPSAC valid search:  96%|█████████▌| 1277/1333 [01:26<00:03, 15.21it/s]
HPSAC valid search:  96%|█████████▌| 1279/1333 [01:26<00:03, 15.09it/s]
HPSAC valid search:  96%|█████████▌| 1281/1333 [01:26<00:03, 14.97it/s]
HPSAC valid search:  96%|█████████▌| 1283/1333 [01:26<00:03, 14.89it/s]
HPSAC valid search:  96%|█████████▋| 1285/1333 [01:26<00:03, 14.86it/s]
HPSAC valid search:  97%|█████████▋| 1287/1333 [01:26<00:03, 14.70it/s]
HPSAC valid search:  97%|█████████▋| 1289/1333 [01:26<00:02, 14.76it/s]
HPSAC valid search:  97%|█████████▋| 1291/1333 [01:27<00:02, 14.69it/s]
HPSAC valid search:  97%|█████████▋| 1293/1333 [01:27<00:02, 14.74it/s]
HPSAC valid search:  97%|█████████▋| 1295/1333 [01:27<00:02, 14.75it/s]
HPSAC valid search:  97%|█████████▋| 1297/1333 [01:27<00:02, 14.65it/s]
HPSAC valid search:  97%|█████████▋| 1299/1333 [01:27<00:02, 14.64it/s]
HPSAC valid search:  98%|█████████▊| 1301/1333 [01:27<00:02, 14.58it/s]
HPSAC valid search:  98%|█████████▊| 1303/1333 [01:27<00:02, 14.74it/s]
HPSAC valid search:  98%|█████████▊| 1305/1333 [01:28<00:01, 14.87it/s]
HPSAC valid search:  98%|█████████▊| 1307/1333 [01:28<00:01, 14.91it/s]
HPSAC valid search:  98%|█████████▊| 1309/1333 [01:28<00:01, 14.83it/s]
HPSAC valid search:  98%|█████████▊| 1311/1333 [01:28<00:01, 14.83it/s]
HPSAC valid search:  98%|█████████▊| 1313/1333 [01:28<00:01, 15.03it/s]
HPSAC valid search:  99%|█████████▊| 1315/1333 [01:28<00:01, 14.90it/s]
HPSAC valid search:  99%|█████████▉| 1317/1333 [01:28<00:01, 14.89it/s]
HPSAC valid search:  99%|█████████▉| 1319/1333 [01:29<00:00, 14.78it/s]
HPSAC valid search:  99%|█████████▉| 1321/1333 [01:29<00:00, 14.81it/s]
HPSAC valid search:  99%|█████████▉| 1323/1333 [01:29<00:00, 14.58it/s]
HPSAC valid search:  99%|█████████▉| 1325/1333 [01:29<00:00, 14.43it/s]
HPSAC valid search: 100%|█████████▉| 1327/1333 [01:29<00:00, 14.04it/s]
HPSAC valid search: 100%|█████████▉| 1329/1333 [01:29<00:00, 13.84it/s]
HPSAC valid search: 100%|█████████▉| 1331/1333 [01:29<00:00, 13.79it/s]
HPSAC valid search: 100%|██████████| 1333/1333 [01:30<00:00, 13.50it/s]
                                                                       
HPSAC selected groups | level1_groups=80 | non_fallback_effective=59 | non_fallback_both_have_text=17
HPSAC fallback stats | all_levels_total=86 | all_levels_specific=20 | all_levels_fallback=66 | effective_level1_specific=59 | effective_level1_fallback=21

HPSAC calibration_valid:   0%|          | 0/1333 [00:00<?, ?it/s]
HPSAC calibration_valid:   0%|          | 2/1333 [00:00<01:44, 12.72it/s]
HPSAC calibration_valid:   0%|          | 4/1333 [00:00<01:41, 13.08it/s]
HPSAC calibration_valid:   0%|          | 6/1333 [00:00<01:39, 13.32it/s]
HPSAC calibration_valid:   1%|          | 8/1333 [00:00<01:38, 13.50it/s]
HPSAC calibration_valid:   1%|          | 10/1333 [00:00<01:38, 13.39it/s]
HPSAC calibration_valid:   1%|          | 12/1333 [00:00<01:39, 13.33it/s]
HPSAC calibration_valid:   1%|          | 14/1333 [00:01<01:38, 13.33it/s]
HPSAC calibration_valid:   1%|          | 16/1333 [00:01<01:37, 13.51it/s]
HPSAC calibration_valid:   1%|▏         | 18/1333 [00:01<01:35, 13.74it/s]
HPSAC calibration_valid:   2%|▏         | 20/1333 [00:01<01:34, 13.94it/s]
HPSAC calibration_valid:   2%|▏         | 22/1333 [00:01<01:33, 14.04it/s]
HPSAC calibration_valid:   2%|▏         | 24/1333 [00:01<01:32, 14.10it/s]
HPSAC calibration_valid:   2%|▏         | 26/1333 [00:01<01:31, 14.22it/s]
HPSAC calibration_valid:   2%|▏         | 28/1333 [00:02<01:33, 14.00it/s]
HPSAC calibration_valid:   2%|▏         | 30/1333 [00:02<01:34, 13.73it/s]
HPSAC calibration_valid:   2%|▏         | 32/1333 [00:02<01:36, 13.43it/s]
HPSAC calibration_valid:   3%|▎         | 34/1333 [00:02<01:36, 13.48it/s]
HPSAC calibration_valid:   3%|▎         | 36/1333 [00:02<01:34, 13.77it/s]
HPSAC calibration_valid:   3%|▎         | 38/1333 [00:02<01:32, 14.07it/s]
HPSAC calibration_valid:   3%|▎         | 40/1333 [00:02<01:31, 14.18it/s]
HPSAC calibration_valid:   3%|▎         | 42/1333 [00:03<01:31, 14.17it/s]
HPSAC calibration_valid:   3%|▎         | 44/1333 [00:03<01:29, 14.46it/s]
HPSAC calibration_valid:   3%|▎         | 46/1333 [00:03<01:29, 14.34it/s]
HPSAC calibration_valid:   4%|▎         | 48/1333 [00:03<01:33, 13.77it/s]
HPSAC calibration_valid:   4%|▍         | 50/1333 [00:03<01:34, 13.64it/s]
HPSAC calibration_valid:   4%|▍         | 52/1333 [00:03<01:34, 13.61it/s]
HPSAC calibration_valid:   4%|▍         | 54/1333 [00:03<01:33, 13.74it/s]
HPSAC calibration_valid:   4%|▍         | 56/1333 [00:04<01:31, 13.90it/s]
HPSAC calibration_valid:   4%|▍         | 58/1333 [00:04<01:30, 14.09it/s]
HPSAC calibration_valid:   5%|▍         | 60/1333 [00:04<01:30, 14.01it/s]
HPSAC calibration_valid:   5%|▍         | 62/1333 [00:04<01:31, 13.83it/s]
HPSAC calibration_valid:   5%|▍         | 64/1333 [00:04<01:32, 13.68it/s]
HPSAC calibration_valid:   5%|▍         | 66/1333 [00:04<01:33, 13.58it/s]
HPSAC calibration_valid:   5%|▌         | 68/1333 [00:04<01:31, 13.81it/s]
HPSAC calibration_valid:   5%|▌         | 70/1333 [00:05<01:29, 14.14it/s]
HPSAC calibration_valid:   5%|▌         | 72/1333 [00:05<01:28, 14.17it/s]
HPSAC calibration_valid:   6%|▌         | 74/1333 [00:05<01:28, 14.24it/s]
HPSAC calibration_valid:   6%|▌         | 76/1333 [00:05<01:27, 14.38it/s]
HPSAC calibration_valid:   6%|▌         | 78/1333 [00:05<01:27, 14.38it/s]
HPSAC calibration_valid:   6%|▌         | 80/1333 [00:05<01:30, 13.84it/s]
HPSAC calibration_valid:   6%|▌         | 82/1333 [00:05<01:33, 13.31it/s]
HPSAC calibration_valid:   6%|▋         | 84/1333 [00:06<01:34, 13.16it/s]
HPSAC calibration_valid:   6%|▋         | 86/1333 [00:06<01:37, 12.85it/s]
HPSAC calibration_valid:   7%|▋         | 88/1333 [00:06<01:37, 12.80it/s]
HPSAC calibration_valid:   7%|▋         | 90/1333 [00:06<01:35, 13.07it/s]
HPSAC calibration_valid:   7%|▋         | 92/1333 [00:06<01:35, 13.00it/s]
HPSAC calibration_valid:   7%|▋         | 94/1333 [00:06<01:36, 12.77it/s]
HPSAC calibration_valid:   7%|▋         | 96/1333 [00:07<01:35, 12.95it/s]
HPSAC calibration_valid:   7%|▋         | 98/1333 [00:07<01:36, 12.86it/s]
HPSAC calibration_valid:   8%|▊         | 100/1333 [00:07<01:37, 12.68it/s]
HPSAC calibration_valid:   8%|▊         | 102/1333 [00:07<01:35, 12.89it/s]
HPSAC calibration_valid:   8%|▊         | 104/1333 [00:07<01:33, 13.12it/s]
HPSAC calibration_valid:   8%|▊         | 106/1333 [00:07<01:32, 13.23it/s]
HPSAC calibration_valid:   8%|▊         | 108/1333 [00:07<01:30, 13.48it/s]
HPSAC calibration_valid:   8%|▊         | 110/1333 [00:08<01:28, 13.77it/s]
HPSAC calibration_valid:   8%|▊         | 112/1333 [00:08<01:28, 13.87it/s]
HPSAC calibration_valid:   9%|▊         | 114/1333 [00:08<01:27, 13.91it/s]
HPSAC calibration_valid:   9%|▊         | 116/1333 [00:08<01:26, 14.03it/s]
HPSAC calibration_valid:   9%|▉         | 118/1333 [00:08<01:25, 14.20it/s]
HPSAC calibration_valid:   9%|▉         | 120/1333 [00:08<01:25, 14.15it/s]
HPSAC calibration_valid:   9%|▉         | 122/1333 [00:08<01:25, 14.24it/s]
HPSAC calibration_valid:   9%|▉         | 124/1333 [00:09<01:24, 14.37it/s]
HPSAC calibration_valid:   9%|▉         | 126/1333 [00:09<01:24, 14.33it/s]
HPSAC calibration_valid:  10%|▉         | 128/1333 [00:09<01:24, 14.22it/s]
HPSAC calibration_valid:  10%|▉         | 130/1333 [00:09<01:26, 13.89it/s]
HPSAC calibration_valid:  10%|▉         | 132/1333 [00:09<01:27, 13.79it/s]
HPSAC calibration_valid:  10%|█         | 134/1333 [00:09<01:28, 13.52it/s]
HPSAC calibration_valid:  10%|█         | 136/1333 [00:09<01:28, 13.54it/s]
HPSAC calibration_valid:  10%|█         | 138/1333 [00:10<01:26, 13.76it/s]
HPSAC calibration_valid:  11%|█         | 140/1333 [00:10<01:26, 13.85it/s]
HPSAC calibration_valid:  11%|█         | 142/1333 [00:10<01:25, 13.92it/s]
HPSAC calibration_valid:  11%|█         | 144/1333 [00:10<01:26, 13.71it/s]
HPSAC calibration_valid:  11%|█         | 146/1333 [00:10<01:26, 13.72it/s]
HPSAC calibration_valid:  11%|█         | 148/1333 [00:10<01:26, 13.67it/s]
HPSAC calibration_valid:  11%|█▏        | 150/1333 [00:10<01:26, 13.75it/s]
HPSAC calibration_valid:  11%|█▏        | 152/1333 [00:11<01:25, 13.81it/s]
HPSAC calibration_valid:  12%|█▏        | 154/1333 [00:11<01:24, 13.92it/s]
HPSAC calibration_valid:  12%|█▏        | 156/1333 [00:11<01:23, 14.12it/s]
HPSAC calibration_valid:  12%|█▏        | 158/1333 [00:11<01:22, 14.19it/s]
HPSAC calibration_valid:  12%|█▏        | 160/1333 [00:11<01:21, 14.32it/s]
HPSAC calibration_valid:  12%|█▏        | 162/1333 [00:11<01:21, 14.44it/s]
HPSAC calibration_valid:  12%|█▏        | 164/1333 [00:11<01:20, 14.55it/s]
HPSAC calibration_valid:  12%|█▏        | 166/1333 [00:12<01:21, 14.33it/s]
HPSAC calibration_valid:  13%|█▎        | 168/1333 [00:12<01:20, 14.42it/s]
HPSAC calibration_valid:  13%|█▎        | 170/1333 [00:12<01:19, 14.63it/s]
HPSAC calibration_valid:  13%|█▎        | 172/1333 [00:12<01:20, 14.46it/s]
HPSAC calibration_valid:  13%|█▎        | 174/1333 [00:12<01:19, 14.49it/s]
HPSAC calibration_valid:  13%|█▎        | 176/1333 [00:12<01:20, 14.34it/s]
HPSAC calibration_valid:  13%|█▎        | 178/1333 [00:12<01:20, 14.42it/s]
HPSAC calibration_valid:  14%|█▎        | 180/1333 [00:13<01:20, 14.27it/s]
HPSAC calibration_valid:  14%|█▎        | 182/1333 [00:13<01:20, 14.27it/s]
HPSAC calibration_valid:  14%|█▍        | 184/1333 [00:13<01:19, 14.46it/s]
HPSAC calibration_valid:  14%|█▍        | 186/1333 [00:13<01:19, 14.45it/s]
HPSAC calibration_valid:  14%|█▍        | 188/1333 [00:13<01:19, 14.45it/s]
HPSAC calibration_valid:  14%|█▍        | 190/1333 [00:13<01:19, 14.38it/s]
HPSAC calibration_valid:  14%|█▍        | 192/1333 [00:13<01:18, 14.54it/s]
HPSAC calibration_valid:  15%|█▍        | 194/1333 [00:13<01:18, 14.58it/s]
HPSAC calibration_valid:  15%|█▍        | 196/1333 [00:14<01:19, 14.23it/s]
HPSAC calibration_valid:  15%|█▍        | 198/1333 [00:14<01:18, 14.42it/s]
HPSAC calibration_valid:  15%|█▌        | 200/1333 [00:14<01:18, 14.50it/s]
HPSAC calibration_valid:  15%|█▌        | 202/1333 [00:14<01:18, 14.49it/s]
HPSAC calibration_valid:  15%|█▌        | 204/1333 [00:14<01:17, 14.55it/s]
HPSAC calibration_valid:  15%|█▌        | 206/1333 [00:14<01:17, 14.56it/s]
HPSAC calibration_valid:  16%|█▌        | 208/1333 [00:14<01:17, 14.54it/s]
HPSAC calibration_valid:  16%|█▌        | 210/1333 [00:15<01:16, 14.59it/s]
HPSAC calibration_valid:  16%|█▌        | 212/1333 [00:15<01:17, 14.53it/s]
HPSAC calibration_valid:  16%|█▌        | 214/1333 [00:15<01:16, 14.62it/s]
HPSAC calibration_valid:  16%|█▌        | 216/1333 [00:15<01:16, 14.58it/s]
HPSAC calibration_valid:  16%|█▋        | 218/1333 [00:15<01:16, 14.63it/s]
HPSAC calibration_valid:  17%|█▋        | 220/1333 [00:15<01:16, 14.60it/s]
HPSAC calibration_valid:  17%|█▋        | 222/1333 [00:15<01:16, 14.58it/s]
HPSAC calibration_valid:  17%|█▋        | 224/1333 [00:16<01:15, 14.67it/s]
HPSAC calibration_valid:  17%|█▋        | 226/1333 [00:16<01:14, 14.77it/s]
HPSAC calibration_valid:  17%|█▋        | 228/1333 [00:16<01:15, 14.62it/s]
HPSAC calibration_valid:  17%|█▋        | 230/1333 [00:16<01:15, 14.69it/s]
HPSAC calibration_valid:  17%|█▋        | 232/1333 [00:16<01:14, 14.87it/s]
HPSAC calibration_valid:  18%|█▊        | 234/1333 [00:16<01:14, 14.73it/s]
HPSAC calibration_valid:  18%|█▊        | 236/1333 [00:16<01:15, 14.56it/s]
HPSAC calibration_valid:  18%|█▊        | 238/1333 [00:17<01:15, 14.48it/s]
HPSAC calibration_valid:  18%|█▊        | 240/1333 [00:17<01:14, 14.58it/s]
HPSAC calibration_valid:  18%|█▊        | 242/1333 [00:17<01:14, 14.58it/s]
HPSAC calibration_valid:  18%|█▊        | 244/1333 [00:17<01:14, 14.66it/s]
HPSAC calibration_valid:  18%|█▊        | 246/1333 [00:17<01:14, 14.61it/s]
HPSAC calibration_valid:  19%|█▊        | 248/1333 [00:17<01:15, 14.29it/s]
HPSAC calibration_valid:  19%|█▉        | 250/1333 [00:17<01:15, 14.41it/s]
HPSAC calibration_valid:  19%|█▉        | 252/1333 [00:17<01:14, 14.48it/s]
HPSAC calibration_valid:  19%|█▉        | 254/1333 [00:18<01:15, 14.37it/s]
HPSAC calibration_valid:  19%|█▉        | 256/1333 [00:18<01:14, 14.42it/s]
HPSAC calibration_valid:  19%|█▉        | 258/1333 [00:18<01:15, 14.24it/s]
HPSAC calibration_valid:  20%|█▉        | 260/1333 [00:18<01:14, 14.35it/s]
HPSAC calibration_valid:  20%|█▉        | 262/1333 [00:18<01:14, 14.45it/s]
HPSAC calibration_valid:  20%|█▉        | 264/1333 [00:18<01:13, 14.46it/s]
HPSAC calibration_valid:  20%|█▉        | 266/1333 [00:18<01:14, 14.27it/s]
HPSAC calibration_valid:  20%|██        | 268/1333 [00:19<01:14, 14.34it/s]
HPSAC calibration_valid:  20%|██        | 270/1333 [00:19<01:13, 14.55it/s]
HPSAC calibration_valid:  20%|██        | 272/1333 [00:19<01:13, 14.49it/s]
HPSAC calibration_valid:  21%|██        | 274/1333 [00:19<01:13, 14.40it/s]
HPSAC calibration_valid:  21%|██        | 276/1333 [00:19<01:14, 14.18it/s]
HPSAC calibration_valid:  21%|██        | 278/1333 [00:19<01:13, 14.27it/s]
HPSAC calibration_valid:  21%|██        | 280/1333 [00:19<01:13, 14.28it/s]
HPSAC calibration_valid:  21%|██        | 282/1333 [00:20<01:12, 14.41it/s]
HPSAC calibration_valid:  21%|██▏       | 284/1333 [00:20<01:12, 14.44it/s]
HPSAC calibration_valid:  21%|██▏       | 286/1333 [00:20<01:11, 14.57it/s]
HPSAC calibration_valid:  22%|██▏       | 288/1333 [00:20<01:11, 14.56it/s]
HPSAC calibration_valid:  22%|██▏       | 290/1333 [00:20<01:11, 14.67it/s]
HPSAC calibration_valid:  22%|██▏       | 292/1333 [00:20<01:10, 14.79it/s]
HPSAC calibration_valid:  22%|██▏       | 294/1333 [00:20<01:10, 14.83it/s]
HPSAC calibration_valid:  22%|██▏       | 296/1333 [00:21<01:09, 14.84it/s]
HPSAC calibration_valid:  22%|██▏       | 298/1333 [00:21<01:09, 14.80it/s]
HPSAC calibration_valid:  23%|██▎       | 300/1333 [00:21<01:10, 14.64it/s]
HPSAC calibration_valid:  23%|██▎       | 302/1333 [00:21<01:10, 14.70it/s]
HPSAC calibration_valid:  23%|██▎       | 304/1333 [00:21<01:10, 14.51it/s]
HPSAC calibration_valid:  23%|██▎       | 306/1333 [00:21<01:10, 14.52it/s]
HPSAC calibration_valid:  23%|██▎       | 308/1333 [00:21<01:10, 14.56it/s]
HPSAC calibration_valid:  23%|██▎       | 310/1333 [00:21<01:10, 14.59it/s]
HPSAC calibration_valid:  23%|██▎       | 312/1333 [00:22<01:10, 14.51it/s]
HPSAC calibration_valid:  24%|██▎       | 314/1333 [00:22<01:09, 14.68it/s]
HPSAC calibration_valid:  24%|██▎       | 316/1333 [00:22<01:08, 14.82it/s]
HPSAC calibration_valid:  24%|██▍       | 318/1333 [00:22<01:08, 14.72it/s]
HPSAC calibration_valid:  24%|██▍       | 320/1333 [00:22<01:08, 14.72it/s]
HPSAC calibration_valid:  24%|██▍       | 322/1333 [00:22<01:08, 14.75it/s]
HPSAC calibration_valid:  24%|██▍       | 324/1333 [00:22<01:07, 14.87it/s]
HPSAC calibration_valid:  24%|██▍       | 326/1333 [00:23<01:09, 14.49it/s]
HPSAC calibration_valid:  25%|██▍       | 328/1333 [00:23<01:09, 14.51it/s]
HPSAC calibration_valid:  25%|██▍       | 330/1333 [00:23<01:08, 14.57it/s]
HPSAC calibration_valid:  25%|██▍       | 332/1333 [00:23<01:08, 14.61it/s]
HPSAC calibration_valid:  25%|██▌       | 334/1333 [00:23<01:09, 14.39it/s]
HPSAC calibration_valid:  25%|██▌       | 336/1333 [00:23<01:09, 14.29it/s]
HPSAC calibration_valid:  25%|██▌       | 338/1333 [00:23<01:08, 14.51it/s]
HPSAC calibration_valid:  26%|██▌       | 340/1333 [00:24<01:07, 14.69it/s]
HPSAC calibration_valid:  26%|██▌       | 342/1333 [00:24<01:08, 14.55it/s]
HPSAC calibration_valid:  26%|██▌       | 344/1333 [00:24<01:07, 14.59it/s]
HPSAC calibration_valid:  26%|██▌       | 346/1333 [00:24<01:07, 14.59it/s]
HPSAC calibration_valid:  26%|██▌       | 348/1333 [00:24<01:08, 14.46it/s]
HPSAC calibration_valid:  26%|██▋       | 350/1333 [00:24<01:08, 14.34it/s]
HPSAC calibration_valid:  26%|██▋       | 352/1333 [00:24<01:07, 14.48it/s]
HPSAC calibration_valid:  27%|██▋       | 354/1333 [00:25<01:07, 14.50it/s]
HPSAC calibration_valid:  27%|██▋       | 356/1333 [00:25<01:07, 14.55it/s]
HPSAC calibration_valid:  27%|██▋       | 358/1333 [00:25<01:06, 14.75it/s]
HPSAC calibration_valid:  27%|██▋       | 360/1333 [00:25<01:05, 14.92it/s]
HPSAC calibration_valid:  27%|██▋       | 362/1333 [00:25<01:04, 14.96it/s]
HPSAC calibration_valid:  27%|██▋       | 364/1333 [00:25<01:04, 14.95it/s]
HPSAC calibration_valid:  27%|██▋       | 366/1333 [00:25<01:05, 14.82it/s]
HPSAC calibration_valid:  28%|██▊       | 368/1333 [00:25<01:04, 14.85it/s]
HPSAC calibration_valid:  28%|██▊       | 370/1333 [00:26<01:04, 14.83it/s]
HPSAC calibration_valid:  28%|██▊       | 372/1333 [00:26<01:04, 14.88it/s]
HPSAC calibration_valid:  28%|██▊       | 374/1333 [00:26<01:04, 14.87it/s]
HPSAC calibration_valid:  28%|██▊       | 376/1333 [00:26<01:04, 14.81it/s]
HPSAC calibration_valid:  28%|██▊       | 378/1333 [00:26<01:04, 14.78it/s]
HPSAC calibration_valid:  29%|██▊       | 380/1333 [00:26<01:04, 14.75it/s]
HPSAC calibration_valid:  29%|██▊       | 382/1333 [00:26<01:04, 14.74it/s]
HPSAC calibration_valid:  29%|██▉       | 384/1333 [00:27<01:04, 14.67it/s]
HPSAC calibration_valid:  29%|██▉       | 386/1333 [00:27<01:04, 14.63it/s]
HPSAC calibration_valid:  29%|██▉       | 388/1333 [00:27<01:03, 14.78it/s]
HPSAC calibration_valid:  29%|██▉       | 390/1333 [00:27<01:04, 14.67it/s]
HPSAC calibration_valid:  29%|██▉       | 392/1333 [00:27<01:04, 14.50it/s]
HPSAC calibration_valid:  30%|██▉       | 394/1333 [00:27<01:04, 14.52it/s]
HPSAC calibration_valid:  30%|██▉       | 396/1333 [00:27<01:03, 14.71it/s]
HPSAC calibration_valid:  30%|██▉       | 398/1333 [00:27<01:03, 14.65it/s]
HPSAC calibration_valid:  30%|███       | 400/1333 [00:28<01:03, 14.77it/s]
HPSAC calibration_valid:  30%|███       | 402/1333 [00:28<01:04, 14.35it/s]
HPSAC calibration_valid:  30%|███       | 404/1333 [00:28<01:04, 14.35it/s]
HPSAC calibration_valid:  30%|███       | 406/1333 [00:28<01:05, 14.14it/s]
HPSAC calibration_valid:  31%|███       | 408/1333 [00:28<01:05, 14.18it/s]
HPSAC calibration_valid:  31%|███       | 410/1333 [00:28<01:04, 14.33it/s]
HPSAC calibration_valid:  31%|███       | 412/1333 [00:28<01:04, 14.38it/s]
HPSAC calibration_valid:  31%|███       | 414/1333 [00:29<01:03, 14.49it/s]
HPSAC calibration_valid:  31%|███       | 416/1333 [00:29<01:03, 14.39it/s]
HPSAC calibration_valid:  31%|███▏      | 418/1333 [00:29<01:03, 14.47it/s]
HPSAC calibration_valid:  32%|███▏      | 420/1333 [00:29<01:02, 14.49it/s]
HPSAC calibration_valid:  32%|███▏      | 422/1333 [00:29<01:02, 14.49it/s]
HPSAC calibration_valid:  32%|███▏      | 424/1333 [00:29<01:02, 14.48it/s]
HPSAC calibration_valid:  32%|███▏      | 426/1333 [00:29<01:02, 14.42it/s]
HPSAC calibration_valid:  32%|███▏      | 428/1333 [00:30<01:02, 14.40it/s]
HPSAC calibration_valid:  32%|███▏      | 430/1333 [00:30<01:01, 14.56it/s]
HPSAC calibration_valid:  32%|███▏      | 432/1333 [00:30<01:01, 14.66it/s]
HPSAC calibration_valid:  33%|███▎      | 434/1333 [00:30<01:01, 14.66it/s]
HPSAC calibration_valid:  33%|███▎      | 436/1333 [00:30<01:00, 14.76it/s]
HPSAC calibration_valid:  33%|███▎      | 438/1333 [00:30<01:00, 14.73it/s]
HPSAC calibration_valid:  33%|███▎      | 440/1333 [00:30<01:01, 14.62it/s]
HPSAC calibration_valid:  33%|███▎      | 442/1333 [00:31<01:00, 14.70it/s]
HPSAC calibration_valid:  33%|███▎      | 444/1333 [00:31<01:00, 14.62it/s]
HPSAC calibration_valid:  33%|███▎      | 446/1333 [00:31<01:00, 14.56it/s]
HPSAC calibration_valid:  34%|███▎      | 448/1333 [00:31<01:00, 14.65it/s]
HPSAC calibration_valid:  34%|███▍      | 450/1333 [00:31<00:59, 14.74it/s]
HPSAC calibration_valid:  34%|███▍      | 452/1333 [00:31<00:59, 14.74it/s]
HPSAC calibration_valid:  34%|███▍      | 454/1333 [00:31<00:59, 14.85it/s]
HPSAC calibration_valid:  34%|███▍      | 456/1333 [00:31<00:59, 14.85it/s]
HPSAC calibration_valid:  34%|███▍      | 458/1333 [00:32<00:58, 14.92it/s]
HPSAC calibration_valid:  35%|███▍      | 460/1333 [00:32<00:59, 14.79it/s]
HPSAC calibration_valid:  35%|███▍      | 462/1333 [00:32<00:58, 14.85it/s]
HPSAC calibration_valid:  35%|███▍      | 464/1333 [00:32<00:58, 14.80it/s]
HPSAC calibration_valid:  35%|███▍      | 466/1333 [00:32<00:58, 14.91it/s]
HPSAC calibration_valid:  35%|███▌      | 468/1333 [00:32<00:58, 14.67it/s]
HPSAC calibration_valid:  35%|███▌      | 470/1333 [00:32<00:58, 14.72it/s]
HPSAC calibration_valid:  35%|███▌      | 472/1333 [00:33<00:58, 14.77it/s]
HPSAC calibration_valid:  36%|███▌      | 474/1333 [00:33<00:58, 14.72it/s]
HPSAC calibration_valid:  36%|███▌      | 476/1333 [00:33<00:58, 14.65it/s]
HPSAC calibration_valid:  36%|███▌      | 478/1333 [00:33<00:58, 14.67it/s]
HPSAC calibration_valid:  36%|███▌      | 480/1333 [00:33<00:57, 14.78it/s]
HPSAC calibration_valid:  36%|███▌      | 482/1333 [00:33<00:57, 14.72it/s]
HPSAC calibration_valid:  36%|███▋      | 484/1333 [00:33<00:57, 14.66it/s]
HPSAC calibration_valid:  36%|███▋      | 486/1333 [00:34<00:58, 14.52it/s]
HPSAC calibration_valid:  37%|███▋      | 488/1333 [00:34<00:57, 14.62it/s]
HPSAC calibration_valid:  37%|███▋      | 490/1333 [00:34<00:58, 14.51it/s]
HPSAC calibration_valid:  37%|███▋      | 492/1333 [00:34<00:57, 14.60it/s]
HPSAC calibration_valid:  37%|███▋      | 494/1333 [00:34<00:57, 14.65it/s]
HPSAC calibration_valid:  37%|███▋      | 496/1333 [00:34<00:56, 14.73it/s]
HPSAC calibration_valid:  37%|███▋      | 498/1333 [00:34<00:57, 14.61it/s]
HPSAC calibration_valid:  38%|███▊      | 500/1333 [00:34<00:56, 14.69it/s]
HPSAC calibration_valid:  38%|███▊      | 502/1333 [00:35<00:56, 14.61it/s]
HPSAC calibration_valid:  38%|███▊      | 504/1333 [00:35<00:57, 14.52it/s]
HPSAC calibration_valid:  38%|███▊      | 506/1333 [00:35<00:56, 14.57it/s]
HPSAC calibration_valid:  38%|███▊      | 508/1333 [00:35<00:56, 14.58it/s]
HPSAC calibration_valid:  38%|███▊      | 510/1333 [00:35<00:55, 14.71it/s]
HPSAC calibration_valid:  38%|███▊      | 512/1333 [00:35<00:56, 14.62it/s]
HPSAC calibration_valid:  39%|███▊      | 514/1333 [00:35<00:56, 14.53it/s]
HPSAC calibration_valid:  39%|███▊      | 516/1333 [00:36<00:56, 14.53it/s]
HPSAC calibration_valid:  39%|███▉      | 518/1333 [00:36<00:56, 14.55it/s]
HPSAC calibration_valid:  39%|███▉      | 520/1333 [00:36<00:55, 14.70it/s]
HPSAC calibration_valid:  39%|███▉      | 522/1333 [00:36<00:55, 14.70it/s]
HPSAC calibration_valid:  39%|███▉      | 524/1333 [00:36<00:55, 14.69it/s]
HPSAC calibration_valid:  39%|███▉      | 526/1333 [00:36<00:54, 14.81it/s]
HPSAC calibration_valid:  40%|███▉      | 528/1333 [00:36<00:54, 14.84it/s]
HPSAC calibration_valid:  40%|███▉      | 530/1333 [00:37<00:54, 14.75it/s]
HPSAC calibration_valid:  40%|███▉      | 532/1333 [00:37<00:55, 14.51it/s]
HPSAC calibration_valid:  40%|████      | 534/1333 [00:37<00:54, 14.54it/s]
HPSAC calibration_valid:  40%|████      | 536/1333 [00:37<00:54, 14.64it/s]
HPSAC calibration_valid:  40%|████      | 538/1333 [00:37<00:54, 14.70it/s]
HPSAC calibration_valid:  41%|████      | 540/1333 [00:37<00:53, 14.69it/s]
HPSAC calibration_valid:  41%|████      | 542/1333 [00:37<00:53, 14.69it/s]
HPSAC calibration_valid:  41%|████      | 544/1333 [00:37<00:53, 14.71it/s]
HPSAC calibration_valid:  41%|████      | 546/1333 [00:38<00:53, 14.75it/s]
HPSAC calibration_valid:  41%|████      | 548/1333 [00:38<00:52, 14.92it/s]
HPSAC calibration_valid:  41%|████▏     | 550/1333 [00:38<00:51, 15.09it/s]
HPSAC calibration_valid:  41%|████▏     | 552/1333 [00:38<00:51, 15.07it/s]
HPSAC calibration_valid:  42%|████▏     | 554/1333 [00:38<00:51, 15.11it/s]
HPSAC calibration_valid:  42%|████▏     | 556/1333 [00:38<00:51, 15.02it/s]
HPSAC calibration_valid:  42%|████▏     | 558/1333 [00:38<00:51, 15.12it/s]
HPSAC calibration_valid:  42%|████▏     | 560/1333 [00:39<00:50, 15.16it/s]
HPSAC calibration_valid:  42%|████▏     | 562/1333 [00:39<00:50, 15.13it/s]
HPSAC calibration_valid:  42%|████▏     | 564/1333 [00:39<00:50, 15.19it/s]
HPSAC calibration_valid:  42%|████▏     | 566/1333 [00:39<00:51, 14.95it/s]
HPSAC calibration_valid:  43%|████▎     | 568/1333 [00:39<00:50, 15.02it/s]
HPSAC calibration_valid:  43%|████▎     | 570/1333 [00:39<00:50, 15.15it/s]
HPSAC calibration_valid:  43%|████▎     | 572/1333 [00:39<00:50, 15.21it/s]
HPSAC calibration_valid:  43%|████▎     | 574/1333 [00:39<00:50, 15.14it/s]
HPSAC calibration_valid:  43%|████▎     | 576/1333 [00:40<00:50, 15.10it/s]
HPSAC calibration_valid:  43%|████▎     | 578/1333 [00:40<00:50, 14.95it/s]
HPSAC calibration_valid:  44%|████▎     | 580/1333 [00:40<00:50, 14.81it/s]
HPSAC calibration_valid:  44%|████▎     | 582/1333 [00:40<00:51, 14.56it/s]
HPSAC calibration_valid:  44%|████▍     | 584/1333 [00:40<00:52, 14.29it/s]
HPSAC calibration_valid:  44%|████▍     | 586/1333 [00:40<00:52, 14.19it/s]
HPSAC calibration_valid:  44%|████▍     | 588/1333 [00:40<00:53, 14.05it/s]
HPSAC calibration_valid:  44%|████▍     | 590/1333 [00:41<00:52, 14.03it/s]
HPSAC calibration_valid:  44%|████▍     | 592/1333 [00:41<00:54, 13.68it/s]
HPSAC calibration_valid:  45%|████▍     | 594/1333 [00:41<00:53, 13.93it/s]
HPSAC calibration_valid:  45%|████▍     | 596/1333 [00:41<00:51, 14.19it/s]
HPSAC calibration_valid:  45%|████▍     | 598/1333 [00:41<00:51, 14.26it/s]
HPSAC calibration_valid:  45%|████▌     | 600/1333 [00:41<00:52, 14.01it/s]
HPSAC calibration_valid:  45%|████▌     | 602/1333 [00:41<00:52, 14.05it/s]
HPSAC calibration_valid:  45%|████▌     | 604/1333 [00:42<00:51, 14.23it/s]
HPSAC calibration_valid:  45%|████▌     | 606/1333 [00:42<00:51, 14.19it/s]
HPSAC calibration_valid:  46%|████▌     | 608/1333 [00:42<00:50, 14.33it/s]
HPSAC calibration_valid:  46%|████▌     | 610/1333 [00:42<00:49, 14.53it/s]
HPSAC calibration_valid:  46%|████▌     | 612/1333 [00:42<00:48, 14.74it/s]
HPSAC calibration_valid:  46%|████▌     | 614/1333 [00:42<00:48, 14.88it/s]
HPSAC calibration_valid:  46%|████▌     | 616/1333 [00:42<00:47, 14.97it/s]
HPSAC calibration_valid:  46%|████▋     | 618/1333 [00:43<00:47, 14.96it/s]
HPSAC calibration_valid:  47%|████▋     | 620/1333 [00:43<00:48, 14.79it/s]
HPSAC calibration_valid:  47%|████▋     | 622/1333 [00:43<00:49, 14.44it/s]
HPSAC calibration_valid:  47%|████▋     | 624/1333 [00:43<00:49, 14.33it/s]
HPSAC calibration_valid:  47%|████▋     | 626/1333 [00:43<00:49, 14.20it/s]
HPSAC calibration_valid:  47%|████▋     | 628/1333 [00:43<00:49, 14.19it/s]
HPSAC calibration_valid:  47%|████▋     | 630/1333 [00:43<00:49, 14.15it/s]
HPSAC calibration_valid:  47%|████▋     | 632/1333 [00:43<00:49, 14.28it/s]
HPSAC calibration_valid:  48%|████▊     | 634/1333 [00:44<00:48, 14.39it/s]
HPSAC calibration_valid:  48%|████▊     | 636/1333 [00:44<00:48, 14.44it/s]
HPSAC calibration_valid:  48%|████▊     | 638/1333 [00:44<00:48, 14.38it/s]
HPSAC calibration_valid:  48%|████▊     | 640/1333 [00:44<00:48, 14.37it/s]
HPSAC calibration_valid:  48%|████▊     | 642/1333 [00:44<00:48, 14.10it/s]
HPSAC calibration_valid:  48%|████▊     | 644/1333 [00:44<00:49, 13.99it/s]
HPSAC calibration_valid:  48%|████▊     | 646/1333 [00:44<00:48, 14.27it/s]
HPSAC calibration_valid:  49%|████▊     | 648/1333 [00:45<00:48, 14.19it/s]
HPSAC calibration_valid:  49%|████▉     | 650/1333 [00:45<00:47, 14.35it/s]
HPSAC calibration_valid:  49%|████▉     | 652/1333 [00:45<00:47, 14.32it/s]
HPSAC calibration_valid:  49%|████▉     | 654/1333 [00:45<00:48, 14.14it/s]
HPSAC calibration_valid:  49%|████▉     | 656/1333 [00:45<00:47, 14.11it/s]
HPSAC calibration_valid:  49%|████▉     | 658/1333 [00:45<00:47, 14.22it/s]
HPSAC calibration_valid:  50%|████▉     | 660/1333 [00:45<00:47, 14.25it/s]
HPSAC calibration_valid:  50%|████▉     | 662/1333 [00:46<00:46, 14.36it/s]
HPSAC calibration_valid:  50%|████▉     | 664/1333 [00:46<00:46, 14.40it/s]
HPSAC calibration_valid:  50%|████▉     | 666/1333 [00:46<00:45, 14.71it/s]
HPSAC calibration_valid:  50%|█████     | 668/1333 [00:46<00:45, 14.77it/s]
HPSAC calibration_valid:  50%|█████     | 670/1333 [00:46<00:44, 14.92it/s]
HPSAC calibration_valid:  50%|█████     | 672/1333 [00:46<00:44, 14.98it/s]
HPSAC calibration_valid:  51%|█████     | 674/1333 [00:46<00:44, 14.82it/s]
HPSAC calibration_valid:  51%|█████     | 676/1333 [00:47<00:45, 14.48it/s]
HPSAC calibration_valid:  51%|█████     | 678/1333 [00:47<00:45, 14.34it/s]
HPSAC calibration_valid:  51%|█████     | 680/1333 [00:47<00:46, 14.09it/s]
HPSAC calibration_valid:  51%|█████     | 682/1333 [00:47<00:45, 14.34it/s]
HPSAC calibration_valid:  51%|█████▏    | 684/1333 [00:47<00:45, 14.23it/s]
HPSAC calibration_valid:  51%|█████▏    | 686/1333 [00:47<00:45, 14.25it/s]
HPSAC calibration_valid:  52%|█████▏    | 688/1333 [00:47<00:45, 14.15it/s]
HPSAC calibration_valid:  52%|█████▏    | 690/1333 [00:48<00:44, 14.34it/s]
HPSAC calibration_valid:  52%|█████▏    | 692/1333 [00:48<00:45, 14.19it/s]
HPSAC calibration_valid:  52%|█████▏    | 694/1333 [00:48<00:45, 14.10it/s]
HPSAC calibration_valid:  52%|█████▏    | 696/1333 [00:48<00:45, 14.05it/s]
HPSAC calibration_valid:  52%|█████▏    | 698/1333 [00:48<00:44, 14.30it/s]
HPSAC calibration_valid:  53%|█████▎    | 700/1333 [00:48<00:43, 14.55it/s]
HPSAC calibration_valid:  53%|█████▎    | 702/1333 [00:48<00:42, 14.87it/s]
HPSAC calibration_valid:  53%|█████▎    | 704/1333 [00:48<00:42, 14.84it/s]
HPSAC calibration_valid:  53%|█████▎    | 706/1333 [00:49<00:42, 14.85it/s]
HPSAC calibration_valid:  53%|█████▎    | 708/1333 [00:49<00:42, 14.84it/s]
HPSAC calibration_valid:  53%|█████▎    | 710/1333 [00:49<00:42, 14.56it/s]
HPSAC calibration_valid:  53%|█████▎    | 712/1333 [00:49<00:42, 14.53it/s]
HPSAC calibration_valid:  54%|█████▎    | 714/1333 [00:49<00:42, 14.50it/s]
HPSAC calibration_valid:  54%|█████▎    | 716/1333 [00:49<00:42, 14.54it/s]
HPSAC calibration_valid:  54%|█████▍    | 718/1333 [00:49<00:41, 14.79it/s]
HPSAC calibration_valid:  54%|█████▍    | 720/1333 [00:50<00:41, 14.82it/s]
HPSAC calibration_valid:  54%|█████▍    | 722/1333 [00:50<00:41, 14.59it/s]
HPSAC calibration_valid:  54%|█████▍    | 724/1333 [00:50<00:42, 14.40it/s]
HPSAC calibration_valid:  54%|█████▍    | 726/1333 [00:50<00:42, 14.23it/s]
HPSAC calibration_valid:  55%|█████▍    | 728/1333 [00:50<00:42, 14.07it/s]
HPSAC calibration_valid:  55%|█████▍    | 730/1333 [00:50<00:42, 14.10it/s]
HPSAC calibration_valid:  55%|█████▍    | 732/1333 [00:50<00:41, 14.33it/s]
HPSAC calibration_valid:  55%|█████▌    | 734/1333 [00:51<00:41, 14.51it/s]
HPSAC calibration_valid:  55%|█████▌    | 736/1333 [00:51<00:40, 14.66it/s]
HPSAC calibration_valid:  55%|█████▌    | 738/1333 [00:51<00:40, 14.75it/s]
HPSAC calibration_valid:  56%|█████▌    | 740/1333 [00:51<00:39, 14.83it/s]
HPSAC calibration_valid:  56%|█████▌    | 742/1333 [00:51<00:39, 14.93it/s]
HPSAC calibration_valid:  56%|█████▌    | 744/1333 [00:51<00:39, 15.03it/s]
HPSAC calibration_valid:  56%|█████▌    | 746/1333 [00:51<00:39, 14.92it/s]
HPSAC calibration_valid:  56%|█████▌    | 748/1333 [00:51<00:38, 15.09it/s]
HPSAC calibration_valid:  56%|█████▋    | 750/1333 [00:52<00:38, 15.04it/s]
HPSAC calibration_valid:  56%|█████▋    | 752/1333 [00:52<00:39, 14.89it/s]
HPSAC calibration_valid:  57%|█████▋    | 754/1333 [00:52<00:39, 14.83it/s]
HPSAC calibration_valid:  57%|█████▋    | 756/1333 [00:52<00:39, 14.79it/s]
HPSAC calibration_valid:  57%|█████▋    | 758/1333 [00:52<00:39, 14.66it/s]
HPSAC calibration_valid:  57%|█████▋    | 760/1333 [00:52<00:38, 14.72it/s]
HPSAC calibration_valid:  57%|█████▋    | 762/1333 [00:52<00:38, 14.84it/s]
HPSAC calibration_valid:  57%|█████▋    | 764/1333 [00:53<00:38, 14.95it/s]
HPSAC calibration_valid:  57%|█████▋    | 766/1333 [00:53<00:37, 14.95it/s]
HPSAC calibration_valid:  58%|█████▊    | 768/1333 [00:53<00:37, 14.91it/s]
HPSAC calibration_valid:  58%|█████▊    | 770/1333 [00:53<00:38, 14.78it/s]
HPSAC calibration_valid:  58%|█████▊    | 772/1333 [00:53<00:37, 14.99it/s]
HPSAC calibration_valid:  58%|█████▊    | 774/1333 [00:53<00:37, 14.95it/s]
HPSAC calibration_valid:  58%|█████▊    | 776/1333 [00:53<00:37, 14.87it/s]
HPSAC calibration_valid:  58%|█████▊    | 778/1333 [00:54<00:36, 15.08it/s]
HPSAC calibration_valid:  59%|█████▊    | 780/1333 [00:54<00:36, 15.30it/s]
HPSAC calibration_valid:  59%|█████▊    | 782/1333 [00:54<00:35, 15.35it/s]
HPSAC calibration_valid:  59%|█████▉    | 784/1333 [00:54<00:36, 15.23it/s]
HPSAC calibration_valid:  59%|█████▉    | 786/1333 [00:54<00:35, 15.32it/s]
HPSAC calibration_valid:  59%|█████▉    | 788/1333 [00:54<00:35, 15.38it/s]
HPSAC calibration_valid:  59%|█████▉    | 790/1333 [00:54<00:35, 15.50it/s]
HPSAC calibration_valid:  59%|█████▉    | 792/1333 [00:54<00:34, 15.49it/s]
HPSAC calibration_valid:  60%|█████▉    | 794/1333 [00:55<00:35, 15.31it/s]
HPSAC calibration_valid:  60%|█████▉    | 796/1333 [00:55<00:35, 15.19it/s]
HPSAC calibration_valid:  60%|█████▉    | 798/1333 [00:55<00:35, 15.16it/s]
HPSAC calibration_valid:  60%|██████    | 800/1333 [00:55<00:35, 15.10it/s]
HPSAC calibration_valid:  60%|██████    | 802/1333 [00:55<00:34, 15.18it/s]
HPSAC calibration_valid:  60%|██████    | 804/1333 [00:55<00:34, 15.23it/s]
HPSAC calibration_valid:  60%|██████    | 806/1333 [00:55<00:34, 15.28it/s]
HPSAC calibration_valid:  61%|██████    | 808/1333 [00:55<00:35, 14.87it/s]
HPSAC calibration_valid:  61%|██████    | 810/1333 [00:56<00:34, 15.00it/s]
HPSAC calibration_valid:  61%|██████    | 812/1333 [00:56<00:34, 15.02it/s]
HPSAC calibration_valid:  61%|██████    | 814/1333 [00:56<00:34, 14.98it/s]
HPSAC calibration_valid:  61%|██████    | 816/1333 [00:56<00:34, 14.80it/s]
HPSAC calibration_valid:  61%|██████▏   | 818/1333 [00:56<00:35, 14.59it/s]
HPSAC calibration_valid:  62%|██████▏   | 820/1333 [00:56<00:34, 14.90it/s]
HPSAC calibration_valid:  62%|██████▏   | 822/1333 [00:56<00:34, 14.74it/s]
HPSAC calibration_valid:  62%|██████▏   | 824/1333 [00:57<00:34, 14.90it/s]
HPSAC calibration_valid:  62%|██████▏   | 826/1333 [00:57<00:33, 14.99it/s]
HPSAC calibration_valid:  62%|██████▏   | 828/1333 [00:57<00:33, 15.00it/s]
HPSAC calibration_valid:  62%|██████▏   | 830/1333 [00:57<00:33, 15.17it/s]
HPSAC calibration_valid:  62%|██████▏   | 832/1333 [00:57<00:33, 15.17it/s]
HPSAC calibration_valid:  63%|██████▎   | 834/1333 [00:57<00:32, 15.31it/s]
HPSAC calibration_valid:  63%|██████▎   | 836/1333 [00:57<00:32, 15.35it/s]
HPSAC calibration_valid:  63%|██████▎   | 838/1333 [00:57<00:32, 15.33it/s]
HPSAC calibration_valid:  63%|██████▎   | 840/1333 [00:58<00:32, 15.18it/s]
HPSAC calibration_valid:  63%|██████▎   | 842/1333 [00:58<00:32, 15.33it/s]
HPSAC calibration_valid:  63%|██████▎   | 844/1333 [00:58<00:31, 15.47it/s]
HPSAC calibration_valid:  63%|██████▎   | 846/1333 [00:58<00:31, 15.31it/s]
HPSAC calibration_valid:  64%|██████▎   | 848/1333 [00:58<00:31, 15.40it/s]
HPSAC calibration_valid:  64%|██████▍   | 850/1333 [00:58<00:31, 15.42it/s]
HPSAC calibration_valid:  64%|██████▍   | 852/1333 [00:58<00:31, 15.38it/s]
HPSAC calibration_valid:  64%|██████▍   | 854/1333 [00:59<00:30, 15.47it/s]
HPSAC calibration_valid:  64%|██████▍   | 856/1333 [00:59<00:30, 15.42it/s]
HPSAC calibration_valid:  64%|██████▍   | 858/1333 [00:59<00:31, 15.28it/s]
HPSAC calibration_valid:  65%|██████▍   | 860/1333 [00:59<00:30, 15.41it/s]
HPSAC calibration_valid:  65%|██████▍   | 862/1333 [00:59<00:30, 15.53it/s]
HPSAC calibration_valid:  65%|██████▍   | 864/1333 [00:59<00:30, 15.34it/s]
HPSAC calibration_valid:  65%|██████▍   | 866/1333 [00:59<00:30, 15.29it/s]
HPSAC calibration_valid:  65%|██████▌   | 868/1333 [00:59<00:30, 15.40it/s]
HPSAC calibration_valid:  65%|██████▌   | 870/1333 [01:00<00:30, 15.25it/s]
HPSAC calibration_valid:  65%|██████▌   | 872/1333 [01:00<00:30, 15.24it/s]
HPSAC calibration_valid:  66%|██████▌   | 874/1333 [01:00<00:29, 15.31it/s]
HPSAC calibration_valid:  66%|██████▌   | 876/1333 [01:00<00:29, 15.32it/s]
HPSAC calibration_valid:  66%|██████▌   | 878/1333 [01:00<00:29, 15.42it/s]
HPSAC calibration_valid:  66%|██████▌   | 880/1333 [01:00<00:29, 15.21it/s]
HPSAC calibration_valid:  66%|██████▌   | 882/1333 [01:00<00:29, 15.13it/s]
HPSAC calibration_valid:  66%|██████▋   | 884/1333 [01:00<00:29, 15.28it/s]
HPSAC calibration_valid:  66%|██████▋   | 886/1333 [01:01<00:29, 15.16it/s]
HPSAC calibration_valid:  67%|██████▋   | 888/1333 [01:01<00:29, 15.04it/s]
HPSAC calibration_valid:  67%|██████▋   | 890/1333 [01:01<00:29, 14.92it/s]
HPSAC calibration_valid:  67%|██████▋   | 892/1333 [01:01<00:29, 14.87it/s]
HPSAC calibration_valid:  67%|██████▋   | 894/1333 [01:01<00:29, 15.14it/s]
HPSAC calibration_valid:  67%|██████▋   | 896/1333 [01:01<00:28, 15.10it/s]
HPSAC calibration_valid:  67%|██████▋   | 898/1333 [01:01<00:28, 15.21it/s]
HPSAC calibration_valid:  68%|██████▊   | 900/1333 [01:02<00:28, 15.15it/s]
HPSAC calibration_valid:  68%|██████▊   | 902/1333 [01:02<00:28, 15.16it/s]
HPSAC calibration_valid:  68%|██████▊   | 904/1333 [01:02<00:28, 15.29it/s]
HPSAC calibration_valid:  68%|██████▊   | 906/1333 [01:02<00:27, 15.28it/s]
HPSAC calibration_valid:  68%|██████▊   | 908/1333 [01:02<00:27, 15.33it/s]
HPSAC calibration_valid:  68%|██████▊   | 910/1333 [01:02<00:27, 15.16it/s]
HPSAC calibration_valid:  68%|██████▊   | 912/1333 [01:02<00:27, 15.14it/s]
HPSAC calibration_valid:  69%|██████▊   | 914/1333 [01:02<00:27, 15.10it/s]
HPSAC calibration_valid:  69%|██████▊   | 916/1333 [01:03<00:27, 15.25it/s]
HPSAC calibration_valid:  69%|██████▉   | 918/1333 [01:03<00:27, 15.28it/s]
HPSAC calibration_valid:  69%|██████▉   | 920/1333 [01:03<00:26, 15.35it/s]
HPSAC calibration_valid:  69%|██████▉   | 922/1333 [01:03<00:26, 15.25it/s]
HPSAC calibration_valid:  69%|██████▉   | 924/1333 [01:03<00:26, 15.20it/s]
HPSAC calibration_valid:  69%|██████▉   | 926/1333 [01:03<00:26, 15.33it/s]
HPSAC calibration_valid:  70%|██████▉   | 928/1333 [01:03<00:26, 15.20it/s]
HPSAC calibration_valid:  70%|██████▉   | 930/1333 [01:04<00:26, 15.06it/s]
HPSAC calibration_valid:  70%|██████▉   | 932/1333 [01:04<00:26, 15.19it/s]
HPSAC calibration_valid:  70%|███████   | 934/1333 [01:04<00:26, 15.19it/s]
HPSAC calibration_valid:  70%|███████   | 936/1333 [01:04<00:26, 15.24it/s]
HPSAC calibration_valid:  70%|███████   | 938/1333 [01:04<00:26, 15.18it/s]
HPSAC calibration_valid:  71%|███████   | 940/1333 [01:04<00:25, 15.37it/s]
HPSAC calibration_valid:  71%|███████   | 942/1333 [01:04<00:25, 15.33it/s]
HPSAC calibration_valid:  71%|███████   | 944/1333 [01:04<00:25, 15.33it/s]
HPSAC calibration_valid:  71%|███████   | 946/1333 [01:05<00:25, 15.17it/s]
HPSAC calibration_valid:  71%|███████   | 948/1333 [01:05<00:25, 15.10it/s]
HPSAC calibration_valid:  71%|███████▏  | 950/1333 [01:05<00:25, 15.13it/s]
HPSAC calibration_valid:  71%|███████▏  | 952/1333 [01:05<00:25, 15.18it/s]
HPSAC calibration_valid:  72%|███████▏  | 954/1333 [01:05<00:25, 15.14it/s]
HPSAC calibration_valid:  72%|███████▏  | 956/1333 [01:05<00:24, 15.21it/s]
HPSAC calibration_valid:  72%|███████▏  | 958/1333 [01:05<00:24, 15.20it/s]
HPSAC calibration_valid:  72%|███████▏  | 960/1333 [01:05<00:24, 15.22it/s]
HPSAC calibration_valid:  72%|███████▏  | 962/1333 [01:06<00:24, 15.23it/s]
HPSAC calibration_valid:  72%|███████▏  | 964/1333 [01:06<00:24, 15.27it/s]
HPSAC calibration_valid:  72%|███████▏  | 966/1333 [01:06<00:23, 15.31it/s]
HPSAC calibration_valid:  73%|███████▎  | 968/1333 [01:06<00:24, 15.18it/s]
HPSAC calibration_valid:  73%|███████▎  | 970/1333 [01:06<00:23, 15.19it/s]
HPSAC calibration_valid:  73%|███████▎  | 972/1333 [01:06<00:23, 15.08it/s]
HPSAC calibration_valid:  73%|███████▎  | 974/1333 [01:06<00:23, 15.10it/s]
HPSAC calibration_valid:  73%|███████▎  | 976/1333 [01:07<00:23, 15.14it/s]
HPSAC calibration_valid:  73%|███████▎  | 978/1333 [01:07<00:23, 15.15it/s]
HPSAC calibration_valid:  74%|███████▎  | 980/1333 [01:07<00:23, 15.19it/s]
HPSAC calibration_valid:  74%|███████▎  | 982/1333 [01:07<00:23, 15.25it/s]
HPSAC calibration_valid:  74%|███████▍  | 984/1333 [01:07<00:22, 15.20it/s]
HPSAC calibration_valid:  74%|███████▍  | 986/1333 [01:07<00:22, 15.17it/s]
HPSAC calibration_valid:  74%|███████▍  | 988/1333 [01:07<00:22, 15.06it/s]
HPSAC calibration_valid:  74%|███████▍  | 990/1333 [01:07<00:22, 15.00it/s]
HPSAC calibration_valid:  74%|███████▍  | 992/1333 [01:08<00:22, 15.02it/s]
HPSAC calibration_valid:  75%|███████▍  | 994/1333 [01:08<00:22, 14.90it/s]
HPSAC calibration_valid:  75%|███████▍  | 996/1333 [01:08<00:22, 14.96it/s]
HPSAC calibration_valid:  75%|███████▍  | 998/1333 [01:08<00:22, 15.08it/s]
HPSAC calibration_valid:  75%|███████▌  | 1000/1333 [01:08<00:21, 15.14it/s]
HPSAC calibration_valid:  75%|███████▌  | 1002/1333 [01:08<00:21, 15.07it/s]
HPSAC calibration_valid:  75%|███████▌  | 1004/1333 [01:08<00:21, 15.17it/s]
HPSAC calibration_valid:  75%|███████▌  | 1006/1333 [01:09<00:21, 15.22it/s]
HPSAC calibration_valid:  76%|███████▌  | 1008/1333 [01:09<00:21, 15.29it/s]
HPSAC calibration_valid:  76%|███████▌  | 1010/1333 [01:09<00:21, 15.25it/s]
HPSAC calibration_valid:  76%|███████▌  | 1012/1333 [01:09<00:21, 15.17it/s]
HPSAC calibration_valid:  76%|███████▌  | 1014/1333 [01:09<00:20, 15.30it/s]
HPSAC calibration_valid:  76%|███████▌  | 1016/1333 [01:09<00:20, 15.38it/s]
HPSAC calibration_valid:  76%|███████▋  | 1018/1333 [01:09<00:20, 15.36it/s]
HPSAC calibration_valid:  77%|███████▋  | 1020/1333 [01:09<00:20, 15.18it/s]
HPSAC calibration_valid:  77%|███████▋  | 1022/1333 [01:10<00:20, 15.29it/s]
HPSAC calibration_valid:  77%|███████▋  | 1024/1333 [01:10<00:20, 15.26it/s]
HPSAC calibration_valid:  77%|███████▋  | 1026/1333 [01:10<00:20, 15.28it/s]
HPSAC calibration_valid:  77%|███████▋  | 1028/1333 [01:10<00:19, 15.32it/s]
HPSAC calibration_valid:  77%|███████▋  | 1030/1333 [01:10<00:19, 15.32it/s]
HPSAC calibration_valid:  77%|███████▋  | 1032/1333 [01:10<00:19, 15.41it/s]
HPSAC calibration_valid:  78%|███████▊  | 1034/1333 [01:10<00:19, 15.12it/s]
HPSAC calibration_valid:  78%|███████▊  | 1036/1333 [01:10<00:19, 15.21it/s]
HPSAC calibration_valid:  78%|███████▊  | 1038/1333 [01:11<00:19, 15.17it/s]
HPSAC calibration_valid:  78%|███████▊  | 1040/1333 [01:11<00:19, 15.26it/s]
HPSAC calibration_valid:  78%|███████▊  | 1042/1333 [01:11<00:19, 15.24it/s]
HPSAC calibration_valid:  78%|███████▊  | 1044/1333 [01:11<00:18, 15.25it/s]
HPSAC calibration_valid:  78%|███████▊  | 1046/1333 [01:11<00:18, 15.30it/s]
HPSAC calibration_valid:  79%|███████▊  | 1048/1333 [01:11<00:19, 14.99it/s]
HPSAC calibration_valid:  79%|███████▉  | 1050/1333 [01:11<00:18, 14.90it/s]
HPSAC calibration_valid:  79%|███████▉  | 1052/1333 [01:12<00:18, 15.02it/s]
HPSAC calibration_valid:  79%|███████▉  | 1054/1333 [01:12<00:18, 15.07it/s]
HPSAC calibration_valid:  79%|███████▉  | 1056/1333 [01:12<00:18, 15.06it/s]
HPSAC calibration_valid:  79%|███████▉  | 1058/1333 [01:12<00:18, 15.05it/s]
HPSAC calibration_valid:  80%|███████▉  | 1060/1333 [01:12<00:17, 15.20it/s]
HPSAC calibration_valid:  80%|███████▉  | 1062/1333 [01:12<00:17, 15.25it/s]
HPSAC calibration_valid:  80%|███████▉  | 1064/1333 [01:12<00:17, 15.19it/s]
HPSAC calibration_valid:  80%|███████▉  | 1066/1333 [01:12<00:17, 15.27it/s]
HPSAC calibration_valid:  80%|████████  | 1068/1333 [01:13<00:17, 15.09it/s]
HPSAC calibration_valid:  80%|████████  | 1070/1333 [01:13<00:17, 15.31it/s]
HPSAC calibration_valid:  80%|████████  | 1072/1333 [01:13<00:17, 15.28it/s]
HPSAC calibration_valid:  81%|████████  | 1074/1333 [01:13<00:17, 15.21it/s]
HPSAC calibration_valid:  81%|████████  | 1076/1333 [01:13<00:16, 15.26it/s]
HPSAC calibration_valid:  81%|████████  | 1078/1333 [01:13<00:16, 15.26it/s]
HPSAC calibration_valid:  81%|████████  | 1080/1333 [01:13<00:16, 15.19it/s]
HPSAC calibration_valid:  81%|████████  | 1082/1333 [01:14<00:16, 15.12it/s]
HPSAC calibration_valid:  81%|████████▏ | 1084/1333 [01:14<00:16, 15.28it/s]
HPSAC calibration_valid:  81%|████████▏ | 1086/1333 [01:14<00:16, 15.17it/s]
HPSAC calibration_valid:  82%|████████▏ | 1088/1333 [01:14<00:16, 15.19it/s]
HPSAC calibration_valid:  82%|████████▏ | 1090/1333 [01:14<00:15, 15.25it/s]
HPSAC calibration_valid:  82%|████████▏ | 1092/1333 [01:14<00:15, 15.26it/s]
HPSAC calibration_valid:  82%|████████▏ | 1094/1333 [01:14<00:15, 15.19it/s]
HPSAC calibration_valid:  82%|████████▏ | 1096/1333 [01:14<00:15, 15.29it/s]
HPSAC calibration_valid:  82%|████████▏ | 1098/1333 [01:15<00:15, 15.19it/s]
HPSAC calibration_valid:  83%|████████▎ | 1100/1333 [01:15<00:15, 15.16it/s]
HPSAC calibration_valid:  83%|████████▎ | 1102/1333 [01:15<00:15, 15.14it/s]
HPSAC calibration_valid:  83%|████████▎ | 1104/1333 [01:15<00:15, 15.23it/s]
HPSAC calibration_valid:  83%|████████▎ | 1106/1333 [01:15<00:14, 15.40it/s]
HPSAC calibration_valid:  83%|████████▎ | 1108/1333 [01:15<00:14, 15.17it/s]
HPSAC calibration_valid:  83%|████████▎ | 1110/1333 [01:15<00:14, 15.22it/s]
HPSAC calibration_valid:  83%|████████▎ | 1112/1333 [01:15<00:14, 15.14it/s]
HPSAC calibration_valid:  84%|████████▎ | 1114/1333 [01:16<00:14, 15.10it/s]
HPSAC calibration_valid:  84%|████████▎ | 1116/1333 [01:16<00:14, 15.03it/s]
HPSAC calibration_valid:  84%|████████▍ | 1118/1333 [01:16<00:14, 15.13it/s]
HPSAC calibration_valid:  84%|████████▍ | 1120/1333 [01:16<00:13, 15.22it/s]
HPSAC calibration_valid:  84%|████████▍ | 1122/1333 [01:16<00:13, 15.20it/s]
HPSAC calibration_valid:  84%|████████▍ | 1124/1333 [01:16<00:13, 15.17it/s]
HPSAC calibration_valid:  84%|████████▍ | 1126/1333 [01:16<00:13, 15.23it/s]
HPSAC calibration_valid:  85%|████████▍ | 1128/1333 [01:17<00:13, 15.02it/s]
HPSAC calibration_valid:  85%|████████▍ | 1130/1333 [01:17<00:13, 15.07it/s]
HPSAC calibration_valid:  85%|████████▍ | 1132/1333 [01:17<00:13, 15.08it/s]
HPSAC calibration_valid:  85%|████████▌ | 1134/1333 [01:17<00:13, 15.11it/s]
HPSAC calibration_valid:  85%|████████▌ | 1136/1333 [01:17<00:12, 15.28it/s]
HPSAC calibration_valid:  85%|████████▌ | 1138/1333 [01:17<00:12, 15.26it/s]
HPSAC calibration_valid:  86%|████████▌ | 1140/1333 [01:17<00:12, 15.27it/s]
HPSAC calibration_valid:  86%|████████▌ | 1142/1333 [01:17<00:12, 15.42it/s]
HPSAC calibration_valid:  86%|████████▌ | 1144/1333 [01:18<00:12, 15.45it/s]
HPSAC calibration_valid:  86%|████████▌ | 1146/1333 [01:18<00:12, 15.38it/s]
HPSAC calibration_valid:  86%|████████▌ | 1148/1333 [01:18<00:12, 15.33it/s]
HPSAC calibration_valid:  86%|████████▋ | 1150/1333 [01:18<00:12, 15.25it/s]
HPSAC calibration_valid:  86%|████████▋ | 1152/1333 [01:18<00:11, 15.27it/s]
HPSAC calibration_valid:  87%|████████▋ | 1154/1333 [01:18<00:11, 15.31it/s]
HPSAC calibration_valid:  87%|████████▋ | 1156/1333 [01:18<00:11, 15.21it/s]
HPSAC calibration_valid:  87%|████████▋ | 1158/1333 [01:19<00:11, 15.21it/s]
HPSAC calibration_valid:  87%|████████▋ | 1160/1333 [01:19<00:11, 15.09it/s]
HPSAC calibration_valid:  87%|████████▋ | 1162/1333 [01:19<00:11, 14.96it/s]
HPSAC calibration_valid:  87%|████████▋ | 1164/1333 [01:19<00:11, 14.46it/s]
HPSAC calibration_valid:  87%|████████▋ | 1166/1333 [01:19<00:11, 14.35it/s]
HPSAC calibration_valid:  88%|████████▊ | 1168/1333 [01:19<00:11, 14.28it/s]
HPSAC calibration_valid:  88%|████████▊ | 1170/1333 [01:19<00:11, 14.19it/s]
HPSAC calibration_valid:  88%|████████▊ | 1172/1333 [01:20<00:11, 14.02it/s]
HPSAC calibration_valid:  88%|████████▊ | 1174/1333 [01:20<00:11, 13.91it/s]
HPSAC calibration_valid:  88%|████████▊ | 1176/1333 [01:20<00:11, 13.99it/s]
HPSAC calibration_valid:  88%|████████▊ | 1178/1333 [01:20<00:11, 13.79it/s]
HPSAC calibration_valid:  89%|████████▊ | 1180/1333 [01:20<00:10, 14.05it/s]
HPSAC calibration_valid:  89%|████████▊ | 1182/1333 [01:20<00:10, 14.02it/s]
HPSAC calibration_valid:  89%|████████▉ | 1184/1333 [01:20<00:10, 14.07it/s]
HPSAC calibration_valid:  89%|████████▉ | 1186/1333 [01:20<00:10, 14.21it/s]
HPSAC calibration_valid:  89%|████████▉ | 1188/1333 [01:21<00:10, 14.24it/s]
HPSAC calibration_valid:  89%|████████▉ | 1190/1333 [01:21<00:09, 14.36it/s]
HPSAC calibration_valid:  89%|████████▉ | 1192/1333 [01:21<00:09, 14.61it/s]
HPSAC calibration_valid:  90%|████████▉ | 1194/1333 [01:21<00:09, 14.58it/s]
HPSAC calibration_valid:  90%|████████▉ | 1196/1333 [01:21<00:09, 14.79it/s]
HPSAC calibration_valid:  90%|████████▉ | 1198/1333 [01:21<00:09, 14.85it/s]
HPSAC calibration_valid:  90%|█████████ | 1200/1333 [01:21<00:08, 14.84it/s]
HPSAC calibration_valid:  90%|█████████ | 1202/1333 [01:22<00:08, 14.97it/s]
HPSAC calibration_valid:  90%|█████████ | 1204/1333 [01:22<00:08, 14.91it/s]
HPSAC calibration_valid:  90%|█████████ | 1206/1333 [01:22<00:08, 14.90it/s]
HPSAC calibration_valid:  91%|█████████ | 1208/1333 [01:22<00:08, 14.70it/s]
HPSAC calibration_valid:  91%|█████████ | 1210/1333 [01:22<00:08, 14.23it/s]
HPSAC calibration_valid:  91%|█████████ | 1212/1333 [01:22<00:08, 14.12it/s]
HPSAC calibration_valid:  91%|█████████ | 1214/1333 [01:22<00:08, 13.75it/s]
HPSAC calibration_valid:  91%|█████████ | 1216/1333 [01:23<00:08, 13.55it/s]
HPSAC calibration_valid:  91%|█████████▏| 1218/1333 [01:23<00:08, 13.70it/s]
HPSAC calibration_valid:  92%|█████████▏| 1220/1333 [01:23<00:08, 13.76it/s]
HPSAC calibration_valid:  92%|█████████▏| 1222/1333 [01:23<00:08, 13.79it/s]
HPSAC calibration_valid:  92%|█████████▏| 1224/1333 [01:23<00:07, 13.69it/s]
HPSAC calibration_valid:  92%|█████████▏| 1226/1333 [01:23<00:07, 13.55it/s]
HPSAC calibration_valid:  92%|█████████▏| 1228/1333 [01:23<00:07, 13.48it/s]
HPSAC calibration_valid:  92%|█████████▏| 1230/1333 [01:24<00:07, 13.60it/s]
HPSAC calibration_valid:  92%|█████████▏| 1232/1333 [01:24<00:07, 13.71it/s]
HPSAC calibration_valid:  93%|█████████▎| 1234/1333 [01:24<00:07, 13.85it/s]
HPSAC calibration_valid:  93%|█████████▎| 1236/1333 [01:24<00:06, 13.97it/s]
HPSAC calibration_valid:  93%|█████████▎| 1238/1333 [01:24<00:06, 14.14it/s]
HPSAC calibration_valid:  93%|█████████▎| 1240/1333 [01:24<00:06, 14.30it/s]
HPSAC calibration_valid:  93%|█████████▎| 1242/1333 [01:24<00:06, 14.55it/s]
HPSAC calibration_valid:  93%|█████████▎| 1244/1333 [01:25<00:06, 14.74it/s]
HPSAC calibration_valid:  93%|█████████▎| 1246/1333 [01:25<00:05, 14.55it/s]
HPSAC calibration_valid:  94%|█████████▎| 1248/1333 [01:25<00:05, 14.61it/s]
HPSAC calibration_valid:  94%|█████████▍| 1250/1333 [01:25<00:05, 14.85it/s]
HPSAC calibration_valid:  94%|█████████▍| 1252/1333 [01:25<00:05, 14.98it/s]
HPSAC calibration_valid:  94%|█████████▍| 1254/1333 [01:25<00:05, 14.98it/s]
HPSAC calibration_valid:  94%|█████████▍| 1256/1333 [01:25<00:05, 15.07it/s]
HPSAC calibration_valid:  94%|█████████▍| 1258/1333 [01:26<00:04, 15.08it/s]
HPSAC calibration_valid:  95%|█████████▍| 1260/1333 [01:26<00:04, 15.04it/s]
HPSAC calibration_valid:  95%|█████████▍| 1262/1333 [01:26<00:04, 14.77it/s]
HPSAC calibration_valid:  95%|█████████▍| 1264/1333 [01:26<00:04, 14.83it/s]
HPSAC calibration_valid:  95%|█████████▍| 1266/1333 [01:26<00:04, 14.87it/s]
HPSAC calibration_valid:  95%|█████████▌| 1268/1333 [01:26<00:04, 14.93it/s]
HPSAC calibration_valid:  95%|█████████▌| 1270/1333 [01:26<00:04, 14.80it/s]
HPSAC calibration_valid:  95%|█████████▌| 1272/1333 [01:26<00:04, 14.84it/s]
HPSAC calibration_valid:  96%|█████████▌| 1274/1333 [01:27<00:03, 14.82it/s]
HPSAC calibration_valid:  96%|█████████▌| 1276/1333 [01:27<00:03, 14.61it/s]
HPSAC calibration_valid:  96%|█████████▌| 1278/1333 [01:27<00:03, 14.44it/s]
HPSAC calibration_valid:  96%|█████████▌| 1280/1333 [01:27<00:03, 14.18it/s]
HPSAC calibration_valid:  96%|█████████▌| 1282/1333 [01:27<00:03, 14.20it/s]
HPSAC calibration_valid:  96%|█████████▋| 1284/1333 [01:27<00:03, 14.25it/s]
HPSAC calibration_valid:  96%|█████████▋| 1286/1333 [01:27<00:03, 14.00it/s]
HPSAC calibration_valid:  97%|█████████▋| 1288/1333 [01:28<00:03, 13.72it/s]
HPSAC calibration_valid:  97%|█████████▋| 1290/1333 [01:28<00:03, 13.80it/s]
HPSAC calibration_valid:  97%|█████████▋| 1292/1333 [01:28<00:02, 13.89it/s]
HPSAC calibration_valid:  97%|█████████▋| 1294/1333 [01:28<00:02, 14.19it/s]
HPSAC calibration_valid:  97%|█████████▋| 1296/1333 [01:28<00:02, 14.26it/s]
HPSAC calibration_valid:  97%|█████████▋| 1298/1333 [01:28<00:02, 14.42it/s]
HPSAC calibration_valid:  98%|█████████▊| 1300/1333 [01:28<00:02, 14.47it/s]
HPSAC calibration_valid:  98%|█████████▊| 1302/1333 [01:29<00:02, 14.65it/s]
HPSAC calibration_valid:  98%|█████████▊| 1304/1333 [01:29<00:01, 14.68it/s]
HPSAC calibration_valid:  98%|█████████▊| 1306/1333 [01:29<00:01, 14.54it/s]
HPSAC calibration_valid:  98%|█████████▊| 1308/1333 [01:29<00:01, 14.48it/s]
HPSAC calibration_valid:  98%|█████████▊| 1310/1333 [01:29<00:01, 14.48it/s]
HPSAC calibration_valid:  98%|█████████▊| 1312/1333 [01:29<00:01, 14.44it/s]
HPSAC calibration_valid:  99%|█████████▊| 1314/1333 [01:29<00:01, 14.48it/s]
HPSAC calibration_valid:  99%|█████████▊| 1316/1333 [01:30<00:01, 14.45it/s]
HPSAC calibration_valid:  99%|█████████▉| 1318/1333 [01:30<00:01, 14.63it/s]
HPSAC calibration_valid:  99%|█████████▉| 1320/1333 [01:30<00:00, 14.56it/s]
HPSAC calibration_valid:  99%|█████████▉| 1322/1333 [01:30<00:00, 14.57it/s]
HPSAC calibration_valid:  99%|█████████▉| 1324/1333 [01:30<00:00, 14.66it/s]
HPSAC calibration_valid:  99%|█████████▉| 1326/1333 [01:30<00:00, 14.58it/s]
HPSAC calibration_valid: 100%|█████████▉| 1328/1333 [01:30<00:00, 14.50it/s]
HPSAC calibration_valid: 100%|█████████▉| 1330/1333 [01:30<00:00, 14.50it/s]
HPSAC calibration_valid: 100%|█████████▉| 1332/1333 [01:31<00:00, 14.74it/s]
                                                                            

HPSAC test:   0%|          | 0/2663 [00:00<?, ?it/s]
HPSAC test:   0%|          | 2/2663 [00:00<02:58, 14.94it/s]
HPSAC test:   0%|          | 4/2663 [00:00<02:55, 15.19it/s]
HPSAC test:   0%|          | 6/2663 [00:00<02:57, 14.99it/s]
HPSAC test:   0%|          | 8/2663 [00:00<02:56, 15.03it/s]
HPSAC test:   0%|          | 10/2663 [00:00<02:55, 15.08it/s]
HPSAC test:   0%|          | 12/2663 [00:00<02:54, 15.20it/s]
HPSAC test:   1%|          | 14/2663 [00:00<02:54, 15.14it/s]
HPSAC test:   1%|          | 16/2663 [00:01<02:56, 15.01it/s]
HPSAC test:   1%|          | 18/2663 [00:01<02:54, 15.12it/s]
HPSAC test:   1%|          | 20/2663 [00:01<02:55, 15.07it/s]
HPSAC test:   1%|          | 22/2663 [00:01<02:55, 15.03it/s]
HPSAC test:   1%|          | 24/2663 [00:01<02:54, 15.10it/s]
HPSAC test:   1%|          | 26/2663 [00:01<02:54, 15.10it/s]
HPSAC test:   1%|          | 28/2663 [00:01<02:54, 15.10it/s]
HPSAC test:   1%|          | 30/2663 [00:01<02:54, 15.05it/s]
HPSAC test:   1%|          | 32/2663 [00:02<02:54, 15.04it/s]
HPSAC test:   1%|▏         | 34/2663 [00:02<02:53, 15.14it/s]
HPSAC test:   1%|▏         | 36/2663 [00:02<02:50, 15.37it/s]
HPSAC test:   1%|▏         | 38/2663 [00:02<02:52, 15.22it/s]
HPSAC test:   2%|▏         | 40/2663 [00:02<02:55, 14.94it/s]
HPSAC test:   2%|▏         | 42/2663 [00:02<02:53, 15.12it/s]
HPSAC test:   2%|▏         | 44/2663 [00:02<02:55, 14.88it/s]
HPSAC test:   2%|▏         | 46/2663 [00:03<02:54, 14.96it/s]
HPSAC test:   2%|▏         | 48/2663 [00:03<02:55, 14.94it/s]
HPSAC test:   2%|▏         | 50/2663 [00:03<02:53, 15.04it/s]
HPSAC test:   2%|▏         | 52/2663 [00:03<02:53, 15.04it/s]
HPSAC test:   2%|▏         | 54/2663 [00:03<02:52, 15.11it/s]
HPSAC test:   2%|▏         | 56/2663 [00:03<02:53, 15.01it/s]
HPSAC test:   2%|▏         | 58/2663 [00:03<02:53, 15.00it/s]
HPSAC test:   2%|▏         | 60/2663 [00:03<02:52, 15.08it/s]
HPSAC test:   2%|▏         | 62/2663 [00:04<02:50, 15.25it/s]
HPSAC test:   2%|▏         | 64/2663 [00:04<02:51, 15.11it/s]
HPSAC test:   2%|▏         | 66/2663 [00:04<02:52, 15.04it/s]
HPSAC test:   3%|▎         | 68/2663 [00:04<02:52, 15.03it/s]
HPSAC test:   3%|▎         | 70/2663 [00:04<02:51, 15.08it/s]
HPSAC test:   3%|▎         | 72/2663 [00:04<02:51, 15.15it/s]
HPSAC test:   3%|▎         | 74/2663 [00:04<02:51, 15.10it/s]
HPSAC test:   3%|▎         | 76/2663 [00:05<02:51, 15.10it/s]
HPSAC test:   3%|▎         | 78/2663 [00:05<02:52, 15.01it/s]
HPSAC test:   3%|▎         | 80/2663 [00:05<02:52, 15.02it/s]
HPSAC test:   3%|▎         | 82/2663 [00:05<02:52, 14.99it/s]
HPSAC test:   3%|▎         | 84/2663 [00:05<02:51, 15.05it/s]
HPSAC test:   3%|▎         | 86/2663 [00:05<02:54, 14.81it/s]
HPSAC test:   3%|▎         | 88/2663 [00:05<02:53, 14.84it/s]
HPSAC test:   3%|▎         | 90/2663 [00:05<02:54, 14.75it/s]
HPSAC test:   3%|▎         | 92/2663 [00:06<02:54, 14.76it/s]
HPSAC test:   4%|▎         | 94/2663 [00:06<02:54, 14.74it/s]
HPSAC test:   4%|▎         | 96/2663 [00:06<02:50, 15.04it/s]
HPSAC test:   4%|▎         | 98/2663 [00:06<02:48, 15.23it/s]
HPSAC test:   4%|▍         | 100/2663 [00:06<02:48, 15.23it/s]
HPSAC test:   4%|▍         | 102/2663 [00:06<02:48, 15.16it/s]
HPSAC test:   4%|▍         | 104/2663 [00:06<02:49, 15.10it/s]
HPSAC test:   4%|▍         | 106/2663 [00:07<02:50, 15.04it/s]
HPSAC test:   4%|▍         | 108/2663 [00:07<02:49, 15.09it/s]
HPSAC test:   4%|▍         | 110/2663 [00:07<02:48, 15.17it/s]
HPSAC test:   4%|▍         | 112/2663 [00:07<02:47, 15.21it/s]
HPSAC test:   4%|▍         | 114/2663 [00:07<02:46, 15.28it/s]
HPSAC test:   4%|▍         | 116/2663 [00:07<02:48, 15.08it/s]
HPSAC test:   4%|▍         | 118/2663 [00:07<02:49, 14.99it/s]
HPSAC test:   5%|▍         | 120/2663 [00:07<02:51, 14.84it/s]
HPSAC test:   5%|▍         | 122/2663 [00:08<02:51, 14.85it/s]
HPSAC test:   5%|▍         | 124/2663 [00:08<02:50, 14.91it/s]
HPSAC test:   5%|▍         | 126/2663 [00:08<02:49, 15.00it/s]
HPSAC test:   5%|▍         | 128/2663 [00:08<02:48, 15.06it/s]
HPSAC test:   5%|▍         | 130/2663 [00:08<02:47, 15.14it/s]
HPSAC test:   5%|▍         | 132/2663 [00:08<02:47, 15.11it/s]
HPSAC test:   5%|▌         | 134/2663 [00:08<02:48, 14.99it/s]
HPSAC test:   5%|▌         | 136/2663 [00:09<02:48, 15.01it/s]
HPSAC test:   5%|▌         | 138/2663 [00:09<02:48, 15.00it/s]
HPSAC test:   5%|▌         | 140/2663 [00:09<02:48, 15.00it/s]
HPSAC test:   5%|▌         | 142/2663 [00:09<02:47, 15.02it/s]
HPSAC test:   5%|▌         | 144/2663 [00:09<02:47, 15.07it/s]
HPSAC test:   5%|▌         | 146/2663 [00:09<02:46, 15.13it/s]
HPSAC test:   6%|▌         | 148/2663 [00:09<02:45, 15.23it/s]
HPSAC test:   6%|▌         | 150/2663 [00:09<02:46, 15.11it/s]
HPSAC test:   6%|▌         | 152/2663 [00:10<02:45, 15.15it/s]
HPSAC test:   6%|▌         | 154/2663 [00:10<02:45, 15.17it/s]
HPSAC test:   6%|▌         | 156/2663 [00:10<02:44, 15.22it/s]
HPSAC test:   6%|▌         | 158/2663 [00:10<02:44, 15.25it/s]
HPSAC test:   6%|▌         | 160/2663 [00:10<02:45, 15.12it/s]
HPSAC test:   6%|▌         | 162/2663 [00:10<02:46, 15.04it/s]
HPSAC test:   6%|▌         | 164/2663 [00:10<02:45, 15.10it/s]
HPSAC test:   6%|▌         | 166/2663 [00:11<02:45, 15.08it/s]
HPSAC test:   6%|▋         | 168/2663 [00:11<02:44, 15.16it/s]
HPSAC test:   6%|▋         | 170/2663 [00:11<02:44, 15.20it/s]
HPSAC test:   6%|▋         | 172/2663 [00:11<02:43, 15.27it/s]
HPSAC test:   7%|▋         | 174/2663 [00:11<02:44, 15.12it/s]
HPSAC test:   7%|▋         | 176/2663 [00:11<02:46, 14.93it/s]
HPSAC test:   7%|▋         | 178/2663 [00:11<02:45, 15.02it/s]
HPSAC test:   7%|▋         | 180/2663 [00:11<02:45, 15.03it/s]
HPSAC test:   7%|▋         | 182/2663 [00:12<02:45, 15.02it/s]
HPSAC test:   7%|▋         | 184/2663 [00:12<02:44, 15.05it/s]
HPSAC test:   7%|▋         | 186/2663 [00:12<02:42, 15.21it/s]
HPSAC test:   7%|▋         | 188/2663 [00:12<02:43, 15.17it/s]
HPSAC test:   7%|▋         | 190/2663 [00:12<02:44, 15.08it/s]
HPSAC test:   7%|▋         | 192/2663 [00:12<02:43, 15.12it/s]
HPSAC test:   7%|▋         | 194/2663 [00:12<02:44, 15.03it/s]
HPSAC test:   7%|▋         | 196/2663 [00:13<02:43, 15.13it/s]
HPSAC test:   7%|▋         | 198/2663 [00:13<02:43, 15.07it/s]
HPSAC test:   8%|▊         | 200/2663 [00:13<02:45, 14.84it/s]
HPSAC test:   8%|▊         | 202/2663 [00:13<02:45, 14.91it/s]
HPSAC test:   8%|▊         | 204/2663 [00:13<02:45, 14.82it/s]
HPSAC test:   8%|▊         | 206/2663 [00:13<02:45, 14.86it/s]
HPSAC test:   8%|▊         | 208/2663 [00:13<02:43, 15.03it/s]
HPSAC test:   8%|▊         | 210/2663 [00:13<02:42, 15.05it/s]
HPSAC test:   8%|▊         | 212/2663 [00:14<02:42, 15.05it/s]
HPSAC test:   8%|▊         | 214/2663 [00:14<02:41, 15.15it/s]
HPSAC test:   8%|▊         | 216/2663 [00:14<02:41, 15.14it/s]
HPSAC test:   8%|▊         | 218/2663 [00:14<02:40, 15.24it/s]
HPSAC test:   8%|▊         | 220/2663 [00:14<02:40, 15.24it/s]
HPSAC test:   8%|▊         | 222/2663 [00:14<02:41, 15.11it/s]
HPSAC test:   8%|▊         | 224/2663 [00:14<02:40, 15.22it/s]
HPSAC test:   8%|▊         | 226/2663 [00:14<02:40, 15.15it/s]
HPSAC test:   9%|▊         | 228/2663 [00:15<02:40, 15.21it/s]
HPSAC test:   9%|▊         | 230/2663 [00:15<02:39, 15.21it/s]
HPSAC test:   9%|▊         | 232/2663 [00:15<02:41, 15.10it/s]
HPSAC test:   9%|▉         | 234/2663 [00:15<02:40, 15.11it/s]
HPSAC test:   9%|▉         | 236/2663 [00:15<02:39, 15.18it/s]
HPSAC test:   9%|▉         | 238/2663 [00:15<02:40, 15.16it/s]
HPSAC test:   9%|▉         | 240/2663 [00:15<02:39, 15.18it/s]
HPSAC test:   9%|▉         | 242/2663 [00:16<02:38, 15.29it/s]
HPSAC test:   9%|▉         | 244/2663 [00:16<02:38, 15.28it/s]
HPSAC test:   9%|▉         | 246/2663 [00:16<02:39, 15.16it/s]
HPSAC test:   9%|▉         | 248/2663 [00:16<02:40, 15.07it/s]
HPSAC test:   9%|▉         | 250/2663 [00:16<02:41, 14.91it/s]
HPSAC test:   9%|▉         | 252/2663 [00:16<02:40, 15.02it/s]
HPSAC test:  10%|▉         | 254/2663 [00:16<02:39, 15.06it/s]
HPSAC test:  10%|▉         | 256/2663 [00:16<02:40, 14.99it/s]
HPSAC test:  10%|▉         | 258/2663 [00:17<02:39, 15.07it/s]
HPSAC test:  10%|▉         | 260/2663 [00:17<02:39, 15.08it/s]
HPSAC test:  10%|▉         | 262/2663 [00:17<02:40, 14.95it/s]
HPSAC test:  10%|▉         | 264/2663 [00:17<02:40, 14.95it/s]
HPSAC test:  10%|▉         | 266/2663 [00:17<02:40, 14.93it/s]
HPSAC test:  10%|█         | 268/2663 [00:17<02:41, 14.85it/s]
HPSAC test:  10%|█         | 270/2663 [00:17<02:39, 14.99it/s]
HPSAC test:  10%|█         | 272/2663 [00:18<02:40, 14.91it/s]
HPSAC test:  10%|█         | 274/2663 [00:18<02:40, 14.91it/s]
HPSAC test:  10%|█         | 276/2663 [00:18<02:39, 15.00it/s]
HPSAC test:  10%|█         | 278/2663 [00:18<02:38, 15.04it/s]
HPSAC test:  11%|█         | 280/2663 [00:18<02:40, 14.84it/s]
HPSAC test:  11%|█         | 282/2663 [00:18<02:39, 14.97it/s]
HPSAC test:  11%|█         | 284/2663 [00:18<02:39, 14.89it/s]
HPSAC test:  11%|█         | 286/2663 [00:18<02:39, 14.91it/s]
HPSAC test:  11%|█         | 288/2663 [00:19<02:38, 15.01it/s]
HPSAC test:  11%|█         | 290/2663 [00:19<02:36, 15.12it/s]
HPSAC test:  11%|█         | 292/2663 [00:19<02:36, 15.17it/s]
HPSAC test:  11%|█         | 294/2663 [00:19<02:38, 14.97it/s]
HPSAC test:  11%|█         | 296/2663 [00:19<02:36, 15.13it/s]
HPSAC test:  11%|█         | 298/2663 [00:19<02:35, 15.18it/s]
HPSAC test:  11%|█▏        | 300/2663 [00:19<02:36, 15.13it/s]
HPSAC test:  11%|█▏        | 302/2663 [00:20<02:35, 15.15it/s]
HPSAC test:  11%|█▏        | 304/2663 [00:20<02:35, 15.20it/s]
HPSAC test:  11%|█▏        | 306/2663 [00:20<02:35, 15.18it/s]
HPSAC test:  12%|█▏        | 308/2663 [00:20<02:37, 14.98it/s]
HPSAC test:  12%|█▏        | 310/2663 [00:20<02:35, 15.10it/s]
HPSAC test:  12%|█▏        | 312/2663 [00:20<02:34, 15.21it/s]
HPSAC test:  12%|█▏        | 314/2663 [00:20<02:34, 15.22it/s]
HPSAC test:  12%|█▏        | 316/2663 [00:20<02:34, 15.14it/s]
HPSAC test:  12%|█▏        | 318/2663 [00:21<02:35, 15.12it/s]
HPSAC test:  12%|█▏        | 320/2663 [00:21<02:36, 15.01it/s]
HPSAC test:  12%|█▏        | 322/2663 [00:21<02:34, 15.18it/s]
HPSAC test:  12%|█▏        | 324/2663 [00:21<02:35, 15.05it/s]
HPSAC test:  12%|█▏        | 326/2663 [00:21<02:34, 15.12it/s]
HPSAC test:  12%|█▏        | 328/2663 [00:21<02:35, 14.98it/s]
HPSAC test:  12%|█▏        | 330/2663 [00:21<02:36, 14.93it/s]
HPSAC test:  12%|█▏        | 332/2663 [00:22<02:36, 14.88it/s]
HPSAC test:  13%|█▎        | 334/2663 [00:22<02:35, 14.96it/s]
HPSAC test:  13%|█▎        | 336/2663 [00:22<02:35, 14.94it/s]
HPSAC test:  13%|█▎        | 338/2663 [00:22<02:35, 14.91it/s]
HPSAC test:  13%|█▎        | 340/2663 [00:22<02:37, 14.77it/s]
HPSAC test:  13%|█▎        | 342/2663 [00:22<02:35, 14.92it/s]
HPSAC test:  13%|█▎        | 344/2663 [00:22<02:34, 14.99it/s]
HPSAC test:  13%|█▎        | 346/2663 [00:22<02:33, 15.10it/s]
HPSAC test:  13%|█▎        | 348/2663 [00:23<02:32, 15.13it/s]
HPSAC test:  13%|█▎        | 350/2663 [00:23<02:31, 15.23it/s]
HPSAC test:  13%|█▎        | 352/2663 [00:23<02:31, 15.27it/s]
HPSAC test:  13%|█▎        | 354/2663 [00:23<02:31, 15.26it/s]
HPSAC test:  13%|█▎        | 356/2663 [00:23<02:31, 15.25it/s]
HPSAC test:  13%|█▎        | 358/2663 [00:23<02:30, 15.34it/s]
HPSAC test:  14%|█▎        | 360/2663 [00:23<02:31, 15.21it/s]
HPSAC test:  14%|█▎        | 362/2663 [00:24<02:30, 15.33it/s]
HPSAC test:  14%|█▎        | 364/2663 [00:24<02:32, 15.12it/s]
HPSAC test:  14%|█▎        | 366/2663 [00:24<02:31, 15.17it/s]
HPSAC test:  14%|█▍        | 368/2663 [00:24<02:31, 15.13it/s]
HPSAC test:  14%|█▍        | 370/2663 [00:24<02:29, 15.29it/s]
HPSAC test:  14%|█▍        | 372/2663 [00:24<02:31, 15.17it/s]
HPSAC test:  14%|█▍        | 374/2663 [00:24<02:32, 15.03it/s]
HPSAC test:  14%|█▍        | 376/2663 [00:24<02:30, 15.23it/s]
HPSAC test:  14%|█▍        | 378/2663 [00:25<02:30, 15.17it/s]
HPSAC test:  14%|█▍        | 380/2663 [00:25<02:32, 15.00it/s]
HPSAC test:  14%|█▍        | 382/2663 [00:25<02:31, 15.04it/s]
HPSAC test:  14%|█▍        | 384/2663 [00:25<02:30, 15.14it/s]
HPSAC test:  14%|█▍        | 386/2663 [00:25<02:30, 15.11it/s]
HPSAC test:  15%|█▍        | 388/2663 [00:25<02:30, 15.08it/s]
HPSAC test:  15%|█▍        | 390/2663 [00:25<02:30, 15.12it/s]
HPSAC test:  15%|█▍        | 392/2663 [00:26<02:28, 15.32it/s]
HPSAC test:  15%|█▍        | 394/2663 [00:26<02:28, 15.28it/s]
HPSAC test:  15%|█▍        | 396/2663 [00:26<02:29, 15.12it/s]
HPSAC test:  15%|█▍        | 398/2663 [00:26<02:30, 15.08it/s]
HPSAC test:  15%|█▌        | 400/2663 [00:26<02:28, 15.23it/s]
HPSAC test:  15%|█▌        | 402/2663 [00:26<02:28, 15.23it/s]
HPSAC test:  15%|█▌        | 404/2663 [00:26<02:28, 15.22it/s]
HPSAC test:  15%|█▌        | 406/2663 [00:26<02:27, 15.27it/s]
HPSAC test:  15%|█▌        | 408/2663 [00:27<02:26, 15.35it/s]
HPSAC test:  15%|█▌        | 410/2663 [00:27<02:26, 15.35it/s]
HPSAC test:  15%|█▌        | 412/2663 [00:27<02:27, 15.26it/s]
HPSAC test:  16%|█▌        | 414/2663 [00:27<02:28, 15.17it/s]
HPSAC test:  16%|█▌        | 416/2663 [00:27<02:28, 15.08it/s]
HPSAC test:  16%|█▌        | 418/2663 [00:27<02:29, 14.98it/s]
HPSAC test:  16%|█▌        | 420/2663 [00:27<02:27, 15.16it/s]
HPSAC test:  16%|█▌        | 422/2663 [00:27<02:27, 15.15it/s]
HPSAC test:  16%|█▌        | 424/2663 [00:28<02:26, 15.24it/s]
HPSAC test:  16%|█▌        | 426/2663 [00:28<02:27, 15.21it/s]
HPSAC test:  16%|█▌        | 428/2663 [00:28<02:26, 15.30it/s]
HPSAC test:  16%|█▌        | 430/2663 [00:28<02:26, 15.22it/s]
HPSAC test:  16%|█▌        | 432/2663 [00:28<02:27, 15.15it/s]
HPSAC test:  16%|█▋        | 434/2663 [00:28<02:26, 15.24it/s]
HPSAC test:  16%|█▋        | 436/2663 [00:28<02:25, 15.27it/s]
HPSAC test:  16%|█▋        | 438/2663 [00:29<02:26, 15.18it/s]
HPSAC test:  17%|█▋        | 440/2663 [00:29<02:32, 14.58it/s]
HPSAC test:  17%|█▋        | 442/2663 [00:29<02:33, 14.45it/s]
HPSAC test:  17%|█▋        | 444/2663 [00:29<02:33, 14.45it/s]
HPSAC test:  17%|█▋        | 446/2663 [00:29<02:35, 14.22it/s]
HPSAC test:  17%|█▋        | 448/2663 [00:29<02:35, 14.29it/s]
HPSAC test:  17%|█▋        | 450/2663 [00:29<02:33, 14.38it/s]
HPSAC test:  17%|█▋        | 452/2663 [00:30<02:31, 14.58it/s]
HPSAC test:  17%|█▋        | 454/2663 [00:30<02:30, 14.65it/s]
HPSAC test:  17%|█▋        | 456/2663 [00:30<02:31, 14.60it/s]
HPSAC test:  17%|█▋        | 458/2663 [00:30<02:33, 14.39it/s]
HPSAC test:  17%|█▋        | 460/2663 [00:30<02:36, 14.08it/s]
HPSAC test:  17%|█▋        | 462/2663 [00:30<02:35, 14.14it/s]
HPSAC test:  17%|█▋        | 464/2663 [00:30<02:35, 14.15it/s]
HPSAC test:  17%|█▋        | 466/2663 [00:30<02:33, 14.28it/s]
HPSAC test:  18%|█▊        | 468/2663 [00:31<02:31, 14.46it/s]
HPSAC test:  18%|█▊        | 470/2663 [00:31<02:33, 14.27it/s]
HPSAC test:  18%|█▊        | 472/2663 [00:31<02:33, 14.30it/s]
HPSAC test:  18%|█▊        | 474/2663 [00:31<02:34, 14.20it/s]
HPSAC test:  18%|█▊        | 476/2663 [00:31<02:33, 14.24it/s]
HPSAC test:  18%|█▊        | 478/2663 [00:31<02:33, 14.26it/s]
HPSAC test:  18%|█▊        | 480/2663 [00:31<02:32, 14.33it/s]
HPSAC test:  18%|█▊        | 482/2663 [00:32<02:30, 14.48it/s]
HPSAC test:  18%|█▊        | 484/2663 [00:32<02:28, 14.72it/s]
HPSAC test:  18%|█▊        | 486/2663 [00:32<02:27, 14.74it/s]
HPSAC test:  18%|█▊        | 488/2663 [00:32<02:25, 14.95it/s]
HPSAC test:  18%|█▊        | 490/2663 [00:32<02:23, 15.10it/s]
HPSAC test:  18%|█▊        | 492/2663 [00:32<02:23, 15.11it/s]
HPSAC test:  19%|█▊        | 494/2663 [00:32<02:22, 15.18it/s]
HPSAC test:  19%|█▊        | 496/2663 [00:33<02:23, 15.15it/s]
HPSAC test:  19%|█▊        | 498/2663 [00:33<02:24, 15.01it/s]
HPSAC test:  19%|█▉        | 500/2663 [00:33<02:25, 14.90it/s]
HPSAC test:  19%|█▉        | 502/2663 [00:33<02:24, 14.96it/s]
HPSAC test:  19%|█▉        | 504/2663 [00:33<02:26, 14.73it/s]
HPSAC test:  19%|█▉        | 506/2663 [00:33<02:28, 14.54it/s]
HPSAC test:  19%|█▉        | 508/2663 [00:33<02:30, 14.36it/s]
HPSAC test:  19%|█▉        | 510/2663 [00:34<02:32, 14.13it/s]
HPSAC test:  19%|█▉        | 512/2663 [00:34<02:34, 13.94it/s]
HPSAC test:  19%|█▉        | 514/2663 [00:34<02:35, 13.82it/s]
HPSAC test:  19%|█▉        | 516/2663 [00:34<02:34, 13.87it/s]
HPSAC test:  19%|█▉        | 518/2663 [00:34<02:37, 13.58it/s]
HPSAC test:  20%|█▉        | 520/2663 [00:34<02:36, 13.70it/s]
HPSAC test:  20%|█▉        | 522/2663 [00:34<02:36, 13.71it/s]
HPSAC test:  20%|█▉        | 524/2663 [00:35<02:34, 13.81it/s]
HPSAC test:  20%|█▉        | 526/2663 [00:35<02:36, 13.66it/s]
HPSAC test:  20%|█▉        | 528/2663 [00:35<02:34, 13.85it/s]
HPSAC test:  20%|█▉        | 530/2663 [00:35<02:31, 14.03it/s]
HPSAC test:  20%|█▉        | 532/2663 [00:35<02:28, 14.37it/s]
HPSAC test:  20%|██        | 534/2663 [00:35<02:26, 14.55it/s]
HPSAC test:  20%|██        | 536/2663 [00:35<02:25, 14.61it/s]
HPSAC test:  20%|██        | 538/2663 [00:35<02:24, 14.71it/s]
HPSAC test:  20%|██        | 540/2663 [00:36<02:23, 14.80it/s]
HPSAC test:  20%|██        | 542/2663 [00:36<02:25, 14.55it/s]
HPSAC test:  20%|██        | 544/2663 [00:36<02:29, 14.19it/s]
HPSAC test:  21%|██        | 546/2663 [00:36<02:29, 14.18it/s]
HPSAC test:  21%|██        | 548/2663 [00:36<02:30, 14.07it/s]
HPSAC test:  21%|██        | 550/2663 [00:36<02:30, 14.06it/s]
HPSAC test:  21%|██        | 552/2663 [00:36<02:28, 14.19it/s]
HPSAC test:  21%|██        | 554/2663 [00:37<02:28, 14.19it/s]
HPSAC test:  21%|██        | 556/2663 [00:37<02:30, 14.02it/s]
HPSAC test:  21%|██        | 558/2663 [00:37<02:30, 13.99it/s]
HPSAC test:  21%|██        | 560/2663 [00:37<02:31, 13.92it/s]
HPSAC test:  21%|██        | 562/2663 [00:37<02:29, 14.04it/s]
HPSAC test:  21%|██        | 564/2663 [00:37<02:30, 13.99it/s]
HPSAC test:  21%|██▏       | 566/2663 [00:37<02:29, 14.03it/s]
HPSAC test:  21%|██▏       | 568/2663 [00:38<02:26, 14.26it/s]
HPSAC test:  21%|██▏       | 570/2663 [00:38<02:24, 14.45it/s]
HPSAC test:  21%|██▏       | 572/2663 [00:38<02:23, 14.53it/s]
HPSAC test:  22%|██▏       | 574/2663 [00:38<02:23, 14.54it/s]
HPSAC test:  22%|██▏       | 576/2663 [00:38<02:23, 14.57it/s]
HPSAC test:  22%|██▏       | 578/2663 [00:38<02:23, 14.52it/s]
HPSAC test:  22%|██▏       | 580/2663 [00:38<02:25, 14.27it/s]
HPSAC test:  22%|██▏       | 582/2663 [00:39<02:25, 14.28it/s]
HPSAC test:  22%|██▏       | 584/2663 [00:39<02:24, 14.41it/s]
HPSAC test:  22%|██▏       | 586/2663 [00:39<02:21, 14.70it/s]
HPSAC test:  22%|██▏       | 588/2663 [00:39<02:19, 14.84it/s]
HPSAC test:  22%|██▏       | 590/2663 [00:39<02:20, 14.72it/s]
HPSAC test:  22%|██▏       | 592/2663 [00:39<02:21, 14.68it/s]
HPSAC test:  22%|██▏       | 594/2663 [00:39<02:23, 14.41it/s]
HPSAC test:  22%|██▏       | 596/2663 [00:40<02:25, 14.23it/s]
HPSAC test:  22%|██▏       | 598/2663 [00:40<02:23, 14.37it/s]
HPSAC test:  23%|██▎       | 600/2663 [00:40<02:24, 14.27it/s]
HPSAC test:  23%|██▎       | 602/2663 [00:40<02:24, 14.29it/s]
HPSAC test:  23%|██▎       | 604/2663 [00:40<02:21, 14.56it/s]
HPSAC test:  23%|██▎       | 606/2663 [00:40<02:19, 14.75it/s]
HPSAC test:  23%|██▎       | 608/2663 [00:40<02:17, 14.98it/s]
HPSAC test:  23%|██▎       | 610/2663 [00:40<02:16, 15.02it/s]
HPSAC test:  23%|██▎       | 612/2663 [00:41<02:16, 15.03it/s]
HPSAC test:  23%|██▎       | 614/2663 [00:41<02:16, 14.97it/s]
HPSAC test:  23%|██▎       | 616/2663 [00:41<02:15, 15.07it/s]
HPSAC test:  23%|██▎       | 618/2663 [00:41<02:15, 15.08it/s]
HPSAC test:  23%|██▎       | 620/2663 [00:41<02:14, 15.17it/s]
HPSAC test:  23%|██▎       | 622/2663 [00:41<02:13, 15.25it/s]
HPSAC test:  23%|██▎       | 624/2663 [00:41<02:13, 15.27it/s]
HPSAC test:  24%|██▎       | 626/2663 [00:42<02:13, 15.21it/s]
HPSAC test:  24%|██▎       | 628/2663 [00:42<02:14, 15.11it/s]
HPSAC test:  24%|██▎       | 630/2663 [00:42<02:14, 15.12it/s]
HPSAC test:  24%|██▎       | 632/2663 [00:42<02:14, 15.09it/s]
HPSAC test:  24%|██▍       | 634/2663 [00:42<02:14, 15.10it/s]
HPSAC test:  24%|██▍       | 636/2663 [00:42<02:14, 15.08it/s]
HPSAC test:  24%|██▍       | 638/2663 [00:42<02:13, 15.19it/s]
HPSAC test:  24%|██▍       | 640/2663 [00:42<02:13, 15.10it/s]
HPSAC test:  24%|██▍       | 642/2663 [00:43<02:12, 15.21it/s]
HPSAC test:  24%|██▍       | 644/2663 [00:43<02:14, 14.96it/s]
HPSAC test:  24%|██▍       | 646/2663 [00:43<02:15, 14.88it/s]
HPSAC test:  24%|██▍       | 648/2663 [00:43<02:15, 14.91it/s]
HPSAC test:  24%|██▍       | 650/2663 [00:43<02:14, 14.98it/s]
HPSAC test:  24%|██▍       | 652/2663 [00:43<02:13, 15.03it/s]
HPSAC test:  25%|██▍       | 654/2663 [00:43<02:13, 15.04it/s]
HPSAC test:  25%|██▍       | 656/2663 [00:44<02:13, 15.04it/s]
HPSAC test:  25%|██▍       | 658/2663 [00:44<02:12, 15.13it/s]
HPSAC test:  25%|██▍       | 660/2663 [00:44<02:12, 15.17it/s]
HPSAC test:  25%|██▍       | 662/2663 [00:44<02:13, 15.04it/s]
HPSAC test:  25%|██▍       | 664/2663 [00:44<02:12, 15.10it/s]
HPSAC test:  25%|██▌       | 666/2663 [00:44<02:11, 15.22it/s]
HPSAC test:  25%|██▌       | 668/2663 [00:44<02:11, 15.19it/s]
HPSAC test:  25%|██▌       | 670/2663 [00:44<02:11, 15.16it/s]
HPSAC test:  25%|██▌       | 672/2663 [00:45<02:11, 15.17it/s]
HPSAC test:  25%|██▌       | 674/2663 [00:45<02:10, 15.21it/s]
HPSAC test:  25%|██▌       | 676/2663 [00:45<02:10, 15.20it/s]
HPSAC test:  25%|██▌       | 678/2663 [00:45<02:09, 15.30it/s]
HPSAC test:  26%|██▌       | 680/2663 [00:45<02:09, 15.27it/s]
HPSAC test:  26%|██▌       | 682/2663 [00:45<02:11, 15.04it/s]
HPSAC test:  26%|██▌       | 684/2663 [00:45<02:12, 14.92it/s]
HPSAC test:  26%|██▌       | 686/2663 [00:46<02:12, 14.97it/s]
HPSAC test:  26%|██▌       | 688/2663 [00:46<02:10, 15.08it/s]
HPSAC test:  26%|██▌       | 690/2663 [00:46<02:09, 15.19it/s]
HPSAC test:  26%|██▌       | 692/2663 [00:46<02:10, 15.16it/s]
HPSAC test:  26%|██▌       | 694/2663 [00:46<02:09, 15.16it/s]
HPSAC test:  26%|██▌       | 696/2663 [00:46<02:08, 15.26it/s]
HPSAC test:  26%|██▌       | 698/2663 [00:46<02:10, 15.06it/s]
HPSAC test:  26%|██▋       | 700/2663 [00:46<02:10, 15.08it/s]
HPSAC test:  26%|██▋       | 702/2663 [00:47<02:10, 15.05it/s]
HPSAC test:  26%|██▋       | 704/2663 [00:47<02:09, 15.14it/s]
HPSAC test:  27%|██▋       | 706/2663 [00:47<02:08, 15.25it/s]
HPSAC test:  27%|██▋       | 708/2663 [00:47<02:08, 15.27it/s]
HPSAC test:  27%|██▋       | 710/2663 [00:47<02:07, 15.36it/s]
HPSAC test:  27%|██▋       | 712/2663 [00:47<02:07, 15.26it/s]
HPSAC test:  27%|██▋       | 714/2663 [00:47<02:07, 15.30it/s]
HPSAC test:  27%|██▋       | 716/2663 [00:47<02:07, 15.28it/s]
HPSAC test:  27%|██▋       | 718/2663 [00:48<02:07, 15.26it/s]
HPSAC test:  27%|██▋       | 720/2663 [00:48<02:07, 15.30it/s]
HPSAC test:  27%|██▋       | 722/2663 [00:48<02:06, 15.29it/s]
HPSAC test:  27%|██▋       | 724/2663 [00:48<02:06, 15.27it/s]
HPSAC test:  27%|██▋       | 726/2663 [00:48<02:07, 15.20it/s]
HPSAC test:  27%|██▋       | 728/2663 [00:48<02:07, 15.17it/s]
HPSAC test:  27%|██▋       | 730/2663 [00:48<02:07, 15.22it/s]
HPSAC test:  27%|██▋       | 732/2663 [00:49<02:09, 14.95it/s]
HPSAC test:  28%|██▊       | 734/2663 [00:49<02:08, 14.99it/s]
HPSAC test:  28%|██▊       | 736/2663 [00:49<02:07, 15.11it/s]
HPSAC test:  28%|██▊       | 738/2663 [00:49<02:07, 15.09it/s]
HPSAC test:  28%|██▊       | 740/2663 [00:49<02:07, 15.02it/s]
HPSAC test:  28%|██▊       | 742/2663 [00:49<02:06, 15.15it/s]
HPSAC test:  28%|██▊       | 744/2663 [00:49<02:06, 15.15it/s]
HPSAC test:  28%|██▊       | 746/2663 [00:49<02:06, 15.16it/s]
HPSAC test:  28%|██▊       | 748/2663 [00:50<02:05, 15.21it/s]
HPSAC test:  28%|██▊       | 750/2663 [00:50<02:06, 15.16it/s]
HPSAC test:  28%|██▊       | 752/2663 [00:50<02:06, 15.11it/s]
HPSAC test:  28%|██▊       | 754/2663 [00:50<02:06, 15.13it/s]
HPSAC test:  28%|██▊       | 756/2663 [00:50<02:05, 15.14it/s]
HPSAC test:  28%|██▊       | 758/2663 [00:50<02:05, 15.17it/s]
HPSAC test:  29%|██▊       | 760/2663 [00:50<02:07, 14.89it/s]
HPSAC test:  29%|██▊       | 762/2663 [00:51<02:06, 15.00it/s]
HPSAC test:  29%|██▊       | 764/2663 [00:51<02:05, 15.11it/s]
HPSAC test:  29%|██▉       | 766/2663 [00:51<02:05, 15.12it/s]
HPSAC test:  29%|██▉       | 768/2663 [00:51<02:05, 15.15it/s]
HPSAC test:  29%|██▉       | 770/2663 [00:51<02:04, 15.21it/s]
HPSAC test:  29%|██▉       | 772/2663 [00:51<02:04, 15.20it/s]
HPSAC test:  29%|██▉       | 774/2663 [00:51<02:03, 15.24it/s]
HPSAC test:  29%|██▉       | 776/2663 [00:51<02:03, 15.24it/s]
HPSAC test:  29%|██▉       | 778/2663 [00:52<02:03, 15.22it/s]
HPSAC test:  29%|██▉       | 780/2663 [00:52<02:03, 15.24it/s]
HPSAC test:  29%|██▉       | 782/2663 [00:52<02:04, 15.12it/s]
HPSAC test:  29%|██▉       | 784/2663 [00:52<02:03, 15.23it/s]
HPSAC test:  30%|██▉       | 786/2663 [00:52<02:03, 15.22it/s]
HPSAC test:  30%|██▉       | 788/2663 [00:52<02:04, 15.04it/s]
HPSAC test:  30%|██▉       | 790/2663 [00:52<02:04, 15.03it/s]
HPSAC test:  30%|██▉       | 792/2663 [00:53<02:03, 15.20it/s]
HPSAC test:  30%|██▉       | 794/2663 [00:53<02:02, 15.22it/s]
HPSAC test:  30%|██▉       | 796/2663 [00:53<02:03, 15.06it/s]
HPSAC test:  30%|██▉       | 798/2663 [00:53<02:03, 15.11it/s]
HPSAC test:  30%|███       | 800/2663 [00:53<02:04, 14.99it/s]
HPSAC test:  30%|███       | 802/2663 [00:53<02:03, 15.05it/s]
HPSAC test:  30%|███       | 804/2663 [00:53<02:02, 15.17it/s]
HPSAC test:  30%|███       | 806/2663 [00:53<02:03, 14.99it/s]
HPSAC test:  30%|███       | 808/2663 [00:54<02:03, 15.01it/s]
HPSAC test:  30%|███       | 810/2663 [00:54<02:03, 15.05it/s]
HPSAC test:  30%|███       | 812/2663 [00:54<02:02, 15.10it/s]
HPSAC test:  31%|███       | 814/2663 [00:54<02:02, 15.04it/s]
HPSAC test:  31%|███       | 816/2663 [00:54<02:01, 15.19it/s]
HPSAC test:  31%|███       | 818/2663 [00:54<02:01, 15.19it/s]
HPSAC test:  31%|███       | 820/2663 [00:54<02:01, 15.18it/s]
HPSAC test:  31%|███       | 822/2663 [00:54<02:00, 15.28it/s]
HPSAC test:  31%|███       | 824/2663 [00:55<01:59, 15.34it/s]
HPSAC test:  31%|███       | 826/2663 [00:55<02:00, 15.27it/s]
HPSAC test:  31%|███       | 828/2663 [00:55<02:00, 15.27it/s]
HPSAC test:  31%|███       | 830/2663 [00:55<02:00, 15.15it/s]
HPSAC test:  31%|███       | 832/2663 [00:55<02:00, 15.22it/s]
HPSAC test:  31%|███▏      | 834/2663 [00:55<02:00, 15.17it/s]
HPSAC test:  31%|███▏      | 836/2663 [00:55<01:58, 15.37it/s]
HPSAC test:  31%|███▏      | 838/2663 [00:56<02:00, 15.13it/s]
HPSAC test:  32%|███▏      | 840/2663 [00:56<02:00, 15.07it/s]
HPSAC test:  32%|███▏      | 842/2663 [00:56<02:01, 15.01it/s]
HPSAC test:  32%|███▏      | 844/2663 [00:56<02:01, 15.00it/s]
HPSAC test:  32%|███▏      | 846/2663 [00:56<02:01, 15.02it/s]
HPSAC test:  32%|███▏      | 848/2663 [00:56<02:01, 14.94it/s]
HPSAC test:  32%|███▏      | 850/2663 [00:56<02:00, 15.01it/s]
HPSAC test:  32%|███▏      | 852/2663 [00:56<01:59, 15.20it/s]
HPSAC test:  32%|███▏      | 854/2663 [00:57<01:58, 15.25it/s]
HPSAC test:  32%|███▏      | 856/2663 [00:57<01:59, 15.12it/s]
HPSAC test:  32%|███▏      | 858/2663 [00:57<01:59, 15.13it/s]
HPSAC test:  32%|███▏      | 860/2663 [00:57<01:59, 15.12it/s]
HPSAC test:  32%|███▏      | 862/2663 [00:57<01:58, 15.17it/s]
HPSAC test:  32%|███▏      | 864/2663 [00:57<01:58, 15.14it/s]
HPSAC test:  33%|███▎      | 866/2663 [00:57<01:58, 15.13it/s]
HPSAC test:  33%|███▎      | 868/2663 [00:58<01:58, 15.12it/s]
HPSAC test:  33%|███▎      | 870/2663 [00:58<01:59, 15.02it/s]
HPSAC test:  33%|███▎      | 872/2663 [00:58<01:58, 15.07it/s]
HPSAC test:  33%|███▎      | 874/2663 [00:58<01:59, 15.02it/s]
HPSAC test:  33%|███▎      | 876/2663 [00:58<01:58, 15.10it/s]
HPSAC test:  33%|███▎      | 878/2663 [00:58<01:57, 15.20it/s]
HPSAC test:  33%|███▎      | 880/2663 [00:58<01:57, 15.13it/s]
HPSAC test:  33%|███▎      | 882/2663 [00:58<01:57, 15.21it/s]
HPSAC test:  33%|███▎      | 884/2663 [00:59<01:57, 15.19it/s]
HPSAC test:  33%|███▎      | 886/2663 [00:59<01:57, 15.14it/s]
HPSAC test:  33%|███▎      | 888/2663 [00:59<01:56, 15.18it/s]
HPSAC test:  33%|███▎      | 890/2663 [00:59<01:57, 15.07it/s]
HPSAC test:  33%|███▎      | 892/2663 [00:59<01:57, 15.07it/s]
HPSAC test:  34%|███▎      | 894/2663 [00:59<01:57, 15.01it/s]
HPSAC test:  34%|███▎      | 896/2663 [00:59<01:57, 15.03it/s]
HPSAC test:  34%|███▎      | 898/2663 [01:00<01:56, 15.13it/s]
HPSAC test:  34%|███▍      | 900/2663 [01:00<01:56, 15.15it/s]
HPSAC test:  34%|███▍      | 902/2663 [01:00<01:57, 15.03it/s]
HPSAC test:  34%|███▍      | 904/2663 [01:00<01:57, 15.03it/s]
HPSAC test:  34%|███▍      | 906/2663 [01:00<01:57, 15.01it/s]
HPSAC test:  34%|███▍      | 908/2663 [01:00<01:57, 14.91it/s]
HPSAC test:  34%|███▍      | 910/2663 [01:00<01:57, 14.88it/s]
HPSAC test:  34%|███▍      | 912/2663 [01:00<01:57, 14.90it/s]
HPSAC test:  34%|███▍      | 914/2663 [01:01<01:56, 15.03it/s]
HPSAC test:  34%|███▍      | 916/2663 [01:01<01:56, 14.98it/s]
HPSAC test:  34%|███▍      | 918/2663 [01:01<01:56, 14.99it/s]
HPSAC test:  35%|███▍      | 920/2663 [01:01<01:55, 15.06it/s]
HPSAC test:  35%|███▍      | 922/2663 [01:01<01:55, 15.11it/s]
HPSAC test:  35%|███▍      | 924/2663 [01:01<01:54, 15.13it/s]
HPSAC test:  35%|███▍      | 926/2663 [01:01<01:54, 15.19it/s]
HPSAC test:  35%|███▍      | 928/2663 [01:02<01:53, 15.24it/s]
HPSAC test:  35%|███▍      | 930/2663 [01:02<01:54, 15.15it/s]
HPSAC test:  35%|███▍      | 932/2663 [01:02<01:54, 15.17it/s]
HPSAC test:  35%|███▌      | 934/2663 [01:02<01:53, 15.18it/s]
HPSAC test:  35%|███▌      | 936/2663 [01:02<01:54, 15.13it/s]
HPSAC test:  35%|███▌      | 938/2663 [01:02<01:53, 15.21it/s]
HPSAC test:  35%|███▌      | 940/2663 [01:02<01:52, 15.30it/s]
HPSAC test:  35%|███▌      | 942/2663 [01:02<01:53, 15.17it/s]
HPSAC test:  35%|███▌      | 944/2663 [01:03<01:53, 15.18it/s]
HPSAC test:  36%|███▌      | 946/2663 [01:03<01:53, 15.19it/s]
HPSAC test:  36%|███▌      | 948/2663 [01:03<01:51, 15.34it/s]
HPSAC test:  36%|███▌      | 950/2663 [01:03<01:52, 15.23it/s]
HPSAC test:  36%|███▌      | 952/2663 [01:03<01:53, 15.10it/s]
HPSAC test:  36%|███▌      | 954/2663 [01:03<01:53, 15.03it/s]
HPSAC test:  36%|███▌      | 956/2663 [01:03<01:52, 15.14it/s]
HPSAC test:  36%|███▌      | 958/2663 [01:03<01:53, 15.04it/s]
HPSAC test:  36%|███▌      | 960/2663 [01:04<01:53, 15.00it/s]
HPSAC test:  36%|███▌      | 962/2663 [01:04<01:51, 15.21it/s]
HPSAC test:  36%|███▌      | 964/2663 [01:04<01:53, 14.93it/s]
HPSAC test:  36%|███▋      | 966/2663 [01:04<01:53, 14.94it/s]
HPSAC test:  36%|███▋      | 968/2663 [01:04<01:53, 14.88it/s]
HPSAC test:  36%|███▋      | 970/2663 [01:04<01:53, 14.93it/s]
HPSAC test:  37%|███▋      | 972/2663 [01:04<01:52, 15.07it/s]
HPSAC test:  37%|███▋      | 974/2663 [01:05<01:52, 14.97it/s]
HPSAC test:  37%|███▋      | 976/2663 [01:05<01:52, 14.99it/s]
HPSAC test:  37%|███▋      | 978/2663 [01:05<01:51, 15.05it/s]
HPSAC test:  37%|███▋      | 980/2663 [01:05<01:51, 15.09it/s]
HPSAC test:  37%|███▋      | 982/2663 [01:05<01:53, 14.83it/s]
HPSAC test:  37%|███▋      | 984/2663 [01:05<01:52, 14.95it/s]
HPSAC test:  37%|███▋      | 986/2663 [01:05<01:50, 15.18it/s]
HPSAC test:  37%|███▋      | 988/2663 [01:05<01:50, 15.17it/s]
HPSAC test:  37%|███▋      | 990/2663 [01:06<01:50, 15.14it/s]
HPSAC test:  37%|███▋      | 992/2663 [01:06<01:50, 15.07it/s]
HPSAC test:  37%|███▋      | 994/2663 [01:06<01:51, 14.99it/s]
HPSAC test:  37%|███▋      | 996/2663 [01:06<01:50, 15.13it/s]
HPSAC test:  37%|███▋      | 998/2663 [01:06<01:49, 15.16it/s]
HPSAC test:  38%|███▊      | 1000/2663 [01:06<01:49, 15.18it/s]
HPSAC test:  38%|███▊      | 1002/2663 [01:06<01:48, 15.24it/s]
HPSAC test:  38%|███▊      | 1004/2663 [01:07<01:49, 15.22it/s]
HPSAC test:  38%|███▊      | 1006/2663 [01:07<01:48, 15.32it/s]
HPSAC test:  38%|███▊      | 1008/2663 [01:07<01:48, 15.22it/s]
HPSAC test:  38%|███▊      | 1010/2663 [01:07<01:48, 15.29it/s]
HPSAC test:  38%|███▊      | 1012/2663 [01:07<01:49, 15.14it/s]
HPSAC test:  38%|███▊      | 1014/2663 [01:07<01:49, 15.05it/s]
HPSAC test:  38%|███▊      | 1016/2663 [01:07<01:48, 15.13it/s]
HPSAC test:  38%|███▊      | 1018/2663 [01:07<01:48, 15.13it/s]
HPSAC test:  38%|███▊      | 1020/2663 [01:08<01:48, 15.14it/s]
HPSAC test:  38%|███▊      | 1022/2663 [01:08<01:48, 15.06it/s]
HPSAC test:  38%|███▊      | 1024/2663 [01:08<01:48, 15.11it/s]
HPSAC test:  39%|███▊      | 1026/2663 [01:08<01:48, 15.12it/s]
HPSAC test:  39%|███▊      | 1028/2663 [01:08<01:47, 15.15it/s]
HPSAC test:  39%|███▊      | 1030/2663 [01:08<01:48, 15.11it/s]
HPSAC test:  39%|███▉      | 1032/2663 [01:08<01:46, 15.25it/s]
HPSAC test:  39%|███▉      | 1034/2663 [01:09<01:47, 15.21it/s]
HPSAC test:  39%|███▉      | 1036/2663 [01:09<01:48, 14.96it/s]
HPSAC test:  39%|███▉      | 1038/2663 [01:09<01:51, 14.62it/s]
HPSAC test:  39%|███▉      | 1040/2663 [01:09<01:52, 14.44it/s]
HPSAC test:  39%|███▉      | 1042/2663 [01:09<01:56, 13.93it/s]
HPSAC test:  39%|███▉      | 1044/2663 [01:09<01:56, 13.88it/s]
HPSAC test:  39%|███▉      | 1046/2663 [01:09<01:56, 13.85it/s]
HPSAC test:  39%|███▉      | 1048/2663 [01:10<01:58, 13.58it/s]
HPSAC test:  39%|███▉      | 1050/2663 [01:10<01:58, 13.65it/s]
HPSAC test:  40%|███▉      | 1052/2663 [01:10<01:56, 13.87it/s]
HPSAC test:  40%|███▉      | 1054/2663 [01:10<01:54, 14.05it/s]
HPSAC test:  40%|███▉      | 1056/2663 [01:10<01:53, 14.16it/s]
HPSAC test:  40%|███▉      | 1058/2663 [01:10<01:52, 14.23it/s]
HPSAC test:  40%|███▉      | 1060/2663 [01:10<01:50, 14.51it/s]
HPSAC test:  40%|███▉      | 1062/2663 [01:11<01:49, 14.61it/s]
HPSAC test:  40%|███▉      | 1064/2663 [01:11<01:48, 14.72it/s]
HPSAC test:  40%|████      | 1066/2663 [01:11<01:48, 14.71it/s]
HPSAC test:  40%|████      | 1068/2663 [01:11<01:48, 14.70it/s]
HPSAC test:  40%|████      | 1070/2663 [01:11<01:48, 14.71it/s]
HPSAC test:  40%|████      | 1072/2663 [01:11<01:50, 14.34it/s]
HPSAC test:  40%|████      | 1074/2663 [01:11<01:51, 14.22it/s]
HPSAC test:  40%|████      | 1076/2663 [01:11<01:51, 14.23it/s]
HPSAC test:  40%|████      | 1078/2663 [01:12<01:52, 14.10it/s]
HPSAC test:  41%|████      | 1080/2663 [01:12<01:53, 14.00it/s]
HPSAC test:  41%|████      | 1082/2663 [01:12<01:56, 13.60it/s]
HPSAC test:  41%|████      | 1084/2663 [01:12<01:56, 13.60it/s]
HPSAC test:  41%|████      | 1086/2663 [01:12<01:55, 13.69it/s]
HPSAC test:  41%|████      | 1088/2663 [01:12<01:55, 13.63it/s]
HPSAC test:  41%|████      | 1090/2663 [01:13<01:54, 13.71it/s]
HPSAC test:  41%|████      | 1092/2663 [01:13<01:54, 13.72it/s]
HPSAC test:  41%|████      | 1094/2663 [01:13<01:54, 13.76it/s]
HPSAC test:  41%|████      | 1096/2663 [01:13<01:52, 13.97it/s]
HPSAC test:  41%|████      | 1098/2663 [01:13<01:50, 14.20it/s]
HPSAC test:  41%|████▏     | 1100/2663 [01:13<01:48, 14.35it/s]
HPSAC test:  41%|████▏     | 1102/2663 [01:13<01:46, 14.66it/s]
HPSAC test:  41%|████▏     | 1104/2663 [01:13<01:47, 14.57it/s]
HPSAC test:  42%|████▏     | 1106/2663 [01:14<01:47, 14.49it/s]
HPSAC test:  42%|████▏     | 1108/2663 [01:14<01:49, 14.25it/s]
HPSAC test:  42%|████▏     | 1110/2663 [01:14<01:49, 14.17it/s]
HPSAC test:  42%|████▏     | 1112/2663 [01:14<01:50, 14.09it/s]
HPSAC test:  42%|████▏     | 1114/2663 [01:14<01:50, 14.08it/s]
HPSAC test:  42%|████▏     | 1116/2663 [01:14<01:48, 14.24it/s]
HPSAC test:  42%|████▏     | 1118/2663 [01:14<01:47, 14.41it/s]
HPSAC test:  42%|████▏     | 1120/2663 [01:15<01:49, 14.15it/s]
HPSAC test:  42%|████▏     | 1122/2663 [01:15<01:49, 14.10it/s]
HPSAC test:  42%|████▏     | 1124/2663 [01:15<01:49, 14.12it/s]
HPSAC test:  42%|████▏     | 1126/2663 [01:15<01:47, 14.30it/s]
HPSAC test:  42%|████▏     | 1128/2663 [01:15<01:48, 14.09it/s]
HPSAC test:  42%|████▏     | 1130/2663 [01:15<01:48, 14.08it/s]
HPSAC test:  43%|████▎     | 1132/2663 [01:15<01:50, 13.83it/s]
HPSAC test:  43%|████▎     | 1134/2663 [01:16<01:50, 13.90it/s]
HPSAC test:  43%|████▎     | 1136/2663 [01:16<01:49, 13.93it/s]
HPSAC test:  43%|████▎     | 1138/2663 [01:16<01:47, 14.19it/s]
HPSAC test:  43%|████▎     | 1140/2663 [01:16<01:46, 14.26it/s]
HPSAC test:  43%|████▎     | 1142/2663 [01:16<01:47, 14.11it/s]
HPSAC test:  43%|████▎     | 1144/2663 [01:16<01:47, 14.16it/s]
HPSAC test:  43%|████▎     | 1146/2663 [01:16<01:47, 14.10it/s]
HPSAC test:  43%|████▎     | 1148/2663 [01:17<01:47, 14.05it/s]
HPSAC test:  43%|████▎     | 1150/2663 [01:17<01:46, 14.19it/s]
HPSAC test:  43%|████▎     | 1152/2663 [01:17<01:46, 14.25it/s]
HPSAC test:  43%|████▎     | 1154/2663 [01:17<01:45, 14.26it/s]
HPSAC test:  43%|████▎     | 1156/2663 [01:17<01:46, 14.13it/s]
HPSAC test:  43%|████▎     | 1158/2663 [01:17<01:48, 13.81it/s]
HPSAC test:  44%|████▎     | 1160/2663 [01:17<01:46, 14.07it/s]
HPSAC test:  44%|████▎     | 1162/2663 [01:18<01:46, 14.15it/s]
HPSAC test:  44%|████▎     | 1164/2663 [01:18<01:45, 14.25it/s]
HPSAC test:  44%|████▍     | 1166/2663 [01:18<01:42, 14.55it/s]
HPSAC test:  44%|████▍     | 1168/2663 [01:18<01:42, 14.61it/s]
HPSAC test:  44%|████▍     | 1170/2663 [01:18<01:41, 14.78it/s]
HPSAC test:  44%|████▍     | 1172/2663 [01:18<01:40, 14.83it/s]
HPSAC test:  44%|████▍     | 1174/2663 [01:18<01:39, 14.95it/s]
HPSAC test:  44%|████▍     | 1176/2663 [01:19<01:40, 14.86it/s]
HPSAC test:  44%|████▍     | 1178/2663 [01:19<01:39, 14.85it/s]
HPSAC test:  44%|████▍     | 1180/2663 [01:19<01:39, 14.84it/s]
HPSAC test:  44%|████▍     | 1182/2663 [01:19<01:40, 14.75it/s]
HPSAC test:  44%|████▍     | 1184/2663 [01:19<01:40, 14.77it/s]
HPSAC test:  45%|████▍     | 1186/2663 [01:19<01:39, 14.84it/s]
HPSAC test:  45%|████▍     | 1188/2663 [01:19<01:39, 14.78it/s]
HPSAC test:  45%|████▍     | 1190/2663 [01:19<01:38, 14.92it/s]
HPSAC test:  45%|████▍     | 1192/2663 [01:20<01:37, 15.03it/s]
HPSAC test:  45%|████▍     | 1194/2663 [01:20<01:38, 14.88it/s]
HPSAC test:  45%|████▍     | 1196/2663 [01:20<01:38, 14.87it/s]
HPSAC test:  45%|████▍     | 1198/2663 [01:20<01:37, 15.01it/s]
HPSAC test:  45%|████▌     | 1200/2663 [01:20<01:37, 15.08it/s]
HPSAC test:  45%|████▌     | 1202/2663 [01:20<01:37, 15.01it/s]
HPSAC test:  45%|████▌     | 1204/2663 [01:20<01:37, 15.00it/s]
HPSAC test:  45%|████▌     | 1206/2663 [01:21<01:37, 14.98it/s]
HPSAC test:  45%|████▌     | 1208/2663 [01:21<01:36, 15.01it/s]
HPSAC test:  45%|████▌     | 1210/2663 [01:21<01:36, 15.13it/s]
HPSAC test:  46%|████▌     | 1212/2663 [01:21<01:36, 15.06it/s]
HPSAC test:  46%|████▌     | 1214/2663 [01:21<01:37, 14.89it/s]
HPSAC test:  46%|████▌     | 1216/2663 [01:21<01:37, 14.91it/s]
HPSAC test:  46%|████▌     | 1218/2663 [01:21<01:36, 14.96it/s]
HPSAC test:  46%|████▌     | 1220/2663 [01:21<01:37, 14.80it/s]
HPSAC test:  46%|████▌     | 1222/2663 [01:22<01:36, 14.93it/s]
HPSAC test:  46%|████▌     | 1224/2663 [01:22<01:36, 14.93it/s]
HPSAC test:  46%|████▌     | 1226/2663 [01:22<01:37, 14.79it/s]
HPSAC test:  46%|████▌     | 1228/2663 [01:22<01:36, 14.88it/s]
HPSAC test:  46%|████▌     | 1230/2663 [01:22<01:36, 14.78it/s]
HPSAC test:  46%|████▋     | 1232/2663 [01:22<01:37, 14.71it/s]
HPSAC test:  46%|████▋     | 1234/2663 [01:22<01:38, 14.51it/s]
HPSAC test:  46%|████▋     | 1236/2663 [01:23<01:40, 14.27it/s]
HPSAC test:  46%|████▋     | 1238/2663 [01:23<01:39, 14.28it/s]
HPSAC test:  47%|████▋     | 1240/2663 [01:23<01:38, 14.44it/s]
HPSAC test:  47%|████▋     | 1242/2663 [01:23<01:36, 14.71it/s]
HPSAC test:  47%|████▋     | 1244/2663 [01:23<01:35, 14.81it/s]
HPSAC test:  47%|████▋     | 1246/2663 [01:23<01:35, 14.84it/s]
HPSAC test:  47%|████▋     | 1248/2663 [01:23<01:35, 14.85it/s]
HPSAC test:  47%|████▋     | 1250/2663 [01:24<01:35, 14.87it/s]
HPSAC test:  47%|████▋     | 1252/2663 [01:24<01:34, 14.93it/s]
HPSAC test:  47%|████▋     | 1254/2663 [01:24<01:33, 15.02it/s]
HPSAC test:  47%|████▋     | 1256/2663 [01:24<01:33, 15.08it/s]
HPSAC test:  47%|████▋     | 1258/2663 [01:24<01:33, 15.04it/s]
HPSAC test:  47%|████▋     | 1260/2663 [01:24<01:34, 14.89it/s]
HPSAC test:  47%|████▋     | 1262/2663 [01:24<01:35, 14.73it/s]
HPSAC test:  47%|████▋     | 1264/2663 [01:24<01:34, 14.74it/s]
HPSAC test:  48%|████▊     | 1266/2663 [01:25<01:35, 14.62it/s]
HPSAC test:  48%|████▊     | 1268/2663 [01:25<01:34, 14.69it/s]
HPSAC test:  48%|████▊     | 1270/2663 [01:25<01:34, 14.76it/s]
HPSAC test:  48%|████▊     | 1272/2663 [01:25<01:34, 14.77it/s]
HPSAC test:  48%|████▊     | 1274/2663 [01:25<01:33, 14.79it/s]
HPSAC test:  48%|████▊     | 1276/2663 [01:25<01:33, 14.78it/s]
HPSAC test:  48%|████▊     | 1278/2663 [01:25<01:32, 14.91it/s]
HPSAC test:  48%|████▊     | 1280/2663 [01:26<01:35, 14.55it/s]
HPSAC test:  48%|████▊     | 1282/2663 [01:26<01:34, 14.60it/s]
HPSAC test:  48%|████▊     | 1284/2663 [01:26<01:34, 14.58it/s]
HPSAC test:  48%|████▊     | 1286/2663 [01:26<01:34, 14.62it/s]
HPSAC test:  48%|████▊     | 1288/2663 [01:26<01:35, 14.41it/s]
HPSAC test:  48%|████▊     | 1290/2663 [01:26<01:35, 14.31it/s]
HPSAC test:  49%|████▊     | 1292/2663 [01:26<01:36, 14.15it/s]
HPSAC test:  49%|████▊     | 1294/2663 [01:27<01:36, 14.12it/s]
HPSAC test:  49%|████▊     | 1296/2663 [01:27<01:36, 14.21it/s]
HPSAC test:  49%|████▊     | 1298/2663 [01:27<01:35, 14.30it/s]
HPSAC test:  49%|████▉     | 1300/2663 [01:27<01:36, 14.15it/s]
HPSAC test:  49%|████▉     | 1302/2663 [01:27<01:36, 14.15it/s]
HPSAC test:  49%|████▉     | 1304/2663 [01:27<01:36, 14.15it/s]
HPSAC test:  49%|████▉     | 1306/2663 [01:27<01:35, 14.21it/s]
HPSAC test:  49%|████▉     | 1308/2663 [01:28<01:34, 14.41it/s]
HPSAC test:  49%|████▉     | 1310/2663 [01:28<01:33, 14.46it/s]
HPSAC test:  49%|████▉     | 1312/2663 [01:28<01:32, 14.59it/s]
HPSAC test:  49%|████▉     | 1314/2663 [01:28<01:31, 14.67it/s]
HPSAC test:  49%|████▉     | 1316/2663 [01:28<01:31, 14.74it/s]
HPSAC test:  49%|████▉     | 1318/2663 [01:28<01:30, 14.87it/s]
HPSAC test:  50%|████▉     | 1320/2663 [01:28<01:30, 14.83it/s]
HPSAC test:  50%|████▉     | 1322/2663 [01:28<01:30, 14.88it/s]
HPSAC test:  50%|████▉     | 1324/2663 [01:29<01:30, 14.84it/s]
HPSAC test:  50%|████▉     | 1326/2663 [01:29<01:29, 14.95it/s]
HPSAC test:  50%|████▉     | 1328/2663 [01:29<01:29, 14.99it/s]
HPSAC test:  50%|████▉     | 1330/2663 [01:29<01:29, 14.96it/s]
HPSAC test:  50%|█████     | 1332/2663 [01:29<01:28, 15.02it/s]
HPSAC test:  50%|█████     | 1334/2663 [01:29<01:28, 14.96it/s]
HPSAC test:  50%|█████     | 1336/2663 [01:29<01:28, 15.02it/s]
HPSAC test:  50%|█████     | 1338/2663 [01:30<01:28, 15.02it/s]
HPSAC test:  50%|█████     | 1340/2663 [01:30<01:28, 15.03it/s]
HPSAC test:  50%|█████     | 1342/2663 [01:30<01:27, 15.10it/s]
HPSAC test:  50%|█████     | 1344/2663 [01:30<01:28, 14.98it/s]
HPSAC test:  51%|█████     | 1346/2663 [01:30<01:28, 14.80it/s]
HPSAC test:  51%|█████     | 1348/2663 [01:30<01:28, 14.80it/s]
HPSAC test:  51%|█████     | 1350/2663 [01:30<01:28, 14.84it/s]
HPSAC test:  51%|█████     | 1352/2663 [01:30<01:28, 14.89it/s]
HPSAC test:  51%|█████     | 1354/2663 [01:31<01:27, 14.88it/s]
HPSAC test:  51%|█████     | 1356/2663 [01:31<01:27, 14.99it/s]
HPSAC test:  51%|█████     | 1358/2663 [01:31<01:27, 14.90it/s]
HPSAC test:  51%|█████     | 1360/2663 [01:31<01:27, 14.88it/s]
HPSAC test:  51%|█████     | 1362/2663 [01:31<01:26, 15.01it/s]
HPSAC test:  51%|█████     | 1364/2663 [01:31<01:26, 15.05it/s]
HPSAC test:  51%|█████▏    | 1366/2663 [01:31<01:26, 15.03it/s]
HPSAC test:  51%|█████▏    | 1368/2663 [01:32<01:26, 14.93it/s]
HPSAC test:  51%|█████▏    | 1370/2663 [01:32<01:26, 14.91it/s]
HPSAC test:  52%|█████▏    | 1372/2663 [01:32<01:25, 15.04it/s]
HPSAC test:  52%|█████▏    | 1374/2663 [01:32<01:24, 15.20it/s]
HPSAC test:  52%|█████▏    | 1376/2663 [01:32<01:25, 14.97it/s]
HPSAC test:  52%|█████▏    | 1378/2663 [01:32<01:25, 15.00it/s]
HPSAC test:  52%|█████▏    | 1380/2663 [01:32<01:25, 14.96it/s]
HPSAC test:  52%|█████▏    | 1382/2663 [01:32<01:25, 14.94it/s]
HPSAC test:  52%|█████▏    | 1384/2663 [01:33<01:24, 15.12it/s]
HPSAC test:  52%|█████▏    | 1386/2663 [01:33<01:24, 15.14it/s]
HPSAC test:  52%|█████▏    | 1388/2663 [01:33<01:24, 15.13it/s]
HPSAC test:  52%|█████▏    | 1390/2663 [01:33<01:24, 15.03it/s]
HPSAC test:  52%|█████▏    | 1392/2663 [01:33<01:25, 14.90it/s]
HPSAC test:  52%|█████▏    | 1394/2663 [01:33<01:25, 14.88it/s]
HPSAC test:  52%|█████▏    | 1396/2663 [01:33<01:24, 15.05it/s]
HPSAC test:  52%|█████▏    | 1398/2663 [01:34<01:23, 15.19it/s]
HPSAC test:  53%|█████▎    | 1400/2663 [01:34<01:24, 15.02it/s]
HPSAC test:  53%|█████▎    | 1402/2663 [01:34<01:24, 14.91it/s]
HPSAC test:  53%|█████▎    | 1404/2663 [01:34<01:24, 14.88it/s]
HPSAC test:  53%|█████▎    | 1406/2663 [01:34<01:24, 14.93it/s]
HPSAC test:  53%|█████▎    | 1408/2663 [01:34<01:23, 14.95it/s]
HPSAC test:  53%|█████▎    | 1410/2663 [01:34<01:23, 15.02it/s]
HPSAC test:  53%|█████▎    | 1412/2663 [01:34<01:22, 15.15it/s]
HPSAC test:  53%|█████▎    | 1414/2663 [01:35<01:22, 15.13it/s]
HPSAC test:  53%|█████▎    | 1416/2663 [01:35<01:22, 15.12it/s]
HPSAC test:  53%|█████▎    | 1418/2663 [01:35<01:21, 15.22it/s]
HPSAC test:  53%|█████▎    | 1420/2663 [01:35<01:22, 15.13it/s]
HPSAC test:  53%|█████▎    | 1422/2663 [01:35<01:22, 15.11it/s]
HPSAC test:  53%|█████▎    | 1424/2663 [01:35<01:22, 15.02it/s]
HPSAC test:  54%|█████▎    | 1426/2663 [01:35<01:22, 15.07it/s]
HPSAC test:  54%|█████▎    | 1428/2663 [01:36<01:22, 15.01it/s]
HPSAC test:  54%|█████▎    | 1430/2663 [01:36<01:22, 14.90it/s]
HPSAC test:  54%|█████▍    | 1432/2663 [01:36<01:21, 15.02it/s]
HPSAC test:  54%|█████▍    | 1434/2663 [01:36<01:23, 14.77it/s]
HPSAC test:  54%|█████▍    | 1436/2663 [01:36<01:22, 14.83it/s]
HPSAC test:  54%|█████▍    | 1438/2663 [01:36<01:22, 14.87it/s]
HPSAC test:  54%|█████▍    | 1440/2663 [01:36<01:22, 14.89it/s]
HPSAC test:  54%|█████▍    | 1442/2663 [01:36<01:21, 14.96it/s]
HPSAC test:  54%|█████▍    | 1444/2663 [01:37<01:21, 14.96it/s]
HPSAC test:  54%|█████▍    | 1446/2663 [01:37<01:21, 14.87it/s]
HPSAC test:  54%|█████▍    | 1448/2663 [01:37<01:22, 14.81it/s]
HPSAC test:  54%|█████▍    | 1450/2663 [01:37<01:21, 14.89it/s]
HPSAC test:  55%|█████▍    | 1452/2663 [01:37<01:22, 14.76it/s]
HPSAC test:  55%|█████▍    | 1454/2663 [01:37<01:21, 14.83it/s]
HPSAC test:  55%|█████▍    | 1456/2663 [01:37<01:21, 14.85it/s]
HPSAC test:  55%|█████▍    | 1458/2663 [01:38<01:20, 14.95it/s]
HPSAC test:  55%|█████▍    | 1460/2663 [01:38<01:20, 14.90it/s]
HPSAC test:  55%|█████▍    | 1462/2663 [01:38<01:20, 14.92it/s]
HPSAC test:  55%|█████▍    | 1464/2663 [01:38<01:21, 14.76it/s]
HPSAC test:  55%|█████▌    | 1466/2663 [01:38<01:21, 14.69it/s]
HPSAC test:  55%|█████▌    | 1468/2663 [01:38<01:20, 14.80it/s]
HPSAC test:  55%|█████▌    | 1470/2663 [01:38<01:20, 14.76it/s]
HPSAC test:  55%|█████▌    | 1472/2663 [01:38<01:19, 14.91it/s]
HPSAC test:  55%|█████▌    | 1474/2663 [01:39<01:19, 14.89it/s]
HPSAC test:  55%|█████▌    | 1476/2663 [01:39<01:20, 14.82it/s]
HPSAC test:  56%|█████▌    | 1478/2663 [01:39<01:19, 14.91it/s]
HPSAC test:  56%|█████▌    | 1480/2663 [01:39<01:19, 14.96it/s]
HPSAC test:  56%|█████▌    | 1482/2663 [01:39<01:18, 15.02it/s]
HPSAC test:  56%|█████▌    | 1484/2663 [01:39<01:18, 14.95it/s]
HPSAC test:  56%|█████▌    | 1486/2663 [01:39<01:18, 14.95it/s]
HPSAC test:  56%|█████▌    | 1488/2663 [01:40<01:18, 14.91it/s]
HPSAC test:  56%|█████▌    | 1490/2663 [01:40<01:18, 14.97it/s]
HPSAC test:  56%|█████▌    | 1492/2663 [01:40<01:18, 14.97it/s]
HPSAC test:  56%|█████▌    | 1494/2663 [01:40<01:18, 14.94it/s]
HPSAC test:  56%|█████▌    | 1496/2663 [01:40<01:17, 15.03it/s]
HPSAC test:  56%|█████▋    | 1498/2663 [01:40<01:18, 14.92it/s]
HPSAC test:  56%|█████▋    | 1500/2663 [01:40<01:17, 14.98it/s]
HPSAC test:  56%|█████▋    | 1502/2663 [01:40<01:17, 14.91it/s]
HPSAC test:  56%|█████▋    | 1504/2663 [01:41<01:17, 14.89it/s]
HPSAC test:  57%|█████▋    | 1506/2663 [01:41<01:17, 14.96it/s]
HPSAC test:  57%|█████▋    | 1508/2663 [01:41<01:16, 15.06it/s]
HPSAC test:  57%|█████▋    | 1510/2663 [01:41<01:17, 14.92it/s]
HPSAC test:  57%|█████▋    | 1512/2663 [01:41<01:16, 14.98it/s]
HPSAC test:  57%|█████▋    | 1514/2663 [01:41<01:17, 14.88it/s]
HPSAC test:  57%|█████▋    | 1516/2663 [01:41<01:17, 14.84it/s]
HPSAC test:  57%|█████▋    | 1518/2663 [01:42<01:17, 14.83it/s]
HPSAC test:  57%|█████▋    | 1520/2663 [01:42<01:17, 14.77it/s]
HPSAC test:  57%|█████▋    | 1522/2663 [01:42<01:16, 14.87it/s]
HPSAC test:  57%|█████▋    | 1524/2663 [01:42<01:16, 14.91it/s]
HPSAC test:  57%|█████▋    | 1526/2663 [01:42<01:16, 14.89it/s]
HPSAC test:  57%|█████▋    | 1528/2663 [01:42<01:15, 15.01it/s]
HPSAC test:  57%|█████▋    | 1530/2663 [01:42<01:15, 14.95it/s]
HPSAC test:  58%|█████▊    | 1532/2663 [01:43<01:16, 14.86it/s]
HPSAC test:  58%|█████▊    | 1534/2663 [01:43<01:16, 14.82it/s]
HPSAC test:  58%|█████▊    | 1536/2663 [01:43<01:16, 14.65it/s]
HPSAC test:  58%|█████▊    | 1538/2663 [01:43<01:17, 14.52it/s]
HPSAC test:  58%|█████▊    | 1540/2663 [01:43<01:16, 14.74it/s]
HPSAC test:  58%|█████▊    | 1542/2663 [01:43<01:16, 14.63it/s]
HPSAC test:  58%|█████▊    | 1544/2663 [01:43<01:15, 14.83it/s]
HPSAC test:  58%|█████▊    | 1546/2663 [01:43<01:15, 14.83it/s]
HPSAC test:  58%|█████▊    | 1548/2663 [01:44<01:14, 15.00it/s]
HPSAC test:  58%|█████▊    | 1550/2663 [01:44<01:13, 15.12it/s]
HPSAC test:  58%|█████▊    | 1552/2663 [01:44<01:14, 15.00it/s]
HPSAC test:  58%|█████▊    | 1554/2663 [01:44<01:13, 15.07it/s]
HPSAC test:  58%|█████▊    | 1556/2663 [01:44<01:13, 15.06it/s]
HPSAC test:  59%|█████▊    | 1558/2663 [01:44<01:13, 14.99it/s]
HPSAC test:  59%|█████▊    | 1560/2663 [01:44<01:13, 15.10it/s]
HPSAC test:  59%|█████▊    | 1562/2663 [01:45<01:12, 15.10it/s]
HPSAC test:  59%|█████▊    | 1564/2663 [01:45<01:12, 15.15it/s]
HPSAC test:  59%|█████▉    | 1566/2663 [01:45<01:13, 14.96it/s]
HPSAC test:  59%|█████▉    | 1568/2663 [01:45<01:13, 14.92it/s]
HPSAC test:  59%|█████▉    | 1570/2663 [01:45<01:13, 14.96it/s]
HPSAC test:  59%|█████▉    | 1572/2663 [01:45<01:13, 14.94it/s]
HPSAC test:  59%|█████▉    | 1574/2663 [01:45<01:13, 14.82it/s]
HPSAC test:  59%|█████▉    | 1576/2663 [01:45<01:13, 14.87it/s]
HPSAC test:  59%|█████▉    | 1578/2663 [01:46<01:12, 14.87it/s]
HPSAC test:  59%|█████▉    | 1580/2663 [01:46<01:12, 14.91it/s]
HPSAC test:  59%|█████▉    | 1582/2663 [01:46<01:12, 14.88it/s]
HPSAC test:  59%|█████▉    | 1584/2663 [01:46<01:13, 14.74it/s]
HPSAC test:  60%|█████▉    | 1586/2663 [01:46<01:12, 14.77it/s]
HPSAC test:  60%|█████▉    | 1588/2663 [01:46<01:12, 14.78it/s]
HPSAC test:  60%|█████▉    | 1590/2663 [01:46<01:12, 14.83it/s]
HPSAC test:  60%|█████▉    | 1592/2663 [01:47<01:13, 14.62it/s]
HPSAC test:  60%|█████▉    | 1594/2663 [01:47<01:15, 14.07it/s]
HPSAC test:  60%|█████▉    | 1596/2663 [01:47<01:16, 13.86it/s]
HPSAC test:  60%|██████    | 1598/2663 [01:47<01:16, 13.85it/s]
HPSAC test:  60%|██████    | 1600/2663 [01:47<01:17, 13.75it/s]
HPSAC test:  60%|██████    | 1602/2663 [01:47<01:16, 13.80it/s]
HPSAC test:  60%|██████    | 1604/2663 [01:47<01:17, 13.73it/s]
HPSAC test:  60%|██████    | 1606/2663 [01:48<01:16, 13.83it/s]
HPSAC test:  60%|██████    | 1608/2663 [01:48<01:16, 13.87it/s]
HPSAC test:  60%|██████    | 1610/2663 [01:48<01:15, 14.03it/s]
HPSAC test:  61%|██████    | 1612/2663 [01:48<01:16, 13.74it/s]
HPSAC test:  61%|██████    | 1614/2663 [01:48<01:16, 13.74it/s]
HPSAC test:  61%|██████    | 1616/2663 [01:48<01:16, 13.76it/s]
HPSAC test:  61%|██████    | 1618/2663 [01:48<01:15, 13.93it/s]
HPSAC test:  61%|██████    | 1620/2663 [01:49<01:13, 14.11it/s]
HPSAC test:  61%|██████    | 1622/2663 [01:49<01:13, 14.23it/s]
HPSAC test:  61%|██████    | 1624/2663 [01:49<01:12, 14.40it/s]
HPSAC test:  61%|██████    | 1626/2663 [01:49<01:11, 14.46it/s]
HPSAC test:  61%|██████    | 1628/2663 [01:49<01:12, 14.20it/s]
HPSAC test:  61%|██████    | 1630/2663 [01:49<01:12, 14.17it/s]
HPSAC test:  61%|██████▏   | 1632/2663 [01:49<01:13, 13.98it/s]
HPSAC test:  61%|██████▏   | 1634/2663 [01:50<01:13, 13.99it/s]
HPSAC test:  61%|██████▏   | 1636/2663 [01:50<01:12, 14.08it/s]
HPSAC test:  62%|██████▏   | 1638/2663 [01:50<01:12, 14.19it/s]
HPSAC test:  62%|██████▏   | 1640/2663 [01:50<01:12, 14.14it/s]
HPSAC test:  62%|██████▏   | 1642/2663 [01:50<01:11, 14.19it/s]
HPSAC test:  62%|██████▏   | 1644/2663 [01:50<01:11, 14.22it/s]
HPSAC test:  62%|██████▏   | 1646/2663 [01:50<01:12, 14.04it/s]
HPSAC test:  62%|██████▏   | 1648/2663 [01:51<01:12, 13.99it/s]
HPSAC test:  62%|██████▏   | 1650/2663 [01:51<01:13, 13.77it/s]
HPSAC test:  62%|██████▏   | 1652/2663 [01:51<01:13, 13.75it/s]
HPSAC test:  62%|██████▏   | 1654/2663 [01:51<01:13, 13.82it/s]
HPSAC test:  62%|██████▏   | 1656/2663 [01:51<01:12, 13.97it/s]
HPSAC test:  62%|██████▏   | 1658/2663 [01:51<01:11, 14.14it/s]
HPSAC test:  62%|██████▏   | 1660/2663 [01:51<01:10, 14.30it/s]
HPSAC test:  62%|██████▏   | 1662/2663 [01:52<01:10, 14.11it/s]
HPSAC test:  62%|██████▏   | 1664/2663 [01:52<01:10, 14.08it/s]
HPSAC test:  63%|██████▎   | 1666/2663 [01:52<01:11, 14.04it/s]
HPSAC test:  63%|██████▎   | 1668/2663 [01:52<01:11, 13.87it/s]
HPSAC test:  63%|██████▎   | 1670/2663 [01:52<01:11, 13.87it/s]
HPSAC test:  63%|██████▎   | 1672/2663 [01:52<01:12, 13.72it/s]
HPSAC test:  63%|██████▎   | 1674/2663 [01:52<01:12, 13.72it/s]
HPSAC test:  63%|██████▎   | 1676/2663 [01:53<01:10, 13.90it/s]
HPSAC test:  63%|██████▎   | 1678/2663 [01:53<01:10, 13.90it/s]
HPSAC test:  63%|██████▎   | 1680/2663 [01:53<01:09, 14.16it/s]
HPSAC test:  63%|██████▎   | 1682/2663 [01:53<01:08, 14.27it/s]
HPSAC test:  63%|██████▎   | 1684/2663 [01:53<01:09, 14.10it/s]
HPSAC test:  63%|██████▎   | 1686/2663 [01:53<01:09, 13.99it/s]
HPSAC test:  63%|██████▎   | 1688/2663 [01:53<01:08, 14.22it/s]
HPSAC test:  63%|██████▎   | 1690/2663 [01:54<01:08, 14.29it/s]
HPSAC test:  64%|██████▎   | 1692/2663 [01:54<01:07, 14.35it/s]
HPSAC test:  64%|██████▎   | 1694/2663 [01:54<01:06, 14.48it/s]
HPSAC test:  64%|██████▎   | 1696/2663 [01:54<01:06, 14.56it/s]
HPSAC test:  64%|██████▍   | 1698/2663 [01:54<01:06, 14.49it/s]
HPSAC test:  64%|██████▍   | 1700/2663 [01:54<01:07, 14.26it/s]
HPSAC test:  64%|██████▍   | 1702/2663 [01:54<01:07, 14.25it/s]
HPSAC test:  64%|██████▍   | 1704/2663 [01:55<01:07, 14.18it/s]
HPSAC test:  64%|██████▍   | 1706/2663 [01:55<01:06, 14.37it/s]
HPSAC test:  64%|██████▍   | 1708/2663 [01:55<01:05, 14.52it/s]
HPSAC test:  64%|██████▍   | 1710/2663 [01:55<01:06, 14.39it/s]
HPSAC test:  64%|██████▍   | 1712/2663 [01:55<01:07, 14.17it/s]
HPSAC test:  64%|██████▍   | 1714/2663 [01:55<01:07, 14.14it/s]
HPSAC test:  64%|██████▍   | 1716/2663 [01:55<01:06, 14.14it/s]
HPSAC test:  65%|██████▍   | 1718/2663 [01:56<01:07, 13.98it/s]
HPSAC test:  65%|██████▍   | 1720/2663 [01:56<01:06, 14.28it/s]
HPSAC test:  65%|██████▍   | 1722/2663 [01:56<01:05, 14.41it/s]
HPSAC test:  65%|██████▍   | 1724/2663 [01:56<01:04, 14.60it/s]
HPSAC test:  65%|██████▍   | 1726/2663 [01:56<01:04, 14.56it/s]
HPSAC test:  65%|██████▍   | 1728/2663 [01:56<01:03, 14.63it/s]
HPSAC test:  65%|██████▍   | 1730/2663 [01:56<01:03, 14.80it/s]
HPSAC test:  65%|██████▌   | 1732/2663 [01:56<01:02, 14.87it/s]
HPSAC test:  65%|██████▌   | 1734/2663 [01:57<01:02, 14.98it/s]
HPSAC test:  65%|██████▌   | 1736/2663 [01:57<01:01, 15.06it/s]
HPSAC test:  65%|██████▌   | 1738/2663 [01:57<01:01, 15.04it/s]
HPSAC test:  65%|██████▌   | 1740/2663 [01:57<01:01, 15.00it/s]
HPSAC test:  65%|██████▌   | 1742/2663 [01:57<01:01, 15.03it/s]
HPSAC test:  65%|██████▌   | 1744/2663 [01:57<01:00, 15.16it/s]
HPSAC test:  66%|██████▌   | 1746/2663 [01:57<01:01, 15.02it/s]
HPSAC test:  66%|██████▌   | 1748/2663 [01:58<01:01, 14.87it/s]
HPSAC test:  66%|██████▌   | 1750/2663 [01:58<01:01, 14.92it/s]
HPSAC test:  66%|██████▌   | 1752/2663 [01:58<01:00, 14.95it/s]
HPSAC test:  66%|██████▌   | 1754/2663 [01:58<01:02, 14.46it/s]
HPSAC test:  66%|██████▌   | 1756/2663 [01:58<01:02, 14.40it/s]
HPSAC test:  66%|██████▌   | 1758/2663 [01:58<01:02, 14.49it/s]
HPSAC test:  66%|██████▌   | 1760/2663 [01:58<01:02, 14.44it/s]
HPSAC test:  66%|██████▌   | 1762/2663 [01:58<01:01, 14.54it/s]
HPSAC test:  66%|██████▌   | 1764/2663 [01:59<01:00, 14.77it/s]
HPSAC test:  66%|██████▋   | 1766/2663 [01:59<01:00, 14.91it/s]
HPSAC test:  66%|██████▋   | 1768/2663 [01:59<00:59, 15.04it/s]
HPSAC test:  66%|██████▋   | 1770/2663 [01:59<00:59, 15.07it/s]
HPSAC test:  67%|██████▋   | 1772/2663 [01:59<00:59, 15.08it/s]
HPSAC test:  67%|██████▋   | 1774/2663 [01:59<00:59, 15.02it/s]
HPSAC test:  67%|██████▋   | 1776/2663 [01:59<00:58, 15.18it/s]
HPSAC test:  67%|██████▋   | 1778/2663 [02:00<00:58, 15.16it/s]
HPSAC test:  67%|██████▋   | 1780/2663 [02:00<00:58, 15.00it/s]
HPSAC test:  67%|██████▋   | 1782/2663 [02:00<00:58, 15.02it/s]
HPSAC test:  67%|██████▋   | 1784/2663 [02:00<00:59, 14.77it/s]
HPSAC test:  67%|██████▋   | 1786/2663 [02:00<01:00, 14.56it/s]
HPSAC test:  67%|██████▋   | 1788/2663 [02:00<00:59, 14.72it/s]
HPSAC test:  67%|██████▋   | 1790/2663 [02:00<00:58, 14.87it/s]
HPSAC test:  67%|██████▋   | 1792/2663 [02:00<00:58, 14.89it/s]
HPSAC test:  67%|██████▋   | 1794/2663 [02:01<00:57, 15.19it/s]
HPSAC test:  67%|██████▋   | 1796/2663 [02:01<00:57, 15.10it/s]
HPSAC test:  68%|██████▊   | 1798/2663 [02:01<00:57, 15.13it/s]
HPSAC test:  68%|██████▊   | 1800/2663 [02:01<00:56, 15.17it/s]
HPSAC test:  68%|██████▊   | 1802/2663 [02:01<00:57, 14.96it/s]
HPSAC test:  68%|██████▊   | 1804/2663 [02:01<00:57, 14.98it/s]
HPSAC test:  68%|██████▊   | 1806/2663 [02:01<00:57, 14.98it/s]
HPSAC test:  68%|██████▊   | 1808/2663 [02:02<00:56, 15.21it/s]
HPSAC test:  68%|██████▊   | 1810/2663 [02:02<00:56, 15.13it/s]
HPSAC test:  68%|██████▊   | 1812/2663 [02:02<00:56, 15.12it/s]
HPSAC test:  68%|██████▊   | 1814/2663 [02:02<00:56, 15.05it/s]
HPSAC test:  68%|██████▊   | 1816/2663 [02:02<00:56, 15.02it/s]
HPSAC test:  68%|██████▊   | 1818/2663 [02:02<00:56, 15.01it/s]
HPSAC test:  68%|██████▊   | 1820/2663 [02:02<00:56, 14.98it/s]
HPSAC test:  68%|██████▊   | 1822/2663 [02:02<00:56, 14.97it/s]
HPSAC test:  68%|██████▊   | 1824/2663 [02:03<00:55, 15.03it/s]
HPSAC test:  69%|██████▊   | 1826/2663 [02:03<00:55, 15.04it/s]
HPSAC test:  69%|██████▊   | 1828/2663 [02:03<00:55, 14.96it/s]
HPSAC test:  69%|██████▊   | 1830/2663 [02:03<00:56, 14.87it/s]
HPSAC test:  69%|██████▉   | 1832/2663 [02:03<00:55, 14.93it/s]
HPSAC test:  69%|██████▉   | 1834/2663 [02:03<00:56, 14.76it/s]
HPSAC test:  69%|██████▉   | 1836/2663 [02:03<00:55, 15.02it/s]
HPSAC test:  69%|██████▉   | 1838/2663 [02:04<00:54, 15.04it/s]
HPSAC test:  69%|██████▉   | 1840/2663 [02:04<00:54, 15.02it/s]
HPSAC test:  69%|██████▉   | 1842/2663 [02:04<00:54, 15.04it/s]
HPSAC test:  69%|██████▉   | 1844/2663 [02:04<00:54, 15.10it/s]
HPSAC test:  69%|██████▉   | 1846/2663 [02:04<00:54, 15.10it/s]
HPSAC test:  69%|██████▉   | 1848/2663 [02:04<00:54, 14.91it/s]
HPSAC test:  69%|██████▉   | 1850/2663 [02:04<00:54, 14.93it/s]
HPSAC test:  70%|██████▉   | 1852/2663 [02:04<00:54, 15.00it/s]
HPSAC test:  70%|██████▉   | 1854/2663 [02:05<00:54, 14.94it/s]
HPSAC test:  70%|██████▉   | 1856/2663 [02:05<00:54, 14.84it/s]
HPSAC test:  70%|██████▉   | 1858/2663 [02:05<00:53, 14.92it/s]
HPSAC test:  70%|██████▉   | 1860/2663 [02:05<00:53, 15.06it/s]
HPSAC test:  70%|██████▉   | 1862/2663 [02:05<00:52, 15.21it/s]
HPSAC test:  70%|██████▉   | 1864/2663 [02:05<00:52, 15.19it/s]
HPSAC test:  70%|███████   | 1866/2663 [02:05<00:52, 15.17it/s]
HPSAC test:  70%|███████   | 1868/2663 [02:06<00:52, 15.02it/s]
HPSAC test:  70%|███████   | 1870/2663 [02:06<00:52, 15.06it/s]
HPSAC test:  70%|███████   | 1872/2663 [02:06<00:52, 15.13it/s]
HPSAC test:  70%|███████   | 1874/2663 [02:06<00:52, 15.01it/s]
HPSAC test:  70%|███████   | 1876/2663 [02:06<00:52, 14.90it/s]
HPSAC test:  71%|███████   | 1878/2663 [02:06<00:51, 15.10it/s]
HPSAC test:  71%|███████   | 1880/2663 [02:06<00:54, 14.39it/s]
HPSAC test:  71%|███████   | 1882/2663 [02:07<00:54, 14.33it/s]
HPSAC test:  71%|███████   | 1884/2663 [02:07<00:53, 14.52it/s]
HPSAC test:  71%|███████   | 1886/2663 [02:07<00:53, 14.63it/s]
HPSAC test:  71%|███████   | 1888/2663 [02:07<00:52, 14.83it/s]
HPSAC test:  71%|███████   | 1890/2663 [02:07<00:51, 14.87it/s]
HPSAC test:  71%|███████   | 1892/2663 [02:07<00:51, 14.89it/s]
HPSAC test:  71%|███████   | 1894/2663 [02:07<00:51, 14.94it/s]
HPSAC test:  71%|███████   | 1896/2663 [02:07<00:51, 14.78it/s]
HPSAC test:  71%|███████▏  | 1898/2663 [02:08<00:51, 14.82it/s]
HPSAC test:  71%|███████▏  | 1900/2663 [02:08<00:51, 14.89it/s]
HPSAC test:  71%|███████▏  | 1902/2663 [02:08<00:51, 14.89it/s]
HPSAC test:  71%|███████▏  | 1904/2663 [02:08<00:50, 14.97it/s]
HPSAC test:  72%|███████▏  | 1906/2663 [02:08<00:50, 14.91it/s]
HPSAC test:  72%|███████▏  | 1908/2663 [02:08<00:50, 15.03it/s]
HPSAC test:  72%|███████▏  | 1910/2663 [02:08<00:50, 15.05it/s]
HPSAC test:  72%|███████▏  | 1912/2663 [02:09<00:50, 14.81it/s]
HPSAC test:  72%|███████▏  | 1914/2663 [02:09<00:52, 14.38it/s]
HPSAC test:  72%|███████▏  | 1916/2663 [02:09<00:51, 14.55it/s]
HPSAC test:  72%|███████▏  | 1918/2663 [02:09<00:50, 14.68it/s]
HPSAC test:  72%|███████▏  | 1920/2663 [02:09<00:50, 14.83it/s]
HPSAC test:  72%|███████▏  | 1922/2663 [02:09<00:49, 14.92it/s]
HPSAC test:  72%|███████▏  | 1924/2663 [02:09<00:49, 14.98it/s]
HPSAC test:  72%|███████▏  | 1926/2663 [02:09<00:49, 14.89it/s]
HPSAC test:  72%|███████▏  | 1928/2663 [02:10<00:48, 15.02it/s]
HPSAC test:  72%|███████▏  | 1930/2663 [02:10<00:49, 14.85it/s]
HPSAC test:  73%|███████▎  | 1932/2663 [02:10<00:48, 14.99it/s]
HPSAC test:  73%|███████▎  | 1934/2663 [02:10<00:49, 14.73it/s]
HPSAC test:  73%|███████▎  | 1936/2663 [02:10<00:48, 14.89it/s]
HPSAC test:  73%|███████▎  | 1938/2663 [02:10<00:48, 15.05it/s]
HPSAC test:  73%|███████▎  | 1940/2663 [02:10<00:48, 15.02it/s]
HPSAC test:  73%|███████▎  | 1942/2663 [02:11<00:47, 15.05it/s]
HPSAC test:  73%|███████▎  | 1944/2663 [02:11<00:47, 15.08it/s]
HPSAC test:  73%|███████▎  | 1946/2663 [02:11<00:47, 15.14it/s]
HPSAC test:  73%|███████▎  | 1948/2663 [02:11<00:47, 15.15it/s]
HPSAC test:  73%|███████▎  | 1950/2663 [02:11<00:46, 15.17it/s]
HPSAC test:  73%|███████▎  | 1952/2663 [02:11<00:46, 15.24it/s]
HPSAC test:  73%|███████▎  | 1954/2663 [02:11<00:46, 15.14it/s]
HPSAC test:  73%|███████▎  | 1956/2663 [02:11<00:46, 15.10it/s]
HPSAC test:  74%|███████▎  | 1958/2663 [02:12<00:46, 15.21it/s]
HPSAC test:  74%|███████▎  | 1960/2663 [02:12<00:46, 15.04it/s]
HPSAC test:  74%|███████▎  | 1962/2663 [02:12<00:46, 15.03it/s]
HPSAC test:  74%|███████▍  | 1964/2663 [02:12<00:46, 15.17it/s]
HPSAC test:  74%|███████▍  | 1966/2663 [02:12<00:46, 15.14it/s]
HPSAC test:  74%|███████▍  | 1968/2663 [02:12<00:45, 15.21it/s]
HPSAC test:  74%|███████▍  | 1970/2663 [02:12<00:46, 14.96it/s]
HPSAC test:  74%|███████▍  | 1972/2663 [02:13<00:46, 15.02it/s]
HPSAC test:  74%|███████▍  | 1974/2663 [02:13<00:46, 14.96it/s]
HPSAC test:  74%|███████▍  | 1976/2663 [02:13<00:45, 15.00it/s]
HPSAC test:  74%|███████▍  | 1978/2663 [02:13<00:45, 14.99it/s]
HPSAC test:  74%|███████▍  | 1980/2663 [02:13<00:45, 15.12it/s]
HPSAC test:  74%|███████▍  | 1982/2663 [02:13<00:44, 15.15it/s]
HPSAC test:  75%|███████▍  | 1984/2663 [02:13<00:44, 15.09it/s]
HPSAC test:  75%|███████▍  | 1986/2663 [02:13<00:44, 15.11it/s]
HPSAC test:  75%|███████▍  | 1988/2663 [02:14<00:44, 15.22it/s]
HPSAC test:  75%|███████▍  | 1990/2663 [02:14<00:44, 15.08it/s]
HPSAC test:  75%|███████▍  | 1992/2663 [02:14<00:44, 15.14it/s]
HPSAC test:  75%|███████▍  | 1994/2663 [02:14<00:44, 15.09it/s]
HPSAC test:  75%|███████▍  | 1996/2663 [02:14<00:44, 14.97it/s]
HPSAC test:  75%|███████▌  | 1998/2663 [02:14<00:44, 15.08it/s]
HPSAC test:  75%|███████▌  | 2000/2663 [02:14<00:44, 15.03it/s]
HPSAC test:  75%|███████▌  | 2002/2663 [02:14<00:43, 15.04it/s]
HPSAC test:  75%|███████▌  | 2004/2663 [02:15<00:43, 15.11it/s]
HPSAC test:  75%|███████▌  | 2006/2663 [02:15<00:43, 15.08it/s]
HPSAC test:  75%|███████▌  | 2008/2663 [02:15<00:43, 15.13it/s]
HPSAC test:  75%|███████▌  | 2010/2663 [02:15<00:43, 14.99it/s]
HPSAC test:  76%|███████▌  | 2012/2663 [02:15<00:43, 15.00it/s]
HPSAC test:  76%|███████▌  | 2014/2663 [02:15<00:43, 15.07it/s]
HPSAC test:  76%|███████▌  | 2016/2663 [02:15<00:42, 15.12it/s]
HPSAC test:  76%|███████▌  | 2018/2663 [02:16<00:43, 14.76it/s]
HPSAC test:  76%|███████▌  | 2020/2663 [02:16<00:43, 14.94it/s]
HPSAC test:  76%|███████▌  | 2022/2663 [02:16<00:43, 14.90it/s]
HPSAC test:  76%|███████▌  | 2024/2663 [02:16<00:42, 15.13it/s]
HPSAC test:  76%|███████▌  | 2026/2663 [02:16<00:42, 14.99it/s]
HPSAC test:  76%|███████▌  | 2028/2663 [02:16<00:42, 15.07it/s]
HPSAC test:  76%|███████▌  | 2030/2663 [02:16<00:42, 14.82it/s]
HPSAC test:  76%|███████▋  | 2032/2663 [02:17<00:42, 14.79it/s]
HPSAC test:  76%|███████▋  | 2034/2663 [02:17<00:42, 14.70it/s]
HPSAC test:  76%|███████▋  | 2036/2663 [02:17<00:42, 14.65it/s]
HPSAC test:  77%|███████▋  | 2038/2663 [02:17<00:43, 14.47it/s]
HPSAC test:  77%|███████▋  | 2040/2663 [02:17<00:42, 14.50it/s]
HPSAC test:  77%|███████▋  | 2042/2663 [02:17<00:43, 14.43it/s]
HPSAC test:  77%|███████▋  | 2044/2663 [02:17<00:42, 14.61it/s]
HPSAC test:  77%|███████▋  | 2046/2663 [02:17<00:42, 14.69it/s]
HPSAC test:  77%|███████▋  | 2048/2663 [02:18<00:41, 14.78it/s]
HPSAC test:  77%|███████▋  | 2050/2663 [02:18<00:41, 14.92it/s]
HPSAC test:  77%|███████▋  | 2052/2663 [02:18<00:40, 14.95it/s]
HPSAC test:  77%|███████▋  | 2054/2663 [02:18<00:40, 15.14it/s]
HPSAC test:  77%|███████▋  | 2056/2663 [02:18<00:40, 15.14it/s]
HPSAC test:  77%|███████▋  | 2058/2663 [02:18<00:40, 15.12it/s]
HPSAC test:  77%|███████▋  | 2060/2663 [02:18<00:39, 15.13it/s]
HPSAC test:  77%|███████▋  | 2062/2663 [02:19<00:39, 15.17it/s]
HPSAC test:  78%|███████▊  | 2064/2663 [02:19<00:39, 15.16it/s]
HPSAC test:  78%|███████▊  | 2066/2663 [02:19<00:39, 15.05it/s]
HPSAC test:  78%|███████▊  | 2068/2663 [02:19<00:39, 15.10it/s]
HPSAC test:  78%|███████▊  | 2070/2663 [02:19<00:39, 15.11it/s]
HPSAC test:  78%|███████▊  | 2072/2663 [02:19<00:39, 14.92it/s]
HPSAC test:  78%|███████▊  | 2074/2663 [02:19<00:39, 14.83it/s]
HPSAC test:  78%|███████▊  | 2076/2663 [02:19<00:39, 14.71it/s]
HPSAC test:  78%|███████▊  | 2078/2663 [02:20<00:39, 14.86it/s]
HPSAC test:  78%|███████▊  | 2080/2663 [02:20<00:38, 14.97it/s]
HPSAC test:  78%|███████▊  | 2082/2663 [02:20<00:39, 14.86it/s]
HPSAC test:  78%|███████▊  | 2084/2663 [02:20<00:38, 14.89it/s]
HPSAC test:  78%|███████▊  | 2086/2663 [02:20<00:38, 15.01it/s]
HPSAC test:  78%|███████▊  | 2088/2663 [02:20<00:38, 15.07it/s]
HPSAC test:  78%|███████▊  | 2090/2663 [02:20<00:37, 15.14it/s]
HPSAC test:  79%|███████▊  | 2092/2663 [02:21<00:37, 15.21it/s]
HPSAC test:  79%|███████▊  | 2094/2663 [02:21<00:37, 15.09it/s]
HPSAC test:  79%|███████▊  | 2096/2663 [02:21<00:37, 15.01it/s]
HPSAC test:  79%|███████▉  | 2098/2663 [02:21<00:37, 15.08it/s]
HPSAC test:  79%|███████▉  | 2100/2663 [02:21<00:37, 15.12it/s]
HPSAC test:  79%|███████▉  | 2102/2663 [02:21<00:36, 15.19it/s]
HPSAC test:  79%|███████▉  | 2104/2663 [02:21<00:37, 15.07it/s]
HPSAC test:  79%|███████▉  | 2106/2663 [02:21<00:37, 14.91it/s]
HPSAC test:  79%|███████▉  | 2108/2663 [02:22<00:37, 14.95it/s]
HPSAC test:  79%|███████▉  | 2110/2663 [02:22<00:36, 14.97it/s]
HPSAC test:  79%|███████▉  | 2112/2663 [02:22<00:36, 14.99it/s]
HPSAC test:  79%|███████▉  | 2114/2663 [02:22<00:36, 15.00it/s]
HPSAC test:  79%|███████▉  | 2116/2663 [02:22<00:36, 15.08it/s]
HPSAC test:  80%|███████▉  | 2118/2663 [02:22<00:36, 15.05it/s]
HPSAC test:  80%|███████▉  | 2120/2663 [02:22<00:36, 15.01it/s]
HPSAC test:  80%|███████▉  | 2122/2663 [02:23<00:35, 15.13it/s]
HPSAC test:  80%|███████▉  | 2124/2663 [02:23<00:35, 15.12it/s]
HPSAC test:  80%|███████▉  | 2126/2663 [02:23<00:35, 15.23it/s]
HPSAC test:  80%|███████▉  | 2128/2663 [02:23<00:35, 15.01it/s]
HPSAC test:  80%|███████▉  | 2130/2663 [02:23<00:35, 15.00it/s]
HPSAC test:  80%|████████  | 2132/2663 [02:23<00:35, 15.03it/s]
HPSAC test:  80%|████████  | 2134/2663 [02:23<00:35, 15.07it/s]
HPSAC test:  80%|████████  | 2136/2663 [02:23<00:34, 15.07it/s]
HPSAC test:  80%|████████  | 2138/2663 [02:24<00:34, 15.02it/s]
HPSAC test:  80%|████████  | 2140/2663 [02:24<00:34, 15.07it/s]
HPSAC test:  80%|████████  | 2142/2663 [02:24<00:34, 15.04it/s]
HPSAC test:  81%|████████  | 2144/2663 [02:24<00:34, 15.12it/s]
HPSAC test:  81%|████████  | 2146/2663 [02:24<00:34, 15.11it/s]
HPSAC test:  81%|████████  | 2148/2663 [02:24<00:33, 15.23it/s]
HPSAC test:  81%|████████  | 2150/2663 [02:24<00:33, 15.10it/s]
HPSAC test:  81%|████████  | 2152/2663 [02:25<00:34, 14.89it/s]
HPSAC test:  81%|████████  | 2154/2663 [02:25<00:35, 14.51it/s]
HPSAC test:  81%|████████  | 2156/2663 [02:25<00:35, 14.10it/s]
HPSAC test:  81%|████████  | 2158/2663 [02:25<00:35, 14.10it/s]
HPSAC test:  81%|████████  | 2160/2663 [02:25<00:35, 14.00it/s]
HPSAC test:  81%|████████  | 2162/2663 [02:25<00:35, 14.17it/s]
HPSAC test:  81%|████████▏ | 2164/2663 [02:25<00:35, 14.02it/s]
HPSAC test:  81%|████████▏ | 2166/2663 [02:26<00:35, 13.93it/s]
HPSAC test:  81%|████████▏ | 2168/2663 [02:26<00:35, 13.81it/s]
HPSAC test:  81%|████████▏ | 2170/2663 [02:26<00:35, 13.86it/s]
HPSAC test:  82%|████████▏ | 2172/2663 [02:26<00:35, 13.79it/s]
HPSAC test:  82%|████████▏ | 2174/2663 [02:26<00:35, 13.83it/s]
HPSAC test:  82%|████████▏ | 2176/2663 [02:26<00:34, 13.92it/s]
HPSAC test:  82%|████████▏ | 2178/2663 [02:26<00:34, 13.91it/s]
HPSAC test:  82%|████████▏ | 2180/2663 [02:27<00:34, 13.95it/s]
HPSAC test:  82%|████████▏ | 2182/2663 [02:27<00:33, 14.19it/s]
HPSAC test:  82%|████████▏ | 2184/2663 [02:27<00:33, 14.43it/s]
HPSAC test:  82%|████████▏ | 2186/2663 [02:27<00:32, 14.65it/s]
HPSAC test:  82%|████████▏ | 2188/2663 [02:27<00:32, 14.69it/s]
HPSAC test:  82%|████████▏ | 2190/2663 [02:27<00:32, 14.43it/s]
HPSAC test:  82%|████████▏ | 2192/2663 [02:27<00:32, 14.28it/s]
HPSAC test:  82%|████████▏ | 2194/2663 [02:28<00:33, 14.04it/s]
HPSAC test:  82%|████████▏ | 2196/2663 [02:28<00:33, 14.08it/s]
HPSAC test:  83%|████████▎ | 2198/2663 [02:28<00:33, 14.05it/s]
HPSAC test:  83%|████████▎ | 2200/2663 [02:28<00:32, 14.05it/s]
HPSAC test:  83%|████████▎ | 2202/2663 [02:28<00:32, 14.03it/s]
HPSAC test:  83%|████████▎ | 2204/2663 [02:28<00:32, 13.98it/s]
HPSAC test:  83%|████████▎ | 2206/2663 [02:28<00:32, 13.90it/s]
HPSAC test:  83%|████████▎ | 2208/2663 [02:29<00:32, 13.86it/s]
HPSAC test:  83%|████████▎ | 2210/2663 [02:29<00:33, 13.65it/s]
HPSAC test:  83%|████████▎ | 2212/2663 [02:29<00:33, 13.63it/s]
HPSAC test:  83%|████████▎ | 2214/2663 [02:29<00:32, 13.94it/s]
HPSAC test:  83%|████████▎ | 2216/2663 [02:29<00:31, 14.16it/s]
HPSAC test:  83%|████████▎ | 2218/2663 [02:29<00:30, 14.47it/s]
HPSAC test:  83%|████████▎ | 2220/2663 [02:29<00:30, 14.69it/s]
HPSAC test:  83%|████████▎ | 2222/2663 [02:29<00:29, 14.72it/s]
HPSAC test:  84%|████████▎ | 2224/2663 [02:30<00:29, 14.78it/s]
HPSAC test:  84%|████████▎ | 2226/2663 [02:30<00:31, 14.01it/s]
HPSAC test:  84%|████████▎ | 2228/2663 [02:30<00:31, 13.83it/s]
HPSAC test:  84%|████████▎ | 2230/2663 [02:30<00:31, 13.84it/s]
HPSAC test:  84%|████████▍ | 2232/2663 [02:30<00:31, 13.80it/s]
HPSAC test:  84%|████████▍ | 2234/2663 [02:30<00:30, 14.07it/s]
HPSAC test:  84%|████████▍ | 2236/2663 [02:30<00:30, 14.19it/s]
HPSAC test:  84%|████████▍ | 2238/2663 [02:31<00:30, 14.00it/s]
HPSAC test:  84%|████████▍ | 2240/2663 [02:31<00:30, 13.90it/s]
HPSAC test:  84%|████████▍ | 2242/2663 [02:31<00:30, 13.99it/s]
HPSAC test:  84%|████████▍ | 2244/2663 [02:31<00:29, 13.98it/s]
HPSAC test:  84%|████████▍ | 2246/2663 [02:31<00:29, 14.03it/s]
HPSAC test:  84%|████████▍ | 2248/2663 [02:31<00:29, 14.06it/s]
HPSAC test:  84%|████████▍ | 2250/2663 [02:31<00:29, 14.09it/s]
HPSAC test:  85%|████████▍ | 2252/2663 [02:32<00:29, 14.17it/s]
HPSAC test:  85%|████████▍ | 2254/2663 [02:32<00:28, 14.23it/s]
HPSAC test:  85%|████████▍ | 2256/2663 [02:32<00:28, 14.29it/s]
HPSAC test:  85%|████████▍ | 2258/2663 [02:32<00:27, 14.54it/s]
HPSAC test:  85%|████████▍ | 2260/2663 [02:32<00:28, 14.32it/s]
HPSAC test:  85%|████████▍ | 2262/2663 [02:32<00:27, 14.35it/s]
HPSAC test:  85%|████████▌ | 2264/2663 [02:32<00:28, 14.17it/s]
HPSAC test:  85%|████████▌ | 2266/2663 [02:33<00:28, 14.11it/s]
HPSAC test:  85%|████████▌ | 2268/2663 [02:33<00:27, 14.22it/s]
HPSAC test:  85%|████████▌ | 2270/2663 [02:33<00:27, 14.48it/s]
HPSAC test:  85%|████████▌ | 2272/2663 [02:33<00:27, 14.44it/s]
HPSAC test:  85%|████████▌ | 2274/2663 [02:33<00:27, 14.40it/s]
HPSAC test:  85%|████████▌ | 2276/2663 [02:33<00:26, 14.40it/s]
HPSAC test:  86%|████████▌ | 2278/2663 [02:33<00:26, 14.44it/s]
HPSAC test:  86%|████████▌ | 2280/2663 [02:34<00:26, 14.46it/s]
HPSAC test:  86%|████████▌ | 2282/2663 [02:34<00:26, 14.45it/s]
HPSAC test:  86%|████████▌ | 2284/2663 [02:34<00:25, 14.71it/s]
HPSAC test:  86%|████████▌ | 2286/2663 [02:34<00:25, 14.74it/s]
HPSAC test:  86%|████████▌ | 2288/2663 [02:34<00:25, 14.70it/s]
HPSAC test:  86%|████████▌ | 2290/2663 [02:34<00:24, 14.97it/s]
HPSAC test:  86%|████████▌ | 2292/2663 [02:34<00:24, 15.08it/s]
HPSAC test:  86%|████████▌ | 2294/2663 [02:35<00:24, 14.98it/s]
HPSAC test:  86%|████████▌ | 2296/2663 [02:35<00:24, 14.68it/s]
HPSAC test:  86%|████████▋ | 2298/2663 [02:35<00:25, 14.60it/s]
HPSAC test:  86%|████████▋ | 2300/2663 [02:35<00:24, 14.53it/s]
HPSAC test:  86%|████████▋ | 2302/2663 [02:35<00:24, 14.57it/s]
HPSAC test:  87%|████████▋ | 2304/2663 [02:35<00:24, 14.65it/s]
HPSAC test:  87%|████████▋ | 2306/2663 [02:35<00:24, 14.77it/s]
HPSAC test:  87%|████████▋ | 2308/2663 [02:35<00:23, 14.79it/s]
HPSAC test:  87%|████████▋ | 2310/2663 [02:36<00:23, 15.01it/s]
HPSAC test:  87%|████████▋ | 2312/2663 [02:36<00:23, 14.97it/s]
HPSAC test:  87%|████████▋ | 2314/2663 [02:36<00:23, 15.00it/s]
HPSAC test:  87%|████████▋ | 2316/2663 [02:36<00:23, 15.03it/s]
HPSAC test:  87%|████████▋ | 2318/2663 [02:36<00:22, 15.13it/s]
HPSAC test:  87%|████████▋ | 2320/2663 [02:36<00:22, 15.08it/s]
HPSAC test:  87%|████████▋ | 2322/2663 [02:36<00:22, 15.05it/s]
HPSAC test:  87%|████████▋ | 2324/2663 [02:37<00:22, 15.06it/s]
HPSAC test:  87%|████████▋ | 2326/2663 [02:37<00:22, 14.95it/s]
HPSAC test:  87%|████████▋ | 2328/2663 [02:37<00:22, 14.96it/s]
HPSAC test:  87%|████████▋ | 2330/2663 [02:37<00:21, 15.17it/s]
HPSAC test:  88%|████████▊ | 2332/2663 [02:37<00:21, 15.27it/s]
HPSAC test:  88%|████████▊ | 2334/2663 [02:37<00:21, 15.23it/s]
HPSAC test:  88%|████████▊ | 2336/2663 [02:37<00:21, 15.18it/s]
HPSAC test:  88%|████████▊ | 2338/2663 [02:37<00:21, 15.25it/s]
HPSAC test:  88%|████████▊ | 2340/2663 [02:38<00:21, 15.26it/s]
HPSAC test:  88%|████████▊ | 2342/2663 [02:38<00:21, 15.19it/s]
HPSAC test:  88%|████████▊ | 2344/2663 [02:38<00:21, 15.16it/s]
HPSAC test:  88%|████████▊ | 2346/2663 [02:38<00:20, 15.21it/s]
HPSAC test:  88%|████████▊ | 2348/2663 [02:38<00:20, 15.30it/s]
HPSAC test:  88%|████████▊ | 2350/2663 [02:38<00:20, 15.23it/s]
HPSAC test:  88%|████████▊ | 2352/2663 [02:38<00:20, 15.24it/s]
HPSAC test:  88%|████████▊ | 2354/2663 [02:38<00:20, 15.31it/s]
HPSAC test:  88%|████████▊ | 2356/2663 [02:39<00:20, 15.33it/s]
HPSAC test:  89%|████████▊ | 2358/2663 [02:39<00:20, 15.21it/s]
HPSAC test:  89%|████████▊ | 2360/2663 [02:39<00:19, 15.18it/s]
HPSAC test:  89%|████████▊ | 2362/2663 [02:39<00:19, 15.15it/s]
HPSAC test:  89%|████████▉ | 2364/2663 [02:39<00:19, 15.14it/s]
HPSAC test:  89%|████████▉ | 2366/2663 [02:39<00:19, 15.07it/s]
HPSAC test:  89%|████████▉ | 2368/2663 [02:39<00:19, 15.00it/s]
HPSAC test:  89%|████████▉ | 2370/2663 [02:40<00:19, 15.10it/s]
HPSAC test:  89%|████████▉ | 2372/2663 [02:40<00:19, 15.23it/s]
HPSAC test:  89%|████████▉ | 2374/2663 [02:40<00:19, 15.14it/s]
HPSAC test:  89%|████████▉ | 2376/2663 [02:40<00:19, 14.97it/s]
HPSAC test:  89%|████████▉ | 2378/2663 [02:40<00:19, 14.93it/s]
HPSAC test:  89%|████████▉ | 2380/2663 [02:40<00:18, 15.02it/s]
HPSAC test:  89%|████████▉ | 2382/2663 [02:40<00:18, 15.14it/s]
HPSAC test:  90%|████████▉ | 2384/2663 [02:40<00:18, 15.05it/s]
HPSAC test:  90%|████████▉ | 2386/2663 [02:41<00:18, 14.73it/s]
HPSAC test:  90%|████████▉ | 2388/2663 [02:41<00:18, 14.65it/s]
HPSAC test:  90%|████████▉ | 2390/2663 [02:41<00:18, 14.85it/s]
HPSAC test:  90%|████████▉ | 2392/2663 [02:41<00:18, 14.87it/s]
HPSAC test:  90%|████████▉ | 2394/2663 [02:41<00:18, 14.74it/s]
HPSAC test:  90%|████████▉ | 2396/2663 [02:41<00:18, 14.77it/s]
HPSAC test:  90%|█████████ | 2398/2663 [02:41<00:17, 14.88it/s]
HPSAC test:  90%|█████████ | 2400/2663 [02:42<00:17, 15.04it/s]
HPSAC test:  90%|█████████ | 2402/2663 [02:42<00:17, 15.01it/s]
HPSAC test:  90%|█████████ | 2404/2663 [02:42<00:17, 15.05it/s]
HPSAC test:  90%|█████████ | 2406/2663 [02:42<00:17, 15.08it/s]
HPSAC test:  90%|█████████ | 2408/2663 [02:42<00:16, 15.11it/s]
HPSAC test:  90%|█████████ | 2410/2663 [02:42<00:16, 15.06it/s]
HPSAC test:  91%|█████████ | 2412/2663 [02:42<00:16, 15.18it/s]
HPSAC test:  91%|█████████ | 2414/2663 [02:42<00:16, 14.99it/s]
HPSAC test:  91%|█████████ | 2416/2663 [02:43<00:16, 15.11it/s]
HPSAC test:  91%|█████████ | 2418/2663 [02:43<00:16, 15.20it/s]
HPSAC test:  91%|█████████ | 2420/2663 [02:43<00:16, 15.09it/s]
HPSAC test:  91%|█████████ | 2422/2663 [02:43<00:15, 15.13it/s]
HPSAC test:  91%|█████████ | 2424/2663 [02:43<00:15, 15.01it/s]
HPSAC test:  91%|█████████ | 2426/2663 [02:43<00:15, 15.05it/s]
HPSAC test:  91%|█████████ | 2428/2663 [02:43<00:15, 14.79it/s]
HPSAC test:  91%|█████████▏| 2430/2663 [02:44<00:15, 14.88it/s]
HPSAC test:  91%|█████████▏| 2432/2663 [02:44<00:15, 14.88it/s]
HPSAC test:  91%|█████████▏| 2434/2663 [02:44<00:15, 14.99it/s]
HPSAC test:  91%|█████████▏| 2436/2663 [02:44<00:15, 14.95it/s]
HPSAC test:  92%|█████████▏| 2438/2663 [02:44<00:15, 14.92it/s]
HPSAC test:  92%|█████████▏| 2440/2663 [02:44<00:14, 14.98it/s]
HPSAC test:  92%|█████████▏| 2442/2663 [02:44<00:14, 15.05it/s]
HPSAC test:  92%|█████████▏| 2444/2663 [02:44<00:14, 15.15it/s]
HPSAC test:  92%|█████████▏| 2446/2663 [02:45<00:14, 15.06it/s]
HPSAC test:  92%|█████████▏| 2448/2663 [02:45<00:14, 15.05it/s]
HPSAC test:  92%|█████████▏| 2450/2663 [02:45<00:14, 15.00it/s]
HPSAC test:  92%|█████████▏| 2452/2663 [02:45<00:14, 14.99it/s]
HPSAC test:  92%|█████████▏| 2454/2663 [02:45<00:13, 15.02it/s]
HPSAC test:  92%|█████████▏| 2456/2663 [02:45<00:13, 15.15it/s]
HPSAC test:  92%|█████████▏| 2458/2663 [02:45<00:13, 15.11it/s]
HPSAC test:  92%|█████████▏| 2460/2663 [02:46<00:13, 15.20it/s]
HPSAC test:  92%|█████████▏| 2462/2663 [02:46<00:13, 15.16it/s]
HPSAC test:  93%|█████████▎| 2464/2663 [02:46<00:13, 15.10it/s]
HPSAC test:  93%|█████████▎| 2466/2663 [02:46<00:12, 15.23it/s]
HPSAC test:  93%|█████████▎| 2468/2663 [02:46<00:13, 14.97it/s]
HPSAC test:  93%|█████████▎| 2470/2663 [02:46<00:12, 15.03it/s]
HPSAC test:  93%|█████████▎| 2472/2663 [02:46<00:12, 15.03it/s]
HPSAC test:  93%|█████████▎| 2474/2663 [02:46<00:12, 15.09it/s]
HPSAC test:  93%|█████████▎| 2476/2663 [02:47<00:12, 15.04it/s]
HPSAC test:  93%|█████████▎| 2478/2663 [02:47<00:12, 15.11it/s]
HPSAC test:  93%|█████████▎| 2480/2663 [02:47<00:12, 14.86it/s]
HPSAC test:  93%|█████████▎| 2482/2663 [02:47<00:12, 14.79it/s]
HPSAC test:  93%|█████████▎| 2484/2663 [02:47<00:12, 14.82it/s]
HPSAC test:  93%|█████████▎| 2486/2663 [02:47<00:12, 14.69it/s]
HPSAC test:  93%|█████████▎| 2488/2663 [02:47<00:11, 14.68it/s]
HPSAC test:  94%|█████████▎| 2490/2663 [02:48<00:11, 14.81it/s]
HPSAC test:  94%|█████████▎| 2492/2663 [02:48<00:11, 14.91it/s]
HPSAC test:  94%|█████████▎| 2494/2663 [02:48<00:11, 14.94it/s]
HPSAC test:  94%|█████████▎| 2496/2663 [02:48<00:11, 14.88it/s]
HPSAC test:  94%|█████████▍| 2498/2663 [02:48<00:10, 15.06it/s]
HPSAC test:  94%|█████████▍| 2500/2663 [02:48<00:10, 15.06it/s]
HPSAC test:  94%|█████████▍| 2502/2663 [02:48<00:10, 14.93it/s]
HPSAC test:  94%|█████████▍| 2504/2663 [02:49<00:10, 14.78it/s]
HPSAC test:  94%|█████████▍| 2506/2663 [02:49<00:10, 14.86it/s]
HPSAC test:  94%|█████████▍| 2508/2663 [02:49<00:10, 14.98it/s]
HPSAC test:  94%|█████████▍| 2510/2663 [02:49<00:10, 15.08it/s]
HPSAC test:  94%|█████████▍| 2512/2663 [02:49<00:10, 15.02it/s]
HPSAC test:  94%|█████████▍| 2514/2663 [02:49<00:09, 15.04it/s]
HPSAC test:  94%|█████████▍| 2516/2663 [02:49<00:09, 15.21it/s]
HPSAC test:  95%|█████████▍| 2518/2663 [02:49<00:09, 15.13it/s]
HPSAC test:  95%|█████████▍| 2520/2663 [02:50<00:09, 15.12it/s]
HPSAC test:  95%|█████████▍| 2522/2663 [02:50<00:09, 14.98it/s]
HPSAC test:  95%|█████████▍| 2524/2663 [02:50<00:09, 14.90it/s]
HPSAC test:  95%|█████████▍| 2526/2663 [02:50<00:09, 14.75it/s]
HPSAC test:  95%|█████████▍| 2528/2663 [02:50<00:09, 14.77it/s]
HPSAC test:  95%|█████████▌| 2530/2663 [02:50<00:08, 14.97it/s]
HPSAC test:  95%|█████████▌| 2532/2663 [02:50<00:08, 14.97it/s]
HPSAC test:  95%|█████████▌| 2534/2663 [02:51<00:08, 14.83it/s]
HPSAC test:  95%|█████████▌| 2536/2663 [02:51<00:08, 14.79it/s]
HPSAC test:  95%|█████████▌| 2538/2663 [02:51<00:08, 14.65it/s]
HPSAC test:  95%|█████████▌| 2540/2663 [02:51<00:08, 14.72it/s]
HPSAC test:  95%|█████████▌| 2542/2663 [02:51<00:08, 14.73it/s]
HPSAC test:  96%|█████████▌| 2544/2663 [02:51<00:08, 14.84it/s]
HPSAC test:  96%|█████████▌| 2546/2663 [02:51<00:07, 14.89it/s]
HPSAC test:  96%|█████████▌| 2548/2663 [02:51<00:07, 14.94it/s]
HPSAC test:  96%|█████████▌| 2550/2663 [02:52<00:07, 14.80it/s]
HPSAC test:  96%|█████████▌| 2552/2663 [02:52<00:07, 14.85it/s]
HPSAC test:  96%|█████████▌| 2554/2663 [02:52<00:07, 14.85it/s]
HPSAC test:  96%|█████████▌| 2556/2663 [02:52<00:07, 14.94it/s]
HPSAC test:  96%|█████████▌| 2558/2663 [02:52<00:07, 14.98it/s]
HPSAC test:  96%|█████████▌| 2560/2663 [02:52<00:06, 15.01it/s]
HPSAC test:  96%|█████████▌| 2562/2663 [02:52<00:06, 15.17it/s]
HPSAC test:  96%|█████████▋| 2564/2663 [02:53<00:06, 15.02it/s]
HPSAC test:  96%|█████████▋| 2566/2663 [02:53<00:06, 15.09it/s]
HPSAC test:  96%|█████████▋| 2568/2663 [02:53<00:06, 15.03it/s]
HPSAC test:  97%|█████████▋| 2570/2663 [02:53<00:06, 15.11it/s]
HPSAC test:  97%|█████████▋| 2572/2663 [02:53<00:06, 15.06it/s]
HPSAC test:  97%|█████████▋| 2574/2663 [02:53<00:05, 15.23it/s]
HPSAC test:  97%|█████████▋| 2576/2663 [02:53<00:05, 14.96it/s]
HPSAC test:  97%|█████████▋| 2578/2663 [02:53<00:05, 15.04it/s]
HPSAC test:  97%|█████████▋| 2580/2663 [02:54<00:05, 14.85it/s]
HPSAC test:  97%|█████████▋| 2582/2663 [02:54<00:05, 14.86it/s]
HPSAC test:  97%|█████████▋| 2584/2663 [02:54<00:05, 14.93it/s]
HPSAC test:  97%|█████████▋| 2586/2663 [02:54<00:05, 14.81it/s]
HPSAC test:  97%|█████████▋| 2588/2663 [02:54<00:05, 14.76it/s]
HPSAC test:  97%|█████████▋| 2590/2663 [02:54<00:04, 14.83it/s]
HPSAC test:  97%|█████████▋| 2592/2663 [02:54<00:04, 14.75it/s]
HPSAC test:  97%|█████████▋| 2594/2663 [02:55<00:04, 14.91it/s]
HPSAC test:  97%|█████████▋| 2596/2663 [02:55<00:04, 15.04it/s]
HPSAC test:  98%|█████████▊| 2598/2663 [02:55<00:04, 15.04it/s]
HPSAC test:  98%|█████████▊| 2600/2663 [02:55<00:04, 15.03it/s]
HPSAC test:  98%|█████████▊| 2602/2663 [02:55<00:04, 15.04it/s]
HPSAC test:  98%|█████████▊| 2604/2663 [02:55<00:03, 14.83it/s]
HPSAC test:  98%|█████████▊| 2606/2663 [02:55<00:03, 14.80it/s]
HPSAC test:  98%|█████████▊| 2608/2663 [02:55<00:03, 14.78it/s]
HPSAC test:  98%|█████████▊| 2610/2663 [02:56<00:03, 14.78it/s]
HPSAC test:  98%|█████████▊| 2612/2663 [02:56<00:03, 14.74it/s]
HPSAC test:  98%|█████████▊| 2614/2663 [02:56<00:03, 14.89it/s]
HPSAC test:  98%|█████████▊| 2616/2663 [02:56<00:03, 14.74it/s]
HPSAC test:  98%|█████████▊| 2618/2663 [02:56<00:03, 14.85it/s]
HPSAC test:  98%|█████████▊| 2620/2663 [02:56<00:02, 14.95it/s]
HPSAC test:  98%|█████████▊| 2622/2663 [02:56<00:02, 14.96it/s]
HPSAC test:  99%|█████████▊| 2624/2663 [02:57<00:02, 15.07it/s]
HPSAC test:  99%|█████████▊| 2626/2663 [02:57<00:02, 15.22it/s]
HPSAC test:  99%|█████████▊| 2628/2663 [02:57<00:02, 15.26it/s]
HPSAC test:  99%|█████████▉| 2630/2663 [02:57<00:02, 15.18it/s]
HPSAC test:  99%|█████████▉| 2632/2663 [02:57<00:02, 15.13it/s]
HPSAC test:  99%|█████████▉| 2634/2663 [02:57<00:01, 15.08it/s]
HPSAC test:  99%|█████████▉| 2636/2663 [02:57<00:01, 15.10it/s]
HPSAC test:  99%|█████████▉| 2638/2663 [02:57<00:01, 14.92it/s]
HPSAC test:  99%|█████████▉| 2640/2663 [02:58<00:01, 14.94it/s]
HPSAC test:  99%|█████████▉| 2642/2663 [02:58<00:01, 15.06it/s]
HPSAC test:  99%|█████████▉| 2644/2663 [02:58<00:01, 15.06it/s]
HPSAC test:  99%|█████████▉| 2646/2663 [02:58<00:01, 15.07it/s]
HPSAC test:  99%|█████████▉| 2648/2663 [02:58<00:00, 15.05it/s]
HPSAC test: 100%|█████████▉| 2650/2663 [02:58<00:00, 15.09it/s]
HPSAC test: 100%|█████████▉| 2652/2663 [02:58<00:00, 15.05it/s]
HPSAC test: 100%|█████████▉| 2654/2663 [02:59<00:00, 14.95it/s]
HPSAC test: 100%|█████████▉| 2656/2663 [02:59<00:00, 14.92it/s]
HPSAC test: 100%|█████████▉| 2658/2663 [02:59<00:00, 14.83it/s]
HPSAC test: 100%|█████████▉| 2660/2663 [02:59<00:00, 14.81it/s]
HPSAC test: 100%|█████████▉| 2662/2663 [02:59<00:00, 14.85it/s]
                                                               
HPSAC validation overall:
  MRR: 0.233125
  MR: 2076.769317
  hit@10: 0.342086
  hit@3: 0.261815
  hit@1: 0.176669
HPSAC validation Head/Tail Missing Text:
  MRR: 0.131606
  MR: 2845.883648
  hit@10: 0.240042
  hit@3: 0.160901
  hit@1: 0.077044
HPSAC validation Head Missing Text:
  MRR: 0.163268
  MR: 2502.050489
  hit@10: 0.260586
  hit@3: 0.200326
  hit@1: 0.108306
HPSAC validation Tail Missing Text:
  MRR: 0.150394
  MR: 2656.786149
  hit@10: 0.241248
  hit@3: 0.175038
  hit@1: 0.102740
HPSAC validation Head/Tail Both Have Text:
  MRR: 0.488666
  MR: 140.792876
  hit@10: 0.598945
  hit@3: 0.515831
  hit@1: 0.427441
HPSAC test overall:
  MRR: 0.255128
  MR: 1977.198085
  hit@10: 0.369133
  hit@3: 0.283703
  hit@1: 0.195832
HPSAC test Head/Tail Missing Text:
  MRR: 0.140177
  MR: 2761.876808
  hit@10: 0.256294
  hit@3: 0.165774
  hit@1: 0.083557
HPSAC test Head Missing Text:
  MRR: 0.173138
  MR: 2376.902071
  hit@10: 0.278689
  hit@3: 0.201035
  hit@1: 0.118205
HPSAC test Tail Missing Text:
  MRR: 0.156081
  MR: 2769.669447
  hit@10: 0.255118
  hit@3: 0.182335
  hit@1: 0.104625
HPSAC test Head/Tail Both Have Text:
  MRR: 0.524744
  MR: 136.751884
  hit@10: 0.633794
  hit@3: 0.560302
  hit@1: 0.459171
MT-Guard summary | lock_missing_text=False | valid_missing_text_equal_bv1=False | test_missing_text_equal_bv1=False | test_overall_mrr_delta=0.027902 | test_both_have_text_mrr_delta=0.000020 | non_fallback_both_have_text=17
RESULT_JSON: {"alpha_grid": [0.0, 0.1, 0.2, 0.3], "calibration_mode": "alpha_only", "calibration_search_space": {"alpha_search_enabled": true, "fixed_default_parameters": false, "group_level_search_enabled": true, "lambda_search_enabled": false, "temperature_scaling_rank_invariant_for_positive_T": false, "temperature_search_enabled": false}, "candidate_order": "entity_id_ascending_0_to_ent_tot_minus_1", "checkpoint_a": "checkpoint/revision_mkgy_low_degree_text30_A_seed2.ckpt", "checkpoint_b": "checkpoint/revision_mkgy_low_degree_text30_AB_seed2.ckpt", "checkpoint_id_order_check": "state_dict entity/relation embedding shapes match dataset counts", "dataset": "MKG-Y", "disabled_training_side_modules": {"confidence_calibration": true, "diffheg": true, "gate_expert_router_imputer_training": true, "relation_aware_retrieval": true}, "effective_level1_group_configs": {"relation=0|side=head_prediction|text=both_have_text": {"accepted": true, "reason": "accepted", "resolved_group": "side=head_prediction|text=both_have_text", "resolved_level": "level2", "selected_alpha": 0.1, "selected_lambda": 0.25, "selected_temperature": 1.0, "text_state": "both_have_text"}, "relation=0|side=head_prediction|text=missing_text": {"accepted": true, "reason": "accepted", "resolved_group": "side=head_prediction|text=missing_text", "resolved_level": "level2", "selected_alpha": 0.3, "selected_lambda": 0.25, "selected_temperature": 1.0, "text_state": "missing_text"}, "relation=0|side=tail_prediction|text=both_have_text": {"accepted": false, "reason": "pareto_safe_rejected", "resolved_group": "side=tail_prediction|text=both_have_text", "resolved_level": "level2", "selected_alpha": 0.0, "selected_lambda": 0.25, "selected_temperature": 1.0, "text_state": "both_have_text"}, "relation=0|side=tail_prediction|text=missing_text": {"accepted": true, "reason": "accepted", "resolved_group": "side=tail_prediction|text=missing_text", "resolved_level": "level2", "selected_alpha": 0.3, "selected_lambda": 0.25, "selected_temperature": 1.0, "text_state": "missing_text"}, "relation=10|side=head_prediction|text=both_have_text": {"accepted": true, "reason": "accepted", "resolved_group": "side=head_prediction|text=both_have_text", "resolved_level": "level2", "selected_alpha": 0.1, "selected_lambda": 0.25, "selected_temperature": 1.0, "text_state": "both_have_text"}, "relation=10|side=head_prediction|text=missing_text": {"accepted": true, "reason": "accepted", "resolved_group": "side=head_prediction|text=missing_text", "resolved_level": "level2", "selected_alpha": 0.3, "selected_lambda": 0.25, "selected_temperature": 1.0, "text_state": "missing_text"}, "relation=10|side=tail_prediction|text=both_have_text": {"accepted": false, "reason": "pareto_safe_rejected", "resolved_group": "side=tail_prediction|text=both_have_text", "resolved_level": "level2", "selected_alpha": 0.0, "selected_lambda": 0.25, "selected_temperature": 1.0, "text_state": "both_have_text"}, "relation=10|side=tail_prediction|text=missing_text": {"accepted": true, "reason": "accepted", "resolved_group": "side=tail_prediction|text=missing_text", "resolved_level": "level2", "selected_alpha": 0.3, "selected_lambda": 0.25, "selected_temperature": 1.0, "text_state": "missing_text"}, "relation=11|side=head_prediction|text=both_have_text": {"accepted": true, "reason": "accepted", "resolved_group": "side=head_prediction|text=both_have_text", "resolved_level": "level2", "selected_alpha": 0.1, "selected_lambda": 0.25, "selected_temperature": 1.0, "text_state": "both_have_text"}, "relation=11|side=head_prediction|text=missing_text": {"accepted": true, "reason": "accepted", "resolved_group": "side=head_prediction|text=missing_text", "resolved_level": "level2", "selected_alpha": 0.3, "selected_lambda": 0.25, "selected_temperature": 1.0, "text_state": "missing_text"}, "relation=11|side=tail_prediction|text=both_have_text": {"accepted": false, "reason": "pareto_safe_rejected", "resolved_group": "side=tail_prediction|text=both_have_text", "resolved_level": "level2", "selected_alpha": 0.0, "selected_lambda": 0.25, "selected_temperature": 1.0, "text_state": "both_have_text"}, "relation=11|side=tail_prediction|text=missing_text": {"accepted": true, "reason": "accepted", "resolved_group": "side=tail_prediction|text=missing_text", "resolved_level": "level2", "selected_alpha": 0.3, "selected_lambda": 0.25, "selected_temperature": 1.0, "text_state": "missing_text"}, "relation=12|side=head_prediction|text=both_have_text": {"accepted": true, "reason": "accepted", "resolved_group": "side=head_prediction|text=both_have_text", "resolved_level": "level2", "selected_alpha": 0.1, "selected_lambda": 0.25, "selected_temperature": 1.0, "text_state": "both_have_text"}, "relation=12|side=head_prediction|text=missing_text": {"accepted": true, "reason": "accepted", "resolved_group": "side=head_prediction|text=missing_text", "resolved_level": "level2", "selected_alpha": 0.3, "selected_lambda": 0.25, "selected_temperature": 1.0, "text_state": "missing_text"}, "relation=12|side=tail_prediction|text=both_have_text": {"accepted": false, "reason": "pareto_safe_rejected", "resolved_group": "side=tail_prediction|text=both_have_text", "resolved_level": "level2", "selected_alpha": 0.0, "selected_lambda": 0.25, "selected_temperature": 1.0, "text_state": "both_have_text"}, "relation=12|side=tail_prediction|text=missing_text": {"accepted": true, "reason": "accepted", "resolved_group": "side=tail_prediction|text=missing_text", "resolved_level": "level2", "selected_alpha": 0.3, "selected_lambda": 0.25, "selected_temperature": 1.0, "text_state": "missing_text"}, "relation=13|side=head_prediction|text=both_have_text": {"accepted": true, "reason": "accepted", "resolved_group": "side=head_prediction|text=both_have_text", "resolved_level": "level2", "selected_alpha": 0.1, "selected_lambda": 0.25, "selected_temperature": 1.0, "text_state": "both_have_text"}, "relation=13|side=head_prediction|text=missing_text": {"accepted": true, "reason": "accepted", "resolved_group": "side=head_prediction|text=missing_text", "resolved_level": "level2", "selected_alpha": 0.3, "selected_lambda": 0.25, "selected_temperature": 1.0, "text_state": "missing_text"}, "relation=13|side=tail_prediction|text=both_have_text": {"accepted": false, "reason": "pareto_safe_rejected", "resolved_group": "side=tail_prediction|text=both_have_text", "resolved_level": "level2", "selected_alpha": 0.0, "selected_lambda": 0.25, "selected_temperature": 1.0, "text_state": "both_have_text"}, "relation=13|side=tail_prediction|text=missing_text": {"accepted": true, "reason": "accepted", "resolved_group": "side=tail_prediction|text=missing_text", "resolved_level": "level2", "selected_alpha": 0.3, "selected_lambda": 0.25, "selected_temperature": 1.0, "text_state": "missing_text"}, "relation=14|side=head_prediction|text=missing_text": {"accepted": true, "reason": "accepted", "resolved_group": "side=head_prediction|text=missing_text", "resolved_level": "level2", "selected_alpha": 0.3, "selected_lambda": 0.25, "selected_temperature": 1.0, "text_state": "missing_text"}, "relation=14|side=tail_prediction|text=missing_text": {"accepted": true, "reason": "accepted", "resolved_group": "side=tail_prediction|text=missing_text", "resolved_level": "level2", "selected_alpha": 0.3, "selected_lambda": 0.25, "selected_temperature": 1.0, "text_state": "missing_text"}, "relation=15|side=head_prediction|text=missing_text": {"accepted": true, "reason": "accepted", "resolved_group": "side=head_prediction|text=missing_text", "resolved_level": "level2", "selected_alpha": 0.3, "selected_lambda": 0.25, "selected_temperature": 1.0, "text_state": "missing_text"}, "relation=15|side=tail_prediction|text=missing_text": {"accepted": true, "reason": "accepted", "resolved_group": "side=tail_prediction|text=missing_text", "resolved_level": "level2", "selected_alpha": 0.3, "selected_lambda": 0.25, "selected_temperature": 1.0, "text_state": "missing_text"}, "relation=16|side=head_prediction|text=missing_text": {"accepted": true, "reason": "accepted", "resolved_group": "side=head_prediction|text=missing_text", "resolved_level": "level2", "selected_alpha": 0.3, "selected_lambda": 0.25, "selected_temperature": 1.0, "text_state": "missing_text"}, "relation=16|side=tail_prediction|text=missing_text": {"accepted": true, "reason": "accepted", "resolved_group": "side=tail_prediction|text=missing_text", "resolved_level": "level2", "selected_alpha": 0.3, "selected_lambda": 0.25, "selected_temperature": 1.0, "text_state": "missing_text"}, "relation=17|side=head_prediction|text=both_have_text": {"accepted": true, "reason": "accepted", "resolved_group": "side=head_prediction|text=both_have_text", "resolved_level": "level2", "selected_alpha": 0.1, "selected_lambda": 0.25, "selected_temperature": 1.0, "text_state": "both_have_text"}, "relation=17|side=head_prediction|text=missing_text": {"accepted": true, "reason": "accepted", "resolved_group": "side=head_prediction|text=missing_text", "resolved_level": "level2", "selected_alpha": 0.3, "selected_lambda": 0.25, "selected_temperature": 1.0, "text_state": "missing_text"}, "relation=17|side=tail_prediction|text=both_have_text": {"accepted": false, "reason": "pareto_safe_rejected", "resolved_group": "side=tail_prediction|text=both_have_text", "resolved_level": "level2", "selected_alpha": 0.0, "selected_lambda": 0.25, "selected_temperature": 1.0, "text_state": "both_have_text"}, "relation=17|side=tail_prediction|text=missing_text": {"accepted": true, "reason": "accepted", "resolved_group": "side=tail_prediction|text=missing_text", "resolved_level": "level2", "selected_alpha": 0.3, "selected_lambda": 0.25, "selected_temperature": 1.0, "text_state": "missing_text"}, "relation=18|side=head_prediction|text=missing_text": {"accepted": true, "reason": "accepted", "resolved_group": "side=head_prediction|text=missing_text", "resolved_level": "level2", "selected_alpha": 0.3, "selected_lambda": 0.25, "selected_temperature": 1.0, "text_state": "missing_text"}, "relation=18|side=tail_prediction|text=missing_text": {"accepted": true, "reason": "accepted", "resolved_group": "side=tail_prediction|text=missing_text", "resolved_level": "level2", "selected_alpha": 0.3, "selected_lambda": 0.25, "selected_temperature": 1.0, "text_state": "missing_text"}, "relation=19|side=head_prediction|text=both_have_text": {"accepted": true, "reason": "accepted", "resolved_group": "side=head_prediction|text=both_have_text", "resolved_level": "level2", "selected_alpha": 0.1, "selected_lambda": 0.25, "selected_temperature": 1.0, "text_state": "both_have_text"}, "relation=19|side=tail_prediction|text=both_have_text": {"accepted": false, "reason": "pareto_safe_rejected", "resolved_group": "side=tail_prediction|text=both_have_text", "resolved_level": "level2", "selected_alpha": 0.0, "selected_lambda": 0.25, "selected_temperature": 1.0, "text_state": "both_have_text"}, "relation=1|side=head_prediction|text=both_have_text": {"accepted": false, "reason": "pareto_safe_rejected", "resolved_group": "relation=1|side=head_prediction|text=both_have_text", "resolved_level": "level1", "selected_alpha": 0.0, "selected_lambda": 0.25, "selected_temperature": 1.0, "text_state": "both_have_text"}, "relation=1|side=head_prediction|text=missing_text": {"accepted": true, "reason": "accepted", "resolved_group": "relation=1|side=head_prediction|text=missing_text", "resolved_level": "level1", "selected_alpha": 0.3, "selected_lambda": 0.25, "selected_temperature": 1.0, "text_state": "missing_text"}, "relation=1|side=tail_prediction|text=both_have_text": {"accepted": false, "reason": "pareto_safe_rejected", "resolved_group": "relation=1|side=tail_prediction|text=both_have_text", "resolved_level": "level1", "selected_alpha": 0.0, "selected_lambda": 0.25, "selected_temperature": 1.0, "text_state": "both_have_text"}, "relation=1|side=tail_prediction|text=missing_text": {"accepted": true, "reason": "accepted", "resolved_group": "relation=1|side=tail_prediction|text=missing_text", "resolved_level": "level1", "selected_alpha": 0.3, "selected_lambda": 0.25, "selected_temperature": 1.0, "text_state": "missing_text"}, "relation=20|side=head_prediction|text=both_have_text": {"accepted": true, "reason": "accepted", "resolved_group": "side=head_prediction|text=both_have_text", "resolved_level": "level2", "selected_alpha": 0.1, "selected_lambda": 0.25, "selected_temperature": 1.0, "text_state": "both_have_text"}, "relation=20|side=tail_prediction|text=both_have_text": {"accepted": false, "reason": "pareto_safe_rejected", "resolved_group": "side=tail_prediction|text=both_have_text", "resolved_level": "level2", "selected_alpha": 0.0, "selected_lambda": 0.25, "selected_temperature": 1.0, "text_state": "both_have_text"}, "relation=21|side=head_prediction|text=missing_text": {"accepted": true, "reason": "accepted", "resolved_group": "side=head_prediction|text=missing_text", "resolved_level": "level2", "selected_alpha": 0.3, "selected_lambda": 0.25, "selected_temperature": 1.0, "text_state": "missing_text"}, "relation=21|side=tail_prediction|text=missing_text": {"accepted": true, "reason": "accepted", "resolved_group": "side=tail_prediction|text=missing_text", "resolved_level": "level2", "selected_alpha": 0.3, "selected_lambda": 0.25, "selected_temperature": 1.0, "text_state": "missing_text"}, "relation=22|side=head_prediction|text=both_have_text": {"accepted": true, "reason": "accepted", "resolved_group": "side=head_prediction|text=both_have_text", "resolved_level": "level2", "selected_alpha": 0.1, "selected_lambda": 0.25, "selected_temperature": 1.0, "text_state": "both_have_text"}, "relation=22|side=tail_prediction|text=both_have_text": {"accepted": false, "reason": "pareto_safe_rejected", "resolved_group": "side=tail_prediction|text=both_have_text", "resolved_level": "level2", "selected_alpha": 0.0, "selected_lambda": 0.25, "selected_temperature": 1.0, "text_state": "both_have_text"}, "relation=23|side=head_prediction|text=missing_text": {"accepted": true, "reason": "accepted", "resolved_group": "side=head_prediction|text=missing_text", "resolved_level": "level2", "selected_alpha": 0.3, "selected_lambda": 0.25, "selected_temperature": 1.0, "text_state": "missing_text"}, "relation=23|side=tail_prediction|text=missing_text": {"accepted": true, "reason": "accepted", "resolved_group": "side=tail_prediction|text=missing_text", "resolved_level": "level2", "selected_alpha": 0.3, "selected_lambda": 0.25, "selected_temperature": 1.0, "text_state": "missing_text"}, "relation=26|side=head_prediction|text=both_have_text": {"accepted": true, "reason": "accepted", "resolved_group": "side=head_prediction|text=both_have_text", "resolved_level": "level2", "selected_alpha": 0.1, "selected_lambda": 0.25, "selected_temperature": 1.0, "text_state": "both_have_text"}, "relation=26|side=tail_prediction|text=both_have_text": {"accepted": false, "reason": "pareto_safe_rejected", "resolved_group": "side=tail_prediction|text=both_have_text", "resolved_level": "level2", "selected_alpha": 0.0, "selected_lambda": 0.25, "selected_temperature": 1.0, "text_state": "both_have_text"}, "relation=2|side=head_prediction|text=both_have_text": {"accepted": true, "reason": "accepted", "resolved_group": "side=head_prediction|text=both_have_text", "resolved_level": "level2", "selected_alpha": 0.1, "selected_lambda": 0.25, "selected_temperature": 1.0, "text_state": "both_have_text"}, "relation=2|side=head_prediction|text=missing_text": {"accepted": true, "reason": "accepted", "resolved_group": "relation=2|side=head_prediction|text=missing_text", "resolved_level": "level1", "selected_alpha": 0.3, "selected_lambda": 0.25, "selected_temperature": 1.0, "text_state": "missing_text"}, "relation=2|side=tail_prediction|text=both_have_text": {"accepted": false, "reason": "pareto_safe_rejected", "resolved_group": "side=tail_prediction|text=both_have_text", "resolved_level": "level2", "selected_alpha": 0.0, "selected_lambda": 0.25, "selected_temperature": 1.0, "text_state": "both_have_text"}, "relation=2|side=tail_prediction|text=missing_text": {"accepted": true, "reason": "accepted", "resolved_group": "relation=2|side=tail_prediction|text=missing_text", "resolved_level": "level1", "selected_alpha": 0.3, "selected_lambda": 0.25, "selected_temperature": 1.0, "text_state": "missing_text"}, "relation=3|side=head_prediction|text=both_have_text": {"accepted": true, "reason": "accepted", "resolved_group": "relation=3|side=head_prediction|text=both_have_text", "resolved_level": "level1", "selected_alpha": 0.3, "selected_lambda": 0.25, "selected_temperature": 1.0, "text_state": "both_have_text"}, "relation=3|side=head_prediction|text=missing_text": {"accepted": true, "reason": "accepted", "resolved_group": "relation=3|side=head_prediction|text=missing_text", "resolved_level": "level1", "selected_alpha": 0.3, "selected_lambda": 0.25, "selected_temperature": 1.0, "text_state": "missing_text"}, "relation=3|side=tail_prediction|text=both_have_text": {"accepted": false, "reason": "pareto_safe_rejected", "resolved_group": "relation=3|side=tail_prediction|text=both_have_text", "resolved_level": "level1", "selected_alpha": 0.0, "selected_lambda": 0.25, "selected_temperature": 1.0, "text_state": "both_have_text"}, "relation=3|side=tail_prediction|text=missing_text": {"accepted": true, "reason": "accepted", "resolved_group": "relation=3|side=tail_prediction|text=missing_text", "resolved_level": "level1", "selected_alpha": 0.3, "selected_lambda": 0.25, "selected_temperature": 1.0, "text_state": "missing_text"}, "relation=4|side=head_prediction|text=both_have_text": {"accepted": false, "reason": "pareto_safe_rejected", "resolved_group": "relation=4|side=head_prediction|text=both_have_text", "resolved_level": "level1", "selected_alpha": 0.0, "selected_lambda": 0.25, "selected_temperature": 1.0, "text_state": "both_have_text"}, "relation=4|side=head_prediction|text=missing_text": {"accepted": true, "reason": "accepted", "resolved_group": "relation=4|side=head_prediction|text=missing_text", "resolved_level": "level1", "selected_alpha": 0.3, "selected_lambda": 0.25, "selected_temperature": 1.0, "text_state": "missing_text"}, "relation=4|side=tail_prediction|text=both_have_text": {"accepted": false, "reason": "pareto_safe_rejected", "resolved_group": "relation=4|side=tail_prediction|text=both_have_text", "resolved_level": "level1", "selected_alpha": 0.0, "selected_lambda": 0.25, "selected_temperature": 1.0, "text_state": "both_have_text"}, "relation=4|side=tail_prediction|text=missing_text": {"accepted": true, "reason": "accepted", "resolved_group": "relation=4|side=tail_prediction|text=missing_text", "resolved_level": "level1", "selected_alpha": 0.3, "selected_lambda": 0.25, "selected_temperature": 1.0, "text_state": "missing_text"}, "relation=5|side=head_prediction|text=both_have_text": {"accepted": true, "reason": "accepted", "resolved_group": "side=head_prediction|text=both_have_text", "resolved_level": "level2", "selected_alpha": 0.1, "selected_lambda": 0.25, "selected_temperature": 1.0, "text_state": "both_have_text"}, "relation=5|side=head_prediction|text=missing_text": {"accepted": true, "reason": "accepted", "resolved_group": "relation=5|side=head_prediction|text=missing_text", "resolved_level": "level1", "selected_alpha": 0.3, "selected_lambda": 0.25, "selected_temperature": 1.0, "text_state": "missing_text"}, "relation=5|side=tail_prediction|text=both_have_text": {"accepted": false, "reason": "pareto_safe_rejected", "resolved_group": "side=tail_prediction|text=both_have_text", "resolved_level": "level2", "selected_alpha": 0.0, "selected_lambda": 0.25, "selected_temperature": 1.0, "text_state": "both_have_text"}, "relation=5|side=tail_prediction|text=missing_text": {"accepted": true, "reason": "accepted", "resolved_group": "relation=5|side=tail_prediction|text=missing_text", "resolved_level": "level1", "selected_alpha": 0.3, "selected_lambda": 0.25, "selected_temperature": 1.0, "text_state": "missing_text"}, "relation=6|side=head_prediction|text=both_have_text": {"accepted": true, "reason": "accepted", "resolved_group": "side=head_prediction|text=both_have_text", "resolved_level": "level2", "selected_alpha": 0.1, "selected_lambda": 0.25, "selected_temperature": 1.0, "text_state": "both_have_text"}, "relation=6|side=head_prediction|text=missing_text": {"accepted": true, "reason": "accepted", "resolved_group": "relation=6|side=head_prediction|text=missing_text", "resolved_level": "level1", "selected_alpha": 0.3, "selected_lambda": 0.25, "selected_temperature": 1.0, "text_state": "missing_text"}, "relation=6|side=tail_prediction|text=both_have_text": {"accepted": false, "reason": "pareto_safe_rejected", "resolved_group": "side=tail_prediction|text=both_have_text", "resolved_level": "level2", "selected_alpha": 0.0, "selected_lambda": 0.25, "selected_temperature": 1.0, "text_state": "both_have_text"}, "relation=6|side=tail_prediction|text=missing_text": {"accepted": true, "reason": "accepted", "resolved_group": "relation=6|side=tail_prediction|text=missing_text", "resolved_level": "level1", "selected_alpha": 0.3, "selected_lambda": 0.25, "selected_temperature": 1.0, "text_state": "missing_text"}, "relation=7|side=head_prediction|text=both_have_text": {"accepted": true, "reason": "accepted", "resolved_group": "side=head_prediction|text=both_have_text", "resolved_level": "level2", "selected_alpha": 0.1, "selected_lambda": 0.25, "selected_temperature": 1.0, "text_state": "both_have_text"}, "relation=7|side=head_prediction|text=missing_text": {"accepted": true, "reason": "accepted", "resolved_group": "side=head_prediction|text=missing_text", "resolved_level": "level2", "selected_alpha": 0.3, "selected_lambda": 0.25, "selected_temperature": 1.0, "text_state": "missing_text"}, "relation=7|side=tail_prediction|text=both_have_text": {"accepted": false, "reason": "pareto_safe_rejected", "resolved_group": "side=tail_prediction|text=both_have_text", "resolved_level": "level2", "selected_alpha": 0.0, "selected_lambda": 0.25, "selected_temperature": 1.0, "text_state": "both_have_text"}, "relation=7|side=tail_prediction|text=missing_text": {"accepted": true, "reason": "accepted", "resolved_group": "side=tail_prediction|text=missing_text", "resolved_level": "level2", "selected_alpha": 0.3, "selected_lambda": 0.25, "selected_temperature": 1.0, "text_state": "missing_text"}, "relation=8|side=head_prediction|text=both_have_text": {"accepted": true, "reason": "accepted", "resolved_group": "side=head_prediction|text=both_have_text", "resolved_level": "level2", "selected_alpha": 0.1, "selected_lambda": 0.25, "selected_temperature": 1.0, "text_state": "both_have_text"}, "relation=8|side=head_prediction|text=missing_text": {"accepted": true, "reason": "accepted", "resolved_group": "side=head_prediction|text=missing_text", "resolved_level": "level2", "selected_alpha": 0.3, "selected_lambda": 0.25, "selected_temperature": 1.0, "text_state": "missing_text"}, "relation=8|side=tail_prediction|text=both_have_text": {"accepted": false, "reason": "pareto_safe_rejected", "resolved_group": "side=tail_prediction|text=both_have_text", "resolved_level": "level2", "selected_alpha": 0.0, "selected_lambda": 0.25, "selected_temperature": 1.0, "text_state": "both_have_text"}, "relation=8|side=tail_prediction|text=missing_text": {"accepted": true, "reason": "accepted", "resolved_group": "side=tail_prediction|text=missing_text", "resolved_level": "level2", "selected_alpha": 0.3, "selected_lambda": 0.25, "selected_temperature": 1.0, "text_state": "missing_text"}, "relation=9|side=head_prediction|text=both_have_text": {"accepted": true, "reason": "accepted", "resolved_group": "relation=9|side=head_prediction|text=both_have_text", "resolved_level": "level1", "selected_alpha": 0.3, "selected_lambda": 0.25, "selected_temperature": 1.0, "text_state": "both_have_text"}, "relation=9|side=head_prediction|text=missing_text": {"accepted": true, "reason": "accepted", "resolved_group": "relation=9|side=head_prediction|text=missing_text", "resolved_level": "level1", "selected_alpha": 0.3, "selected_lambda": 0.25, "selected_temperature": 1.0, "text_state": "missing_text"}, "relation=9|side=tail_prediction|text=both_have_text": {"accepted": false, "reason": "pareto_safe_rejected", "resolved_group": "relation=9|side=tail_prediction|text=both_have_text", "resolved_level": "level1", "selected_alpha": 0.0, "selected_lambda": 0.25, "selected_temperature": 1.0, "text_state": "both_have_text"}, "relation=9|side=tail_prediction|text=missing_text": {"accepted": true, "reason": "accepted", "resolved_group": "relation=9|side=tail_prediction|text=missing_text", "resolved_level": "level1", "selected_alpha": 0.3, "selected_lambda": 0.25, "selected_temperature": 1.0, "text_state": "missing_text"}}, "entity_count": 15000, "fallback_alpha": 0.0, "fallback_lambda": 0.25, "fallback_temperature": 1.0, "global_selected_config": null, "group_records": {"level1": {"relation=0|side=head_prediction|text=both_have_text": {"accepted": false, "fallback_alpha": 0.0, "fallback_lambda": 0.25, "fallback_valid_metrics": {"hit1": 0.16666666666666666, "hit10": 0.3333333333333333, "hit3": 0.3333333333333333, "mr": 978.5, "mrr": 0.2557966082931482, "query_count": 6}, "group": "relation=0|side=head_prediction|text=both_have_text", "level": "level1", "query_count": 6, "reason": "insufficient_validation_queries", "selected_alpha": null, "selected_lambda": null, "text_state": "both_have_text"}, "relation=0|side=head_prediction|text=missing_text": {"accepted": false, "fallback_alpha": 0.0, "fallback_lambda": 0.25, "fallback_valid_metrics": {"hit1": 0.0, "hit10": 0.09090909090909091, "hit3": 0.09090909090909091, "mr": 5634.454545454545, "mrr": 0.040873247098949024, "query_count": 22}, "group": "relation=0|side=head_prediction|text=missing_text", "level": "level1", "query_count": 22, "reason": "insufficient_validation_queries", "selected_alpha": null, "selected_lambda": null, "text_state": "missing_text"}, "relation=0|side=tail_prediction|text=both_have_text": {"accepted": false, "fallback_alpha": 0.0, "fallback_lambda": 0.25, "fallback_valid_metrics": {"hit1": 0.16666666666666666, "hit10": 0.5, "hit3": 0.5, "mr": 132.33333333333334, "mrr": 0.3546594516594517, "query_count": 6}, "group": "relation=0|side=tail_prediction|text=both_have_text", "level": "level1", "query_count": 6, "reason": "insufficient_validation_queries", "selected_alpha": null, "selected_lambda": null, "text_state": "both_have_text"}, "relation=0|side=tail_prediction|text=missing_text": {"accepted": false, "fallback_alpha": 0.0, "fallback_lambda": 0.25, "fallback_valid_metrics": {"hit1": 0.0, "hit10": 0.09090909090909091, "hit3": 0.09090909090909091, "mr": 4858.227272727273, "mrr": 0.04960354639494604, "query_count": 22}, "group": "relation=0|side=tail_prediction|text=missing_text", "level": "level1", "query_count": 22, "reason": "insufficient_validation_queries", "selected_alpha": null, "selected_lambda": null, "text_state": "missing_text"}, "relation=10|side=head_prediction|text=both_have_text": {"accepted": false, "fallback_alpha": 0.0, "fallback_lambda": 0.25, "fallback_valid_metrics": {"hit1": 0.0, "hit10": 0.16666666666666666, "hit3": 0.0, "mr": 504.1666666666667, "mrr": 0.03923763016763008, "query_count": 12}, "group": "relation=10|side=head_prediction|text=both_have_text", "level": "level1", "query_count": 12, "reason": "insufficient_validation_queries", "selected_alpha": null, "selected_lambda": null, "text_state": "both_have_text"}, "relation=10|side=head_prediction|text=missing_text": {"accepted": false, "fallback_alpha": 0.0, "fallback_lambda": 0.25, "fallback_valid_metrics": {"hit1": 0.0, "hit10": 0.0, "hit3": 0.0, "mr": 6399.111111111111, "mrr": 0.0011910593000482657, "query_count": 9}, "group": "relation=10|side=head_prediction|text=missing_text", "level": "level1", "query_count": 9, "reason": "insufficient_validation_queries", "selected_alpha": null, "selected_lambda": null, "text_state": "missing_text"}, "relation=10|side=tail_prediction|text=both_have_text": {"accepted": false, "fallback_alpha": 0.0, "fallback_lambda": 0.25, "fallback_valid_metrics": {"hit1": 0.4166666666666667, "hit10": 0.8333333333333334, "hit3": 0.75, "mr": 4.583333333333333, "mrr": 0.575201106083459, "query_count": 12}, "group": "relation=10|side=tail_prediction|text=both_have_text", "level": "level1", "query_count": 12, "reason": "insufficient_validation_queries", "selected_alpha": null, "selected_lambda": null, "text_state": "both_have_text"}, "relation=10|side=tail_prediction|text=missing_text": {"accepted": false, "fallback_alpha": 0.0, "fallback_lambda": 0.25, "fallback_valid_metrics": {"hit1": 0.0, "hit10": 0.1111111111111111, "hit3": 0.0, "mr": 1248.6666666666667, "mrr": 0.03622857575439465, "query_count": 9}, "group": "relation=10|side=tail_prediction|text=missing_text", "level": "level1", "query_count": 9, "reason": "insufficient_validation_queries", "selected_alpha": null, "selected_lambda": null, "text_state": "missing_text"}, "relation=11|side=head_prediction|text=both_have_text": {"accepted": false, "fallback_alpha": 0.0, "fallback_lambda": 0.25, "fallback_valid_metrics": {"hit1": 0.0, "hit10": 0.0, "hit3": 0.0, "mr": 588.0, "mrr": 0.0017006802721088435, "query_count": 1}, "group": "relation=11|side=head_prediction|text=both_have_text", "level": "level1", "query_count": 1, "reason": "insufficient_validation_queries", "selected_alpha": null, "selected_lambda": null, "text_state": "both_have_text"}, "relation=11|side=head_prediction|text=missing_text": {"accepted": false, "fallback_alpha": 0.0, "fallback_lambda": 0.25, "fallback_valid_metrics": {"hit1": 0.0, "hit10": 0.0, "hit3": 0.0, "mr": 1866.0, "mrr": 0.006506016304190947, "query_count": 3}, "group": "relation=11|side=head_prediction|text=missing_text", "level": "level1", "query_count": 3, "reason": "insufficient_validation_queries", "selected_alpha": null, "selected_lambda": null, "text_state": "missing_text"}, "relation=11|side=tail_prediction|text=both_have_text": {"accepted": false, "fallback_alpha": 0.0, "fallback_lambda": 0.25, "fallback_valid_metrics": {"hit1": 0.0, "hit10": 0.0, "hit3": 0.0, "mr": 291.0, "mrr": 0.003436426116838488, "query_count": 1}, "group": "relation=11|side=tail_prediction|text=both_have_text", "level": "level1", "query_count": 1, "reason": "insufficient_validation_queries", "selected_alpha": null, "selected_lambda": null, "text_state": "both_have_text"}, "relation=11|side=tail_prediction|text=missing_text": {"accepted": false, "fallback_alpha": 0.0, "fallback_lambda": 0.25, "fallback_valid_metrics": {"hit1": 0.0, "hit10": 0.0, "hit3": 0.0, "mr": 3679.6666666666665, "mrr": 0.002498227878246125, "query_count": 3}, "group": "relation=11|side=tail_prediction|text=missing_text", "level": "level1", "query_count": 3, "reason": "insufficient_validation_queries", "selected_alpha": null, "selected_lambda": null, "text_state": "missing_text"}, "relation=12|side=head_prediction|text=both_have_text": {"accepted": false, "fallback_alpha": 0.0, "fallback_lambda": 0.25, "fallback_valid_metrics": {"hit1": 0.14285714285714285, "hit10": 0.5, "hit3": 0.21428571428571427, "mr": 27.142857142857142, "mrr": 0.2311965622837136, "query_count": 14}, "group": "relation=12|side=head_prediction|text=both_have_text", "level": "level1", "query_count": 14, "reason": "insufficient_validation_queries", "selected_alpha": null, "selected_lambda": null, "text_state": "both_have_text"}, "relation=12|side=head_prediction|text=missing_text": {"accepted": false, "fallback_alpha": 0.0, "fallback_lambda": 0.25, "fallback_valid_metrics": {"hit1": 0.037037037037037035, "hit10": 0.18518518518518517, "hit3": 0.037037037037037035, "mr": 2837.259259259259, "mrr": 0.06757510115766402, "query_count": 27}, "group": "relation=12|side=head_prediction|text=missing_text", "level": "level1", "query_count": 27, "reason": "insufficient_validation_queries", "selected_alpha": null, "selected_lambda": null, "text_state": "missing_text"}, "relation=12|side=tail_prediction|text=both_have_text": {"accepted": false, "fallback_alpha": 0.0, "fallback_lambda": 0.25, "fallback_valid_metrics": {"hit1": 0.14285714285714285, "hit10": 0.14285714285714285, "hit3": 0.14285714285714285, "mr": 325.14285714285717, "mrr": 0.15052843838060087, "query_count": 14}, "group": "relation=12|side=tail_prediction|text=both_have_text", "level": "level1", "query_count": 14, "reason": "insufficient_validation_queries", "selected_alpha": null, "selected_lambda": null, "text_state": "both_have_text"}, "relation=12|side=tail_prediction|text=missing_text": {"accepted": false, "fallback_alpha": 0.0, "fallback_lambda": 0.25, "fallback_valid_metrics": {"hit1": 0.037037037037037035, "hit10": 0.1111111111111111, "hit3": 0.07407407407407407, "mr": 4961.444444444444, "mrr": 0.06131079056294947, "query_count": 27}, "group": "relation=12|side=tail_prediction|text=missing_text", "level": "level1", "query_count": 27, "reason": "insufficient_validation_queries", "selected_alpha": null, "selected_lambda": null, "text_state": "missing_text"}, "relation=13|side=head_prediction|text=both_have_text": {"accepted": false, "fallback_alpha": 0.0, "fallback_lambda": 0.25, "fallback_valid_metrics": {"hit1": 1.0, "hit10": 1.0, "hit3": 1.0, "mr": 1.0, "mrr": 1.0, "query_count": 1}, "group": "relation=13|side=head_prediction|text=both_have_text", "level": "level1", "query_count": 1, "reason": "insufficient_validation_queries", "selected_alpha": null, "selected_lambda": null, "text_state": "both_have_text"}, "relation=13|side=head_prediction|text=missing_text": {"accepted": false, "fallback_alpha": 0.0, "fallback_lambda": 0.25, "fallback_valid_metrics": {"hit1": 0.3333333333333333, "hit10": 0.3333333333333333, "hit3": 0.3333333333333333, "mr": 3381.6666666666665, "mrr": 0.3335965896473261, "query_count": 3}, "group": "relation=13|side=head_prediction|text=missing_text", "level": "level1", "query_count": 3, "reason": "insufficient_validation_queries", "selected_alpha": null, "selected_lambda": null, "text_state": "missing_text"}, "relation=13|side=tail_prediction|text=both_have_text": {"accepted": false, "fallback_alpha": 0.0, "fallback_lambda": 0.25, "fallback_valid_metrics": {"hit1": 1.0, "hit10": 1.0, "hit3": 1.0, "mr": 1.0, "mrr": 1.0, "query_count": 1}, "group": "relation=13|side=tail_prediction|text=both_have_text", "level": "level1", "query_count": 1, "reason": "insufficient_validation_queries", "selected_alpha": null, "selected_lambda": null, "text_state": "both_have_text"}, "relation=13|side=tail_prediction|text=missing_text": {"accepted": false, "fallback_alpha": 0.0, "fallback_lambda": 0.25, "fallback_valid_metrics": {"hit1": 0.3333333333333333, "hit10": 0.3333333333333333, "hit3": 0.3333333333333333, "mr": 1547.3333333333333, "mrr": 0.33363842783966, "query_count": 3}, "group": "relation=13|side=tail_prediction|text=missing_text", "level": "level1", "query_count": 3, "reason": "insufficient_validation_queries", "selected_alpha": null, "selected_lambda": null, "text_state": "missing_text"}, "relation=14|side=head_prediction|text=missing_text": {"accepted": false, "fallback_alpha": 0.0, "fallback_lambda": 0.25, "fallback_valid_metrics": {"hit1": 0.0, "hit10": 0.0, "hit3": 0.0, "mr": 2295.0, "mrr": 0.00043572984749455336, "query_count": 1}, "group": "relation=14|side=head_prediction|text=missing_text", "level": "level1", "query_count": 1, "reason": "insufficient_validation_queries", "selected_alpha": null, "selected_lambda": null, "text_state": "missing_text"}, "relation=14|side=tail_prediction|text=missing_text": {"accepted": false, "fallback_alpha": 0.0, "fallback_lambda": 0.25, "fallback_valid_metrics": {"hit1": 0.0, "hit10": 0.0, "hit3": 0.0, "mr": 9349.0, "mrr": 0.00010696331158412665, "query_count": 1}, "group": "relation=14|side=tail_prediction|text=missing_text", "level": "level1", "query_count": 1, "reason": "insufficient_validation_queries", "selected_alpha": null, "selected_lambda": null, "text_state": "missing_text"}, "relation=15|side=head_prediction|text=missing_text": {"accepted": false, "fallback_alpha": 0.0, "fallback_lambda": 0.25, "fallback_valid_metrics": {"hit1": 0.2, "hit10": 0.2, "hit3": 0.2, "mr": 7297.4, "mrr": 0.20010286051209297, "query_count": 5}, "group": "relation=15|side=head_prediction|text=missing_text", "level": "level1", "query_count": 5, "reason": "insufficient_validation_queries", "selected_alpha": null, "selected_lambda": null, "text_state": "missing_text"}, "relation=15|side=tail_prediction|text=missing_text": {"accepted": false, "fallback_alpha": 0.0, "fallback_lambda": 0.25, "fallback_valid_metrics": {"hit1": 0.2, "hit10": 0.2, "hit3": 0.2, "mr": 4646.4, "mrr": 0.209618471404241, "query_count": 5}, "group": "relation=15|side=tail_prediction|text=missing_text", "level": "level1", "query_count": 5, "reason": "insufficient_validation_queries", "selected_alpha": null, "selected_lambda": null, "text_state": "missing_text"}, "relation=16|side=head_prediction|text=missing_text": {"accepted": false, "fallback_alpha": 0.0, "fallback_lambda": 0.25, "fallback_valid_metrics": {"hit1": 0.0, "hit10": 0.5, "hit3": 0.5, "mr": 4397.0, "mrr": 0.25005686988171066, "query_count": 2}, "group": "relation=16|side=head_prediction|text=missing_text", "level": "level1", "query_count": 2, "reason": "insufficient_validation_queries", "selected_alpha": null, "selected_lambda": null, "text_state": "missing_text"}, "relation=16|side=tail_prediction|text=missing_text": {"accepted": false, "fallback_alpha": 0.0, "fallback_lambda": 0.25, "fallback_valid_metrics": {"hit1": 0.0, "hit10": 0.5, "hit3": 0.5, "mr": 1027.0, "mrr": 0.25024366471734893, "query_count": 2}, "group": "relation=16|side=tail_prediction|text=missing_text", "level": "level1", "query_count": 2, "reason": "insufficient_validation_queries", "selected_alpha": null, "selected_lambda": null, "text_state": "missing_text"}, "relation=17|side=head_prediction|text=both_have_text": {"accepted": false, "fallback_alpha": 0.0, "fallback_lambda": 0.25, "fallback_valid_metrics": {"hit1": 0.0, "hit10": 0.0, "hit3": 0.0, "mr": 133.5, "mrr": 0.040430042398546334, "query_count": 2}, "group": "relation=17|side=head_prediction|text=both_have_text", "level": "level1", "query_count": 2, "reason": "insufficient_validation_queries", "selected_alpha": null, "selected_lambda": null, "text_state": "both_have_text"}, "relation=17|side=head_prediction|text=missing_text": {"accepted": false, "fallback_alpha": 0.0, "fallback_lambda": 0.25, "fallback_valid_metrics": {"hit1": 0.0, "hit10": 0.0, "hit3": 0.0, "mr": 5186.909090909091, "mrr": 0.005409983423166681, "query_count": 11}, "group": "relation=17|side=head_prediction|text=missing_text", "level": "level1", "query_count": 11, "reason": "insufficient_validation_queries", "selected_alpha": null, "selected_lambda": null, "text_state": "missing_text"}, "relation=17|side=tail_prediction|text=both_have_text": {"accepted": false, "fallback_alpha": 0.0, "fallback_lambda": 0.25, "fallback_valid_metrics": {"hit1": 0.0, "hit10": 0.5, "hit3": 0.0, "mr": 20.0, "mrr": 0.1142857142857143, "query_count": 2}, "group": "relation=17|side=tail_prediction|text=both_have_text", "level": "level1", "query_count": 2, "reason": "insufficient_validation_queries", "selected_alpha": null, "selected_lambda": null, "text_state": "both_have_text"}, "relation=17|side=tail_prediction|text=missing_text": {"accepted": false, "fallback_alpha": 0.0, "fallback_lambda": 0.25, "fallback_valid_metrics": {"hit1": 0.0, "hit10": 0.09090909090909091, "hit3": 0.0, "mr": 3932.4545454545455, "mrr": 0.02441247163297808, "query_count": 11}, "group": "relation=17|side=tail_prediction|text=missing_text", "level": "level1", "query_count": 11, "reason": "insufficient_validation_queries", "selected_alpha": null, "selected_lambda": null, "text_state": "missing_text"}, "relation=18|side=head_prediction|text=missing_text": {"accepted": false, "fallback_alpha": 0.0, "fallback_lambda": 0.25, "fallback_valid_metrics": {"hit1": 0.3333333333333333, "hit10": 0.6666666666666666, "hit3": 0.6666666666666666, "mr": 325.0, "mrr": 0.5003429355281207, "query_count": 3}, "group": "relation=18|side=head_prediction|text=missing_text", "level": "level1", "query_count": 3, "reason": "insufficient_validation_queries", "selected_alpha": null, "selected_lambda": null, "text_state": "missing_text"}, "relation=18|side=tail_prediction|text=missing_text": {"accepted": false, "fallback_alpha": 0.0, "fallback_lambda": 0.25, "fallback_valid_metrics": {"hit1": 0.3333333333333333, "hit10": 0.6666666666666666, "hit3": 0.6666666666666666, "mr": 487.0, "mrr": 0.5002286236854138, "query_count": 3}, "group": "relation=18|side=tail_prediction|text=missing_text", "level": "level1", "query_count": 3, "reason": "insufficient_validation_queries", "selected_alpha": null, "selected_lambda": null, "text_state": "missing_text"}, "relation=19|side=head_prediction|text=both_have_text": {"accepted": false, "fallback_alpha": 0.0, "fallback_lambda": 0.25, "fallback_valid_metrics": {"hit1": 0.0, "hit10": 1.0, "hit3": 0.0, "mr": 8.0, "mrr": 0.125, "query_count": 1}, "group": "relation=19|side=head_prediction|text=both_have_text", "level": "level1", "query_count": 1, "reason": "insufficient_validation_queries", "selected_alpha": null, "selected_lambda": null, "text_state": "both_have_text"}, "relation=19|side=tail_prediction|text=both_have_text": {"accepted": false, "fallback_alpha": 0.0, "fallback_lambda": 0.25, "fallback_valid_metrics": {"hit1": 1.0, "hit10": 1.0, "hit3": 1.0, "mr": 1.0, "mrr": 1.0, "query_count": 1}, "group": "relation=19|side=tail_prediction|text=both_have_text", "level": "level1", "query_count": 1, "reason": "insufficient_validation_queries", "selected_alpha": null, "selected_lambda": null, "text_state": "both_have_text"}, "relation=1|side=head_prediction|text=both_have_text": {"accepted": false, "fallback_alpha": 0.0, "fallback_lambda": 0.25, "fallback_valid_metrics": {"hit1": 0.7631578947368421, "hit10": 0.9078947368421053, "hit3": 0.868421052631579, "mr": 29.80263157894737, "mrr": 0.8214362623271578, "query_count": 76}, "group": "relation=1|side=head_prediction|text=both_have_text", "level": "level1", "query_count": 76, "reason": "pareto_safe_rejected", "selected_alpha": 0.0, "selected_lambda": 0.25, "selected_valid_metrics": {"hit1": 0.7631578947368421, "hit10": 0.9078947368421053, "hit3": 0.868421052631579, "mr": 29.80263157894737, "mrr": 0.8214362623271578, "query_count": 76}, "text_state": "both_have_text", "valid_mrr_delta_vs_bv1": 0.0}, "relation=1|side=head_prediction|text=missing_text": {"accepted": true, "fallback_alpha": 0.0, "fallback_lambda": 0.25, "fallback_valid_metrics": {"hit1": 0.10465116279069768, "hit10": 0.3953488372093023, "hit3": 0.22093023255813954, "mr": 1613.5348837209303, "mrr": 0.19477402337649116, "query_count": 86}, "group": "relation=1|side=head_prediction|text=missing_text", "level": "level1", "query_count": 86, "reason": "accepted", "selected_alpha": 0.3, "selected_lambda": 0.25, "selected_valid_metrics": {"hit1": 0.1744186046511628, "hit10": 0.5232558139534884, "hit3": 0.3372093023255814, "mr": 1302.1162790697674, "mrr": 0.2829709010510205, "query_count": 86}, "text_state": "missing_text", "valid_mrr_delta_vs_bv1": 0.08819687767452936}, "relation=1|side=tail_prediction|text=both_have_text": {"accepted": false, "fallback_alpha": 0.0, "fallback_lambda": 0.25, "fallback_valid_metrics": {"hit1": 0.7894736842105263, "hit10": 0.9210526315789473, "hit3": 0.881578947368421, "mr": 3.960526315789474, "mrr": 0.8391056899495115, "query_count": 76}, "group": "relation=1|side=tail_prediction|text=both_have_text", "level": "level1", "query_count": 76, "reason": "pareto_safe_rejected", "selected_alpha": 0.0, "selected_lambda": 0.25, "selected_valid_metrics": {"hit1": 0.7894736842105263, "hit10": 0.9210526315789473, "hit3": 0.881578947368421, "mr": 3.960526315789474, "mrr": 0.8391056899495115, "query_count": 76}, "text_state": "both_have_text", "valid_mrr_delta_vs_bv1": 0.0}, "relation=1|side=tail_prediction|text=missing_text": {"accepted": true, "fallback_alpha": 0.0, "fallback_lambda": 0.25, "fallback_valid_metrics": {"hit1": 0.09302325581395349, "hit10": 0.3953488372093023, "hit3": 0.2441860465116279, "mr": 1662.9651162790697, "mrr": 0.19087200492859924, "query_count": 86}, "group": "relation=1|side=tail_prediction|text=missing_text", "level": "level1", "query_count": 86, "reason": "accepted", "selected_alpha": 0.3, "selected_lambda": 0.25, "selected_valid_metrics": {"hit1": 0.18604651162790697, "hit10": 0.5116279069767442, "hit3": 0.3372093023255814, "mr": 1055.0581395348838, "mrr": 0.2953121529864393, "query_count": 86}, "text_state": "missing_text", "valid_mrr_delta_vs_bv1": 0.10444014805784008}, "relation=20|side=head_prediction|text=both_have_text": {"accepted": false, "fallback_alpha": 0.0, "fallback_lambda": 0.25, "fallback_valid_metrics": {"hit1": 0.0, "hit10": 0.0, "hit3": 0.0, "mr": 39.0, "mrr": 0.02564102564102564, "query_count": 1}, "group": "relation=20|side=head_prediction|text=both_have_text", "level": "level1", "query_count": 1, "reason": "insufficient_validation_queries", "selected_alpha": null, "selected_lambda": null, "text_state": "both_have_text"}, "relation=20|side=tail_prediction|text=both_have_text": {"accepted": false, "fallback_alpha": 0.0, "fallback_lambda": 0.25, "fallback_valid_metrics": {"hit1": 0.0, "hit10": 0.0, "hit3": 0.0, "mr": 18.0, "mrr": 0.05555555555555555, "query_count": 1}, "group": "relation=20|side=tail_prediction|text=both_have_text", "level": "level1", "query_count": 1, "reason": "insufficient_validation_queries", "selected_alpha": null, "selected_lambda": null, "text_state": "both_have_text"}, "relation=21|side=head_prediction|text=missing_text": {"accepted": false, "fallback_alpha": 0.0, "fallback_lambda": 0.25, "fallback_valid_metrics": {"hit1": 0.0, "hit10": 0.0, "hit3": 0.0, "mr": 517.0, "mrr": 0.002825649536175852, "query_count": 3}, "group": "relation=21|side=head_prediction|text=missing_text", "level": "level1", "query_count": 3, "reason": "insufficient_validation_queries", "selected_alpha": null, "selected_lambda": null, "text_state": "missing_text"}, "relation=21|side=tail_prediction|text=missing_text": {"accepted": false, "fallback_alpha": 0.0, "fallback_lambda": 0.25, "fallback_valid_metrics": {"hit1": 0.0, "hit10": 0.0, "hit3": 0.0, "mr": 3176.0, "mrr": 0.00720782356538103, "query_count": 3}, "group": "relation=21|side=tail_prediction|text=missing_text", "level": "level1", "query_count": 3, "reason": "insufficient_validation_queries", "selected_alpha": null, "selected_lambda": null, "text_state": "missing_text"}, "relation=22|side=head_prediction|text=both_have_text": {"accepted": false, "fallback_alpha": 0.0, "fallback_lambda": 0.25, "fallback_valid_metrics": {"hit1": 0.0, "hit10": 0.0, "hit3": 0.0, "mr": 35.0, "mrr": 0.02857142857142857, "query_count": 1}, "group": "relation=22|side=head_prediction|text=both_have_text", "level": "level1", "query_count": 1, "reason": "insufficient_validation_queries", "selected_alpha": null, "selected_lambda": null, "text_state": "both_have_text"}, "relation=22|side=tail_prediction|text=both_have_text": {"accepted": false, "fallback_alpha": 0.0, "fallback_lambda": 0.25, "fallback_valid_metrics": {"hit1": 0.0, "hit10": 0.0, "hit3": 0.0, "mr": 124.0, "mrr": 0.008064516129032258, "query_count": 1}, "group": "relation=22|side=tail_prediction|text=both_have_text", "level": "level1", "query_count": 1, "reason": "insufficient_validation_queries", "selected_alpha": null, "selected_lambda": null, "text_state": "both_have_text"}, "relation=23|side=head_prediction|text=missing_text": {"accepted": false, "fallback_alpha": 0.0, "fallback_lambda": 0.25, "fallback_valid_metrics": {"hit1": 0.0, "hit10": 0.0, "hit3": 0.0, "mr": 4106.666666666667, "mrr": 0.0007594669004552724, "query_count": 3}, "group": "relation=23|side=head_prediction|text=missing_text", "level": "level1", "query_count": 3, "reason": "insufficient_validation_queries", "selected_alpha": null, "selected_lambda": null, "text_state": "missing_text"}, "relation=23|side=tail_prediction|text=missing_text": {"accepted": false, "fallback_alpha": 0.0, "fallback_lambda": 0.25, "fallback_valid_metrics": {"hit1": 0.0, "hit10": 0.0, "hit3": 0.0, "mr": 4996.666666666667, "mrr": 0.0009156060823841024, "query_count": 3}, "group": "relation=23|side=tail_prediction|text=missing_text", "level": "level1", "query_count": 3, "reason": "insufficient_validation_queries", "selected_alpha": null, "selected_lambda": null, "text_state": "missing_text"}, "relation=26|side=head_prediction|text=both_have_text": {"accepted": false, "fallback_alpha": 0.0, "fallback_lambda": 0.25, "fallback_valid_metrics": {"hit1": 0.0, "hit10": 1.0, "hit3": 0.0, "mr": 4.0, "mrr": 0.25, "query_count": 1}, "group": "relation=26|side=head_prediction|text=both_have_text", "level": "level1", "query_count": 1, "reason": "insufficient_validation_queries", "selected_alpha": null, "selected_lambda": null, "text_state": "both_have_text"}, "relation=26|side=tail_prediction|text=both_have_text": {"accepted": false, "fallback_alpha": 0.0, "fallback_lambda": 0.25, "fallback_valid_metrics": {"hit1": 0.0, "hit10": 0.0, "hit3": 0.0, "mr": 11.0, "mrr": 0.09090909090909091, "query_count": 1}, "group": "relation=26|side=tail_prediction|text=both_have_text", "level": "level1", "query_count": 1, "reason": "insufficient_validation_queries", "selected_alpha": null, "selected_lambda": null, "text_state": "both_have_text"}, "relation=2|side=head_prediction|text=both_have_text": {"accepted": false, "fallback_alpha": 0.0, "fallback_lambda": 0.25, "fallback_valid_metrics": {"hit1": 0.2, "hit10": 0.55, "hit3": 0.25, "mr": 125.75, "mrr": 0.26775643598105425, "query_count": 20}, "group": "relation=2|side=head_prediction|text=both_have_text", "level": "level1", "query_count": 20, "reason": "insufficient_validation_queries", "selected_alpha": null, "selected_lambda": null, "text_state": "both_have_text"}, "relation=2|side=head_prediction|text=missing_text": {"accepted": true, "fallback_alpha": 0.0, "fallback_lambda": 0.25, "fallback_valid_metrics": {"hit1": 0.0, "hit10": 0.06666666666666667, "hit3": 0.022222222222222223, "mr": 4521.533333333334, "mrr": 0.02550605358615775, "query_count": 45}, "group": "relation=2|side=head_prediction|text=missing_text", "level": "level1", "query_count": 45, "reason": "accepted", "selected_alpha": 0.3, "selected_lambda": 0.25, "selected_valid_metrics": {"hit1": 0.022222222222222223, "hit10": 0.15555555555555556, "hit3": 0.06666666666666667, "mr": 2761.0222222222224, "mrr": 0.06431949840699382, "query_count": 45}, "text_state": "missing_text", "valid_mrr_delta_vs_bv1": 0.03881344482083607}, "relation=2|side=tail_prediction|text=both_have_text": {"accepted": false, "fallback_alpha": 0.0, "fallback_lambda": 0.25, "fallback_valid_metrics": {"hit1": 0.1, "hit10": 0.2, "hit3": 0.2, "mr": 379.0, "mrr": 0.1559457359929608, "query_count": 20}, "group": "relation=2|side=tail_prediction|text=both_have_text", "level": "level1", "query_count": 20, "reason": "insufficient_validation_queries", "selected_alpha": null, "selected_lambda": null, "text_state": "both_have_text"}, "relation=2|side=tail_prediction|text=missing_text": {"accepted": true, "fallback_alpha": 0.0, "fallback_lambda": 0.25, "fallback_valid_metrics": {"hit1": 0.0, "hit10": 0.044444444444444446, "hit3": 0.044444444444444446, "mr": 5562.422222222222, "mrr": 0.021235806011783955, "query_count": 45}, "group": "relation=2|side=tail_prediction|text=missing_text", "level": "level1", "query_count": 45, "reason": "accepted", "selected_alpha": 0.3, "selected_lambda": 0.25, "selected_valid_metrics": {"hit1": 0.0, "hit10": 0.06666666666666667, "hit3": 0.044444444444444446, "mr": 4409.688888888889, "mrr": 0.026832069109700044, "query_count": 45}, "text_state": "missing_text", "valid_mrr_delta_vs_bv1": 0.005596263097916089}, "relation=3|side=head_prediction|text=both_have_text": {"accepted": true, "fallback_alpha": 0.0, "fallback_lambda": 0.25, "fallback_valid_metrics": {"hit1": 0.4583333333333333, "hit10": 0.6666666666666666, "hit3": 0.5, "mr": 114.20833333333333, "mrr": 0.5110312011164205, "query_count": 48}, "group": "relation=3|side=head_prediction|text=both_have_text", "level": "level1", "query_count": 48, "reason": "accepted", "selected_alpha": 0.3, "selected_lambda": 0.25, "selected_valid_metrics": {"hit1": 0.4583333333333333, "hit10": 0.6666666666666666, "hit3": 0.5, "mr": 110.16666666666667, "mrr": 0.5130746914065005, "query_count": 48}, "text_state": "both_have_text", "valid_mrr_delta_vs_bv1": 0.0020434902900799967}, "relation=3|side=head_prediction|text=missing_text": {"accepted": true, "fallback_alpha": 0.0, "fallback_lambda": 0.25, "fallback_valid_metrics": {"hit1": 0.10191082802547771, "hit10": 0.22929936305732485, "hit3": 0.1592356687898089, "mr": 2989.0891719745223, "mrr": 0.142464932792758, "query_count": 157}, "group": "relation=3|side=head_prediction|text=missing_text", "level": "level1", "query_count": 157, "reason": "accepted", "selected_alpha": 0.3, "selected_lambda": 0.25, "selected_valid_metrics": {"hit1": 0.1337579617834395, "hit10": 0.28662420382165604, "hit3": 0.2229299363057325, "mr": 2119.9617834394903, "mrr": 0.18469410499380634, "query_count": 157}, "text_state": "missing_text", "valid_mrr_delta_vs_bv1": 0.042229172201048354}, "relation=3|side=tail_prediction|text=both_have_text": {"accepted": false, "fallback_alpha": 0.0, "fallback_lambda": 0.25, "fallback_valid_metrics": {"hit1": 0.4375, "hit10": 0.6458333333333334, "hit3": 0.5208333333333334, "mr": 214.29166666666666, "mrr": 0.489211404060844, "query_count": 48}, "group": "relation=3|side=tail_prediction|text=both_have_text", "level": "level1", "query_count": 48, "reason": "pareto_safe_rejected", "selected_alpha": 0.0, "selected_lambda": 0.25, "selected_valid_metrics": {"hit1": 0.4375, "hit10": 0.6458333333333334, "hit3": 0.5208333333333334, "mr": 214.29166666666666, "mrr": 0.489211404060844, "query_count": 48}, "text_state": "both_have_text", "valid_mrr_delta_vs_bv1": 0.0}, "relation=3|side=tail_prediction|text=missing_text": {"accepted": true, "fallback_alpha": 0.0, "fallback_lambda": 0.25, "fallback_valid_metrics": {"hit1": 0.10191082802547771, "hit10": 0.2356687898089172, "hit3": 0.17834394904458598, "mr": 3629.0955414012737, "mrr": 0.14968553212990993, "query_count": 157}, "group": "relation=3|side=tail_prediction|text=missing_text", "level": "level1", "query_count": 157, "reason": "accepted", "selected_alpha": 0.3, "selected_lambda": 0.25, "selected_valid_metrics": {"hit1": 0.14012738853503184, "hit10": 0.2802547770700637, "hit3": 0.2229299363057325, "mr": 3077.6751592356686, "mrr": 0.18794259491591103, "query_count": 157}, "text_state": "missing_text", "valid_mrr_delta_vs_bv1": 0.038257062786001106}, "relation=4|side=head_prediction|text=both_have_text": {"accepted": false, "fallback_alpha": 0.0, "fallback_lambda": 0.25, "fallback_valid_metrics": {"hit1": 0.8082191780821918, "hit10": 0.9041095890410958, "hit3": 0.863013698630137, "mr": 25.45205479452055, "mrr": 0.8403351221673826, "query_count": 73}, "group": "relation=4|side=head_prediction|text=both_have_text", "level": "level1", "query_count": 73, "reason": "pareto_safe_rejected", "selected_alpha": 0.0, "selected_lambda": 0.25, "selected_valid_metrics": {"hit1": 0.8082191780821918, "hit10": 0.9041095890410958, "hit3": 0.863013698630137, "mr": 25.45205479452055, "mrr": 0.8403351221673826, "query_count": 73}, "text_state": "both_have_text", "valid_mrr_delta_vs_bv1": 0.0}, "relation=4|side=head_prediction|text=missing_text": {"accepted": true, "fallback_alpha": 0.0, "fallback_lambda": 0.25, "fallback_valid_metrics": {"hit1": 0.08, "hit10": 0.34, "hit3": 0.18, "mr": 2263.47, "mrr": 0.15595193602059085, "query_count": 100}, "group": "relation=4|side=head_prediction|text=missing_text", "level": "level1", "query_count": 100, "reason": "accepted", "selected_alpha": 0.3, "selected_lambda": 0.25, "selected_valid_metrics": {"hit1": 0.13, "hit10": 0.46, "hit3": 0.24, "mr": 1692.54, "mrr": 0.2286808089825893, "query_count": 100}, "text_state": "missing_text", "valid_mrr_delta_vs_bv1": 0.07272887296199845}, "relation=4|side=tail_prediction|text=both_have_text": {"accepted": false, "fallback_alpha": 0.0, "fallback_lambda": 0.25, "fallback_valid_metrics": {"hit1": 0.8356164383561644, "hit10": 0.958904109589041, "hit3": 0.8904109589041096, "mr": 30.89041095890411, "mrr": 0.8768326775697899, "query_count": 73}, "group": "relation=4|side=tail_prediction|text=both_have_text", "level": "level1", "query_count": 73, "reason": "pareto_safe_rejected", "selected_alpha": 0.0, "selected_lambda": 0.25, "selected_valid_metrics": {"hit1": 0.8356164383561644, "hit10": 0.958904109589041, "hit3": 0.8904109589041096, "mr": 30.89041095890411, "mrr": 0.8768326775697899, "query_count": 73}, "text_state": "both_have_text", "valid_mrr_delta_vs_bv1": 0.0}, "relation=4|side=tail_prediction|text=missing_text": {"accepted": true, "fallback_alpha": 0.0, "fallback_lambda": 0.25, "fallback_valid_metrics": {"hit1": 0.05, "hit10": 0.33, "hit3": 0.18, "mr": 2329.88, "mrr": 0.14097538278931773, "query_count": 100}, "group": "relation=4|side=tail_prediction|text=missing_text", "level": "level1", "query_count": 100, "reason": "accepted", "selected_alpha": 0.3, "selected_lambda": 0.25, "selected_valid_metrics": {"hit1": 0.11, "hit10": 0.49, "hit3": 0.31, "mr": 1528.29, "mrr": 0.2329387509286497, "query_count": 100}, "text_state": "missing_text", "valid_mrr_delta_vs_bv1": 0.09196336813933198}, "relation=5|side=head_prediction|text=both_have_text": {"accepted": false, "fallback_alpha": 0.0, "fallback_lambda": 0.25, "fallback_valid_metrics": {"hit1": 0.3333333333333333, "hit10": 0.7777777777777778, "hit3": 0.6666666666666666, "mr": 59.333333333333336, "mrr": 0.5194711511987753, "query_count": 9}, "group": "relation=5|side=head_prediction|text=both_have_text", "level": "level1", "query_count": 9, "reason": "insufficient_validation_queries", "selected_alpha": null, "selected_lambda": null, "text_state": "both_have_text"}, "relation=5|side=head_prediction|text=missing_text": {"accepted": true, "fallback_alpha": 0.0, "fallback_lambda": 0.25, "fallback_valid_metrics": {"hit1": 0.030303030303030304, "hit10": 0.2878787878787879, "hit3": 0.21212121212121213, "mr": 3536.212121212121, "mrr": 0.12902553272494394, "query_count": 66}, "group": "relation=5|side=head_prediction|text=missing_text", "level": "level1", "query_count": 66, "reason": "accepted", "selected_alpha": 0.3, "selected_lambda": 0.25, "selected_valid_metrics": {"hit1": 0.030303030303030304, "hit10": 0.36363636363636365, "hit3": 0.30303030303030304, "mr": 3189.651515151515, "mrr": 0.1608114602351678, "query_count": 66}, "text_state": "missing_text", "valid_mrr_delta_vs_bv1": 0.031785927510223855}, "relation=5|side=tail_prediction|text=both_have_text": {"accepted": false, "fallback_alpha": 0.0, "fallback_lambda": 0.25, "fallback_valid_metrics": {"hit1": 0.3333333333333333, "hit10": 0.7777777777777778, "hit3": 0.5555555555555556, "mr": 53.22222222222222, "mrr": 0.46150469230179375, "query_count": 9}, "group": "relation=5|side=tail_prediction|text=both_have_text", "level": "level1", "query_count": 9, "reason": "insufficient_validation_queries", "selected_alpha": null, "selected_lambda": null, "text_state": "both_have_text"}, "relation=5|side=tail_prediction|text=missing_text": {"accepted": true, "fallback_alpha": 0.0, "fallback_lambda": 0.25, "fallback_valid_metrics": {"hit1": 0.045454545454545456, "hit10": 0.36363636363636365, "hit3": 0.21212121212121213, "mr": 1300.6515151515152, "mrr": 0.14990949733681389, "query_count": 66}, "group": "relation=5|side=tail_prediction|text=missing_text", "level": "level1", "query_count": 66, "reason": "accepted", "selected_alpha": 0.3, "selected_lambda": 0.25, "selected_valid_metrics": {"hit1": 0.045454545454545456, "hit10": 0.4393939393939394, "hit3": 0.2727272727272727, "mr": 1023.1818181818181, "mrr": 0.18024280826177264, "query_count": 66}, "text_state": "missing_text", "valid_mrr_delta_vs_bv1": 0.03033331092495875}, "relation=6|side=head_prediction|text=both_have_text": {"accepted": false, "fallback_alpha": 0.0, "fallback_lambda": 0.25, "fallback_valid_metrics": {"hit1": 0.125, "hit10": 0.4375, "hit3": 0.3125, "mr": 195.125, "mrr": 0.23741379273713975, "query_count": 16}, "group": "relation=6|side=head_prediction|text=both_have_text", "level": "level1", "query_count": 16, "reason": "insufficient_validation_queries", "selected_alpha": null, "selected_lambda": null, "text_state": "both_have_text"}, "relation=6|side=head_prediction|text=missing_text": {"accepted": true, "fallback_alpha": 0.0, "fallback_lambda": 0.25, "fallback_valid_metrics": {"hit1": 0.0625, "hit10": 0.2375, "hit3": 0.1375, "mr": 3104.2125, "mrr": 0.11816622069170449, "query_count": 80}, "group": "relation=6|side=head_prediction|text=missing_text", "level": "level1", "query_count": 80, "reason": "accepted", "selected_alpha": 0.3, "selected_lambda": 0.25, "selected_valid_metrics": {"hit1": 0.0875, "hit10": 0.25, "hit3": 0.2125, "mr": 2286.5625, "mrr": 0.1501305233470916, "query_count": 80}, "text_state": "missing_text", "valid_mrr_delta_vs_bv1": 0.031964302655387106}, "relation=6|side=tail_prediction|text=both_have_text": {"accepted": false, "fallback_alpha": 0.0, "fallback_lambda": 0.25, "fallback_valid_metrics": {"hit1": 0.0, "hit10": 0.25, "hit3": 0.1875, "mr": 435.5625, "mrr": 0.11568762348415138, "query_count": 16}, "group": "relation=6|side=tail_prediction|text=both_have_text", "level": "level1", "query_count": 16, "reason": "insufficient_validation_queries", "selected_alpha": null, "selected_lambda": null, "text_state": "both_have_text"}, "relation=6|side=tail_prediction|text=missing_text": {"accepted": true, "fallback_alpha": 0.0, "fallback_lambda": 0.25, "fallback_valid_metrics": {"hit1": 0.075, "hit10": 0.15, "hit3": 0.1125, "mr": 4742.95, "mrr": 0.10092359966422568, "query_count": 80}, "group": "relation=6|side=tail_prediction|text=missing_text", "level": "level1", "query_count": 80, "reason": "accepted", "selected_alpha": 0.3, "selected_lambda": 0.25, "selected_valid_metrics": {"hit1": 0.075, "hit10": 0.1875, "hit3": 0.125, "mr": 3932.4875, "mrr": 0.11601175020634333, "query_count": 80}, "text_state": "missing_text", "valid_mrr_delta_vs_bv1": 0.015088150542117651}, "relation=7|side=head_prediction|text=both_have_text": {"accepted": false, "fallback_alpha": 0.0, "fallback_lambda": 0.25, "fallback_valid_metrics": {"hit1": 0.0, "hit10": 0.2, "hit3": 0.2, "mr": 395.2, "mrr": 0.10350150570934584, "query_count": 5}, "group": "relation=7|side=head_prediction|text=both_have_text", "level": "level1", "query_count": 5, "reason": "insufficient_validation_queries", "selected_alpha": null, "selected_lambda": null, "text_state": "both_have_text"}, "relation=7|side=head_prediction|text=missing_text": {"accepted": false, "fallback_alpha": 0.0, "fallback_lambda": 0.25, "fallback_valid_metrics": {"hit1": 0.0, "hit10": 0.0, "hit3": 0.0, "mr": 4402.0, "mrr": 0.00022716946842344388, "query_count": 1}, "group": "relation=7|side=head_prediction|text=missing_text", "level": "level1", "query_count": 1, "reason": "insufficient_validation_queries", "selected_alpha": null, "selected_lambda": null, "text_state": "missing_text"}, "relation=7|side=tail_prediction|text=both_have_text": {"accepted": false, "fallback_alpha": 0.0, "fallback_lambda": 0.25, "fallback_valid_metrics": {"hit1": 0.6, "hit10": 1.0, "hit3": 0.8, "mr": 2.2, "mrr": 0.7333333333333333, "query_count": 5}, "group": "relation=7|side=tail_prediction|text=both_have_text", "level": "level1", "query_count": 5, "reason": "insufficient_validation_queries", "selected_alpha": null, "selected_lambda": null, "text_state": "both_have_text"}, "relation=7|side=tail_prediction|text=missing_text": {"accepted": false, "fallback_alpha": 0.0, "fallback_lambda": 0.25, "fallback_valid_metrics": {"hit1": 0.0, "hit10": 0.0, "hit3": 0.0, "mr": 305.0, "mrr": 0.003278688524590164, "query_count": 1}, "group": "relation=7|side=tail_prediction|text=missing_text", "level": "level1", "query_count": 1, "reason": "insufficient_validation_queries", "selected_alpha": null, "selected_lambda": null, "text_state": "missing_text"}, "relation=8|side=head_prediction|text=both_have_text": {"accepted": false, "fallback_alpha": 0.0, "fallback_lambda": 0.25, "fallback_valid_metrics": {"hit1": 0.25, "hit10": 1.0, "hit3": 1.0, "mr": 1.75, "mrr": 0.625, "query_count": 4}, "group": "relation=8|side=head_prediction|text=both_have_text", "level": "level1", "query_count": 4, "reason": "insufficient_validation_queries", "selected_alpha": null, "selected_lambda": null, "text_state": "both_have_text"}, "relation=8|side=head_prediction|text=missing_text": {"accepted": false, "fallback_alpha": 0.0, "fallback_lambda": 0.25, "fallback_valid_metrics": {"hit1": 0.2631578947368421, "hit10": 0.631578947368421, "hit3": 0.5263157894736842, "mr": 696.421052631579, "mrr": 0.4114857239113678, "query_count": 19}, "group": "relation=8|side=head_prediction|text=missing_text", "level": "level1", "query_count": 19, "reason": "insufficient_validation_queries", "selected_alpha": null, "selected_lambda": null, "text_state": "missing_text"}, "relation=8|side=tail_prediction|text=both_have_text": {"accepted": false, "fallback_alpha": 0.0, "fallback_lambda": 0.25, "fallback_valid_metrics": {"hit1": 0.25, "hit10": 1.0, "hit3": 1.0, "mr": 1.75, "mrr": 0.625, "query_count": 4}, "group": "relation=8|side=tail_prediction|text=both_have_text", "level": "level1", "query_count": 4, "reason": "insufficient_validation_queries", "selected_alpha": null, "selected_lambda": null, "text_state": "both_have_text"}, "relation=8|side=tail_prediction|text=missing_text": {"accepted": false, "fallback_alpha": 0.0, "fallback_lambda": 0.25, "fallback_valid_metrics": {"hit1": 0.2631578947368421, "hit10": 0.5263157894736842, "hit3": 0.5263157894736842, "mr": 548.9473684210526, "mrr": 0.3968773952099829, "query_count": 19}, "group": "relation=8|side=tail_prediction|text=missing_text", "level": "level1", "query_count": 19, "reason": "insufficient_validation_queries", "selected_alpha": null, "selected_lambda": null, "text_state": "missing_text"}, "relation=9|side=head_prediction|text=both_have_text": {"accepted": true, "fallback_alpha": 0.0, "fallback_lambda": 0.25, "fallback_valid_metrics": {"hit1": 0.06818181818181818, "hit10": 0.2159090909090909, "hit3": 0.11363636363636363, "mr": 151.6931818181818, "mrr": 0.12307526817807547, "query_count": 88}, "group": "relation=9|side=head_prediction|text=both_have_text", "level": "level1", "query_count": 88, "reason": "accepted", "selected_alpha": 0.3, "selected_lambda": 0.25, "selected_valid_metrics": {"hit1": 0.06818181818181818, "hit10": 0.2159090909090909, "hit3": 0.11363636363636363, "mr": 147.0, "mrr": 0.12455540866782489, "query_count": 88}, "text_state": "both_have_text", "valid_mrr_delta_vs_bv1": 0.0014801404897494125}, "relation=9|side=head_prediction|text=missing_text": {"accepted": true, "fallback_alpha": 0.0, "fallback_lambda": 0.25, "fallback_valid_metrics": {"hit1": 0.003246753246753247, "hit10": 0.03896103896103896, "hit3": 0.016233766233766232, "mr": 5409.366883116883, "mrr": 0.015542781539985366, "query_count": 308}, "group": "relation=9|side=head_prediction|text=missing_text", "level": "level1", "query_count": 308, "reason": "accepted", "selected_alpha": 0.3, "selected_lambda": 0.25, "selected_valid_metrics": {"hit1": 0.006493506493506494, "hit10": 0.05519480519480519, "hit3": 0.02922077922077922, "mr": 3517.594155844156, "mrr": 0.022824822313974487, "query_count": 308}, "text_state": "missing_text", "valid_mrr_delta_vs_bv1": 0.007282040773989121}, "relation=9|side=tail_prediction|text=both_have_text": {"accepted": false, "fallback_alpha": 0.0, "fallback_lambda": 0.25, "fallback_valid_metrics": {"hit1": 0.045454545454545456, "hit10": 0.125, "hit3": 0.09090909090909091, "mr": 334.6136363636364, "mrr": 0.08334154005607165, "query_count": 88}, "group": "relation=9|side=tail_prediction|text=both_have_text", "level": "level1", "query_count": 88, "reason": "pareto_safe_rejected", "selected_alpha": 0.0, "selected_lambda": 0.25, "selected_valid_metrics": {"hit1": 0.045454545454545456, "hit10": 0.125, "hit3": 0.09090909090909091, "mr": 334.6136363636364, "mrr": 0.08334154005607165, "query_count": 88}, "text_state": "both_have_text", "valid_mrr_delta_vs_bv1": 0.0}, "relation=9|side=tail_prediction|text=missing_text": {"accepted": true, "fallback_alpha": 0.0, "fallback_lambda": 0.25, "fallback_valid_metrics": {"hit1": 0.003246753246753247, "hit10": 0.025974025974025976, "hit3": 0.012987012987012988, "mr": 5464.480519480519, "mrr": 0.012359398461376934, "query_count": 308}, "group": "relation=9|side=tail_prediction|text=missing_text", "level": "level1", "query_count": 308, "reason": "accepted", "selected_alpha": 0.3, "selected_lambda": 0.25, "selected_valid_metrics": {"hit1": 0.006493506493506494, "hit10": 0.03571428571428571, "hit3": 0.012987012987012988, "mr": 4203.944805194805, "mrr": 0.016319208929653172, "query_count": 308}, "text_state": "missing_text", "valid_mrr_delta_vs_bv1": 0.003959810468276238}}, "level2": {"side=head_prediction|text=both_have_text": {"accepted": true, "fallback_alpha": 0.0, "fallback_lambda": 0.25, "fallback_valid_metrics": {"hit1": 0.41952506596306066, "hit10": 0.6068601583113457, "hit3": 0.5013192612137203, "mr": 117.02110817941953, "mrr": 0.48214879869160127, "query_count": 379}, "group": "side=head_prediction|text=both_have_text", "level": "level2", "query_count": 379, "reason": "accepted", "selected_alpha": 0.1, "selected_lambda": 0.25, "selected_valid_metrics": {"hit1": 0.41952506596306066, "hit10": 0.6068601583113457, "hit3": 0.5013192612137203, "mr": 115.74934036939314, "mrr": 0.48238225915745736, "query_count": 379}, "text_state": "both_have_text", "valid_mrr_delta_vs_bv1": 0.0002334604658560946}, "side=head_prediction|text=missing_text": {"accepted": true, "fallback_alpha": 0.0, "fallback_lambda": 0.25, "fallback_valid_metrics": {"hit1": 0.05241090146750524, "hit10": 0.18972746331236898, "hit3": 0.11635220125786164, "mr": 3770.1153039832284, "mrr": 0.09775918887868895, "query_count": 954}, "group": "side=head_prediction|text=missing_text", "level": "level2", "query_count": 954, "reason": "accepted", "selected_alpha": 0.3, "selected_lambda": 0.25, "selected_valid_metrics": {"hit1": 0.07651991614255765, "hit10": 0.2431865828092243, "hit3": 0.16457023060796647, "mr": 2658.0492662473794, "mrr": 0.1323859476976363, "query_count": 954}, "text_state": "missing_text", "valid_mrr_delta_vs_bv1": 0.03462675881894736}, "side=tail_prediction|text=both_have_text": {"accepted": false, "fallback_alpha": 0.0, "fallback_lambda": 0.25, "fallback_valid_metrics": {"hit1": 0.43535620052770446, "hit10": 0.5910290237467019, "hit3": 0.5303430079155673, "mr": 166.81002638522426, "mrr": 0.49448931807168706, "query_count": 379}, "group": "side=tail_prediction|text=both_have_text", "level": "level2", "query_count": 379, "reason": "pareto_safe_rejected", "selected_alpha": 0.0, "selected_lambda": 0.25, "selected_valid_metrics": {"hit1": 0.43535620052770446, "hit10": 0.5910290237467019, "hit3": 0.5303430079155673, "mr": 166.81002638522426, "mrr": 0.49448931807168706, "query_count": 379}, "text_state": "both_have_text", "valid_mrr_delta_vs_bv1": 0.0}, "side=tail_prediction|text=missing_text": {"accepted": true, "fallback_alpha": 0.0, "fallback_lambda": 0.25, "fallback_valid_metrics": {"hit1": 0.050314465408805034, "hit10": 0.18029350104821804, "hit3": 0.12054507337526206, "mr": 3906.482180293501, "mrr": 0.09613285718161958, "query_count": 954}, "group": "side=tail_prediction|text=missing_text", "level": "level2", "query_count": 954, "reason": "accepted", "selected_alpha": 0.3, "selected_lambda": 0.25, "selected_valid_metrics": {"hit1": 0.07756813417190776, "hit10": 0.23689727463312368, "hit3": 0.15723270440251572, "mr": 3033.7180293501046, "mrr": 0.13082530487950225, "query_count": 954}, "text_state": "missing_text", "valid_mrr_delta_vs_bv1": 0.03469244769788267}}, "level3": {"text=both_have_text": {"accepted": false, "fallback_alpha": 0.0, "fallback_lambda": 0.25, "fallback_valid_metrics": {"hit1": 0.42744063324538256, "hit10": 0.5989445910290238, "hit3": 0.5158311345646438, "mr": 141.9155672823219, "mrr": 0.4883190583816441, "query_count": 758}, "group": "text=both_have_text", "level": "level3", "query_count": 758, "reason": "pareto_safe_rejected", "selected_alpha": 0.0, "selected_lambda": 0.25, "selected_valid_metrics": {"hit1": 0.42744063324538256, "hit10": 0.5989445910290238, "hit3": 0.5158311345646438, "mr": 141.9155672823219, "mrr": 0.4883190583816441, "query_count": 758}, "text_state": "both_have_text", "valid_mrr_delta_vs_bv1": 0.0}, "text=missing_text": {"accepted": true, "fallback_alpha": 0.0, "fallback_lambda": 0.25, "fallback_valid_metrics": {"hit1": 0.051362683438155136, "hit10": 0.1850104821802935, "hit3": 0.11844863731656184, "mr": 3838.2987421383646, "mrr": 0.09694602303015426, "query_count": 1908}, "group": "text=missing_text", "level": "level3", "query_count": 1908, "reason": "accepted", "selected_alpha": 0.3, "selected_lambda": 0.25, "selected_valid_metrics": {"hit1": 0.0770440251572327, "hit10": 0.240041928721174, "hit3": 0.1609014675052411, "mr": 2845.883647798742, "mrr": 0.13160562628856928, "query_count": 1908}, "text_state": "missing_text", "valid_mrr_delta_vs_bv1": 0.03465960325841502}}}, "hpsac_calibration_overall_metrics": {"count": 2666, "count_type": "query", "hit1": 0.17666916729182294, "hit10": 0.3420855213803451, "hit3": 0.2618154538634659, "mr": 2076.7693173293324, "mrr": 0.2331253545917565, "triple_count": 1333}, "hpsac_calibration_subset_metrics": {"head_and_tail_have_text": {"count": 758, "count_type": "query", "hit1": 0.42744063324538256, "hit10": 0.5989445910290238, "hit3": 0.5158311345646438, "mr": 140.79287598944592, "mrr": 0.4886657788694362, "triple_count": 379}, "head_missing_text": {"count": 1228, "count_type": "query", "hit1": 0.10830618892508144, "hit10": 0.26058631921824105, "hit3": 0.2003257328990228, "mr": 2502.0504885993487, "mrr": 0.16326780167559177, "triple_count": 614}, "head_or_tail_both_have_text": {"count": 758, "count_type": "query", "hit1": 0.42744063324538256, "hit10": 0.5989445910290238, "hit3": 0.5158311345646438, "mr": 140.79287598944592, "mrr": 0.4886657788694362, "triple_count": 379}, "head_or_tail_missing_text": {"count": 1908, "count_type": "query", "hit1": 0.0770440251572327, "hit10": 0.240041928721174, "hit3": 0.1609014675052411, "mr": 2845.883647798742, "mrr": 0.13160562628856928, "triple_count": 954}, "tail_missing_text": {"count": 1314, "count_type": "query", "hit1": 0.10273972602739725, "hit10": 0.24124809741248096, "hit3": 0.1750380517503805, "mr": 2656.7861491628614, "mrr": 0.15039354381310813, "triple_count": 657}}, "hpsac_stats": {"all_levels_accepted_ratio": 0.23255813953488372, "all_levels_accepted_specific_parameter_group_count": 20, "all_levels_fallback_default_group_count": 66, "all_levels_fallback_group_count": 66, "all_levels_fallback_ratio": 0.7674418604651163, "all_levels_specific_parameter_group_count": 20, "all_levels_total_group_count": 86, "effective_level1_policy": {"default_fallback_group_count": 21, "default_fallback_ratio": 0.2625, "reason_counts": {"accepted": 59, "pareto_safe_rejected": 21}, "resolved_level_counts": {"level1": 22, "level2": 58}, "specific_parameter_group_count": 59, "specific_parameter_ratio": 0.7375, "total_group_count": 80}, "fallback_alpha": 0.0, "fallback_lambda": 0.25, "levels": {"level1": {"accepted_ratio": 0.2, "accepted_specific_parameter_group_count": 16, "fallback_default_group_count": 64, "fallback_group_count": 64, "fallback_ratio": 0.8, "insufficient_validation_queries_group_count": 58, "missing_text_locked_group_count": 0, "missing_text_mrr_below_bv1_group_count": 0, "no_candidate_group_count": 0, "pareto_safe_rejected_group_count": 6, "reason_counts": {"accepted": 16, "insufficient_validation_queries": 58, "pareto_safe_rejected": 6}, "specific_parameter_group_count": 16, "total_group_count": 80}, "level2": {"accepted_ratio": 0.75, "accepted_specific_parameter_group_count": 3, "fallback_default_group_count": 1, "fallback_group_count": 1, "fallback_ratio": 0.25, "insufficient_validation_queries_group_count": 0, "missing_text_locked_group_count": 0, "missing_text_mrr_below_bv1_group_count": 0, "no_candidate_group_count": 0, "pareto_safe_rejected_group_count": 1, "reason_counts": {"accepted": 3, "pareto_safe_rejected": 1}, "specific_parameter_group_count": 3, "total_group_count": 4}, "level3": {"accepted_ratio": 0.5, "accepted_specific_parameter_group_count": 1, "fallback_default_group_count": 1, "fallback_group_count": 1, "fallback_ratio": 0.5, "insufficient_validation_queries_group_count": 0, "missing_text_locked_group_count": 0, "missing_text_mrr_below_bv1_group_count": 0, "no_candidate_group_count": 0, "pareto_safe_rejected_group_count": 1, "reason_counts": {"accepted": 1, "pareto_safe_rejected": 1}, "specific_parameter_group_count": 1, "total_group_count": 2}}, "min_group_queries": 30, "min_group_queries_name": "N_min", "safe_delta": 0.0002, "safe_delta_name": "delta"}, "inject_text_missing_rate": 0.3, "injected_text_count": 3695, "injection_info": {"additional_masked_count": 3695, "available_text_before": 12316, "inject_rate_applied": 0.30001623903864894, "inject_rate_requested": 0.3, "loaded_mask_metadata": {"additional_masked_count": 3695, "available_text_before": 12316, "available_text_degree_summary": {"count": 12316, "degree_max": 78, "degree_mean": 2.771841526031494, "degree_min": 0}, "degree_observed_triple_count": 21310, "degree_source_splits": ["train2id.txt"], "degree_strategy": "low_degree", "inject_rate_applied": 0.30001623903864894, "inject_rate_requested": 0.3, "loaded_mask_metadata": {}, "mask_checksum_sha256": "db45462ffcb79e45f0cd6d726e223d8765a516db14262f9e3e4d286981497287", "mask_path": null, "mask_scope": "entity_level_shared_across_train_valid_test", "mask_source": "generated", "mask_strategy": "low_degree", "masked_entity_ids_preview": [8, 13, 22, 26, 27, 59, 64, 67, 70, 90, 114, 129, 142, 152, 157, 162, 173, 224, 244, 245], "masked_text_degree_summary": {"count": 3695, "degree_max": 2, "degree_mean": 0.9290933609008789, "degree_min": 0}, "missingness_unit": "entity", "save_mask_path": "/home/student04/my_data/DHNS-main/masks/MKG-Y_low_degree_text30_seed2.pt", "seed": 2}, "mask_checksum_sha256": "db45462ffcb79e45f0cd6d726e223d8765a516db14262f9e3e4d286981497287", "mask_path": "/mnt/c/Users/15513/Desktop/\u5b9e\u9a8c/\u5b9e\u9a8c\u5ba44090\u4e0a\u7684\u6587\u4ef6/DHNS-main/masks/MKG-Y_low_degree_text30_seed2.pt", "mask_scope": "entity_level_shared_across_train_valid_test", "mask_source": "loaded_file", "mask_strategy": "low_degree", "masked_entity_ids_preview": [8, 13, 22, 26, 27, 59, 64, 67, 70, 90, 114, 129, 142, 152, 157, 162, 173, 224, 244, 245], "missingness_unit": "entity", "save_mask_path": null, "seed": 0}, "lambda_grid": [0.25], "level1_group_count": 80, "lock_missing_text": false, "min_group_queries": 30, "missing_text_count": 6379, "non_fallback_both_have_text_group_count": 17, "non_fallback_effective_group_count": 59, "relation_count": 28, "requested_alpha_grid": [0.0, 0.1, 0.2, 0.3], "requested_lambda_grid": [0.25], "retrieval_pool_size": 512, "retrieval_source": "entity_embedding_knn", "retrieval_topk": 5, "runtime_cost": {"eval_wall_time_sec": 363.5624936079839}, "safe_delta": 0.0002, "save_text_missing_mask_path": null, "separate_calibration_split": true, "simulate_native_text_missing_rate": 0.0, "simulated_native_text_missing_count": 0, "simulated_native_text_missing_info": null, "temperature_grid": [0.5, 0.75, 1.0, 1.25, 1.5, 2.0], "temperature_selected_config": null, "test_bv1_overall_metrics": {"count": 5326, "count_type": "query", "hit1": 0.173676304919264, "hit10": 0.32820127675553884, "hit3": 0.25291025159594444, "mr": 2630.7097258730755, "mrr": 0.22722630675559288, "triple_count": 2663}, "test_bv1_subset_metrics": {"head_and_tail_have_text": {"count": 1592, "count_type": "query", "hit1": 0.4591708542713568, "hit10": 0.6312814070351759, "hit3": 0.5615577889447236, "mr": 137.23869346733667, "mrr": 0.5247241506270813, "triple_count": 796}, "head_missing_text": {"count": 2318, "count_type": "query", "hit1": 0.08067299396031061, "hit10": 0.23684210526315788, "hit3": 0.1622088006902502, "mr": 3093.179033649698, "mrr": 0.1346289681885969, "triple_count": 1159}, "head_or_tail_both_have_text": {"count": 1592, "count_type": "query", "hit1": 0.4591708542713568, "hit10": 0.6312814070351759, "hit3": 0.5615577889447236, "mr": 137.23869346733667, "mrr": 0.5247241506270813, "triple_count": 796}, "head_or_tail_missing_text": {"count": 3734, "count_type": "query", "hit1": 0.05195500803427959, "hit10": 0.19898232458489556, "hit3": 0.12131762185324049, "mr": 3693.8071772897697, "mrr": 0.10038737599945749, "triple_count": 1867}, "tail_missing_text": {"count": 2638, "count_type": "query", "hit1": 0.06899166034874905, "hit10": 0.2100075815011372, "hit3": 0.14670204700530706, "mr": 3630.6770280515543, "mrr": 0.11864850345761412, "triple_count": 1319}}, "test_delta_vs_bv1": {"head_and_tail_have_text": {"hit1": 0.0, "hit10": 0.002512562814070307, "hit3": -0.0012562814070351536, "mr": -0.4868090452261242, "mrr": 2.001022021114185e-05}, "head_missing_text": {"hit1": 0.03753235547886109, "hit10": 0.04184641932700603, "hit3": 0.03882657463330458, "mr": -716.2769628990509, "mrr": 0.03850899532946658}, "head_or_tail_missing_text": {"hit1": 0.03160149973219069, "hit10": 0.057311194429566115, "hit3": 0.04445634708087842, "mr": -931.9303695768613, "mrr": 0.039789184402286515}, "overall": {"hit1": 0.02215546376267366, "hit10": 0.04093128051070222, "hit3": 0.030792339466766794, "mr": -653.5116410063838, "mrr": 0.027901740673810377}, "tail_missing_text": {"hit1": 0.035633055344958295, "hit10": 0.04510993176648978, "hit3": 0.03563305534495828, "mr": -861.0075815011373, "mrr": 0.03743248273816567}}, "test_missing_text_equal_bv1": false, "test_overall_metrics": {"count": 5326, "count_type": "query", "hit1": 0.19583176868193766, "hit10": 0.36913255726624106, "hit3": 0.28370259106271123, "mr": 1977.1980848666917, "mrr": 0.25512804742940326, "triple_count": 2663}, "test_policy_counts": {"level1|lambda=0.25|alpha=0.0": 940, "level1|lambda=0.25|alpha=0.3": 3528, "level2|lambda=0.25|alpha=0.0": 196, "level2|lambda=0.25|alpha=0.1": 196, "level2|lambda=0.25|alpha=0.3": 466}, "test_subset_metrics": {"head_and_tail_have_text": {"count": 1592, "count_type": "query", "hit1": 0.4591708542713568, "hit10": 0.6337939698492462, "hit3": 0.5603015075376885, "mr": 136.75188442211055, "mrr": 0.5247441608472925, "triple_count": 796}, "head_missing_text": {"count": 2318, "count_type": "query", "hit1": 0.1182053494391717, "hit10": 0.2786885245901639, "hit3": 0.20103537532355478, "mr": 2376.902070750647, "mrr": 0.1731379635180635, "triple_count": 1159}, "head_or_tail_both_have_text": {"count": 1592, "count_type": "query", "hit1": 0.4591708542713568, "hit10": 0.6337939698492462, "hit3": 0.5603015075376885, "mr": 136.75188442211055, "mrr": 0.5247441608472925, "triple_count": 796}, "head_or_tail_missing_text": {"count": 3734, "count_type": "query", "hit1": 0.08355650776647028, "hit10": 0.2562935190144617, "hit3": 0.16577396893411891, "mr": 2761.8768077129084, "mrr": 0.140176560401744, "triple_count": 1867}, "tail_missing_text": {"count": 2638, "count_type": "query", "hit1": 0.10462471569370735, "hit10": 0.255117513267627, "hit3": 0.18233510235026534, "mr": 2769.669446550417, "mrr": 0.1560809861957798, "triple_count": 1319}}, "text_missing_mask_path": "/mnt/c/Users/15513/Desktop/\u5b9e\u9a8c/\u5b9e\u9a8c\u5ba44090\u4e0a\u7684\u6587\u4ef6/DHNS-main/masks/MKG-Y_low_degree_text30_seed2.pt", "text_missing_mask_seed": 0, "text_missing_mask_strategy": "low_degree", "validation_bv1_overall_metrics": {"count": 2666, "count_type": "query", "hit1": 0.15828957239309827, "hit10": 0.3027006751687922, "hit3": 0.23143285821455364, "mr": 2787.3390847711926, "mrr": 0.2082216272298652, "triple_count": 1333}, "validation_bv1_subset_metrics": {"head_and_tail_have_text": {"count": 758, "count_type": "query", "hit1": 0.42744063324538256, "hit10": 0.5989445910290238, "hit3": 0.5158311345646438, "mr": 141.9155672823219, "mrr": 0.4883190583816441, "triple_count": 379}, "head_missing_text": {"count": 1228, "count_type": "query", "hit1": 0.0781758957654723, "hit10": 0.22149837133550487, "hit3": 0.16286644951140064, "mr": 3250.3061889250816, "mrr": 0.13072139634809452, "triple_count": 614}, "head_or_tail_both_have_text": {"count": 758, "count_type": "query", "hit1": 0.42744063324538256, "hit10": 0.5989445910290238, "hit3": 0.5158311345646438, "mr": 141.9155672823219, "mrr": 0.4883190583816441, "triple_count": 379}, "head_or_tail_missing_text": {"count": 1908, "count_type": "query", "hit1": 0.051362683438155136, "hit10": 0.1850104821802935, "hit3": 0.11844863731656184, "mr": 3838.2987421383646, "mrr": 0.09694602303015426, "triple_count": 954}, "tail_missing_text": {"count": 1314, "count_type": "query", "hit1": 0.07229832572298325, "hit10": 0.1948249619482496, "hit3": 0.1415525114155251, "mr": 3582.582191780822, "mrr": 0.11716631301783391, "triple_count": 657}}, "validation_delta_vs_bv1": {"head_and_tail_have_text": {"hit1": 0.0, "hit10": 0.0, "hit3": 0.0, "mr": -1.1226912928759702, "mrr": 0.00034672048779210707}, "head_missing_text": {"hit1": 0.030130293159609134, "hit10": 0.039087947882736174, "hit3": 0.037459283387622166, "mr": -748.255700325733, "mrr": 0.03254640532749725}, "head_or_tail_missing_text": {"hit1": 0.025681341719077565, "hit10": 0.05503144654088049, "hit3": 0.04245283018867925, "mr": -992.4150943396226, "mrr": 0.03465960325841502}, "overall": {"hit1": 0.018379594898724677, "hit10": 0.039384846211552915, "hit3": 0.030382595648912242, "mr": -710.5697674418602, "mrr": 0.02490372736189131}, "tail_missing_text": {"hit1": 0.030441400304414, "hit10": 0.04642313546423135, "hit3": 0.0334855403348554, "mr": -925.7960426179607, "mrr": 0.03322723079527422}}, "validation_metrics_scope": "hpsac_calibration_half", "validation_missing_text_equal_bv1": false, "validation_overall_metrics": {"count": 2666, "count_type": "query", "hit1": 0.17666916729182294, "hit10": 0.3420855213803451, "hit3": 0.2618154538634659, "mr": 2076.7693173293324, "mrr": 0.2331253545917565, "triple_count": 1333}, "validation_policy_counts": {"level1|lambda=0.25|alpha=0.0": 434, "level1|lambda=0.25|alpha=0.3": 1820, "level2|lambda=0.25|alpha=0.0": 94, "level2|lambda=0.25|alpha=0.1": 94, "level2|lambda=0.25|alpha=0.3": 224}, "validation_split_info": {"hpsac_calibration_index_checksum_sha256": "00df99633122679f3703abb0e81b2cdec1ef316795ec82541377af69888eaccf", "hpsac_calibration_indices_preview": [950, 1243, 100, 1418, 1817, 2211, 2647, 896, 2295, 622, 85, 193, 1435, 2508, 1372, 105, 1815, 1245, 1597, 192], "hpsac_calibration_triple_count": 1333, "hpsac_partition_usage": "groupwise_lambda_alpha_selection_and_safety_checks", "hyperparameter_partition_usage": "reserved_for_upstream_epoch_learning_rate_and_base_model_selection", "hyperparameter_selection_index_checksum_sha256": "5ddf46e3532aedc62a18aa8fa88010aba9e4eb23c60842a102006880c8bd8d15", "hyperparameter_selection_indices_preview": [147, 886, 2371, 370, 1791, 2659, 304, 923, 1511, 196, 1506, 2545, 1887, 641, 937, 808, 968, 840, 1459, 2156], "hyperparameter_selection_triple_count": 1332, "mode": "random_50_50_separate_calibration", "original_validation_triple_count": 2665, "partitions_cover_validation": true, "partitions_disjoint": true, "random_generator": "numpy.random.default_rng(PCG64)", "separate_calibration_split": true, "validation_split_seed": 2026}, "validation_split_seed": 2026, "validation_subset_metrics": {"head_and_tail_have_text": {"count": 758, "count_type": "query", "hit1": 0.42744063324538256, "hit10": 0.5989445910290238, "hit3": 0.5158311345646438, "mr": 140.79287598944592, "mrr": 0.4886657788694362, "triple_count": 379}, "head_missing_text": {"count": 1228, "count_type": "query", "hit1": 0.10830618892508144, "hit10": 0.26058631921824105, "hit3": 0.2003257328990228, "mr": 2502.0504885993487, "mrr": 0.16326780167559177, "triple_count": 614}, "head_or_tail_both_have_text": {"count": 758, "count_type": "query", "hit1": 0.42744063324538256, "hit10": 0.5989445910290238, "hit3": 0.5158311345646438, "mr": 140.79287598944592, "mrr": 0.4886657788694362, "triple_count": 379}, "head_or_tail_missing_text": {"count": 1908, "count_type": "query", "hit1": 0.0770440251572327, "hit10": 0.240041928721174, "hit3": 0.1609014675052411, "mr": 2845.883647798742, "mrr": 0.13160562628856928, "triple_count": 954}, "tail_missing_text": {"count": 1314, "count_type": "query", "hit1": 0.10273972602739725, "hit10": 0.24124809741248096, "hit3": 0.1750380517503805, "mr": 2656.7861491628614, "mrr": 0.15039354381310813, "triple_count": 657}}}
