eval_hpsac.py:750: FutureWarning: You are using `torch.load` with `weights_only=False` (the current default value), which uses the default pickle module implicitly. It is possible to construct malicious pickle data which will execute arbitrary code during unpickling (See https://github.com/pytorch/pytorch/blob/main/SECURITY.md#untrusted-models for more details). In a future release, the default value for `weights_only` will be flipped to `True`. This limits the functions that could be executed during unpickling. Arbitrary objects will no longer be allowed to be loaded via this mode unless they are explicitly allowlisted by the user via `torch.serialization.add_safe_globals`. We recommend you start setting `weights_only=True` for any use case where you don't have full control of the loaded file. Please open an issue on GitHub for any issues related to this experimental feature.
  img_emb = torch.load(visual_path, map_location="cpu")
eval_hpsac.py:751: FutureWarning: You are using `torch.load` with `weights_only=False` (the current default value), which uses the default pickle module implicitly. It is possible to construct malicious pickle data which will execute arbitrary code during unpickling (See https://github.com/pytorch/pytorch/blob/main/SECURITY.md#untrusted-models for more details). In a future release, the default value for `weights_only` will be flipped to `True`. This limits the functions that could be executed during unpickling. Arbitrary objects will no longer be allowed to be loaded via this mode unless they are explicitly allowlisted by the user via `torch.serialization.add_safe_globals`. We recommend you start setting `weights_only=True` for any use case where you don't have full control of the loaded file. Please open an issue on GitHub for any issues related to this experimental feature.
  text_emb = torch.load(textual_path, map_location="cpu")
/home/student04/my_data/DHNS-main/missing_text_protocol.py:72: FutureWarning: You are using `torch.load` with `weights_only=False` (the current default value), which uses the default pickle module implicitly. It is possible to construct malicious pickle data which will execute arbitrary code during unpickling (See https://github.com/pytorch/pytorch/blob/main/SECURITY.md#untrusted-models for more details). In a future release, the default value for `weights_only` will be flipped to `True`. This limits the functions that could be executed during unpickling. Arbitrary objects will no longer be allowed to be loaded via this mode unless they are explicitly allowlisted by the user via `torch.serialization.add_safe_globals`. We recommend you start setting `weights_only=True` for any use case where you don't have full control of the loaded file. Please open an issue on GitHub for any issues related to this experimental feature.
  payload = torch.load(path, map_location="cpu")
HPSAC config | dataset=MKG-W | lambda_grid=0.1,0.2,0.25,0.3,0.4 | alpha_grid=0.0,0.1,0.2,0.3 | min_group_queries=30 | safe_delta=0.000200 | calibration_mode=hpsac
HPSAC injected text missingness | requested=0.1000 | applied=0.1000 | count=1415
HPSAC text mask | strategy=random | source=loaded_file | checksum=5a2925360da74cdfbdd1bc62c886774394746bba67e2c6d3efda3fea989545b8
HPSAC MT guard | lock_missing_text=True
HPSAC safety | training=False | new_network=False | internal_scoring_unchanged=True
/home/student04/my_data/DHNS-main/eval_vgse.py:198: FutureWarning: You are using `torch.load` with `weights_only=False` (the current default value), which uses the default pickle module implicitly. It is possible to construct malicious pickle data which will execute arbitrary code during unpickling (See https://github.com/pytorch/pytorch/blob/main/SECURITY.md#untrusted-models for more details). In a future release, the default value for `weights_only` will be flipped to `True`. This limits the functions that could be executed during unpickling. Arbitrary objects will no longer be allowed to be loaded via this mode unless they are explicitly allowlisted by the user via `torch.serialization.add_safe_globals`. We recommend you start setting `weights_only=True` for any use case where you don't have full control of the loaded file. Please open an issue on GitHub for any issues related to this experimental feature.
  state_dict = torch.load(checkpoint_path, map_location="cpu")

HPSAC valid search:   0%|          | 0/4276 [00:00<?, ?it/s]Active modalities | phase=eval | text_branch_enabled=True | modality_count=3 | modalities=structural,visual,text
Active modalities | phase=eval | text_branch_enabled=True | modality_count=3 | modalities=structural,visual,text
Retrieval missing-text debug | phase=NA | role=NA | batch_entity_count=15000 | topk=5 | pool_size=512/12734 | relation_avg_pool=NA | fallback_ratio=0.0000 | agg_mean_norm=0.610591 | source=global_text_pool

HPSAC valid search:   0%|          | 1/4276 [00:00<20:02,  3.55it/s]
HPSAC valid search:   0%|          | 3/4276 [00:00<10:27,  6.81it/s]
HPSAC valid search:   0%|          | 4/4276 [00:00<09:21,  7.61it/s]
HPSAC valid search:   0%|          | 5/4276 [00:00<08:39,  8.22it/s]
HPSAC valid search:   0%|          | 7/4276 [00:00<07:47,  9.13it/s]
HPSAC valid search:   0%|          | 9/4276 [00:01<07:24,  9.61it/s]
HPSAC valid search:   0%|          | 11/4276 [00:01<07:16,  9.77it/s]
HPSAC valid search:   0%|          | 13/4276 [00:01<07:12,  9.85it/s]
HPSAC valid search:   0%|          | 15/4276 [00:01<07:05, 10.03it/s]
HPSAC valid search:   0%|          | 17/4276 [00:01<07:00, 10.14it/s]
HPSAC valid search:   0%|          | 20/4276 [00:02<05:37, 12.63it/s]
HPSAC valid search:   1%|          | 22/4276 [00:02<05:56, 11.92it/s]
HPSAC valid search:   1%|          | 24/4276 [00:02<06:11, 11.45it/s]
HPSAC valid search:   1%|          | 26/4276 [00:02<06:22, 11.12it/s]
HPSAC valid search:   1%|          | 28/4276 [00:02<05:46, 12.27it/s]
HPSAC valid search:   1%|          | 30/4276 [00:02<06:04, 11.66it/s]
HPSAC valid search:   1%|          | 33/4276 [00:03<05:04, 13.93it/s]
HPSAC valid search:   1%|          | 35/4276 [00:03<05:31, 12.78it/s]
HPSAC valid search:   1%|          | 37/4276 [00:03<05:56, 11.89it/s]
HPSAC valid search:   1%|          | 39/4276 [00:03<05:29, 12.87it/s]
HPSAC valid search:   1%|          | 41/4276 [00:03<05:50, 12.08it/s]
HPSAC valid search:   1%|          | 43/4276 [00:03<06:06, 11.56it/s]
HPSAC valid search:   1%|          | 45/4276 [00:04<05:34, 12.66it/s]
HPSAC valid search:   1%|          | 47/4276 [00:04<05:54, 11.92it/s]
HPSAC valid search:   1%|          | 49/4276 [00:04<05:26, 12.94it/s]
HPSAC valid search:   1%|          | 51/4276 [00:04<05:06, 13.80it/s]
HPSAC valid search:   1%|          | 53/4276 [00:04<05:35, 12.59it/s]
HPSAC valid search:   1%|▏         | 55/4276 [00:04<05:55, 11.87it/s]
HPSAC valid search:   1%|▏         | 57/4276 [00:05<06:10, 11.39it/s]
HPSAC valid search:   1%|▏         | 59/4276 [00:05<05:36, 12.54it/s]
HPSAC valid search:   1%|▏         | 61/4276 [00:05<05:12, 13.48it/s]
HPSAC valid search:   1%|▏         | 63/4276 [00:05<04:58, 14.12it/s]
HPSAC valid search:   2%|▏         | 65/4276 [00:05<05:30, 12.74it/s]
HPSAC valid search:   2%|▏         | 67/4276 [00:05<05:51, 11.97it/s]
HPSAC valid search:   2%|▏         | 69/4276 [00:05<05:23, 13.02it/s]
HPSAC valid search:   2%|▏         | 71/4276 [00:06<05:03, 13.88it/s]
HPSAC valid search:   2%|▏         | 73/4276 [00:06<05:36, 12.49it/s]
HPSAC valid search:   2%|▏         | 76/4276 [00:06<04:45, 14.69it/s]
HPSAC valid search:   2%|▏         | 78/4276 [00:06<05:17, 13.21it/s]
HPSAC valid search:   2%|▏         | 80/4276 [00:06<05:00, 13.97it/s]
HPSAC valid search:   2%|▏         | 82/4276 [00:06<04:51, 14.40it/s]
HPSAC valid search:   2%|▏         | 84/4276 [00:06<04:40, 14.93it/s]
HPSAC valid search:   2%|▏         | 86/4276 [00:07<04:33, 15.31it/s]
HPSAC valid search:   2%|▏         | 88/4276 [00:07<05:10, 13.47it/s]
HPSAC valid search:   2%|▏         | 90/4276 [00:07<04:54, 14.22it/s]
HPSAC valid search:   2%|▏         | 92/4276 [00:07<05:26, 12.83it/s]
HPSAC valid search:   2%|▏         | 94/4276 [00:07<05:48, 12.00it/s]
HPSAC valid search:   2%|▏         | 96/4276 [00:07<06:03, 11.50it/s]
HPSAC valid search:   2%|▏         | 98/4276 [00:08<06:13, 11.17it/s]
HPSAC valid search:   2%|▏         | 100/4276 [00:08<05:42, 12.21it/s]
HPSAC valid search:   2%|▏         | 102/4276 [00:08<05:15, 13.21it/s]
HPSAC valid search:   2%|▏         | 104/4276 [00:08<05:40, 12.24it/s]
HPSAC valid search:   2%|▏         | 106/4276 [00:08<05:15, 13.22it/s]
HPSAC valid search:   3%|▎         | 108/4276 [00:08<05:40, 12.25it/s]
HPSAC valid search:   3%|▎         | 110/4276 [00:09<05:57, 11.66it/s]
HPSAC valid search:   3%|▎         | 112/4276 [00:09<06:09, 11.27it/s]
HPSAC valid search:   3%|▎         | 114/4276 [00:09<06:18, 11.01it/s]
HPSAC valid search:   3%|▎         | 116/4276 [00:09<06:23, 10.84it/s]
HPSAC valid search:   3%|▎         | 118/4276 [00:09<06:27, 10.73it/s]
HPSAC valid search:   3%|▎         | 120/4276 [00:10<06:30, 10.65it/s]
HPSAC valid search:   3%|▎         | 122/4276 [00:10<06:32, 10.58it/s]
HPSAC valid search:   3%|▎         | 124/4276 [00:10<06:34, 10.53it/s]
HPSAC valid search:   3%|▎         | 126/4276 [00:10<06:38, 10.41it/s]
HPSAC valid search:   3%|▎         | 128/4276 [00:10<06:37, 10.42it/s]
HPSAC valid search:   3%|▎         | 130/4276 [00:11<06:37, 10.44it/s]
HPSAC valid search:   3%|▎         | 132/4276 [00:11<05:53, 11.71it/s]
HPSAC valid search:   3%|▎         | 134/4276 [00:11<06:06, 11.31it/s]
HPSAC valid search:   3%|▎         | 136/4276 [00:11<05:31, 12.48it/s]
HPSAC valid search:   3%|▎         | 138/4276 [00:11<05:50, 11.80it/s]
HPSAC valid search:   3%|▎         | 140/4276 [00:11<05:21, 12.87it/s]
HPSAC valid search:   3%|▎         | 142/4276 [00:11<05:00, 13.75it/s]
HPSAC valid search:   3%|▎         | 144/4276 [00:12<04:46, 14.44it/s]
HPSAC valid search:   3%|▎         | 146/4276 [00:12<04:35, 14.98it/s]
HPSAC valid search:   3%|▎         | 148/4276 [00:12<05:11, 13.27it/s]
HPSAC valid search:   4%|▎         | 150/4276 [00:12<04:53, 14.08it/s]
HPSAC valid search:   4%|▎         | 152/4276 [00:12<04:44, 14.50it/s]
HPSAC valid search:   4%|▎         | 154/4276 [00:12<05:20, 12.85it/s]
HPSAC valid search:   4%|▎         | 157/4276 [00:12<04:38, 14.79it/s]
HPSAC valid search:   4%|▎         | 159/4276 [00:13<05:09, 13.30it/s]
HPSAC valid search:   4%|▍         | 161/4276 [00:13<05:32, 12.37it/s]
HPSAC valid search:   4%|▍         | 163/4276 [00:13<05:09, 13.30it/s]
HPSAC valid search:   4%|▍         | 165/4276 [00:13<05:33, 12.34it/s]
HPSAC valid search:   4%|▍         | 167/4276 [00:13<05:50, 11.72it/s]
HPSAC valid search:   4%|▍         | 169/4276 [00:14<06:03, 11.31it/s]
HPSAC valid search:   4%|▍         | 171/4276 [00:14<05:29, 12.45it/s]
HPSAC valid search:   4%|▍         | 173/4276 [00:14<05:48, 11.79it/s]
HPSAC valid search:   4%|▍         | 175/4276 [00:14<06:04, 11.24it/s]
HPSAC valid search:   4%|▍         | 177/4276 [00:14<05:30, 12.41it/s]
HPSAC valid search:   4%|▍         | 180/4276 [00:14<04:40, 14.59it/s]
HPSAC valid search:   4%|▍         | 182/4276 [00:15<05:10, 13.17it/s]
HPSAC valid search:   4%|▍         | 184/4276 [00:15<05:33, 12.27it/s]
HPSAC valid search:   4%|▍         | 186/4276 [00:15<05:53, 11.57it/s]
HPSAC valid search:   4%|▍         | 188/4276 [00:15<05:23, 12.65it/s]
HPSAC valid search:   4%|▍         | 190/4276 [00:15<05:42, 11.92it/s]
HPSAC valid search:   4%|▍         | 192/4276 [00:15<05:14, 12.97it/s]
HPSAC valid search:   5%|▍         | 194/4276 [00:16<05:37, 12.11it/s]
HPSAC valid search:   5%|▍         | 196/4276 [00:16<05:10, 13.13it/s]
HPSAC valid search:   5%|▍         | 198/4276 [00:16<05:34, 12.21it/s]
HPSAC valid search:   5%|▍         | 200/4276 [00:16<05:54, 11.50it/s]
HPSAC valid search:   5%|▍         | 202/4276 [00:16<06:04, 11.16it/s]
HPSAC valid search:   5%|▍         | 204/4276 [00:16<06:12, 10.94it/s]
HPSAC valid search:   5%|▍         | 206/4276 [00:17<06:17, 10.79it/s]
HPSAC valid search:   5%|▍         | 208/4276 [00:17<06:24, 10.59it/s]
HPSAC valid search:   5%|▍         | 210/4276 [00:17<06:29, 10.45it/s]
HPSAC valid search:   5%|▍         | 212/4276 [00:17<06:28, 10.46it/s]
HPSAC valid search:   5%|▌         | 214/4276 [00:17<06:28, 10.46it/s]
HPSAC valid search:   5%|▌         | 217/4276 [00:18<05:15, 12.86it/s]
HPSAC valid search:   5%|▌         | 219/4276 [00:18<05:35, 12.11it/s]
HPSAC valid search:   5%|▌         | 221/4276 [00:18<05:49, 11.60it/s]
HPSAC valid search:   5%|▌         | 223/4276 [00:18<06:00, 11.24it/s]
HPSAC valid search:   5%|▌         | 225/4276 [00:18<06:11, 10.90it/s]
HPSAC valid search:   5%|▌         | 227/4276 [00:18<05:39, 11.94it/s]
HPSAC valid search:   5%|▌         | 229/4276 [00:19<05:12, 12.96it/s]
HPSAC valid search:   5%|▌         | 231/4276 [00:19<04:52, 13.82it/s]
HPSAC valid search:   5%|▌         | 233/4276 [00:19<04:42, 14.31it/s]
HPSAC valid search:   5%|▌         | 235/4276 [00:19<05:13, 12.88it/s]
HPSAC valid search:   6%|▌         | 237/4276 [00:19<05:35, 12.03it/s]
HPSAC valid search:   6%|▌         | 239/4276 [00:19<05:50, 11.51it/s]
HPSAC valid search:   6%|▌         | 241/4276 [00:20<05:22, 12.49it/s]
HPSAC valid search:   6%|▌         | 243/4276 [00:20<05:45, 11.68it/s]
HPSAC valid search:   6%|▌         | 245/4276 [00:20<05:15, 12.78it/s]
HPSAC valid search:   6%|▌         | 247/4276 [00:20<05:36, 11.99it/s]
HPSAC valid search:   6%|▌         | 249/4276 [00:20<05:08, 13.03it/s]
HPSAC valid search:   6%|▌         | 251/4276 [00:20<04:49, 13.89it/s]
HPSAC valid search:   6%|▌         | 253/4276 [00:20<05:18, 12.65it/s]
HPSAC valid search:   6%|▌         | 255/4276 [00:21<05:38, 11.89it/s]
HPSAC valid search:   6%|▌         | 257/4276 [00:21<05:10, 12.95it/s]
HPSAC valid search:   6%|▌         | 259/4276 [00:21<04:50, 13.83it/s]
HPSAC valid search:   6%|▌         | 261/4276 [00:21<05:18, 12.62it/s]
HPSAC valid search:   6%|▌         | 263/4276 [00:21<05:37, 11.89it/s]
HPSAC valid search:   6%|▌         | 265/4276 [00:21<05:09, 12.95it/s]
HPSAC valid search:   6%|▌         | 267/4276 [00:22<05:31, 12.09it/s]
HPSAC valid search:   6%|▋         | 269/4276 [00:22<05:05, 13.10it/s]
HPSAC valid search:   6%|▋         | 271/4276 [00:22<04:47, 13.95it/s]
HPSAC valid search:   6%|▋         | 273/4276 [00:22<04:37, 14.41it/s]
HPSAC valid search:   6%|▋         | 275/4276 [00:22<05:09, 12.94it/s]
HPSAC valid search:   6%|▋         | 277/4276 [00:22<05:30, 12.08it/s]
HPSAC valid search:   7%|▋         | 279/4276 [00:23<05:46, 11.54it/s]
HPSAC valid search:   7%|▋         | 281/4276 [00:23<05:56, 11.19it/s]
HPSAC valid search:   7%|▋         | 283/4276 [00:23<06:07, 10.85it/s]
HPSAC valid search:   7%|▋         | 285/4276 [00:23<06:11, 10.73it/s]
HPSAC valid search:   7%|▋         | 287/4276 [00:23<06:14, 10.65it/s]
HPSAC valid search:   7%|▋         | 289/4276 [00:23<05:34, 11.90it/s]
HPSAC valid search:   7%|▋         | 291/4276 [00:24<05:07, 12.97it/s]
HPSAC valid search:   7%|▋         | 293/4276 [00:24<04:47, 13.83it/s]
HPSAC valid search:   7%|▋         | 295/4276 [00:24<04:34, 14.49it/s]
HPSAC valid search:   7%|▋         | 297/4276 [00:24<05:06, 12.99it/s]
HPSAC valid search:   7%|▋         | 299/4276 [00:24<05:28, 12.10it/s]
HPSAC valid search:   7%|▋         | 301/4276 [00:24<05:47, 11.44it/s]
HPSAC valid search:   7%|▋         | 303/4276 [00:25<05:57, 11.13it/s]
HPSAC valid search:   7%|▋         | 305/4276 [00:25<05:22, 12.31it/s]
HPSAC valid search:   7%|▋         | 307/4276 [00:25<05:39, 11.68it/s]
HPSAC valid search:   7%|▋         | 311/4276 [00:25<04:22, 15.09it/s]
HPSAC valid search:   7%|▋         | 313/4276 [00:25<04:17, 15.40it/s]
HPSAC valid search:   7%|▋         | 315/4276 [00:25<04:49, 13.71it/s]
HPSAC valid search:   7%|▋         | 317/4276 [00:26<05:16, 12.51it/s]
HPSAC valid search:   7%|▋         | 319/4276 [00:26<05:34, 11.84it/s]
HPSAC valid search:   8%|▊         | 321/4276 [00:26<05:07, 12.85it/s]
HPSAC valid search:   8%|▊         | 323/4276 [00:26<05:27, 12.06it/s]
HPSAC valid search:   8%|▊         | 325/4276 [00:26<05:46, 11.41it/s]
HPSAC valid search:   8%|▊         | 327/4276 [00:26<05:55, 11.11it/s]
HPSAC valid search:   8%|▊         | 329/4276 [00:27<06:01, 10.91it/s]
HPSAC valid search:   8%|▊         | 331/4276 [00:27<05:25, 12.11it/s]
HPSAC valid search:   8%|▊         | 333/4276 [00:27<05:40, 11.57it/s]
HPSAC valid search:   8%|▊         | 335/4276 [00:27<05:10, 12.68it/s]
HPSAC valid search:   8%|▊         | 337/4276 [00:27<04:49, 13.61it/s]
HPSAC valid search:   8%|▊         | 339/4276 [00:27<04:34, 14.34it/s]
HPSAC valid search:   8%|▊         | 341/4276 [00:27<04:24, 14.90it/s]
HPSAC valid search:   8%|▊         | 343/4276 [00:28<04:57, 13.22it/s]
HPSAC valid search:   8%|▊         | 345/4276 [00:28<04:40, 14.02it/s]
HPSAC valid search:   8%|▊         | 347/4276 [00:28<05:09, 12.70it/s]
HPSAC valid search:   8%|▊         | 349/4276 [00:28<05:29, 11.93it/s]
HPSAC valid search:   8%|▊         | 351/4276 [00:28<05:02, 12.99it/s]
HPSAC valid search:   8%|▊         | 353/4276 [00:28<05:23, 12.11it/s]
HPSAC valid search:   8%|▊         | 355/4276 [00:29<05:44, 11.39it/s]
HPSAC valid search:   8%|▊         | 357/4276 [00:29<05:12, 12.54it/s]
HPSAC valid search:   8%|▊         | 359/4276 [00:29<05:30, 11.84it/s]
HPSAC valid search:   8%|▊         | 361/4276 [00:29<05:03, 12.91it/s]
HPSAC valid search:   8%|▊         | 363/4276 [00:29<05:27, 11.94it/s]
HPSAC valid search:   9%|▊         | 365/4276 [00:29<05:41, 11.46it/s]
HPSAC valid search:   9%|▊         | 367/4276 [00:30<05:50, 11.14it/s]
HPSAC valid search:   9%|▊         | 369/4276 [00:30<06:00, 10.82it/s]
HPSAC valid search:   9%|▊         | 371/4276 [00:30<06:05, 10.70it/s]
HPSAC valid search:   9%|▊         | 373/4276 [00:30<06:11, 10.52it/s]
HPSAC valid search:   9%|▉         | 375/4276 [00:30<06:11, 10.50it/s]
HPSAC valid search:   9%|▉         | 377/4276 [00:31<05:32, 11.74it/s]
HPSAC valid search:   9%|▉         | 379/4276 [00:31<05:03, 12.83it/s]
HPSAC valid search:   9%|▉         | 381/4276 [00:31<05:24, 12.01it/s]
HPSAC valid search:   9%|▉         | 383/4276 [00:31<05:39, 11.48it/s]
HPSAC valid search:   9%|▉         | 385/4276 [00:31<05:52, 11.04it/s]
HPSAC valid search:   9%|▉         | 387/4276 [00:31<05:21, 12.08it/s]
HPSAC valid search:   9%|▉         | 389/4276 [00:32<05:40, 11.43it/s]
HPSAC valid search:   9%|▉         | 391/4276 [00:32<05:49, 11.12it/s]
HPSAC valid search:   9%|▉         | 393/4276 [00:32<05:55, 10.91it/s]
HPSAC valid search:   9%|▉         | 395/4276 [00:32<06:04, 10.65it/s]
HPSAC valid search:   9%|▉         | 397/4276 [00:32<05:26, 11.90it/s]
HPSAC valid search:   9%|▉         | 399/4276 [00:33<05:42, 11.31it/s]
HPSAC valid search:   9%|▉         | 401/4276 [00:33<05:50, 11.04it/s]
HPSAC valid search:   9%|▉         | 403/4276 [00:33<05:56, 10.86it/s]
HPSAC valid search:   9%|▉         | 406/4276 [00:33<04:52, 13.25it/s]
HPSAC valid search:  10%|▉         | 408/4276 [00:33<04:37, 13.95it/s]
HPSAC valid search:  10%|▉         | 410/4276 [00:33<05:03, 12.75it/s]
HPSAC valid search:  10%|▉         | 412/4276 [00:34<05:22, 12.00it/s]
HPSAC valid search:  10%|▉         | 414/4276 [00:34<05:35, 11.51it/s]
HPSAC valid search:  10%|▉         | 416/4276 [00:34<05:48, 11.06it/s]
HPSAC valid search:  10%|▉         | 418/4276 [00:34<05:58, 10.77it/s]
HPSAC valid search:  10%|▉         | 420/4276 [00:34<06:00, 10.68it/s]
HPSAC valid search:  10%|▉         | 422/4276 [00:34<05:23, 11.91it/s]
HPSAC valid search:  10%|▉         | 424/4276 [00:35<04:56, 12.97it/s]
HPSAC valid search:  10%|▉         | 426/4276 [00:35<05:18, 12.11it/s]
HPSAC valid search:  10%|█         | 428/4276 [00:35<04:52, 13.14it/s]
HPSAC valid search:  10%|█         | 430/4276 [00:35<04:35, 13.96it/s]
HPSAC valid search:  10%|█         | 432/4276 [00:35<04:23, 14.61it/s]
HPSAC valid search:  10%|█         | 434/4276 [00:35<04:57, 12.89it/s]
HPSAC valid search:  10%|█         | 436/4276 [00:36<05:21, 11.93it/s]
HPSAC valid search:  10%|█         | 438/4276 [00:36<05:35, 11.45it/s]
HPSAC valid search:  10%|█         | 440/4276 [00:36<05:08, 12.44it/s]
HPSAC valid search:  10%|█         | 442/4276 [00:36<05:28, 11.65it/s]
HPSAC valid search:  10%|█         | 444/4276 [00:36<05:00, 12.74it/s]
HPSAC valid search:  10%|█         | 446/4276 [00:36<05:20, 11.94it/s]
HPSAC valid search:  10%|█         | 448/4276 [00:36<04:58, 12.84it/s]
HPSAC valid search:  11%|█         | 450/4276 [00:37<05:21, 11.89it/s]
HPSAC valid search:  11%|█         | 452/4276 [00:37<05:35, 11.41it/s]
HPSAC valid search:  11%|█         | 454/4276 [00:37<05:04, 12.55it/s]
HPSAC valid search:  11%|█         | 456/4276 [00:37<04:43, 13.49it/s]
HPSAC valid search:  11%|█         | 458/4276 [00:37<04:31, 14.07it/s]
HPSAC valid search:  11%|█         | 460/4276 [00:37<04:59, 12.74it/s]
HPSAC valid search:  11%|█         | 462/4276 [00:38<04:39, 13.63it/s]
HPSAC valid search:  11%|█         | 464/4276 [00:38<05:05, 12.50it/s]
HPSAC valid search:  11%|█         | 466/4276 [00:38<05:22, 11.81it/s]
HPSAC valid search:  11%|█         | 468/4276 [00:38<05:38, 11.25it/s]
HPSAC valid search:  11%|█         | 470/4276 [00:38<05:07, 12.39it/s]
HPSAC valid search:  11%|█         | 472/4276 [00:38<05:24, 11.74it/s]
HPSAC valid search:  11%|█         | 474/4276 [00:39<04:56, 12.81it/s]
HPSAC valid search:  11%|█         | 476/4276 [00:39<05:16, 12.00it/s]
HPSAC valid search:  11%|█         | 478/4276 [00:39<05:30, 11.50it/s]
HPSAC valid search:  11%|█         | 480/4276 [00:39<05:00, 12.63it/s]
HPSAC valid search:  11%|█▏        | 482/4276 [00:39<05:22, 11.76it/s]
HPSAC valid search:  11%|█▏        | 484/4276 [00:39<05:34, 11.34it/s]
HPSAC valid search:  11%|█▏        | 486/4276 [00:40<05:03, 12.48it/s]
HPSAC valid search:  11%|█▏        | 488/4276 [00:40<04:41, 13.45it/s]
HPSAC valid search:  11%|█▏        | 490/4276 [00:40<04:26, 14.21it/s]
HPSAC valid search:  12%|█▏        | 492/4276 [00:40<04:54, 12.83it/s]
HPSAC valid search:  12%|█▏        | 494/4276 [00:40<05:14, 12.02it/s]
HPSAC valid search:  12%|█▏        | 496/4276 [00:40<05:28, 11.51it/s]
HPSAC valid search:  12%|█▏        | 498/4276 [00:41<05:41, 11.06it/s]
HPSAC valid search:  12%|█▏        | 500/4276 [00:41<05:08, 12.24it/s]
HPSAC valid search:  12%|█▏        | 503/4276 [00:41<04:20, 14.47it/s]
HPSAC valid search:  12%|█▏        | 505/4276 [00:41<04:47, 13.11it/s]
HPSAC valid search:  12%|█▏        | 507/4276 [00:41<05:11, 12.12it/s]
HPSAC valid search:  12%|█▏        | 509/4276 [00:41<05:25, 11.59it/s]
HPSAC valid search:  12%|█▏        | 511/4276 [00:42<04:57, 12.65it/s]
HPSAC valid search:  12%|█▏        | 513/4276 [00:42<05:18, 11.80it/s]
HPSAC valid search:  12%|█▏        | 515/4276 [00:42<05:30, 11.37it/s]
HPSAC valid search:  12%|█▏        | 518/4276 [00:42<04:37, 13.55it/s]
HPSAC valid search:  12%|█▏        | 520/4276 [00:42<04:59, 12.55it/s]
HPSAC valid search:  12%|█▏        | 522/4276 [00:42<05:15, 11.88it/s]
HPSAC valid search:  12%|█▏        | 526/4276 [00:43<04:11, 14.91it/s]
HPSAC valid search:  12%|█▏        | 528/4276 [00:43<04:08, 15.08it/s]
HPSAC valid search:  12%|█▏        | 530/4276 [00:43<04:03, 15.40it/s]
HPSAC valid search:  12%|█▏        | 532/4276 [00:43<04:34, 13.66it/s]
HPSAC valid search:  12%|█▏        | 534/4276 [00:43<04:57, 12.59it/s]
HPSAC valid search:  13%|█▎        | 536/4276 [00:44<05:14, 11.88it/s]
HPSAC valid search:  13%|█▎        | 538/4276 [00:44<04:53, 12.76it/s]
HPSAC valid search:  13%|█▎        | 540/4276 [00:44<05:11, 11.99it/s]
HPSAC valid search:  13%|█▎        | 542/4276 [00:44<05:24, 11.50it/s]
HPSAC valid search:  13%|█▎        | 544/4276 [00:44<05:37, 11.06it/s]
HPSAC valid search:  13%|█▎        | 546/4276 [00:44<05:43, 10.87it/s]
HPSAC valid search:  13%|█▎        | 548/4276 [00:45<05:08, 12.07it/s]
HPSAC valid search:  13%|█▎        | 550/4276 [00:45<04:44, 13.10it/s]
HPSAC valid search:  13%|█▎        | 552/4276 [00:45<05:05, 12.18it/s]
HPSAC valid search:  13%|█▎        | 554/4276 [00:45<04:42, 13.20it/s]
HPSAC valid search:  13%|█▎        | 556/4276 [00:45<04:25, 14.00it/s]
HPSAC valid search:  13%|█▎        | 558/4276 [00:45<04:13, 14.64it/s]
HPSAC valid search:  13%|█▎        | 560/4276 [00:45<04:44, 13.08it/s]
HPSAC valid search:  13%|█▎        | 562/4276 [00:46<04:26, 13.93it/s]
HPSAC valid search:  13%|█▎        | 564/4276 [00:46<04:53, 12.65it/s]
HPSAC valid search:  13%|█▎        | 566/4276 [00:46<05:11, 11.91it/s]
HPSAC valid search:  13%|█▎        | 568/4276 [00:46<04:45, 12.97it/s]
HPSAC valid search:  13%|█▎        | 570/4276 [00:46<05:06, 12.10it/s]
HPSAC valid search:  13%|█▎        | 572/4276 [00:46<04:42, 13.13it/s]
HPSAC valid search:  13%|█▎        | 574/4276 [00:46<04:24, 13.97it/s]
HPSAC valid search:  13%|█▎        | 576/4276 [00:47<04:51, 12.68it/s]
HPSAC valid search:  14%|█▎        | 578/4276 [00:47<04:31, 13.61it/s]
HPSAC valid search:  14%|█▎        | 580/4276 [00:47<04:59, 12.34it/s]
HPSAC valid search:  14%|█▎        | 582/4276 [00:47<04:40, 13.17it/s]
HPSAC valid search:  14%|█▎        | 586/4276 [00:47<03:47, 16.19it/s]
HPSAC valid search:  14%|█▍        | 588/4276 [00:47<04:18, 14.26it/s]
HPSAC valid search:  14%|█▍        | 590/4276 [00:48<04:09, 14.76it/s]
HPSAC valid search:  14%|█▍        | 592/4276 [00:48<04:40, 13.12it/s]
HPSAC valid search:  14%|█▍        | 594/4276 [00:48<05:00, 12.25it/s]
HPSAC valid search:  14%|█▍        | 596/4276 [00:48<04:38, 13.21it/s]
HPSAC valid search:  14%|█▍        | 598/4276 [00:48<04:59, 12.28it/s]
HPSAC valid search:  14%|█▍        | 600/4276 [00:48<04:37, 13.25it/s]
HPSAC valid search:  14%|█▍        | 602/4276 [00:49<04:21, 14.04it/s]
HPSAC valid search:  14%|█▍        | 604/4276 [00:49<04:48, 12.74it/s]
HPSAC valid search:  14%|█▍        | 606/4276 [00:49<05:06, 11.97it/s]
HPSAC valid search:  14%|█▍        | 608/4276 [00:49<05:20, 11.46it/s]
HPSAC valid search:  14%|█▍        | 610/4276 [00:49<04:51, 12.58it/s]
HPSAC valid search:  14%|█▍        | 612/4276 [00:49<05:12, 11.74it/s]
HPSAC valid search:  14%|█▍        | 614/4276 [00:50<05:23, 11.32it/s]
HPSAC valid search:  14%|█▍        | 616/4276 [00:50<04:53, 12.46it/s]
HPSAC valid search:  14%|█▍        | 618/4276 [00:50<05:10, 11.79it/s]
HPSAC valid search:  15%|█▍        | 621/4276 [00:50<04:20, 14.05it/s]
HPSAC valid search:  15%|█▍        | 623/4276 [00:50<04:09, 14.62it/s]
HPSAC valid search:  15%|█▍        | 625/4276 [00:50<04:37, 13.16it/s]
HPSAC valid search:  15%|█▍        | 627/4276 [00:51<04:21, 13.95it/s]
HPSAC valid search:  15%|█▍        | 631/4276 [00:51<03:35, 16.89it/s]
HPSAC valid search:  15%|█▍        | 633/4276 [00:51<04:08, 14.69it/s]
HPSAC valid search:  15%|█▍        | 635/4276 [00:51<04:33, 13.30it/s]
HPSAC valid search:  15%|█▍        | 637/4276 [00:51<04:19, 14.02it/s]
HPSAC valid search:  15%|█▍        | 641/4276 [00:51<03:35, 16.85it/s]
HPSAC valid search:  15%|█▌        | 643/4276 [00:52<04:06, 14.72it/s]
HPSAC valid search:  15%|█▌        | 645/4276 [00:52<04:03, 14.93it/s]
HPSAC valid search:  15%|█▌        | 647/4276 [00:52<04:30, 13.40it/s]
HPSAC valid search:  15%|█▌        | 649/4276 [00:52<04:51, 12.43it/s]
HPSAC valid search:  15%|█▌        | 651/4276 [00:52<05:07, 11.80it/s]
HPSAC valid search:  15%|█▌        | 653/4276 [00:52<05:18, 11.37it/s]
HPSAC valid search:  15%|█▌        | 655/4276 [00:53<04:50, 12.49it/s]
HPSAC valid search:  15%|█▌        | 657/4276 [00:53<05:06, 11.80it/s]
HPSAC valid search:  15%|█▌        | 659/4276 [00:53<04:41, 12.86it/s]
HPSAC valid search:  15%|█▌        | 661/4276 [00:53<05:06, 11.78it/s]
HPSAC valid search:  16%|█▌        | 663/4276 [00:53<05:21, 11.25it/s]
HPSAC valid search:  16%|█▌        | 665/4276 [00:53<04:51, 12.39it/s]
HPSAC valid search:  16%|█▌        | 667/4276 [00:54<04:33, 13.20it/s]
HPSAC valid search:  16%|█▌        | 669/4276 [00:54<04:17, 14.01it/s]
HPSAC valid search:  16%|█▌        | 671/4276 [00:54<04:46, 12.56it/s]
HPSAC valid search:  16%|█▌        | 673/4276 [00:54<04:30, 13.34it/s]
HPSAC valid search:  16%|█▌        | 675/4276 [00:54<04:14, 14.13it/s]
HPSAC valid search:  16%|█▌        | 677/4276 [00:54<04:04, 14.74it/s]
HPSAC valid search:  16%|█▌        | 679/4276 [00:54<04:37, 12.98it/s]
HPSAC valid search:  16%|█▌        | 681/4276 [00:55<04:56, 12.10it/s]
HPSAC valid search:  16%|█▌        | 683/4276 [00:55<04:33, 13.13it/s]
HPSAC valid search:  16%|█▌        | 685/4276 [00:55<04:58, 12.05it/s]
HPSAC valid search:  16%|█▌        | 687/4276 [00:55<04:34, 13.08it/s]
HPSAC valid search:  16%|█▌        | 689/4276 [00:55<04:55, 12.16it/s]
HPSAC valid search:  16%|█▌        | 691/4276 [00:55<04:32, 13.18it/s]
HPSAC valid search:  16%|█▌        | 693/4276 [00:56<04:15, 14.00it/s]
HPSAC valid search:  16%|█▋        | 695/4276 [00:56<04:41, 12.71it/s]
HPSAC valid search:  16%|█▋        | 698/4276 [00:56<04:00, 14.86it/s]
HPSAC valid search:  16%|█▋        | 700/4276 [00:56<04:28, 13.33it/s]
HPSAC valid search:  16%|█▋        | 702/4276 [00:56<04:48, 12.38it/s]
HPSAC valid search:  16%|█▋        | 704/4276 [00:56<05:04, 11.75it/s]
HPSAC valid search:  17%|█▋        | 706/4276 [00:57<05:14, 11.34it/s]
HPSAC valid search:  17%|█▋        | 708/4276 [00:57<04:49, 12.31it/s]
HPSAC valid search:  17%|█▋        | 710/4276 [00:57<05:05, 11.69it/s]
HPSAC valid search:  17%|█▋        | 713/4276 [00:57<04:17, 13.81it/s]
HPSAC valid search:  17%|█▋        | 715/4276 [00:57<04:07, 14.42it/s]
HPSAC valid search:  17%|█▋        | 717/4276 [00:57<03:58, 14.90it/s]
HPSAC valid search:  17%|█▋        | 719/4276 [00:57<03:52, 15.30it/s]
HPSAC valid search:  17%|█▋        | 721/4276 [00:58<03:51, 15.39it/s]
HPSAC valid search:  17%|█▋        | 723/4276 [00:58<03:46, 15.67it/s]
HPSAC valid search:  17%|█▋        | 725/4276 [00:58<04:19, 13.67it/s]
HPSAC valid search:  17%|█▋        | 727/4276 [00:58<04:43, 12.53it/s]
HPSAC valid search:  17%|█▋        | 729/4276 [00:58<04:59, 11.83it/s]
HPSAC valid search:  17%|█▋        | 731/4276 [00:58<05:11, 11.37it/s]
HPSAC valid search:  17%|█▋        | 733/4276 [00:59<05:19, 11.09it/s]
HPSAC valid search:  17%|█▋        | 735/4276 [00:59<04:48, 12.27it/s]
HPSAC valid search:  17%|█▋        | 737/4276 [00:59<04:26, 13.27it/s]
HPSAC valid search:  17%|█▋        | 739/4276 [00:59<04:51, 12.13it/s]
HPSAC valid search:  17%|█▋        | 741/4276 [00:59<04:28, 13.15it/s]
HPSAC valid search:  17%|█▋        | 743/4276 [00:59<04:13, 13.96it/s]
HPSAC valid search:  17%|█▋        | 745/4276 [01:00<04:38, 12.69it/s]
HPSAC valid search:  17%|█▋        | 747/4276 [01:00<04:19, 13.60it/s]
HPSAC valid search:  18%|█▊        | 749/4276 [01:00<04:06, 14.31it/s]
HPSAC valid search:  18%|█▊        | 751/4276 [01:00<04:33, 12.90it/s]
HPSAC valid search:  18%|█▊        | 753/4276 [01:00<04:15, 13.76it/s]
HPSAC valid search:  18%|█▊        | 755/4276 [01:00<04:40, 12.56it/s]
HPSAC valid search:  18%|█▊        | 757/4276 [01:00<04:56, 11.85it/s]
HPSAC valid search:  18%|█▊        | 759/4276 [01:01<04:32, 12.92it/s]
HPSAC valid search:  18%|█▊        | 761/4276 [01:01<04:51, 12.07it/s]
HPSAC valid search:  18%|█▊        | 763/4276 [01:01<05:04, 11.54it/s]
HPSAC valid search:  18%|█▊        | 765/4276 [01:01<05:14, 11.17it/s]
HPSAC valid search:  18%|█▊        | 767/4276 [01:01<04:44, 12.33it/s]
HPSAC valid search:  18%|█▊        | 771/4276 [01:01<03:15, 17.90it/s]
HPSAC valid search:  18%|█▊        | 774/4276 [01:02<03:34, 16.29it/s]
HPSAC valid search:  18%|█▊        | 776/4276 [01:02<03:34, 16.31it/s]
HPSAC valid search:  18%|█▊        | 778/4276 [01:02<04:05, 14.28it/s]
HPSAC valid search:  18%|█▊        | 780/4276 [01:02<03:56, 14.79it/s]
HPSAC valid search:  18%|█▊        | 782/4276 [01:02<03:50, 15.18it/s]
HPSAC valid search:  18%|█▊        | 784/4276 [01:02<04:19, 13.44it/s]
HPSAC valid search:  18%|█▊        | 786/4276 [01:03<04:40, 12.42it/s]
HPSAC valid search:  18%|█▊        | 788/4276 [01:03<04:56, 11.78it/s]
HPSAC valid search:  18%|█▊        | 790/4276 [01:03<05:07, 11.35it/s]
HPSAC valid search:  19%|█▊        | 792/4276 [01:03<04:39, 12.47it/s]
HPSAC valid search:  19%|█▊        | 794/4276 [01:03<04:55, 11.78it/s]
HPSAC valid search:  19%|█▊        | 796/4276 [01:03<04:30, 12.85it/s]
HPSAC valid search:  19%|█▊        | 798/4276 [01:04<04:13, 13.74it/s]
HPSAC valid search:  19%|█▊        | 800/4276 [01:04<04:36, 12.56it/s]
HPSAC valid search:  19%|█▉        | 803/4276 [01:04<03:55, 14.74it/s]
HPSAC valid search:  19%|█▉        | 805/4276 [01:04<03:52, 14.95it/s]
HPSAC valid search:  19%|█▉        | 807/4276 [01:04<04:22, 13.20it/s]
HPSAC valid search:  19%|█▉        | 809/4276 [01:04<04:42, 12.28it/s]
HPSAC valid search:  19%|█▉        | 811/4276 [01:05<04:56, 11.70it/s]
HPSAC valid search:  19%|█▉        | 813/4276 [01:05<05:06, 11.31it/s]
HPSAC valid search:  19%|█▉        | 815/4276 [01:05<04:38, 12.44it/s]
HPSAC valid search:  19%|█▉        | 817/4276 [01:05<04:53, 11.78it/s]
HPSAC valid search:  19%|█▉        | 819/4276 [01:05<04:29, 12.84it/s]
HPSAC valid search:  19%|█▉        | 821/4276 [01:05<04:11, 13.73it/s]
HPSAC valid search:  19%|█▉        | 823/4276 [01:06<04:38, 12.41it/s]
HPSAC valid search:  19%|█▉        | 825/4276 [01:06<04:21, 13.21it/s]
HPSAC valid search:  19%|█▉        | 827/4276 [01:06<04:41, 12.25it/s]
HPSAC valid search:  19%|█▉        | 829/4276 [01:06<04:55, 11.65it/s]
HPSAC valid search:  19%|█▉        | 831/4276 [01:06<04:30, 12.75it/s]
HPSAC valid search:  19%|█▉        | 833/4276 [01:06<04:47, 11.96it/s]
HPSAC valid search:  20%|█▉        | 836/4276 [01:06<04:01, 14.24it/s]
HPSAC valid search:  20%|█▉        | 838/4276 [01:07<04:25, 12.95it/s]
HPSAC valid search:  20%|█▉        | 840/4276 [01:07<04:43, 12.14it/s]
HPSAC valid search:  20%|█▉        | 842/4276 [01:07<04:58, 11.49it/s]
HPSAC valid search:  20%|█▉        | 844/4276 [01:07<05:07, 11.17it/s]
HPSAC valid search:  20%|█▉        | 846/4276 [01:07<05:13, 10.95it/s]
HPSAC valid search:  20%|█▉        | 848/4276 [01:08<05:17, 10.80it/s]
HPSAC valid search:  20%|█▉        | 850/4276 [01:08<05:23, 10.58it/s]
HPSAC valid search:  20%|█▉        | 852/4276 [01:08<05:24, 10.54it/s]
HPSAC valid search:  20%|█▉        | 854/4276 [01:08<04:50, 11.80it/s]
HPSAC valid search:  20%|██        | 856/4276 [01:08<05:04, 11.22it/s]
HPSAC valid search:  20%|██        | 858/4276 [01:08<04:36, 12.37it/s]
HPSAC valid search:  20%|██        | 860/4276 [01:09<04:51, 11.73it/s]
HPSAC valid search:  20%|██        | 862/4276 [01:09<04:26, 12.81it/s]
HPSAC valid search:  20%|██        | 864/4276 [01:09<04:44, 12.00it/s]
HPSAC valid search:  20%|██        | 866/4276 [01:09<04:21, 13.05it/s]
HPSAC valid search:  20%|██        | 868/4276 [01:09<04:40, 12.15it/s]
HPSAC valid search:  20%|██        | 870/4276 [01:09<04:53, 11.59it/s]
HPSAC valid search:  20%|██        | 873/4276 [01:10<04:04, 13.91it/s]
HPSAC valid search:  20%|██        | 875/4276 [01:10<03:57, 14.33it/s]
HPSAC valid search:  21%|██        | 877/4276 [01:10<04:21, 12.99it/s]
HPSAC valid search:  21%|██        | 879/4276 [01:10<04:39, 12.15it/s]
HPSAC valid search:  21%|██        | 881/4276 [01:10<04:52, 11.61it/s]
HPSAC valid search:  21%|██        | 883/4276 [01:11<05:02, 11.23it/s]
HPSAC valid search:  21%|██        | 885/4276 [01:11<04:34, 12.38it/s]
HPSAC valid search:  21%|██        | 887/4276 [01:11<04:48, 11.74it/s]
HPSAC valid search:  21%|██        | 889/4276 [01:11<04:24, 12.83it/s]
HPSAC valid search:  21%|██        | 891/4276 [01:11<04:10, 13.53it/s]
HPSAC valid search:  21%|██        | 893/4276 [01:11<04:31, 12.44it/s]
HPSAC valid search:  21%|██        | 895/4276 [01:11<04:12, 13.39it/s]
HPSAC valid search:  21%|██        | 897/4276 [01:12<04:33, 12.35it/s]
HPSAC valid search:  21%|██        | 899/4276 [01:12<04:13, 13.33it/s]
HPSAC valid search:  21%|██        | 901/4276 [01:12<03:58, 14.12it/s]
HPSAC valid search:  21%|██        | 903/4276 [01:12<04:23, 12.78it/s]
HPSAC valid search:  21%|██        | 905/4276 [01:12<04:06, 13.68it/s]
HPSAC valid search:  21%|██        | 907/4276 [01:12<03:54, 14.39it/s]
HPSAC valid search:  21%|██▏       | 909/4276 [01:12<03:45, 14.94it/s]
HPSAC valid search:  21%|██▏       | 911/4276 [01:13<04:14, 13.24it/s]
HPSAC valid search:  21%|██▏       | 913/4276 [01:13<04:02, 13.86it/s]
HPSAC valid search:  21%|██▏       | 915/4276 [01:13<03:51, 14.52it/s]
HPSAC valid search:  21%|██▏       | 917/4276 [01:13<03:43, 15.03it/s]
HPSAC valid search:  21%|██▏       | 919/4276 [01:13<03:37, 15.41it/s]
HPSAC valid search:  22%|██▏       | 921/4276 [01:13<03:33, 15.69it/s]
HPSAC valid search:  22%|██▏       | 923/4276 [01:13<03:30, 15.89it/s]
HPSAC valid search:  22%|██▏       | 925/4276 [01:13<03:28, 16.05it/s]
HPSAC valid search:  22%|██▏       | 927/4276 [01:14<04:02, 13.81it/s]
HPSAC valid search:  22%|██▏       | 929/4276 [01:14<04:25, 12.60it/s]
HPSAC valid search:  22%|██▏       | 931/4276 [01:14<04:44, 11.74it/s]
HPSAC valid search:  22%|██▏       | 933/4276 [01:14<04:55, 11.33it/s]
HPSAC valid search:  22%|██▏       | 936/4276 [01:14<04:04, 13.68it/s]
HPSAC valid search:  22%|██▏       | 938/4276 [01:15<04:24, 12.62it/s]
HPSAC valid search:  22%|██▏       | 940/4276 [01:15<04:39, 11.93it/s]
HPSAC valid search:  22%|██▏       | 944/4276 [01:15<03:40, 15.14it/s]
HPSAC valid search:  22%|██▏       | 946/4276 [01:15<03:35, 15.42it/s]
HPSAC valid search:  22%|██▏       | 948/4276 [01:15<03:32, 15.64it/s]
HPSAC valid search:  22%|██▏       | 950/4276 [01:15<03:29, 15.84it/s]
HPSAC valid search:  22%|██▏       | 952/4276 [01:15<03:59, 13.87it/s]
HPSAC valid search:  22%|██▏       | 954/4276 [01:16<03:49, 14.46it/s]
HPSAC valid search:  22%|██▏       | 956/4276 [01:16<04:14, 13.03it/s]
HPSAC valid search:  22%|██▏       | 958/4276 [01:16<04:32, 12.16it/s]
HPSAC valid search:  22%|██▏       | 960/4276 [01:16<04:45, 11.61it/s]
HPSAC valid search:  22%|██▏       | 962/4276 [01:16<04:54, 11.24it/s]
HPSAC valid search:  23%|██▎       | 964/4276 [01:17<05:04, 10.89it/s]
HPSAC valid search:  23%|██▎       | 966/4276 [01:17<04:33, 12.09it/s]
HPSAC valid search:  23%|██▎       | 968/4276 [01:17<04:12, 13.10it/s]
HPSAC valid search:  23%|██▎       | 970/4276 [01:17<03:57, 13.93it/s]
HPSAC valid search:  23%|██▎       | 974/4276 [01:17<02:48, 19.65it/s]
HPSAC valid search:  23%|██▎       | 977/4276 [01:17<03:11, 17.22it/s]
HPSAC valid search:  23%|██▎       | 979/4276 [01:17<03:43, 14.75it/s]
HPSAC valid search:  23%|██▎       | 981/4276 [01:18<04:06, 13.35it/s]
HPSAC valid search:  23%|██▎       | 983/4276 [01:18<04:24, 12.43it/s]
HPSAC valid search:  23%|██▎       | 985/4276 [01:18<04:38, 11.80it/s]
HPSAC valid search:  23%|██▎       | 987/4276 [01:18<04:48, 11.39it/s]
HPSAC valid search:  23%|██▎       | 989/4276 [01:18<04:23, 12.47it/s]
HPSAC valid search:  23%|██▎       | 991/4276 [01:19<04:38, 11.81it/s]
HPSAC valid search:  23%|██▎       | 993/4276 [01:19<04:51, 11.25it/s]
HPSAC valid search:  23%|██▎       | 995/4276 [01:19<05:01, 10.89it/s]
HPSAC valid search:  23%|██▎       | 997/4276 [01:19<04:31, 12.10it/s]
HPSAC valid search:  23%|██▎       | 1000/4276 [01:19<03:51, 14.16it/s]
HPSAC valid search:  23%|██▎       | 1002/4276 [01:19<03:42, 14.70it/s]
HPSAC valid search:  23%|██▎       | 1004/4276 [01:19<03:36, 15.11it/s]
HPSAC valid search:  24%|██▎       | 1006/4276 [01:20<03:34, 15.24it/s]
HPSAC valid search:  24%|██▎       | 1008/4276 [01:20<04:02, 13.46it/s]
HPSAC valid search:  24%|██▎       | 1010/4276 [01:20<03:50, 14.20it/s]
HPSAC valid search:  24%|██▎       | 1012/4276 [01:20<03:40, 14.79it/s]
HPSAC valid search:  24%|██▎       | 1014/4276 [01:20<04:10, 13.01it/s]
HPSAC valid search:  24%|██▍       | 1016/4276 [01:20<04:31, 12.00it/s]
HPSAC valid search:  24%|██▍       | 1019/4276 [01:21<03:48, 14.25it/s]
HPSAC valid search:  24%|██▍       | 1021/4276 [01:21<04:13, 12.84it/s]
HPSAC valid search:  24%|██▍       | 1023/4276 [01:21<04:29, 12.07it/s]
HPSAC valid search:  24%|██▍       | 1025/4276 [01:21<04:09, 13.04it/s]
HPSAC valid search:  24%|██▍       | 1027/4276 [01:21<03:54, 13.85it/s]
HPSAC valid search:  24%|██▍       | 1029/4276 [01:21<03:43, 14.51it/s]
HPSAC valid search:  24%|██▍       | 1031/4276 [01:21<03:36, 15.02it/s]
HPSAC valid search:  24%|██▍       | 1033/4276 [01:22<04:03, 13.30it/s]
HPSAC valid search:  24%|██▍       | 1035/4276 [01:22<03:49, 14.09it/s]
HPSAC valid search:  24%|██▍       | 1037/4276 [01:22<04:16, 12.62it/s]
HPSAC valid search:  24%|██▍       | 1039/4276 [01:22<03:58, 13.54it/s]
HPSAC valid search:  24%|██▍       | 1042/4276 [01:22<03:28, 15.55it/s]
HPSAC valid search:  24%|██▍       | 1044/4276 [01:22<03:55, 13.72it/s]
HPSAC valid search:  25%|██▍       | 1048/4276 [01:23<03:14, 16.60it/s]
HPSAC valid search:  25%|██▍       | 1050/4276 [01:23<03:41, 14.53it/s]
HPSAC valid search:  25%|██▍       | 1052/4276 [01:23<03:35, 14.96it/s]
HPSAC valid search:  25%|██▍       | 1054/4276 [01:23<03:30, 15.32it/s]
HPSAC valid search:  25%|██▍       | 1056/4276 [01:23<03:26, 15.60it/s]
HPSAC valid search:  25%|██▍       | 1058/4276 [01:23<03:26, 15.59it/s]
HPSAC valid search:  25%|██▍       | 1060/4276 [01:23<03:23, 15.77it/s]
HPSAC valid search:  25%|██▍       | 1062/4276 [01:24<03:21, 15.94it/s]
HPSAC valid search:  25%|██▍       | 1064/4276 [01:24<03:52, 13.82it/s]
HPSAC valid search:  25%|██▍       | 1066/4276 [01:24<04:17, 12.44it/s]
HPSAC valid search:  25%|██▍       | 1068/4276 [01:24<04:32, 11.78it/s]
HPSAC valid search:  25%|██▌       | 1070/4276 [01:24<04:09, 12.85it/s]
HPSAC valid search:  25%|██▌       | 1072/4276 [01:24<03:54, 13.69it/s]
HPSAC valid search:  25%|██▌       | 1074/4276 [01:25<04:15, 12.53it/s]
HPSAC valid search:  25%|██▌       | 1076/4276 [01:25<04:30, 11.83it/s]
HPSAC valid search:  25%|██▌       | 1078/4276 [01:25<04:41, 11.38it/s]
HPSAC valid search:  25%|██▌       | 1080/4276 [01:25<04:48, 11.06it/s]
HPSAC valid search:  25%|██▌       | 1082/4276 [01:25<04:53, 10.87it/s]
HPSAC valid search:  25%|██▌       | 1084/4276 [01:25<04:57, 10.74it/s]
HPSAC valid search:  25%|██▌       | 1086/4276 [01:26<04:59, 10.65it/s]
HPSAC valid search:  25%|██▌       | 1088/4276 [01:26<04:27, 11.90it/s]
HPSAC valid search:  25%|██▌       | 1090/4276 [01:26<04:05, 12.97it/s]
HPSAC valid search:  26%|██▌       | 1092/4276 [01:26<03:50, 13.82it/s]
HPSAC valid search:  26%|██▌       | 1094/4276 [01:26<04:15, 12.46it/s]
HPSAC valid search:  26%|██▌       | 1097/4276 [01:26<03:37, 14.64it/s]
HPSAC valid search:  26%|██▌       | 1099/4276 [01:27<04:00, 13.21it/s]
HPSAC valid search:  26%|██▌       | 1101/4276 [01:27<04:20, 12.18it/s]
HPSAC valid search:  26%|██▌       | 1103/4276 [01:27<04:33, 11.62it/s]
HPSAC valid search:  26%|██▌       | 1105/4276 [01:27<04:09, 12.69it/s]
HPSAC valid search:  26%|██▌       | 1107/4276 [01:27<04:25, 11.94it/s]
HPSAC valid search:  26%|██▌       | 1109/4276 [01:27<04:36, 11.46it/s]
HPSAC valid search:  26%|██▌       | 1111/4276 [01:28<04:11, 12.58it/s]
HPSAC valid search:  26%|██▌       | 1113/4276 [01:28<03:54, 13.51it/s]
HPSAC valid search:  26%|██▌       | 1115/4276 [01:28<04:14, 12.43it/s]
HPSAC valid search:  26%|██▌       | 1117/4276 [01:28<04:29, 11.74it/s]
HPSAC valid search:  26%|██▌       | 1119/4276 [01:28<04:06, 12.82it/s]
HPSAC valid search:  26%|██▌       | 1121/4276 [01:28<04:22, 12.01it/s]
HPSAC valid search:  26%|██▋       | 1123/4276 [01:29<04:34, 11.50it/s]
HPSAC valid search:  26%|██▋       | 1125/4276 [01:29<04:42, 11.17it/s]
HPSAC valid search:  26%|██▋       | 1127/4276 [01:29<04:50, 10.84it/s]
HPSAC valid search:  26%|██▋       | 1129/4276 [01:29<04:21, 12.05it/s]
HPSAC valid search:  26%|██▋       | 1131/4276 [01:29<04:00, 13.09it/s]
HPSAC valid search:  26%|██▋       | 1133/4276 [01:29<04:18, 12.17it/s]
HPSAC valid search:  27%|██▋       | 1135/4276 [01:30<03:58, 13.18it/s]
HPSAC valid search:  27%|██▋       | 1137/4276 [01:30<03:44, 14.00it/s]
HPSAC valid search:  27%|██▋       | 1139/4276 [01:30<03:34, 14.64it/s]
HPSAC valid search:  27%|██▋       | 1141/4276 [01:30<03:59, 13.08it/s]
HPSAC valid search:  27%|██▋       | 1143/4276 [01:30<03:45, 13.90it/s]
HPSAC valid search:  27%|██▋       | 1145/4276 [01:30<03:35, 14.54it/s]
HPSAC valid search:  27%|██▋       | 1147/4276 [01:30<04:00, 13.02it/s]
HPSAC valid search:  27%|██▋       | 1149/4276 [01:31<04:17, 12.13it/s]
HPSAC valid search:  27%|██▋       | 1151/4276 [01:31<03:57, 13.15it/s]
HPSAC valid search:  27%|██▋       | 1153/4276 [01:31<04:19, 12.05it/s]
HPSAC valid search:  27%|██▋       | 1155/4276 [01:31<03:58, 13.09it/s]
HPSAC valid search:  27%|██▋       | 1157/4276 [01:31<03:46, 13.74it/s]
HPSAC valid search:  27%|██▋       | 1159/4276 [01:31<03:36, 14.42it/s]
HPSAC valid search:  27%|██▋       | 1161/4276 [01:31<03:28, 14.96it/s]
HPSAC valid search:  27%|██▋       | 1163/4276 [01:32<03:25, 15.14it/s]
HPSAC valid search:  27%|██▋       | 1165/4276 [01:32<03:20, 15.49it/s]
HPSAC valid search:  27%|██▋       | 1168/4276 [01:32<03:02, 17.05it/s]
HPSAC valid search:  27%|██▋       | 1170/4276 [01:32<03:04, 16.86it/s]
HPSAC valid search:  27%|██▋       | 1172/4276 [01:32<03:35, 14.39it/s]
HPSAC valid search:  27%|██▋       | 1174/4276 [01:32<03:28, 14.89it/s]
HPSAC valid search:  28%|██▊       | 1176/4276 [01:32<03:22, 15.29it/s]
HPSAC valid search:  28%|██▊       | 1178/4276 [01:33<03:49, 13.47it/s]
HPSAC valid search:  28%|██▊       | 1180/4276 [01:33<04:09, 12.42it/s]
HPSAC valid search:  28%|██▊       | 1182/4276 [01:33<03:51, 13.37it/s]
HPSAC valid search:  28%|██▊       | 1184/4276 [01:33<04:10, 12.36it/s]
HPSAC valid search:  28%|██▊       | 1186/4276 [01:33<04:23, 11.71it/s]
HPSAC valid search:  28%|██▊       | 1188/4276 [01:33<04:01, 12.79it/s]
HPSAC valid search:  28%|██▊       | 1190/4276 [01:34<03:45, 13.66it/s]
HPSAC valid search:  28%|██▊       | 1192/4276 [01:34<03:37, 14.19it/s]
HPSAC valid search:  28%|██▊       | 1194/4276 [01:34<04:00, 12.82it/s]
HPSAC valid search:  28%|██▊       | 1196/4276 [01:34<03:47, 13.55it/s]
HPSAC valid search:  28%|██▊       | 1198/4276 [01:34<04:10, 12.29it/s]
HPSAC valid search:  28%|██▊       | 1200/4276 [01:34<04:24, 11.64it/s]
HPSAC valid search:  28%|██▊       | 1202/4276 [01:34<04:01, 12.74it/s]
HPSAC valid search:  28%|██▊       | 1204/4276 [01:35<04:16, 11.96it/s]
HPSAC valid search:  28%|██▊       | 1206/4276 [01:35<04:27, 11.46it/s]
HPSAC valid search:  28%|██▊       | 1208/4276 [01:35<04:38, 11.03it/s]
HPSAC valid search:  28%|██▊       | 1210/4276 [01:35<04:11, 12.21it/s]
HPSAC valid search:  28%|██▊       | 1212/4276 [01:35<04:24, 11.60it/s]
HPSAC valid search:  28%|██▊       | 1214/4276 [01:36<04:32, 11.23it/s]
HPSAC valid search:  28%|██▊       | 1216/4276 [01:36<04:38, 10.99it/s]
HPSAC valid search:  28%|██▊       | 1218/4276 [01:36<04:10, 12.20it/s]
HPSAC valid search:  29%|██▊       | 1220/4276 [01:36<03:51, 13.21it/s]
HPSAC valid search:  29%|██▊       | 1222/4276 [01:36<04:12, 12.11it/s]
HPSAC valid search:  29%|██▊       | 1224/4276 [01:36<03:52, 13.12it/s]
HPSAC valid search:  29%|██▊       | 1226/4276 [01:36<03:38, 13.96it/s]
HPSAC valid search:  29%|██▊       | 1228/4276 [01:37<03:28, 14.61it/s]
HPSAC valid search:  29%|██▉       | 1230/4276 [01:37<03:22, 15.05it/s]
HPSAC valid search:  29%|██▉       | 1233/4276 [01:37<03:02, 16.69it/s]
HPSAC valid search:  29%|██▉       | 1235/4276 [01:37<03:31, 14.37it/s]
HPSAC valid search:  29%|██▉       | 1237/4276 [01:37<03:26, 14.69it/s]
HPSAC valid search:  29%|██▉       | 1239/4276 [01:37<03:53, 13.02it/s]
HPSAC valid search:  29%|██▉       | 1241/4276 [01:38<04:09, 12.15it/s]
HPSAC valid search:  29%|██▉       | 1244/4276 [01:38<03:31, 14.32it/s]
HPSAC valid search:  29%|██▉       | 1246/4276 [01:38<03:24, 14.82it/s]
HPSAC valid search:  29%|██▉       | 1248/4276 [01:38<03:47, 13.29it/s]
HPSAC valid search:  29%|██▉       | 1250/4276 [01:38<04:07, 12.21it/s]
HPSAC valid search:  29%|██▉       | 1252/4276 [01:38<04:22, 11.52it/s]
HPSAC valid search:  29%|██▉       | 1254/4276 [01:39<04:30, 11.18it/s]
HPSAC valid search:  29%|██▉       | 1256/4276 [01:39<04:35, 10.96it/s]
HPSAC valid search:  29%|██▉       | 1259/4276 [01:39<03:46, 13.29it/s]
HPSAC valid search:  29%|██▉       | 1261/4276 [01:39<04:03, 12.38it/s]
HPSAC valid search:  30%|██▉       | 1263/4276 [01:39<03:46, 13.28it/s]
HPSAC valid search:  30%|██▉       | 1265/4276 [01:39<04:04, 12.33it/s]
HPSAC valid search:  30%|██▉       | 1267/4276 [01:40<03:46, 13.27it/s]
HPSAC valid search:  30%|██▉       | 1269/4276 [01:40<04:04, 12.31it/s]
HPSAC valid search:  30%|██▉       | 1271/4276 [01:40<03:46, 13.28it/s]
HPSAC valid search:  30%|██▉       | 1273/4276 [01:40<03:33, 14.07it/s]
HPSAC valid search:  30%|██▉       | 1275/4276 [01:40<03:55, 12.76it/s]
HPSAC valid search:  30%|██▉       | 1278/4276 [01:40<03:21, 14.90it/s]
HPSAC valid search:  30%|██▉       | 1280/4276 [01:41<03:44, 13.35it/s]
HPSAC valid search:  30%|██▉       | 1282/4276 [01:41<03:32, 14.08it/s]
HPSAC valid search:  30%|███       | 1284/4276 [01:41<03:23, 14.67it/s]
HPSAC valid search:  30%|███       | 1286/4276 [01:41<03:17, 15.11it/s]
HPSAC valid search:  30%|███       | 1288/4276 [01:41<03:13, 15.47it/s]
HPSAC valid search:  30%|███       | 1290/4276 [01:41<03:40, 13.56it/s]
HPSAC valid search:  30%|███       | 1292/4276 [01:41<03:59, 12.47it/s]
HPSAC valid search:  30%|███       | 1294/4276 [01:42<04:15, 11.66it/s]
HPSAC valid search:  30%|███       | 1296/4276 [01:42<03:53, 12.76it/s]
HPSAC valid search:  30%|███       | 1298/4276 [01:42<04:11, 11.83it/s]
HPSAC valid search:  30%|███       | 1300/4276 [01:42<04:21, 11.37it/s]
HPSAC valid search:  30%|███       | 1302/4276 [01:42<03:57, 12.50it/s]
HPSAC valid search:  30%|███       | 1304/4276 [01:42<04:12, 11.79it/s]
HPSAC valid search:  31%|███       | 1306/4276 [01:43<03:51, 12.85it/s]
HPSAC valid search:  31%|███       | 1308/4276 [01:43<04:07, 12.01it/s]
HPSAC valid search:  31%|███       | 1310/4276 [01:43<03:47, 13.04it/s]
HPSAC valid search:  31%|███       | 1312/4276 [01:43<04:07, 11.97it/s]
HPSAC valid search:  31%|███       | 1314/4276 [01:43<03:47, 13.00it/s]
HPSAC valid search:  31%|███       | 1316/4276 [01:43<03:33, 13.84it/s]
HPSAC valid search:  31%|███       | 1318/4276 [01:44<03:54, 12.59it/s]
HPSAC valid search:  31%|███       | 1320/4276 [01:44<03:39, 13.48it/s]
HPSAC valid search:  31%|███       | 1322/4276 [01:44<03:58, 12.39it/s]
HPSAC valid search:  31%|███       | 1324/4276 [01:44<03:41, 13.34it/s]
HPSAC valid search:  31%|███       | 1326/4276 [01:44<03:59, 12.30it/s]
HPSAC valid search:  31%|███       | 1328/4276 [01:44<03:44, 13.12it/s]
HPSAC valid search:  31%|███       | 1330/4276 [01:44<03:31, 13.94it/s]
HPSAC valid search:  31%|███       | 1332/4276 [01:45<03:52, 12.65it/s]
HPSAC valid search:  31%|███       | 1335/4276 [01:45<03:19, 14.76it/s]
HPSAC valid search:  31%|███▏      | 1337/4276 [01:45<03:41, 13.26it/s]
HPSAC valid search:  31%|███▏      | 1339/4276 [01:45<03:58, 12.30it/s]
HPSAC valid search:  31%|███▏      | 1341/4276 [01:45<04:10, 11.70it/s]
HPSAC valid search:  31%|███▏      | 1343/4276 [01:45<03:50, 12.74it/s]
HPSAC valid search:  31%|███▏      | 1345/4276 [01:46<03:35, 13.59it/s]
HPSAC valid search:  32%|███▏      | 1347/4276 [01:46<03:25, 14.28it/s]
HPSAC valid search:  32%|███▏      | 1349/4276 [01:46<03:17, 14.83it/s]
HPSAC valid search:  32%|███▏      | 1351/4276 [01:46<03:42, 13.15it/s]
HPSAC valid search:  32%|███▏      | 1353/4276 [01:46<03:59, 12.19it/s]
HPSAC valid search:  32%|███▏      | 1355/4276 [01:46<03:41, 13.19it/s]
HPSAC valid search:  32%|███▏      | 1357/4276 [01:46<03:28, 13.99it/s]
HPSAC valid search:  32%|███▏      | 1359/4276 [01:47<03:19, 14.61it/s]
HPSAC valid search:  32%|███▏      | 1361/4276 [01:47<03:13, 15.06it/s]
HPSAC valid search:  32%|███▏      | 1363/4276 [01:47<03:39, 13.27it/s]
HPSAC valid search:  32%|███▏      | 1365/4276 [01:47<03:57, 12.26it/s]
HPSAC valid search:  32%|███▏      | 1367/4276 [01:47<03:39, 13.25it/s]
HPSAC valid search:  32%|███▏      | 1369/4276 [01:47<04:00, 12.11it/s]
HPSAC valid search:  32%|███▏      | 1371/4276 [01:48<04:11, 11.54it/s]
HPSAC valid search:  32%|███▏      | 1373/4276 [01:48<04:19, 11.17it/s]
HPSAC valid search:  32%|███▏      | 1375/4276 [01:48<04:25, 10.93it/s]
HPSAC valid search:  32%|███▏      | 1377/4276 [01:48<03:59, 12.12it/s]
HPSAC valid search:  32%|███▏      | 1379/4276 [01:48<03:40, 13.14it/s]
HPSAC valid search:  32%|███▏      | 1381/4276 [01:48<03:57, 12.18it/s]
HPSAC valid search:  32%|███▏      | 1383/4276 [01:49<03:39, 13.18it/s]
HPSAC valid search:  32%|███▏      | 1385/4276 [01:49<03:57, 12.19it/s]
HPSAC valid search:  32%|███▏      | 1387/4276 [01:49<03:39, 13.17it/s]
HPSAC valid search:  32%|███▏      | 1389/4276 [01:49<03:56, 12.18it/s]
HPSAC valid search:  33%|███▎      | 1391/4276 [01:49<04:08, 11.60it/s]
HPSAC valid search:  33%|███▎      | 1393/4276 [01:49<03:47, 12.70it/s]
HPSAC valid search:  33%|███▎      | 1395/4276 [01:50<04:01, 11.91it/s]
HPSAC valid search:  33%|███▎      | 1397/4276 [01:50<03:42, 12.96it/s]
HPSAC valid search:  33%|███▎      | 1399/4276 [01:50<03:28, 13.80it/s]
HPSAC valid search:  33%|███▎      | 1401/4276 [01:50<03:18, 14.46it/s]
HPSAC valid search:  33%|███▎      | 1403/4276 [01:50<03:42, 12.93it/s]
HPSAC valid search:  33%|███▎      | 1405/4276 [01:50<03:58, 12.05it/s]
HPSAC valid search:  33%|███▎      | 1408/4276 [01:50<03:20, 14.29it/s]
HPSAC valid search:  33%|███▎      | 1410/4276 [01:51<03:40, 12.98it/s]
HPSAC valid search:  33%|███▎      | 1412/4276 [01:51<03:28, 13.76it/s]
HPSAC valid search:  33%|███▎      | 1414/4276 [01:51<03:47, 12.58it/s]
HPSAC valid search:  33%|███▎      | 1416/4276 [01:51<03:32, 13.48it/s]
HPSAC valid search:  33%|███▎      | 1418/4276 [01:51<03:21, 14.20it/s]
HPSAC valid search:  33%|███▎      | 1420/4276 [01:51<03:13, 14.74it/s]
HPSAC valid search:  33%|███▎      | 1422/4276 [01:52<03:37, 13.12it/s]
HPSAC valid search:  33%|███▎      | 1425/4276 [01:52<03:08, 15.15it/s]
HPSAC valid search:  33%|███▎      | 1427/4276 [01:52<03:04, 15.45it/s]
HPSAC valid search:  33%|███▎      | 1430/4276 [01:52<02:48, 16.85it/s]
HPSAC valid search:  33%|███▎      | 1432/4276 [01:52<03:18, 14.35it/s]
HPSAC valid search:  34%|███▎      | 1434/4276 [01:52<03:11, 14.83it/s]
HPSAC valid search:  34%|███▎      | 1436/4276 [01:52<03:36, 13.11it/s]
HPSAC valid search:  34%|███▎      | 1438/4276 [01:53<03:52, 12.21it/s]
HPSAC valid search:  34%|███▎      | 1440/4276 [01:53<03:35, 13.17it/s]
HPSAC valid search:  34%|███▎      | 1442/4276 [01:53<03:51, 12.22it/s]
HPSAC valid search:  34%|███▍      | 1444/4276 [01:53<04:03, 11.62it/s]
HPSAC valid search:  34%|███▍      | 1446/4276 [01:53<04:14, 11.11it/s]
HPSAC valid search:  34%|███▍      | 1448/4276 [01:53<03:50, 12.27it/s]
HPSAC valid search:  34%|███▍      | 1450/4276 [01:54<04:07, 11.40it/s]
HPSAC valid search:  34%|███▍      | 1452/4276 [01:54<04:14, 11.08it/s]
HPSAC valid search:  34%|███▍      | 1454/4276 [01:54<04:20, 10.85it/s]
HPSAC valid search:  34%|███▍      | 1456/4276 [01:54<04:25, 10.61it/s]
HPSAC valid search:  34%|███▍      | 1458/4276 [01:54<04:27, 10.55it/s]
HPSAC valid search:  34%|███▍      | 1460/4276 [01:55<04:28, 10.50it/s]
HPSAC valid search:  34%|███▍      | 1462/4276 [01:55<03:59, 11.76it/s]
HPSAC valid search:  34%|███▍      | 1464/4276 [01:55<04:11, 11.19it/s]
HPSAC valid search:  34%|███▍      | 1466/4276 [01:55<04:16, 10.94it/s]
HPSAC valid search:  34%|███▍      | 1468/4276 [01:55<04:20, 10.77it/s]
HPSAC valid search:  34%|███▍      | 1470/4276 [01:55<03:53, 11.99it/s]
HPSAC valid search:  34%|███▍      | 1472/4276 [01:56<03:35, 13.03it/s]
HPSAC valid search:  34%|███▍      | 1474/4276 [01:56<03:51, 12.12it/s]
HPSAC valid search:  35%|███▍      | 1476/4276 [01:56<04:02, 11.55it/s]
HPSAC valid search:  35%|███▍      | 1478/4276 [01:56<04:10, 11.17it/s]
HPSAC valid search:  35%|███▍      | 1480/4276 [01:56<03:46, 12.33it/s]
HPSAC valid search:  35%|███▍      | 1484/4276 [01:56<02:58, 15.61it/s]
HPSAC valid search:  35%|███▍      | 1486/4276 [01:57<02:59, 15.58it/s]
HPSAC valid search:  35%|███▍      | 1488/4276 [01:57<03:21, 13.80it/s]
HPSAC valid search:  35%|███▍      | 1490/4276 [01:57<03:13, 14.42it/s]
HPSAC valid search:  35%|███▍      | 1492/4276 [01:57<03:33, 13.02it/s]
HPSAC valid search:  35%|███▍      | 1494/4276 [01:57<03:21, 13.83it/s]
HPSAC valid search:  35%|███▍      | 1496/4276 [01:57<03:12, 14.47it/s]
HPSAC valid search:  35%|███▌      | 1498/4276 [01:58<03:33, 13.01it/s]
HPSAC valid search:  35%|███▌      | 1500/4276 [01:58<03:48, 12.12it/s]
HPSAC valid search:  35%|███▌      | 1502/4276 [01:58<03:33, 12.97it/s]
HPSAC valid search:  35%|███▌      | 1504/4276 [01:58<03:48, 12.11it/s]
HPSAC valid search:  35%|███▌      | 1506/4276 [01:58<03:30, 13.13it/s]
HPSAC valid search:  35%|███▌      | 1508/4276 [01:58<03:18, 13.96it/s]
HPSAC valid search:  35%|███▌      | 1510/4276 [01:58<03:38, 12.69it/s]
HPSAC valid search:  35%|███▌      | 1512/4276 [01:59<03:23, 13.60it/s]
HPSAC valid search:  35%|███▌      | 1515/4276 [01:59<02:57, 15.58it/s]
HPSAC valid search:  35%|███▌      | 1517/4276 [01:59<03:20, 13.75it/s]
HPSAC valid search:  36%|███▌      | 1519/4276 [01:59<03:40, 12.50it/s]
HPSAC valid search:  36%|███▌      | 1521/4276 [01:59<03:52, 11.84it/s]
HPSAC valid search:  36%|███▌      | 1523/4276 [01:59<03:36, 12.72it/s]
HPSAC valid search:  36%|███▌      | 1525/4276 [02:00<03:52, 11.84it/s]
HPSAC valid search:  36%|███▌      | 1527/4276 [02:00<04:03, 11.28it/s]
HPSAC valid search:  36%|███▌      | 1529/4276 [02:00<03:41, 12.42it/s]
HPSAC valid search:  36%|███▌      | 1531/4276 [02:00<03:53, 11.76it/s]
HPSAC valid search:  36%|███▌      | 1533/4276 [02:00<03:33, 12.83it/s]
HPSAC valid search:  36%|███▌      | 1535/4276 [02:00<03:47, 12.02it/s]
HPSAC valid search:  36%|███▌      | 1537/4276 [02:01<03:58, 11.50it/s]
HPSAC valid search:  36%|███▌      | 1539/4276 [02:01<03:36, 12.63it/s]
HPSAC valid search:  36%|███▌      | 1541/4276 [02:01<03:49, 11.90it/s]
HPSAC valid search:  36%|███▌      | 1543/4276 [02:01<03:30, 12.96it/s]
HPSAC valid search:  36%|███▌      | 1545/4276 [02:01<03:48, 11.95it/s]
HPSAC valid search:  36%|███▌      | 1547/4276 [02:01<03:29, 13.00it/s]
HPSAC valid search:  36%|███▌      | 1550/4276 [02:02<03:00, 15.11it/s]
HPSAC valid search:  36%|███▋      | 1552/4276 [02:02<03:24, 13.34it/s]
HPSAC valid search:  36%|███▋      | 1554/4276 [02:02<03:39, 12.37it/s]
HPSAC valid search:  36%|███▋      | 1557/4276 [02:02<03:08, 14.45it/s]
HPSAC valid search:  36%|███▋      | 1559/4276 [02:02<03:02, 14.86it/s]
HPSAC valid search:  37%|███▋      | 1561/4276 [02:02<03:23, 13.32it/s]
HPSAC valid search:  37%|███▋      | 1563/4276 [02:03<03:12, 14.06it/s]
HPSAC valid search:  37%|███▋      | 1565/4276 [02:03<03:31, 12.80it/s]
HPSAC valid search:  37%|███▋      | 1567/4276 [02:03<03:45, 12.02it/s]
HPSAC valid search:  37%|███▋      | 1569/4276 [02:03<03:27, 13.03it/s]
HPSAC valid search:  37%|███▋      | 1571/4276 [02:03<03:45, 12.01it/s]
HPSAC valid search:  37%|███▋      | 1573/4276 [02:03<03:54, 11.51it/s]
HPSAC valid search:  37%|███▋      | 1575/4276 [02:04<03:33, 12.63it/s]
HPSAC valid search:  37%|███▋      | 1577/4276 [02:04<03:19, 13.55it/s]
HPSAC valid search:  37%|███▋      | 1579/4276 [02:04<03:39, 12.30it/s]
HPSAC valid search:  37%|███▋      | 1581/4276 [02:04<03:53, 11.55it/s]
HPSAC valid search:  37%|███▋      | 1583/4276 [02:04<04:02, 11.09it/s]
HPSAC valid search:  37%|███▋      | 1585/4276 [02:04<03:39, 12.28it/s]
HPSAC valid search:  37%|███▋      | 1588/4276 [02:05<03:05, 14.48it/s]
HPSAC valid search:  37%|███▋      | 1590/4276 [02:05<03:24, 13.12it/s]
HPSAC valid search:  37%|███▋      | 1592/4276 [02:05<03:39, 12.23it/s]
HPSAC valid search:  37%|███▋      | 1594/4276 [02:05<03:49, 11.67it/s]
HPSAC valid search:  37%|███▋      | 1596/4276 [02:05<03:57, 11.28it/s]
HPSAC valid search:  37%|███▋      | 1598/4276 [02:06<04:02, 11.03it/s]
HPSAC valid search:  37%|███▋      | 1600/4276 [02:06<03:39, 12.19it/s]
HPSAC valid search:  37%|███▋      | 1602/4276 [02:06<03:50, 11.62it/s]
HPSAC valid search:  38%|███▊      | 1604/4276 [02:06<03:30, 12.72it/s]
HPSAC valid search:  38%|███▊      | 1606/4276 [02:06<03:15, 13.62it/s]
HPSAC valid search:  38%|███▊      | 1608/4276 [02:06<03:33, 12.48it/s]
HPSAC valid search:  38%|███▊      | 1610/4276 [02:06<03:18, 13.42it/s]
HPSAC valid search:  38%|███▊      | 1612/4276 [02:07<03:35, 12.37it/s]
HPSAC valid search:  38%|███▊      | 1614/4276 [02:07<03:47, 11.72it/s]
HPSAC valid search:  38%|███▊      | 1616/4276 [02:07<04:00, 11.08it/s]
HPSAC valid search:  38%|███▊      | 1618/4276 [02:07<04:04, 10.89it/s]
HPSAC valid search:  38%|███▊      | 1620/4276 [02:07<04:09, 10.64it/s]
HPSAC valid search:  38%|███▊      | 1622/4276 [02:08<04:13, 10.47it/s]
HPSAC valid search:  38%|███▊      | 1624/4276 [02:08<04:15, 10.36it/s]
HPSAC valid search:  38%|███▊      | 1626/4276 [02:08<04:17, 10.29it/s]
HPSAC valid search:  38%|███▊      | 1628/4276 [02:08<03:48, 11.59it/s]
HPSAC valid search:  38%|███▊      | 1630/4276 [02:08<03:55, 11.22it/s]
HPSAC valid search:  38%|███▊      | 1632/4276 [02:08<03:35, 12.25it/s]
HPSAC valid search:  38%|███▊      | 1634/4276 [02:09<03:19, 13.23it/s]
HPSAC valid search:  38%|███▊      | 1636/4276 [02:09<03:08, 14.02it/s]
HPSAC valid search:  38%|███▊      | 1638/4276 [02:09<03:27, 12.72it/s]
HPSAC valid search:  38%|███▊      | 1640/4276 [02:09<03:43, 11.81it/s]
HPSAC valid search:  38%|███▊      | 1642/4276 [02:09<03:54, 11.26it/s]
HPSAC valid search:  38%|███▊      | 1644/4276 [02:09<03:31, 12.42it/s]
HPSAC valid search:  38%|███▊      | 1646/4276 [02:10<03:43, 11.75it/s]
HPSAC valid search:  39%|███▊      | 1648/4276 [02:10<03:51, 11.33it/s]
HPSAC valid search:  39%|███▊      | 1651/4276 [02:10<03:11, 13.68it/s]
HPSAC valid search:  39%|███▊      | 1653/4276 [02:10<03:28, 12.61it/s]
HPSAC valid search:  39%|███▊      | 1655/4276 [02:10<03:14, 13.47it/s]
HPSAC valid search:  39%|███▉      | 1657/4276 [02:10<03:30, 12.45it/s]
HPSAC valid search:  39%|███▉      | 1659/4276 [02:11<03:15, 13.37it/s]
HPSAC valid search:  39%|███▉      | 1661/4276 [02:11<03:31, 12.36it/s]
HPSAC valid search:  39%|███▉      | 1663/4276 [02:11<03:16, 13.32it/s]
HPSAC valid search:  39%|███▉      | 1665/4276 [02:11<03:34, 12.18it/s]
HPSAC valid search:  39%|███▉      | 1667/4276 [02:11<03:47, 11.49it/s]
HPSAC valid search:  39%|███▉      | 1669/4276 [02:11<03:53, 11.16it/s]
HPSAC valid search:  39%|███▉      | 1671/4276 [02:12<03:58, 10.94it/s]
HPSAC valid search:  39%|███▉      | 1673/4276 [02:12<04:01, 10.79it/s]
HPSAC valid search:  39%|███▉      | 1675/4276 [02:12<03:36, 12.01it/s]
HPSAC valid search:  39%|███▉      | 1677/4276 [02:12<03:48, 11.36it/s]
HPSAC valid search:  39%|███▉      | 1679/4276 [02:12<03:56, 10.97it/s]
HPSAC valid search:  39%|███▉      | 1681/4276 [02:13<04:02, 10.70it/s]
HPSAC valid search:  39%|███▉      | 1683/4276 [02:13<03:37, 11.94it/s]
HPSAC valid search:  39%|███▉      | 1685/4276 [02:13<03:46, 11.45it/s]
HPSAC valid search:  39%|███▉      | 1687/4276 [02:13<03:25, 12.59it/s]
HPSAC valid search:  39%|███▉      | 1689/4276 [02:13<03:11, 13.51it/s]
HPSAC valid search:  40%|███▉      | 1691/4276 [02:13<03:01, 14.26it/s]
HPSAC valid search:  40%|███▉      | 1693/4276 [02:13<03:20, 12.86it/s]
HPSAC valid search:  40%|███▉      | 1695/4276 [02:14<03:34, 12.03it/s]
HPSAC valid search:  40%|███▉      | 1697/4276 [02:14<03:44, 11.51it/s]
HPSAC valid search:  40%|███▉      | 1699/4276 [02:14<03:23, 12.64it/s]
HPSAC valid search:  40%|███▉      | 1701/4276 [02:14<03:36, 11.89it/s]
HPSAC valid search:  40%|███▉      | 1703/4276 [02:14<03:45, 11.42it/s]
HPSAC valid search:  40%|███▉      | 1705/4276 [02:14<03:27, 12.42it/s]
HPSAC valid search:  40%|███▉      | 1707/4276 [02:15<03:11, 13.39it/s]
HPSAC valid search:  40%|███▉      | 1709/4276 [02:15<03:01, 14.16it/s]
HPSAC valid search:  40%|████      | 1711/4276 [02:15<02:54, 14.72it/s]
HPSAC valid search:  40%|████      | 1713/4276 [02:15<03:17, 12.95it/s]
HPSAC valid search:  40%|████      | 1715/4276 [02:15<03:32, 12.08it/s]
HPSAC valid search:  40%|████      | 1717/4276 [02:15<03:41, 11.55it/s]
HPSAC valid search:  40%|████      | 1719/4276 [02:16<03:48, 11.20it/s]
HPSAC valid search:  40%|████      | 1721/4276 [02:16<03:26, 12.37it/s]
HPSAC valid search:  40%|████      | 1723/4276 [02:16<03:11, 13.35it/s]
HPSAC valid search:  40%|████      | 1725/4276 [02:16<03:26, 12.33it/s]
HPSAC valid search:  40%|████      | 1727/4276 [02:16<03:38, 11.68it/s]
HPSAC valid search:  40%|████      | 1729/4276 [02:16<03:45, 11.29it/s]
HPSAC valid search:  40%|████      | 1731/4276 [02:16<03:24, 12.45it/s]
HPSAC valid search:  41%|████      | 1733/4276 [02:17<03:36, 11.77it/s]
HPSAC valid search:  41%|████      | 1735/4276 [02:17<03:20, 12.69it/s]
HPSAC valid search:  41%|████      | 1738/4276 [02:17<02:50, 14.85it/s]
HPSAC valid search:  41%|████      | 1740/4276 [02:17<03:10, 13.33it/s]
HPSAC valid search:  41%|████      | 1742/4276 [02:17<03:02, 13.88it/s]
HPSAC valid search:  41%|████      | 1744/4276 [02:17<03:19, 12.67it/s]
HPSAC valid search:  41%|████      | 1746/4276 [02:18<03:34, 11.82it/s]
HPSAC valid search:  41%|████      | 1748/4276 [02:18<03:42, 11.36it/s]
HPSAC valid search:  41%|████      | 1750/4276 [02:18<03:24, 12.35it/s]
HPSAC valid search:  41%|████      | 1752/4276 [02:18<03:35, 11.72it/s]
HPSAC valid search:  41%|████      | 1754/4276 [02:18<03:16, 12.81it/s]
HPSAC valid search:  41%|████      | 1756/4276 [02:18<03:03, 13.70it/s]
HPSAC valid search:  41%|████      | 1758/4276 [02:19<03:21, 12.52it/s]
HPSAC valid search:  41%|████      | 1760/4276 [02:19<03:06, 13.47it/s]
HPSAC valid search:  41%|████      | 1762/4276 [02:19<03:22, 12.40it/s]
HPSAC valid search:  41%|████▏     | 1764/4276 [02:19<03:07, 13.37it/s]
HPSAC valid search:  41%|████▏     | 1766/4276 [02:19<02:59, 13.96it/s]
HPSAC valid search:  41%|████▏     | 1768/4276 [02:19<03:17, 12.69it/s]
HPSAC valid search:  41%|████▏     | 1770/4276 [02:20<03:30, 11.91it/s]
HPSAC valid search:  41%|████▏     | 1772/4276 [02:20<03:38, 11.43it/s]
HPSAC valid search:  41%|████▏     | 1774/4276 [02:20<03:19, 12.56it/s]
HPSAC valid search:  42%|████▏     | 1776/4276 [02:20<03:33, 11.71it/s]
HPSAC valid search:  42%|████▏     | 1778/4276 [02:20<03:40, 11.31it/s]
HPSAC valid search:  42%|████▏     | 1780/4276 [02:20<03:20, 12.46it/s]
HPSAC valid search:  42%|████▏     | 1782/4276 [02:21<03:05, 13.43it/s]
HPSAC valid search:  42%|████▏     | 1784/4276 [02:21<03:21, 12.37it/s]
HPSAC valid search:  42%|████▏     | 1786/4276 [02:21<03:06, 13.35it/s]
HPSAC valid search:  42%|████▏     | 1788/4276 [02:21<03:21, 12.32it/s]
HPSAC valid search:  42%|████▏     | 1790/4276 [02:21<03:06, 13.31it/s]
HPSAC valid search:  42%|████▏     | 1792/4276 [02:21<03:24, 12.16it/s]
HPSAC valid search:  42%|████▏     | 1794/4276 [02:22<03:33, 11.60it/s]
HPSAC valid search:  42%|████▏     | 1796/4276 [02:22<03:41, 11.22it/s]
HPSAC valid search:  42%|████▏     | 1798/4276 [02:22<03:20, 12.39it/s]
HPSAC valid search:  42%|████▏     | 1800/4276 [02:22<03:05, 13.34it/s]
HPSAC valid search:  42%|████▏     | 1803/4276 [02:22<02:40, 15.38it/s]
HPSAC valid search:  42%|████▏     | 1805/4276 [02:22<02:38, 15.63it/s]
HPSAC valid search:  42%|████▏     | 1807/4276 [02:22<03:04, 13.41it/s]
HPSAC valid search:  42%|████▏     | 1809/4276 [02:23<02:54, 14.15it/s]
HPSAC valid search:  42%|████▏     | 1811/4276 [02:23<03:16, 12.55it/s]
HPSAC valid search:  42%|████▏     | 1813/4276 [02:23<03:27, 11.85it/s]
HPSAC valid search:  42%|████▏     | 1815/4276 [02:23<03:10, 12.91it/s]
HPSAC valid search:  42%|████▏     | 1817/4276 [02:23<03:28, 11.81it/s]
HPSAC valid search:  43%|████▎     | 1819/4276 [02:23<03:10, 12.88it/s]
HPSAC valid search:  43%|████▎     | 1821/4276 [02:24<03:00, 13.59it/s]
HPSAC valid search:  43%|████▎     | 1823/4276 [02:24<02:51, 14.32it/s]
HPSAC valid search:  43%|████▎     | 1825/4276 [02:24<02:44, 14.88it/s]
HPSAC valid search:  43%|████▎     | 1827/4276 [02:24<02:40, 15.30it/s]
HPSAC valid search:  43%|████▎     | 1829/4276 [02:24<03:02, 13.42it/s]
HPSAC valid search:  43%|████▎     | 1831/4276 [02:24<03:19, 12.23it/s]
HPSAC valid search:  43%|████▎     | 1834/4276 [02:24<02:49, 14.45it/s]
HPSAC valid search:  43%|████▎     | 1838/4276 [02:25<02:04, 19.58it/s]
HPSAC valid search:  43%|████▎     | 1841/4276 [02:25<02:39, 15.22it/s]
HPSAC valid search:  43%|████▎     | 1843/4276 [02:25<02:58, 13.64it/s]
HPSAC valid search:  43%|████▎     | 1846/4276 [02:25<02:39, 15.26it/s]
HPSAC valid search:  43%|████▎     | 1848/4276 [02:25<02:56, 13.75it/s]
HPSAC valid search:  43%|████▎     | 1850/4276 [02:25<02:49, 14.32it/s]
HPSAC valid search:  43%|████▎     | 1853/4276 [02:26<02:31, 15.96it/s]
HPSAC valid search:  43%|████▎     | 1855/4276 [02:26<02:51, 14.10it/s]
HPSAC valid search:  43%|████▎     | 1857/4276 [02:26<03:07, 12.89it/s]
HPSAC valid search:  43%|████▎     | 1859/4276 [02:26<03:19, 12.10it/s]
HPSAC valid search:  44%|████▎     | 1861/4276 [02:26<03:28, 11.57it/s]
HPSAC valid search:  44%|████▎     | 1863/4276 [02:27<03:10, 12.64it/s]
HPSAC valid search:  44%|████▎     | 1865/4276 [02:27<03:26, 11.67it/s]
HPSAC valid search:  44%|████▎     | 1867/4276 [02:27<03:09, 12.74it/s]
HPSAC valid search:  44%|████▎     | 1869/4276 [02:27<03:21, 11.96it/s]
HPSAC valid search:  44%|████▍     | 1871/4276 [02:27<03:05, 12.99it/s]
HPSAC valid search:  44%|████▍     | 1873/4276 [02:27<03:20, 11.98it/s]
HPSAC valid search:  44%|████▍     | 1875/4276 [02:27<03:04, 13.03it/s]
HPSAC valid search:  44%|████▍     | 1877/4276 [02:28<02:52, 13.88it/s]
HPSAC valid search:  44%|████▍     | 1879/4276 [02:28<03:09, 12.62it/s]
HPSAC valid search:  44%|████▍     | 1881/4276 [02:28<02:56, 13.54it/s]
HPSAC valid search:  44%|████▍     | 1883/4276 [02:28<03:12, 12.43it/s]
HPSAC valid search:  44%|████▍     | 1885/4276 [02:28<03:25, 11.63it/s]
HPSAC valid search:  44%|████▍     | 1887/4276 [02:29<03:34, 11.14it/s]
HPSAC valid search:  44%|████▍     | 1889/4276 [02:29<03:13, 12.32it/s]
HPSAC valid search:  44%|████▍     | 1891/4276 [02:29<02:59, 13.32it/s]
HPSAC valid search:  44%|████▍     | 1893/4276 [02:29<03:15, 12.17it/s]
HPSAC valid search:  44%|████▍     | 1896/4276 [02:29<02:45, 14.41it/s]
HPSAC valid search:  44%|████▍     | 1898/4276 [02:29<03:01, 13.07it/s]
HPSAC valid search:  44%|████▍     | 1900/4276 [02:29<02:51, 13.85it/s]
HPSAC valid search:  44%|████▍     | 1902/4276 [02:30<03:07, 12.68it/s]
HPSAC valid search:  45%|████▍     | 1904/4276 [02:30<02:57, 13.40it/s]
HPSAC valid search:  45%|████▍     | 1906/4276 [02:30<03:11, 12.38it/s]
HPSAC valid search:  45%|████▍     | 1908/4276 [02:30<02:57, 13.34it/s]
HPSAC valid search:  45%|████▍     | 1910/4276 [02:30<03:14, 12.18it/s]
HPSAC valid search:  45%|████▍     | 1912/4276 [02:30<02:59, 13.18it/s]
HPSAC valid search:  45%|████▍     | 1914/4276 [02:31<03:15, 12.09it/s]
HPSAC valid search:  45%|████▍     | 1916/4276 [02:31<03:24, 11.54it/s]
HPSAC valid search:  45%|████▍     | 1918/4276 [02:31<03:30, 11.20it/s]
HPSAC valid search:  45%|████▍     | 1920/4276 [02:31<03:36, 10.86it/s]
HPSAC valid search:  45%|████▍     | 1922/4276 [02:31<03:14, 12.08it/s]
HPSAC valid search:  45%|████▍     | 1924/4276 [02:31<03:23, 11.54it/s]
HPSAC valid search:  45%|████▌     | 1926/4276 [02:32<03:29, 11.19it/s]
HPSAC valid search:  45%|████▌     | 1928/4276 [02:32<03:34, 10.95it/s]
HPSAC valid search:  45%|████▌     | 1931/4276 [02:32<02:55, 13.34it/s]
HPSAC valid search:  45%|████▌     | 1933/4276 [02:32<03:08, 12.40it/s]
HPSAC valid search:  45%|████▌     | 1935/4276 [02:32<02:56, 13.28it/s]
HPSAC valid search:  45%|████▌     | 1937/4276 [02:32<02:46, 14.03it/s]
HPSAC valid search:  45%|████▌     | 1939/4276 [02:33<02:39, 14.61it/s]
HPSAC valid search:  45%|████▌     | 1941/4276 [02:33<02:35, 15.03it/s]
HPSAC valid search:  45%|████▌     | 1943/4276 [02:33<02:55, 13.31it/s]
HPSAC valid search:  45%|████▌     | 1945/4276 [02:33<02:47, 13.91it/s]
HPSAC valid search:  46%|████▌     | 1947/4276 [02:33<03:03, 12.67it/s]
HPSAC valid search:  46%|████▌     | 1949/4276 [02:33<03:15, 11.89it/s]
HPSAC valid search:  46%|████▌     | 1951/4276 [02:34<03:23, 11.42it/s]
HPSAC valid search:  46%|████▌     | 1953/4276 [02:34<03:28, 11.12it/s]
HPSAC valid search:  46%|████▌     | 1955/4276 [02:34<03:08, 12.30it/s]
HPSAC valid search:  46%|████▌     | 1957/4276 [02:34<03:18, 11.68it/s]
HPSAC valid search:  46%|████▌     | 1959/4276 [02:34<03:25, 11.29it/s]
HPSAC valid search:  46%|████▌     | 1961/4276 [02:34<03:30, 11.02it/s]
HPSAC valid search:  46%|████▌     | 1963/4276 [02:35<03:33, 10.84it/s]
HPSAC valid search:  46%|████▌     | 1965/4276 [02:35<03:11, 12.06it/s]
HPSAC valid search:  46%|████▌     | 1967/4276 [02:35<03:20, 11.53it/s]
HPSAC valid search:  46%|████▌     | 1969/4276 [02:35<03:28, 11.07it/s]
HPSAC valid search:  46%|████▌     | 1971/4276 [02:35<03:31, 10.88it/s]
HPSAC valid search:  46%|████▌     | 1973/4276 [02:35<03:10, 12.09it/s]
HPSAC valid search:  46%|████▌     | 1975/4276 [02:36<03:23, 11.30it/s]
HPSAC valid search:  46%|████▌     | 1977/4276 [02:36<03:28, 11.04it/s]
HPSAC valid search:  46%|████▋     | 1979/4276 [02:36<03:07, 12.24it/s]
HPSAC valid search:  46%|████▋     | 1981/4276 [02:36<02:53, 13.25it/s]
HPSAC valid search:  46%|████▋     | 1983/4276 [02:36<02:43, 14.05it/s]
HPSAC valid search:  46%|████▋     | 1985/4276 [02:36<03:00, 12.73it/s]
HPSAC valid search:  46%|████▋     | 1987/4276 [02:37<03:11, 11.94it/s]
HPSAC valid search:  47%|████▋     | 1989/4276 [02:37<03:19, 11.45it/s]
HPSAC valid search:  47%|████▋     | 1991/4276 [02:37<03:01, 12.59it/s]
HPSAC valid search:  47%|████▋     | 1993/4276 [02:37<02:48, 13.53it/s]
HPSAC valid search:  47%|████▋     | 1995/4276 [02:37<03:03, 12.43it/s]
HPSAC valid search:  47%|████▋     | 1997/4276 [02:37<02:50, 13.40it/s]
HPSAC valid search:  47%|████▋     | 1999/4276 [02:37<02:40, 14.15it/s]
HPSAC valid search:  47%|████▋     | 2002/4276 [02:38<02:22, 16.00it/s]
HPSAC valid search:  47%|████▋     | 2004/4276 [02:38<02:21, 16.10it/s]
HPSAC valid search:  47%|████▋     | 2006/4276 [02:38<02:42, 13.99it/s]
HPSAC valid search:  47%|████▋     | 2008/4276 [02:38<02:35, 14.57it/s]
HPSAC valid search:  47%|████▋     | 2010/4276 [02:38<02:30, 15.05it/s]
HPSAC valid search:  47%|████▋     | 2012/4276 [02:38<02:49, 13.34it/s]
HPSAC valid search:  47%|████▋     | 2014/4276 [02:39<03:03, 12.32it/s]
HPSAC valid search:  47%|████▋     | 2016/4276 [02:39<03:13, 11.71it/s]
HPSAC valid search:  47%|████▋     | 2019/4276 [02:39<02:41, 13.99it/s]
HPSAC valid search:  47%|████▋     | 2021/4276 [02:39<02:55, 12.82it/s]
HPSAC valid search:  47%|████▋     | 2023/4276 [02:39<02:45, 13.64it/s]
HPSAC valid search:  47%|████▋     | 2025/4276 [02:39<02:37, 14.32it/s]
HPSAC valid search:  47%|████▋     | 2027/4276 [02:39<02:31, 14.84it/s]
HPSAC valid search:  47%|████▋     | 2029/4276 [02:40<02:52, 13.03it/s]
HPSAC valid search:  47%|████▋     | 2031/4276 [02:40<03:04, 12.14it/s]
HPSAC valid search:  48%|████▊     | 2033/4276 [02:40<03:13, 11.59it/s]
HPSAC valid search:  48%|████▊     | 2035/4276 [02:40<02:56, 12.69it/s]
HPSAC valid search:  48%|████▊     | 2038/4276 [02:40<02:30, 14.82it/s]
HPSAC valid search:  48%|████▊     | 2040/4276 [02:41<02:47, 13.31it/s]
HPSAC valid search:  48%|████▊     | 2042/4276 [02:41<03:00, 12.36it/s]
HPSAC valid search:  48%|████▊     | 2044/4276 [02:41<02:48, 13.28it/s]
HPSAC valid search:  48%|████▊     | 2046/4276 [02:41<03:03, 12.18it/s]
HPSAC valid search:  48%|████▊     | 2048/4276 [02:41<02:49, 13.17it/s]
HPSAC valid search:  48%|████▊     | 2050/4276 [02:41<02:39, 13.98it/s]
HPSAC valid search:  48%|████▊     | 2052/4276 [02:41<02:54, 12.71it/s]
HPSAC valid search:  48%|████▊     | 2054/4276 [02:42<02:45, 13.43it/s]
HPSAC valid search:  48%|████▊     | 2056/4276 [02:42<02:59, 12.38it/s]
HPSAC valid search:  48%|████▊     | 2058/4276 [02:42<03:09, 11.73it/s]
HPSAC valid search:  48%|████▊     | 2060/4276 [02:42<03:15, 11.32it/s]
HPSAC valid search:  48%|████▊     | 2062/4276 [02:42<03:22, 10.94it/s]
HPSAC valid search:  48%|████▊     | 2064/4276 [02:43<03:24, 10.79it/s]
HPSAC valid search:  48%|████▊     | 2066/4276 [02:43<03:26, 10.69it/s]
HPSAC valid search:  48%|████▊     | 2068/4276 [02:43<03:27, 10.62it/s]
HPSAC valid search:  48%|████▊     | 2070/4276 [02:43<03:07, 11.73it/s]
HPSAC valid search:  48%|████▊     | 2073/4276 [02:43<02:38, 13.88it/s]
HPSAC valid search:  49%|████▊     | 2075/4276 [02:43<02:32, 14.48it/s]
HPSAC valid search:  49%|████▊     | 2077/4276 [02:44<02:48, 13.07it/s]
HPSAC valid search:  49%|████▊     | 2079/4276 [02:44<03:00, 12.19it/s]
HPSAC valid search:  49%|████▊     | 2081/4276 [02:44<02:46, 13.16it/s]
HPSAC valid search:  49%|████▊     | 2083/4276 [02:44<02:59, 12.24it/s]
HPSAC valid search:  49%|████▉     | 2085/4276 [02:44<03:12, 11.41it/s]
HPSAC valid search:  49%|████▉     | 2088/4276 [02:44<02:39, 13.72it/s]
HPSAC valid search:  49%|████▉     | 2090/4276 [02:45<02:32, 14.35it/s]
HPSAC valid search:  49%|████▉     | 2092/4276 [02:45<02:48, 12.98it/s]
HPSAC valid search:  49%|████▉     | 2094/4276 [02:45<02:38, 13.78it/s]
HPSAC valid search:  49%|████▉     | 2096/4276 [02:45<02:31, 14.42it/s]
HPSAC valid search:  49%|████▉     | 2098/4276 [02:45<02:47, 12.98it/s]
HPSAC valid search:  49%|████▉     | 2100/4276 [02:45<02:37, 13.83it/s]
HPSAC valid search:  49%|████▉     | 2102/4276 [02:45<02:29, 14.50it/s]
HPSAC valid search:  49%|████▉     | 2104/4276 [02:46<02:46, 13.01it/s]
HPSAC valid search:  49%|████▉     | 2106/4276 [02:46<03:01, 11.99it/s]
HPSAC valid search:  49%|████▉     | 2108/4276 [02:46<03:10, 11.37it/s]
HPSAC valid search:  49%|████▉     | 2110/4276 [02:46<03:15, 11.08it/s]
HPSAC valid search:  49%|████▉     | 2112/4276 [02:46<03:18, 10.89it/s]
HPSAC valid search:  49%|████▉     | 2114/4276 [02:47<03:21, 10.75it/s]
HPSAC valid search:  49%|████▉     | 2116/4276 [02:47<03:22, 10.66it/s]
HPSAC valid search:  50%|████▉     | 2118/4276 [02:47<03:03, 11.76it/s]
HPSAC valid search:  50%|████▉     | 2120/4276 [02:47<03:10, 11.33it/s]
HPSAC valid search:  50%|████▉     | 2122/4276 [02:47<03:14, 11.06it/s]
HPSAC valid search:  50%|████▉     | 2124/4276 [02:47<02:55, 12.25it/s]
HPSAC valid search:  50%|████▉     | 2126/4276 [02:48<03:04, 11.65it/s]
HPSAC valid search:  50%|████▉     | 2128/4276 [02:48<02:48, 12.75it/s]
HPSAC valid search:  50%|████▉     | 2130/4276 [02:48<02:59, 11.94it/s]
HPSAC valid search:  50%|████▉     | 2132/4276 [02:48<02:44, 13.00it/s]
HPSAC valid search:  50%|████▉     | 2134/4276 [02:48<02:34, 13.86it/s]
HPSAC valid search:  50%|████▉     | 2136/4276 [02:48<02:27, 14.51it/s]
HPSAC valid search:  50%|█████     | 2138/4276 [02:48<02:44, 13.00it/s]
HPSAC valid search:  50%|█████     | 2140/4276 [02:49<02:34, 13.86it/s]
HPSAC valid search:  50%|█████     | 2142/4276 [02:49<02:26, 14.53it/s]
HPSAC valid search:  50%|█████     | 2144/4276 [02:49<02:21, 15.03it/s]
HPSAC valid search:  50%|█████     | 2146/4276 [02:49<02:40, 13.27it/s]
HPSAC valid search:  50%|█████     | 2148/4276 [02:49<02:31, 14.05it/s]
HPSAC valid search:  50%|█████     | 2150/4276 [02:49<02:48, 12.59it/s]
HPSAC valid search:  50%|█████     | 2152/4276 [02:50<02:59, 11.86it/s]
HPSAC valid search:  50%|█████     | 2154/4276 [02:50<03:06, 11.41it/s]
HPSAC valid search:  50%|█████     | 2156/4276 [02:50<02:48, 12.55it/s]
HPSAC valid search:  50%|█████     | 2158/4276 [02:50<03:00, 11.71it/s]
HPSAC valid search:  51%|█████     | 2160/4276 [02:50<02:45, 12.80it/s]
HPSAC valid search:  51%|█████     | 2162/4276 [02:50<02:56, 11.99it/s]
HPSAC valid search:  51%|█████     | 2164/4276 [02:51<03:03, 11.49it/s]
HPSAC valid search:  51%|█████     | 2166/4276 [02:51<03:09, 11.16it/s]
HPSAC valid search:  51%|█████     | 2168/4276 [02:51<03:12, 10.93it/s]
HPSAC valid search:  51%|█████     | 2170/4276 [02:51<02:53, 12.12it/s]
HPSAC valid search:  51%|█████     | 2172/4276 [02:51<02:42, 12.98it/s]
HPSAC valid search:  51%|█████     | 2175/4276 [02:51<02:19, 15.07it/s]
HPSAC valid search:  51%|█████     | 2177/4276 [02:51<02:16, 15.40it/s]
HPSAC valid search:  51%|█████     | 2179/4276 [02:52<02:15, 15.46it/s]
HPSAC valid search:  51%|█████     | 2181/4276 [02:52<02:13, 15.71it/s]
HPSAC valid search:  51%|█████     | 2183/4276 [02:52<02:11, 15.89it/s]
HPSAC valid search:  51%|█████     | 2185/4276 [02:52<02:31, 13.79it/s]
HPSAC valid search:  51%|█████     | 2187/4276 [02:52<02:47, 12.46it/s]
HPSAC valid search:  51%|█████     | 2189/4276 [02:52<02:35, 13.41it/s]
HPSAC valid search:  51%|█████     | 2191/4276 [02:53<02:50, 12.23it/s]
HPSAC valid search:  51%|█████▏    | 2193/4276 [02:53<02:58, 11.64it/s]
HPSAC valid search:  51%|█████▏    | 2195/4276 [02:53<03:04, 11.26it/s]
HPSAC valid search:  51%|█████▏    | 2198/4276 [02:53<02:33, 13.58it/s]
HPSAC valid search:  51%|█████▏    | 2200/4276 [02:53<02:25, 14.24it/s]
HPSAC valid search:  51%|█████▏    | 2202/4276 [02:53<02:42, 12.79it/s]
HPSAC valid search:  52%|█████▏    | 2204/4276 [02:53<02:31, 13.64it/s]
HPSAC valid search:  52%|█████▏    | 2206/4276 [02:54<02:45, 12.53it/s]
HPSAC valid search:  52%|█████▏    | 2208/4276 [02:54<02:33, 13.46it/s]
HPSAC valid search:  52%|█████▏    | 2210/4276 [02:54<02:25, 14.19it/s]
HPSAC valid search:  52%|█████▏    | 2212/4276 [02:54<02:41, 12.81it/s]
HPSAC valid search:  52%|█████▏    | 2214/4276 [02:54<02:30, 13.70it/s]
HPSAC valid search:  52%|█████▏    | 2216/4276 [02:54<02:44, 12.54it/s]
HPSAC valid search:  52%|█████▏    | 2218/4276 [02:55<02:53, 11.83it/s]
HPSAC valid search:  52%|█████▏    | 2220/4276 [02:55<02:39, 12.90it/s]
HPSAC valid search:  52%|█████▏    | 2222/4276 [02:55<02:52, 11.92it/s]
HPSAC valid search:  52%|█████▏    | 2224/4276 [02:55<03:01, 11.32it/s]
HPSAC valid search:  52%|█████▏    | 2226/4276 [02:55<02:44, 12.45it/s]
HPSAC valid search:  52%|█████▏    | 2228/4276 [02:55<02:32, 13.42it/s]
HPSAC valid search:  52%|█████▏    | 2230/4276 [02:56<02:45, 12.37it/s]
HPSAC valid search:  52%|█████▏    | 2232/4276 [02:56<02:56, 11.59it/s]
HPSAC valid search:  52%|█████▏    | 2234/4276 [02:56<02:40, 12.68it/s]
HPSAC valid search:  52%|█████▏    | 2236/4276 [02:56<02:51, 11.92it/s]
HPSAC valid search:  52%|█████▏    | 2238/4276 [02:56<02:37, 12.95it/s]
HPSAC valid search:  52%|█████▏    | 2240/4276 [02:56<02:50, 11.95it/s]
HPSAC valid search:  52%|█████▏    | 2242/4276 [02:57<02:57, 11.46it/s]
HPSAC valid search:  52%|█████▏    | 2244/4276 [02:57<02:41, 12.57it/s]
HPSAC valid search:  53%|█████▎    | 2246/4276 [02:57<02:51, 11.85it/s]
HPSAC valid search:  53%|█████▎    | 2248/4276 [02:57<02:36, 12.92it/s]
HPSAC valid search:  53%|█████▎    | 2250/4276 [02:57<02:26, 13.79it/s]
HPSAC valid search:  53%|█████▎    | 2252/4276 [02:57<02:19, 14.48it/s]
HPSAC valid search:  53%|█████▎    | 2254/4276 [02:57<02:35, 12.97it/s]
HPSAC valid search:  53%|█████▎    | 2257/4276 [02:58<02:13, 15.08it/s]
HPSAC valid search:  53%|█████▎    | 2259/4276 [02:58<02:10, 15.41it/s]
HPSAC valid search:  53%|█████▎    | 2261/4276 [02:58<02:28, 13.61it/s]
HPSAC valid search:  53%|█████▎    | 2263/4276 [02:58<02:20, 14.29it/s]
HPSAC valid search:  53%|█████▎    | 2265/4276 [02:58<02:35, 12.91it/s]
HPSAC valid search:  53%|█████▎    | 2267/4276 [02:58<02:48, 11.94it/s]
HPSAC valid search:  53%|█████▎    | 2269/4276 [02:59<02:34, 12.98it/s]
HPSAC valid search:  53%|█████▎    | 2271/4276 [02:59<02:45, 12.10it/s]
HPSAC valid search:  53%|█████▎    | 2273/4276 [02:59<02:54, 11.50it/s]
HPSAC valid search:  53%|█████▎    | 2275/4276 [02:59<02:59, 11.16it/s]
HPSAC valid search:  53%|█████▎    | 2277/4276 [02:59<03:03, 10.91it/s]
HPSAC valid search:  53%|█████▎    | 2279/4276 [02:59<02:44, 12.12it/s]
HPSAC valid search:  53%|█████▎    | 2281/4276 [03:00<02:32, 13.12it/s]
HPSAC valid search:  53%|█████▎    | 2283/4276 [03:00<02:22, 13.95it/s]
HPSAC valid search:  53%|█████▎    | 2285/4276 [03:00<02:16, 14.58it/s]
HPSAC valid search:  53%|█████▎    | 2287/4276 [03:00<02:12, 15.04it/s]
HPSAC valid search:  54%|█████▎    | 2289/4276 [03:00<02:29, 13.29it/s]
HPSAC valid search:  54%|█████▎    | 2291/4276 [03:00<02:21, 14.08it/s]
HPSAC valid search:  54%|█████▎    | 2293/4276 [03:00<02:16, 14.48it/s]
HPSAC valid search:  54%|█████▎    | 2295/4276 [03:01<02:34, 12.83it/s]
HPSAC valid search:  54%|█████▎    | 2297/4276 [03:01<02:24, 13.71it/s]
HPSAC valid search:  54%|█████▍    | 2299/4276 [03:01<02:39, 12.39it/s]
HPSAC valid search:  54%|█████▍    | 2301/4276 [03:01<02:29, 13.20it/s]
HPSAC valid search:  54%|█████▍    | 2303/4276 [03:01<02:41, 12.24it/s]
HPSAC valid search:  54%|█████▍    | 2305/4276 [03:01<02:49, 11.62it/s]
HPSAC valid search:  54%|█████▍    | 2307/4276 [03:02<02:55, 11.24it/s]
HPSAC valid search:  54%|█████▍    | 2309/4276 [03:02<03:00, 10.88it/s]
HPSAC valid search:  54%|█████▍    | 2311/4276 [03:02<03:02, 10.75it/s]
HPSAC valid search:  54%|█████▍    | 2313/4276 [03:02<02:43, 11.99it/s]
HPSAC valid search:  54%|█████▍    | 2315/4276 [03:02<02:50, 11.48it/s]
HPSAC valid search:  54%|█████▍    | 2317/4276 [03:02<02:35, 12.60it/s]
HPSAC valid search:  54%|█████▍    | 2319/4276 [03:03<02:44, 11.87it/s]
HPSAC valid search:  54%|█████▍    | 2321/4276 [03:03<02:51, 11.40it/s]
HPSAC valid search:  54%|█████▍    | 2323/4276 [03:03<02:57, 10.98it/s]
HPSAC valid search:  54%|█████▍    | 2325/4276 [03:03<03:00, 10.80it/s]
HPSAC valid search:  54%|█████▍    | 2329/4276 [03:03<02:16, 14.26it/s]
HPSAC valid search:  55%|█████▍    | 2332/4276 [03:04<02:03, 15.77it/s]
HPSAC valid search:  55%|█████▍    | 2334/4276 [03:04<02:02, 15.89it/s]
HPSAC valid search:  55%|█████▍    | 2336/4276 [03:04<02:18, 14.04it/s]
HPSAC valid search:  55%|█████▍    | 2338/4276 [03:04<02:30, 12.85it/s]
HPSAC valid search:  55%|█████▍    | 2340/4276 [03:04<02:21, 13.67it/s]
HPSAC valid search:  55%|█████▍    | 2342/4276 [03:04<02:33, 12.58it/s]
HPSAC valid search:  55%|█████▍    | 2344/4276 [03:04<02:23, 13.46it/s]
HPSAC valid search:  55%|█████▍    | 2346/4276 [03:05<02:16, 14.19it/s]
HPSAC valid search:  55%|█████▍    | 2348/4276 [03:05<02:12, 14.57it/s]
HPSAC valid search:  55%|█████▍    | 2351/4276 [03:05<01:57, 16.32it/s]
HPSAC valid search:  55%|█████▌    | 2353/4276 [03:05<02:17, 14.02it/s]
HPSAC valid search:  55%|█████▌    | 2355/4276 [03:05<02:30, 12.80it/s]
HPSAC valid search:  55%|█████▌    | 2357/4276 [03:05<02:20, 13.65it/s]
HPSAC valid search:  55%|█████▌    | 2359/4276 [03:06<02:34, 12.40it/s]
HPSAC valid search:  55%|█████▌    | 2363/4276 [03:06<02:02, 15.63it/s]
HPSAC valid search:  55%|█████▌    | 2366/4276 [03:06<01:53, 16.85it/s]
HPSAC valid search:  55%|█████▌    | 2368/4276 [03:06<01:54, 16.73it/s]
HPSAC valid search:  55%|█████▌    | 2370/4276 [03:06<01:54, 16.63it/s]
HPSAC valid search:  55%|█████▌    | 2372/4276 [03:06<02:12, 14.38it/s]
HPSAC valid search:  56%|█████▌    | 2374/4276 [03:06<02:07, 14.87it/s]
HPSAC valid search:  56%|█████▌    | 2376/4276 [03:07<02:23, 13.28it/s]
HPSAC valid search:  56%|█████▌    | 2378/4276 [03:07<02:34, 12.31it/s]
HPSAC valid search:  56%|█████▌    | 2380/4276 [03:07<02:23, 13.26it/s]
HPSAC valid search:  56%|█████▌    | 2382/4276 [03:07<02:35, 12.15it/s]
HPSAC valid search:  56%|█████▌    | 2384/4276 [03:07<02:43, 11.59it/s]
HPSAC valid search:  56%|█████▌    | 2386/4276 [03:08<02:48, 11.21it/s]
HPSAC valid search:  56%|█████▌    | 2388/4276 [03:08<02:32, 12.37it/s]
HPSAC valid search:  56%|█████▌    | 2390/4276 [03:08<02:40, 11.73it/s]
HPSAC valid search:  56%|█████▌    | 2393/4276 [03:08<02:14, 14.02it/s]
HPSAC valid search:  56%|█████▌    | 2395/4276 [03:08<02:26, 12.83it/s]
HPSAC valid search:  56%|█████▌    | 2397/4276 [03:08<02:17, 13.64it/s]
HPSAC valid search:  56%|█████▌    | 2399/4276 [03:08<02:11, 14.33it/s]
HPSAC valid search:  56%|█████▌    | 2401/4276 [03:09<02:06, 14.84it/s]
HPSAC valid search:  56%|█████▌    | 2405/4276 [03:09<01:46, 17.64it/s]
HPSAC valid search:  56%|█████▋    | 2409/4276 [03:09<01:36, 19.36it/s]
HPSAC valid search:  56%|█████▋    | 2411/4276 [03:09<01:54, 16.31it/s]
HPSAC valid search:  56%|█████▋    | 2413/4276 [03:09<02:09, 14.38it/s]
HPSAC valid search:  56%|█████▋    | 2415/4276 [03:10<02:21, 13.11it/s]
HPSAC valid search:  57%|█████▋    | 2417/4276 [03:10<02:14, 13.84it/s]
HPSAC valid search:  57%|█████▋    | 2419/4276 [03:10<02:26, 12.70it/s]
HPSAC valid search:  57%|█████▋    | 2421/4276 [03:10<02:34, 11.98it/s]
HPSAC valid search:  57%|█████▋    | 2423/4276 [03:10<02:42, 11.38it/s]
HPSAC valid search:  57%|█████▋    | 2425/4276 [03:10<02:28, 12.49it/s]
HPSAC valid search:  57%|█████▋    | 2427/4276 [03:11<02:36, 11.81it/s]
HPSAC valid search:  57%|█████▋    | 2429/4276 [03:11<02:42, 11.37it/s]
HPSAC valid search:  57%|█████▋    | 2431/4276 [03:11<02:27, 12.50it/s]
HPSAC valid search:  57%|█████▋    | 2434/4276 [03:11<02:05, 14.67it/s]
HPSAC valid search:  57%|█████▋    | 2436/4276 [03:11<02:20, 13.08it/s]
HPSAC valid search:  57%|█████▋    | 2438/4276 [03:11<02:12, 13.86it/s]
HPSAC valid search:  57%|█████▋    | 2440/4276 [03:11<02:24, 12.68it/s]
HPSAC valid search:  57%|█████▋    | 2442/4276 [03:12<02:16, 13.41it/s]
HPSAC valid search:  57%|█████▋    | 2444/4276 [03:12<02:27, 12.38it/s]
HPSAC valid search:  57%|█████▋    | 2446/4276 [03:12<02:35, 11.74it/s]
HPSAC valid search:  57%|█████▋    | 2448/4276 [03:12<02:43, 11.21it/s]
HPSAC valid search:  57%|█████▋    | 2450/4276 [03:12<02:46, 10.97it/s]
HPSAC valid search:  57%|█████▋    | 2452/4276 [03:13<02:50, 10.71it/s]
HPSAC valid search:  57%|█████▋    | 2454/4276 [03:13<02:32, 11.94it/s]
HPSAC valid search:  57%|█████▋    | 2456/4276 [03:13<02:38, 11.45it/s]
HPSAC valid search:  57%|█████▋    | 2458/4276 [03:13<02:24, 12.59it/s]
HPSAC valid search:  58%|█████▊    | 2460/4276 [03:13<02:33, 11.85it/s]
HPSAC valid search:  58%|█████▊    | 2462/4276 [03:13<02:39, 11.39it/s]
HPSAC valid search:  58%|█████▊    | 2465/4276 [03:14<02:13, 13.58it/s]
HPSAC valid search:  58%|█████▊    | 2467/4276 [03:14<02:24, 12.54it/s]
HPSAC valid search:  58%|█████▊    | 2469/4276 [03:14<02:14, 13.41it/s]
HPSAC valid search:  58%|█████▊    | 2471/4276 [03:14<02:25, 12.41it/s]
HPSAC valid search:  58%|█████▊    | 2473/4276 [03:14<02:33, 11.77it/s]
HPSAC valid search:  58%|█████▊    | 2475/4276 [03:14<02:38, 11.35it/s]
HPSAC valid search:  58%|█████▊    | 2479/4276 [03:15<02:02, 14.72it/s]
HPSAC valid search:  58%|█████▊    | 2481/4276 [03:15<01:58, 15.09it/s]
HPSAC valid search:  58%|█████▊    | 2483/4276 [03:15<02:12, 13.53it/s]
HPSAC valid search:  58%|█████▊    | 2485/4276 [03:15<02:23, 12.51it/s]
HPSAC valid search:  58%|█████▊    | 2487/4276 [03:15<02:30, 11.85it/s]
HPSAC valid search:  58%|█████▊    | 2489/4276 [03:16<02:36, 11.42it/s]
HPSAC valid search:  58%|█████▊    | 2491/4276 [03:16<02:22, 12.51it/s]
HPSAC valid search:  58%|█████▊    | 2495/4276 [03:16<01:53, 15.71it/s]
HPSAC valid search:  58%|█████▊    | 2497/4276 [03:16<02:08, 13.81it/s]
HPSAC valid search:  58%|█████▊    | 2499/4276 [03:16<02:03, 14.40it/s]
HPSAC valid search:  58%|█████▊    | 2501/4276 [03:16<01:59, 14.88it/s]
HPSAC valid search:  59%|█████▊    | 2503/4276 [03:16<01:56, 15.27it/s]
HPSAC valid search:  59%|█████▊    | 2505/4276 [03:17<02:11, 13.50it/s]
HPSAC valid search:  59%|█████▊    | 2507/4276 [03:17<02:23, 12.32it/s]
HPSAC valid search:  59%|█████▊    | 2509/4276 [03:17<02:13, 13.25it/s]
HPSAC valid search:  59%|█████▊    | 2511/4276 [03:17<02:23, 12.28it/s]
HPSAC valid search:  59%|█████▉    | 2513/4276 [03:17<02:31, 11.68it/s]
HPSAC valid search:  59%|█████▉    | 2515/4276 [03:17<02:18, 12.74it/s]
HPSAC valid search:  59%|█████▉    | 2517/4276 [03:18<02:27, 11.96it/s]
HPSAC valid search:  59%|█████▉    | 2519/4276 [03:18<02:15, 13.01it/s]
HPSAC valid search:  59%|█████▉    | 2521/4276 [03:18<02:08, 13.68it/s]
HPSAC valid search:  59%|█████▉    | 2523/4276 [03:18<02:02, 14.37it/s]
HPSAC valid search:  59%|█████▉    | 2525/4276 [03:18<01:57, 14.91it/s]
HPSAC valid search:  59%|█████▉    | 2527/4276 [03:18<01:56, 15.07it/s]
HPSAC valid search:  59%|█████▉    | 2530/4276 [03:18<01:44, 16.74it/s]
HPSAC valid search:  59%|█████▉    | 2532/4276 [03:19<02:02, 14.22it/s]
HPSAC valid search:  59%|█████▉    | 2534/4276 [03:19<01:58, 14.75it/s]
HPSAC valid search:  59%|█████▉    | 2536/4276 [03:19<02:11, 13.20it/s]
HPSAC valid search:  59%|█████▉    | 2538/4276 [03:19<02:21, 12.25it/s]
HPSAC valid search:  59%|█████▉    | 2540/4276 [03:19<02:28, 11.66it/s]
HPSAC valid search:  59%|█████▉    | 2542/4276 [03:19<02:16, 12.74it/s]
HPSAC valid search:  59%|█████▉    | 2544/4276 [03:20<02:26, 11.84it/s]
HPSAC valid search:  60%|█████▉    | 2546/4276 [03:20<02:14, 12.89it/s]
HPSAC valid search:  60%|█████▉    | 2548/4276 [03:20<02:05, 13.77it/s]
HPSAC valid search:  60%|█████▉    | 2550/4276 [03:20<02:17, 12.57it/s]
HPSAC valid search:  60%|█████▉    | 2552/4276 [03:20<02:25, 11.86it/s]
HPSAC valid search:  60%|█████▉    | 2554/4276 [03:20<02:31, 11.40it/s]
HPSAC valid search:  60%|█████▉    | 2556/4276 [03:21<02:18, 12.40it/s]
HPSAC valid search:  60%|█████▉    | 2558/4276 [03:21<02:08, 13.37it/s]
HPSAC valid search:  60%|█████▉    | 2560/4276 [03:21<02:02, 13.97it/s]
HPSAC valid search:  60%|█████▉    | 2562/4276 [03:21<02:15, 12.69it/s]
HPSAC valid search:  60%|█████▉    | 2564/4276 [03:21<02:05, 13.59it/s]
HPSAC valid search:  60%|██████    | 2566/4276 [03:21<02:17, 12.46it/s]
HPSAC valid search:  60%|██████    | 2568/4276 [03:21<02:07, 13.42it/s]
HPSAC valid search:  60%|██████    | 2570/4276 [03:22<02:00, 14.19it/s]
HPSAC valid search:  60%|██████    | 2572/4276 [03:22<02:14, 12.67it/s]
HPSAC valid search:  60%|██████    | 2575/4276 [03:22<01:54, 14.83it/s]
HPSAC valid search:  60%|██████    | 2577/4276 [03:22<01:51, 15.22it/s]
HPSAC valid search:  60%|██████    | 2580/4276 [03:22<01:41, 16.72it/s]
HPSAC valid search:  60%|██████    | 2582/4276 [03:22<01:58, 14.30it/s]
HPSAC valid search:  60%|██████    | 2584/4276 [03:23<02:10, 13.01it/s]
HPSAC valid search:  60%|██████    | 2586/4276 [03:23<02:18, 12.18it/s]
HPSAC valid search:  61%|██████    | 2588/4276 [03:23<02:08, 13.14it/s]
HPSAC valid search:  61%|██████    | 2590/4276 [03:23<02:17, 12.23it/s]
HPSAC valid search:  61%|██████    | 2592/4276 [03:23<02:07, 13.19it/s]
HPSAC valid search:  61%|██████    | 2594/4276 [03:23<02:00, 13.99it/s]
HPSAC valid search:  61%|██████    | 2596/4276 [03:23<01:54, 14.62it/s]
HPSAC valid search:  61%|██████    | 2598/4276 [03:24<01:51, 15.10it/s]
HPSAC valid search:  61%|██████    | 2600/4276 [03:24<01:48, 15.46it/s]
HPSAC valid search:  61%|██████    | 2602/4276 [03:24<01:46, 15.73it/s]
HPSAC valid search:  61%|██████    | 2604/4276 [03:24<01:45, 15.91it/s]
HPSAC valid search:  61%|██████    | 2606/4276 [03:24<01:44, 16.05it/s]
HPSAC valid search:  61%|██████    | 2608/4276 [03:24<01:43, 16.15it/s]
HPSAC valid search:  61%|██████    | 2610/4276 [03:24<01:42, 16.20it/s]
HPSAC valid search:  61%|██████    | 2612/4276 [03:24<01:42, 16.26it/s]
HPSAC valid search:  61%|██████    | 2614/4276 [03:25<01:59, 13.93it/s]
HPSAC valid search:  61%|██████    | 2616/4276 [03:25<01:53, 14.58it/s]
HPSAC valid search:  61%|██████    | 2618/4276 [03:25<02:07, 13.04it/s]
HPSAC valid search:  61%|██████▏   | 2620/4276 [03:25<02:16, 12.14it/s]
HPSAC valid search:  61%|██████▏   | 2622/4276 [03:25<02:07, 13.00it/s]
HPSAC valid search:  61%|██████▏   | 2624/4276 [03:25<02:16, 12.09it/s]
HPSAC valid search:  61%|██████▏   | 2626/4276 [03:26<02:07, 12.96it/s]
HPSAC valid search:  61%|██████▏   | 2628/4276 [03:26<01:59, 13.83it/s]
HPSAC valid search:  62%|██████▏   | 2630/4276 [03:26<02:12, 12.46it/s]
HPSAC valid search:  62%|██████▏   | 2632/4276 [03:26<02:19, 11.79it/s]
HPSAC valid search:  62%|██████▏   | 2635/4276 [03:26<01:56, 14.08it/s]
HPSAC valid search:  62%|██████▏   | 2638/4276 [03:26<01:43, 15.77it/s]
HPSAC valid search:  62%|██████▏   | 2641/4276 [03:26<01:37, 16.83it/s]
HPSAC valid search:  62%|██████▏   | 2643/4276 [03:27<01:51, 14.65it/s]
HPSAC valid search:  62%|██████▏   | 2645/4276 [03:27<02:02, 13.28it/s]
HPSAC valid search:  62%|██████▏   | 2647/4276 [03:27<02:11, 12.38it/s]
HPSAC valid search:  62%|██████▏   | 2649/4276 [03:27<02:19, 11.64it/s]
HPSAC valid search:  62%|██████▏   | 2651/4276 [03:27<02:24, 11.27it/s]
HPSAC valid search:  62%|██████▏   | 2653/4276 [03:28<02:28, 10.91it/s]
HPSAC valid search:  62%|██████▏   | 2655/4276 [03:28<02:15, 11.96it/s]
HPSAC valid search:  62%|██████▏   | 2657/4276 [03:28<02:04, 12.99it/s]
HPSAC valid search:  62%|██████▏   | 2659/4276 [03:28<01:56, 13.82it/s]
HPSAC valid search:  62%|██████▏   | 2661/4276 [03:28<02:08, 12.61it/s]
HPSAC valid search:  62%|██████▏   | 2663/4276 [03:28<01:59, 13.52it/s]
HPSAC valid search:  62%|██████▏   | 2665/4276 [03:28<01:53, 14.24it/s]
HPSAC valid search:  62%|██████▏   | 2667/4276 [03:29<02:05, 12.85it/s]
HPSAC valid search:  62%|██████▏   | 2669/4276 [03:29<02:13, 12.02it/s]
HPSAC valid search:  62%|██████▏   | 2671/4276 [03:29<02:04, 12.89it/s]
HPSAC valid search:  63%|██████▎   | 2673/4276 [03:29<02:13, 12.05it/s]
HPSAC valid search:  63%|██████▎   | 2675/4276 [03:29<02:19, 11.51it/s]
HPSAC valid search:  63%|██████▎   | 2677/4276 [03:30<02:23, 11.17it/s]
HPSAC valid search:  63%|██████▎   | 2681/4276 [03:30<01:49, 14.62it/s]
HPSAC valid search:  63%|██████▎   | 2683/4276 [03:30<01:46, 15.01it/s]
HPSAC valid search:  63%|██████▎   | 2685/4276 [03:30<01:43, 15.35it/s]
HPSAC valid search:  63%|██████▎   | 2687/4276 [03:30<01:41, 15.62it/s]
HPSAC valid search:  63%|██████▎   | 2689/4276 [03:30<01:40, 15.80it/s]
HPSAC valid search:  63%|██████▎   | 2691/4276 [03:30<01:54, 13.79it/s]
HPSAC valid search:  63%|██████▎   | 2693/4276 [03:31<01:51, 14.25it/s]
HPSAC valid search:  63%|██████▎   | 2695/4276 [03:31<02:02, 12.88it/s]
HPSAC valid search:  63%|██████▎   | 2697/4276 [03:31<02:11, 12.05it/s]
HPSAC valid search:  63%|██████▎   | 2699/4276 [03:31<02:00, 13.06it/s]
HPSAC valid search:  63%|██████▎   | 2701/4276 [03:31<02:09, 12.16it/s]
HPSAC valid search:  63%|██████▎   | 2703/4276 [03:31<02:01, 12.99it/s]
HPSAC valid search:  63%|██████▎   | 2705/4276 [03:32<02:09, 12.09it/s]
HPSAC valid search:  63%|██████▎   | 2707/4276 [03:32<01:59, 13.12it/s]
HPSAC valid search:  63%|██████▎   | 2709/4276 [03:32<02:11, 11.93it/s]
HPSAC valid search:  63%|██████▎   | 2711/4276 [03:32<02:00, 12.99it/s]
HPSAC valid search:  63%|██████▎   | 2713/4276 [03:32<02:09, 12.11it/s]
HPSAC valid search:  63%|██████▎   | 2715/4276 [03:32<01:58, 13.14it/s]
HPSAC valid search:  64%|██████▎   | 2717/4276 [03:33<02:07, 12.18it/s]
HPSAC valid search:  64%|██████▎   | 2721/4276 [03:33<01:40, 15.49it/s]
HPSAC valid search:  64%|██████▎   | 2723/4276 [03:33<01:40, 15.50it/s]
HPSAC valid search:  64%|██████▎   | 2725/4276 [03:33<01:53, 13.61it/s]
HPSAC valid search:  64%|██████▍   | 2727/4276 [03:33<02:03, 12.58it/s]
HPSAC valid search:  64%|██████▍   | 2729/4276 [03:33<01:55, 13.44it/s]
HPSAC valid search:  64%|██████▍   | 2731/4276 [03:34<02:04, 12.41it/s]
HPSAC valid search:  64%|██████▍   | 2733/4276 [03:34<01:55, 13.33it/s]
HPSAC valid search:  64%|██████▍   | 2735/4276 [03:34<01:49, 14.08it/s]
HPSAC valid search:  64%|██████▍   | 2737/4276 [03:34<02:00, 12.77it/s]
HPSAC valid search:  64%|██████▍   | 2739/4276 [03:34<02:08, 11.98it/s]
HPSAC valid search:  64%|██████▍   | 2741/4276 [03:34<02:13, 11.48it/s]
HPSAC valid search:  64%|██████▍   | 2743/4276 [03:34<02:01, 12.60it/s]
HPSAC valid search:  64%|██████▍   | 2747/4276 [03:35<01:36, 15.87it/s]
HPSAC valid search:  64%|██████▍   | 2750/4276 [03:35<01:29, 17.08it/s]
HPSAC valid search:  64%|██████▍   | 2753/4276 [03:35<01:25, 17.76it/s]
HPSAC valid search:  64%|██████▍   | 2755/4276 [03:35<01:39, 15.25it/s]
HPSAC valid search:  64%|██████▍   | 2757/4276 [03:35<01:37, 15.52it/s]
HPSAC valid search:  65%|██████▍   | 2759/4276 [03:35<01:50, 13.77it/s]
HPSAC valid search:  65%|██████▍   | 2761/4276 [03:36<01:59, 12.67it/s]
HPSAC valid search:  65%|██████▍   | 2764/4276 [03:36<01:44, 14.52it/s]
HPSAC valid search:  65%|██████▍   | 2766/4276 [03:36<01:54, 13.19it/s]
HPSAC valid search:  65%|██████▍   | 2768/4276 [03:36<01:48, 13.91it/s]
HPSAC valid search:  65%|██████▍   | 2770/4276 [03:36<01:43, 14.50it/s]
HPSAC valid search:  65%|██████▍   | 2772/4276 [03:36<01:40, 14.97it/s]
HPSAC valid search:  65%|██████▍   | 2774/4276 [03:37<01:54, 13.15it/s]
HPSAC valid search:  65%|██████▍   | 2776/4276 [03:37<02:02, 12.21it/s]
HPSAC valid search:  65%|██████▍   | 2778/4276 [03:37<02:08, 11.64it/s]
HPSAC valid search:  65%|██████▌   | 2780/4276 [03:37<02:12, 11.26it/s]
HPSAC valid search:  65%|██████▌   | 2782/4276 [03:37<02:15, 11.01it/s]
HPSAC valid search:  65%|██████▌   | 2784/4276 [03:37<02:17, 10.84it/s]
HPSAC valid search:  65%|██████▌   | 2786/4276 [03:38<02:19, 10.71it/s]
HPSAC valid search:  65%|██████▌   | 2788/4276 [03:38<02:04, 11.94it/s]
HPSAC valid search:  65%|██████▌   | 2790/4276 [03:38<01:54, 13.00it/s]
HPSAC valid search:  65%|██████▌   | 2792/4276 [03:38<01:48, 13.68it/s]
HPSAC valid search:  65%|██████▌   | 2794/4276 [03:38<01:43, 14.38it/s]
HPSAC valid search:  65%|██████▌   | 2796/4276 [03:38<01:54, 12.92it/s]
HPSAC valid search:  65%|██████▌   | 2798/4276 [03:39<02:02, 12.05it/s]
HPSAC valid search:  65%|██████▌   | 2800/4276 [03:39<01:52, 13.07it/s]
HPSAC valid search:  66%|██████▌   | 2802/4276 [03:39<02:01, 12.16it/s]
HPSAC valid search:  66%|██████▌   | 2804/4276 [03:39<02:07, 11.59it/s]
HPSAC valid search:  66%|██████▌   | 2806/4276 [03:39<02:11, 11.21it/s]
HPSAC valid search:  66%|██████▌   | 2808/4276 [03:39<02:13, 10.96it/s]
HPSAC valid search:  66%|██████▌   | 2810/4276 [03:40<02:17, 10.70it/s]
HPSAC valid search:  66%|██████▌   | 2812/4276 [03:40<02:17, 10.62it/s]
HPSAC valid search:  66%|██████▌   | 2814/4276 [03:40<02:18, 10.55it/s]
HPSAC valid search:  66%|██████▌   | 2816/4276 [03:40<02:03, 11.81it/s]
HPSAC valid search:  66%|██████▌   | 2818/4276 [03:40<01:53, 12.89it/s]
HPSAC valid search:  66%|██████▌   | 2820/4276 [03:40<01:45, 13.77it/s]
HPSAC valid search:  66%|██████▌   | 2822/4276 [03:41<01:55, 12.56it/s]
HPSAC valid search:  66%|██████▌   | 2824/4276 [03:41<01:47, 13.50it/s]
HPSAC valid search:  66%|██████▌   | 2826/4276 [03:41<01:41, 14.24it/s]
HPSAC valid search:  66%|██████▌   | 2828/4276 [03:41<01:37, 14.81it/s]
HPSAC valid search:  66%|██████▌   | 2830/4276 [03:41<01:49, 13.16it/s]
HPSAC valid search:  66%|██████▌   | 2832/4276 [03:41<01:59, 12.08it/s]
HPSAC valid search:  66%|██████▋   | 2834/4276 [03:42<02:04, 11.55it/s]
HPSAC valid search:  66%|██████▋   | 2836/4276 [03:42<02:08, 11.19it/s]
HPSAC valid search:  66%|██████▋   | 2838/4276 [03:42<02:11, 10.95it/s]
HPSAC valid search:  66%|██████▋   | 2840/4276 [03:42<02:13, 10.80it/s]
HPSAC valid search:  66%|██████▋   | 2842/4276 [03:42<02:14, 10.69it/s]
HPSAC valid search:  67%|██████▋   | 2844/4276 [03:42<02:14, 10.62it/s]
HPSAC valid search:  67%|██████▋   | 2846/4276 [03:43<02:00, 11.86it/s]
HPSAC valid search:  67%|██████▋   | 2848/4276 [03:43<02:06, 11.27it/s]
HPSAC valid search:  67%|██████▋   | 2851/4276 [03:43<01:44, 13.63it/s]
HPSAC valid search:  67%|██████▋   | 2853/4276 [03:43<01:53, 12.59it/s]
HPSAC valid search:  67%|██████▋   | 2855/4276 [03:43<01:59, 11.91it/s]
HPSAC valid search:  67%|██████▋   | 2857/4276 [03:43<01:49, 12.91it/s]
HPSAC valid search:  67%|██████▋   | 2859/4276 [03:44<01:43, 13.75it/s]
HPSAC valid search:  67%|██████▋   | 2861/4276 [03:44<01:52, 12.58it/s]
HPSAC valid search:  67%|██████▋   | 2863/4276 [03:44<01:59, 11.87it/s]
HPSAC valid search:  67%|██████▋   | 2866/4276 [03:44<01:39, 14.12it/s]
HPSAC valid search:  67%|██████▋   | 2868/4276 [03:44<01:49, 12.89it/s]
HPSAC valid search:  67%|██████▋   | 2870/4276 [03:44<01:43, 13.54it/s]
HPSAC valid search:  67%|██████▋   | 2872/4276 [03:45<01:52, 12.50it/s]
HPSAC valid search:  67%|██████▋   | 2874/4276 [03:45<01:45, 13.26it/s]
HPSAC valid search:  67%|██████▋   | 2876/4276 [03:45<01:53, 12.28it/s]
HPSAC valid search:  67%|██████▋   | 2878/4276 [03:45<01:59, 11.68it/s]
HPSAC valid search:  67%|██████▋   | 2880/4276 [03:45<01:49, 12.75it/s]
HPSAC valid search:  67%|██████▋   | 2882/4276 [03:45<01:56, 11.97it/s]
HPSAC valid search:  67%|██████▋   | 2884/4276 [03:46<02:02, 11.35it/s]
HPSAC valid search:  67%|██████▋   | 2886/4276 [03:46<02:05, 11.06it/s]
HPSAC valid search:  68%|██████▊   | 2888/4276 [03:46<01:53, 12.25it/s]
HPSAC valid search:  68%|██████▊   | 2890/4276 [03:46<01:58, 11.66it/s]
HPSAC valid search:  68%|██████▊   | 2892/4276 [03:46<02:02, 11.27it/s]
HPSAC valid search:  68%|██████▊   | 2894/4276 [03:47<02:05, 11.01it/s]
HPSAC valid search:  68%|██████▊   | 2896/4276 [03:47<02:07, 10.85it/s]
HPSAC valid search:  68%|██████▊   | 2898/4276 [03:47<02:10, 10.60it/s]
HPSAC valid search:  68%|██████▊   | 2900/4276 [03:47<02:10, 10.55it/s]
HPSAC valid search:  68%|██████▊   | 2902/4276 [03:47<01:56, 11.82it/s]
HPSAC valid search:  68%|██████▊   | 2904/4276 [03:47<01:46, 12.89it/s]
HPSAC valid search:  68%|██████▊   | 2906/4276 [03:48<01:53, 12.05it/s]
HPSAC valid search:  68%|██████▊   | 2908/4276 [03:48<01:44, 13.07it/s]
HPSAC valid search:  68%|██████▊   | 2910/4276 [03:48<01:52, 12.15it/s]
HPSAC valid search:  68%|██████▊   | 2912/4276 [03:48<01:57, 11.58it/s]
HPSAC valid search:  68%|██████▊   | 2914/4276 [03:48<01:48, 12.55it/s]
HPSAC valid search:  68%|██████▊   | 2916/4276 [03:48<01:57, 11.58it/s]
HPSAC valid search:  68%|██████▊   | 2918/4276 [03:49<02:01, 11.22it/s]
HPSAC valid search:  68%|██████▊   | 2920/4276 [03:49<02:03, 10.98it/s]
HPSAC valid search:  68%|██████▊   | 2922/4276 [03:49<02:05, 10.82it/s]
HPSAC valid search:  68%|██████▊   | 2924/4276 [03:49<02:06, 10.69it/s]
HPSAC valid search:  68%|██████▊   | 2926/4276 [03:49<02:08, 10.52it/s]
HPSAC valid search:  68%|██████▊   | 2928/4276 [03:50<02:08, 10.50it/s]
HPSAC valid search:  69%|██████▊   | 2930/4276 [03:50<01:55, 11.64it/s]
HPSAC valid search:  69%|██████▊   | 2932/4276 [03:50<01:59, 11.26it/s]
HPSAC valid search:  69%|██████▊   | 2934/4276 [03:50<01:48, 12.42it/s]
HPSAC valid search:  69%|██████▊   | 2936/4276 [03:50<01:54, 11.75it/s]
HPSAC valid search:  69%|██████▊   | 2938/4276 [03:50<01:45, 12.68it/s]
HPSAC valid search:  69%|██████▉   | 2940/4276 [03:51<01:52, 11.92it/s]
HPSAC valid search:  69%|██████▉   | 2944/4276 [03:51<01:27, 15.28it/s]
HPSAC valid search:  69%|██████▉   | 2946/4276 [03:51<01:36, 13.71it/s]
HPSAC valid search:  69%|██████▉   | 2948/4276 [03:51<01:44, 12.66it/s]
HPSAC valid search:  69%|██████▉   | 2950/4276 [03:51<01:38, 13.48it/s]
HPSAC valid search:  69%|██████▉   | 2952/4276 [03:51<01:33, 14.18it/s]
HPSAC valid search:  69%|██████▉   | 2954/4276 [03:52<01:42, 12.87it/s]
HPSAC valid search:  69%|██████▉   | 2956/4276 [03:52<01:36, 13.72it/s]
HPSAC valid search:  69%|██████▉   | 2958/4276 [03:52<01:44, 12.57it/s]
HPSAC valid search:  69%|██████▉   | 2960/4276 [03:52<01:50, 11.87it/s]
HPSAC valid search:  69%|██████▉   | 2962/4276 [03:52<01:55, 11.41it/s]
HPSAC valid search:  69%|██████▉   | 2964/4276 [03:52<01:44, 12.54it/s]
HPSAC valid search:  69%|██████▉   | 2966/4276 [03:53<01:50, 11.82it/s]
HPSAC valid search:  69%|██████▉   | 2968/4276 [03:53<01:56, 11.26it/s]
HPSAC valid search:  69%|██████▉   | 2970/4276 [03:53<01:58, 11.00it/s]
HPSAC valid search:  70%|██████▉   | 2972/4276 [03:53<02:00, 10.83it/s]
HPSAC valid search:  70%|██████▉   | 2974/4276 [03:53<02:01, 10.71it/s]
HPSAC valid search:  70%|██████▉   | 2976/4276 [03:53<01:48, 11.95it/s]
HPSAC valid search:  70%|██████▉   | 2978/4276 [03:54<01:53, 11.46it/s]
HPSAC valid search:  70%|██████▉   | 2980/4276 [03:54<01:42, 12.59it/s]
HPSAC valid search:  70%|██████▉   | 2982/4276 [03:54<01:49, 11.86it/s]
HPSAC valid search:  70%|██████▉   | 2986/4276 [03:54<01:14, 17.33it/s]
HPSAC valid search:  70%|██████▉   | 2988/4276 [03:54<01:26, 14.88it/s]
HPSAC valid search:  70%|██████▉   | 2990/4276 [03:54<01:35, 13.40it/s]
HPSAC valid search:  70%|██████▉   | 2992/4276 [03:55<01:43, 12.44it/s]
HPSAC valid search:  70%|███████   | 2994/4276 [03:55<01:48, 11.80it/s]
HPSAC valid search:  70%|███████   | 2996/4276 [03:55<01:39, 12.83it/s]
HPSAC valid search:  70%|███████   | 2998/4276 [03:55<01:33, 13.69it/s]
HPSAC valid search:  70%|███████   | 3000/4276 [03:55<01:41, 12.53it/s]
HPSAC valid search:  70%|███████   | 3002/4276 [03:55<01:47, 11.84it/s]
HPSAC valid search:  70%|███████   | 3004/4276 [03:56<01:51, 11.39it/s]
HPSAC valid search:  70%|███████   | 3006/4276 [03:56<01:41, 12.52it/s]
HPSAC valid search:  70%|███████   | 3008/4276 [03:56<01:47, 11.82it/s]
HPSAC valid search:  70%|███████   | 3010/4276 [03:56<01:38, 12.87it/s]
HPSAC valid search:  70%|███████   | 3012/4276 [03:56<01:31, 13.75it/s]
HPSAC valid search:  70%|███████   | 3014/4276 [03:56<01:40, 12.55it/s]
HPSAC valid search:  71%|███████   | 3016/4276 [03:56<01:33, 13.50it/s]
HPSAC valid search:  71%|███████   | 3019/4276 [03:57<01:21, 15.48it/s]
HPSAC valid search:  71%|███████   | 3021/4276 [03:57<01:19, 15.72it/s]
HPSAC valid search:  71%|███████   | 3023/4276 [03:57<01:30, 13.79it/s]
HPSAC valid search:  71%|███████   | 3025/4276 [03:57<01:39, 12.64it/s]
HPSAC valid search:  71%|███████   | 3027/4276 [03:57<01:44, 11.90it/s]
HPSAC valid search:  71%|███████   | 3029/4276 [03:58<01:50, 11.31it/s]
HPSAC valid search:  71%|███████   | 3031/4276 [03:58<01:53, 10.94it/s]
HPSAC valid search:  71%|███████   | 3034/4276 [03:58<01:33, 13.29it/s]
HPSAC valid search:  71%|███████   | 3036/4276 [03:58<01:40, 12.38it/s]
HPSAC valid search:  71%|███████   | 3038/4276 [03:58<01:33, 13.28it/s]
HPSAC valid search:  71%|███████   | 3040/4276 [03:58<01:28, 14.03it/s]
HPSAC valid search:  71%|███████   | 3042/4276 [03:58<01:36, 12.72it/s]
HPSAC valid search:  71%|███████   | 3044/4276 [03:59<01:44, 11.84it/s]
HPSAC valid search:  71%|███████   | 3046/4276 [03:59<01:47, 11.39it/s]
HPSAC valid search:  71%|███████▏  | 3048/4276 [03:59<01:50, 11.10it/s]
HPSAC valid search:  71%|███████▏  | 3050/4276 [03:59<01:52, 10.89it/s]
HPSAC valid search:  71%|███████▏  | 3052/4276 [03:59<01:41, 12.08it/s]
HPSAC valid search:  71%|███████▏  | 3054/4276 [04:00<01:45, 11.54it/s]
HPSAC valid search:  71%|███████▏  | 3056/4276 [04:00<01:36, 12.65it/s]
HPSAC valid search:  72%|███████▏  | 3058/4276 [04:00<01:42, 11.90it/s]
HPSAC valid search:  72%|███████▏  | 3060/4276 [04:00<01:33, 12.96it/s]
HPSAC valid search:  72%|███████▏  | 3063/4276 [04:00<01:20, 15.07it/s]
HPSAC valid search:  72%|███████▏  | 3065/4276 [04:00<01:18, 15.40it/s]
HPSAC valid search:  72%|███████▏  | 3067/4276 [04:00<01:29, 13.57it/s]
HPSAC valid search:  72%|███████▏  | 3069/4276 [04:01<01:37, 12.36it/s]
HPSAC valid search:  72%|███████▏  | 3071/4276 [04:01<01:42, 11.74it/s]
HPSAC valid search:  72%|███████▏  | 3073/4276 [04:01<01:46, 11.33it/s]
HPSAC valid search:  72%|███████▏  | 3075/4276 [04:01<01:36, 12.45it/s]
HPSAC valid search:  72%|███████▏  | 3077/4276 [04:01<01:41, 11.78it/s]
HPSAC valid search:  72%|███████▏  | 3079/4276 [04:02<01:34, 12.69it/s]
HPSAC valid search:  72%|███████▏  | 3081/4276 [04:02<01:28, 13.44it/s]
HPSAC valid search:  72%|███████▏  | 3084/4276 [04:02<01:17, 15.46it/s]
HPSAC valid search:  72%|███████▏  | 3086/4276 [04:02<01:26, 13.69it/s]
HPSAC valid search:  72%|███████▏  | 3088/4276 [04:02<01:22, 14.32it/s]
HPSAC valid search:  72%|███████▏  | 3090/4276 [04:02<01:31, 12.96it/s]
HPSAC valid search:  72%|███████▏  | 3092/4276 [04:02<01:38, 11.99it/s]
HPSAC valid search:  72%|███████▏  | 3094/4276 [04:03<01:42, 11.50it/s]
HPSAC valid search:  72%|███████▏  | 3096/4276 [04:03<01:45, 11.17it/s]
HPSAC valid search:  72%|███████▏  | 3098/4276 [04:03<01:47, 10.95it/s]
HPSAC valid search:  72%|███████▏  | 3100/4276 [04:03<01:48, 10.80it/s]
HPSAC valid search:  73%|███████▎  | 3103/4276 [04:03<01:28, 13.19it/s]
HPSAC valid search:  73%|███████▎  | 3105/4276 [04:04<01:35, 12.30it/s]
HPSAC valid search:  73%|███████▎  | 3108/4276 [04:04<01:21, 14.36it/s]
HPSAC valid search:  73%|███████▎  | 3110/4276 [04:04<01:18, 14.83it/s]
HPSAC valid search:  73%|███████▎  | 3112/4276 [04:04<01:27, 13.33it/s]
HPSAC valid search:  73%|███████▎  | 3114/4276 [04:04<01:33, 12.38it/s]
HPSAC valid search:  73%|███████▎  | 3116/4276 [04:04<01:38, 11.76it/s]
HPSAC valid search:  73%|███████▎  | 3118/4276 [04:05<01:42, 11.34it/s]
HPSAC valid search:  73%|███████▎  | 3120/4276 [04:05<01:44, 11.06it/s]
HPSAC valid search:  73%|███████▎  | 3122/4276 [04:05<01:34, 12.24it/s]
HPSAC valid search:  73%|███████▎  | 3124/4276 [04:05<01:27, 13.23it/s]
HPSAC valid search:  73%|███████▎  | 3126/4276 [04:05<01:21, 14.03it/s]
HPSAC valid search:  73%|███████▎  | 3128/4276 [04:05<01:30, 12.74it/s]
HPSAC valid search:  73%|███████▎  | 3130/4276 [04:06<01:24, 13.64it/s]
HPSAC valid search:  73%|███████▎  | 3132/4276 [04:06<01:20, 14.16it/s]
HPSAC valid search:  73%|███████▎  | 3134/4276 [04:06<01:17, 14.76it/s]
HPSAC valid search:  73%|███████▎  | 3136/4276 [04:06<01:26, 13.14it/s]
HPSAC valid search:  73%|███████▎  | 3138/4276 [04:06<01:33, 12.20it/s]
HPSAC valid search:  73%|███████▎  | 3140/4276 [04:06<01:37, 11.61it/s]
HPSAC valid search:  73%|███████▎  | 3142/4276 [04:06<01:29, 12.72it/s]
HPSAC valid search:  74%|███████▎  | 3144/4276 [04:07<01:23, 13.63it/s]
HPSAC valid search:  74%|███████▎  | 3146/4276 [04:07<01:30, 12.49it/s]
HPSAC valid search:  74%|███████▎  | 3148/4276 [04:07<01:35, 11.80it/s]
HPSAC valid search:  74%|███████▎  | 3150/4276 [04:07<01:39, 11.36it/s]
HPSAC valid search:  74%|███████▎  | 3152/4276 [04:07<01:41, 11.07it/s]
HPSAC valid search:  74%|███████▍  | 3154/4276 [04:07<01:31, 12.26it/s]
HPSAC valid search:  74%|███████▍  | 3156/4276 [04:08<01:36, 11.66it/s]
HPSAC valid search:  74%|███████▍  | 3158/4276 [04:08<01:27, 12.75it/s]
HPSAC valid search:  74%|███████▍  | 3160/4276 [04:08<01:33, 11.96it/s]
HPSAC valid search:  74%|███████▍  | 3162/4276 [04:08<01:37, 11.46it/s]
HPSAC valid search:  74%|███████▍  | 3164/4276 [04:08<01:39, 11.14it/s]
HPSAC valid search:  74%|███████▍  | 3166/4276 [04:09<01:41, 10.91it/s]
HPSAC valid search:  74%|███████▍  | 3168/4276 [04:09<01:31, 12.13it/s]
HPSAC valid search:  74%|███████▍  | 3170/4276 [04:09<01:24, 13.14it/s]
HPSAC valid search:  74%|███████▍  | 3172/4276 [04:09<01:31, 12.06it/s]
HPSAC valid search:  74%|███████▍  | 3174/4276 [04:09<01:35, 11.51it/s]
HPSAC valid search:  74%|███████▍  | 3176/4276 [04:09<01:27, 12.64it/s]
HPSAC valid search:  74%|███████▍  | 3178/4276 [04:09<01:32, 11.88it/s]
HPSAC valid search:  74%|███████▍  | 3180/4276 [04:10<01:24, 12.95it/s]
HPSAC valid search:  74%|███████▍  | 3182/4276 [04:10<01:19, 13.81it/s]
HPSAC valid search:  74%|███████▍  | 3184/4276 [04:10<01:15, 14.49it/s]
HPSAC valid search:  75%|███████▍  | 3186/4276 [04:10<01:13, 14.80it/s]
HPSAC valid search:  75%|███████▍  | 3188/4276 [04:10<01:11, 15.24it/s]
HPSAC valid search:  75%|███████▍  | 3190/4276 [04:10<01:21, 13.40it/s]
HPSAC valid search:  75%|███████▍  | 3192/4276 [04:10<01:16, 14.18it/s]
HPSAC valid search:  75%|███████▍  | 3194/4276 [04:11<01:25, 12.65it/s]
HPSAC valid search:  75%|███████▍  | 3196/4276 [04:11<01:31, 11.77it/s]
HPSAC valid search:  75%|███████▍  | 3200/4276 [04:11<01:11, 15.15it/s]
HPSAC valid search:  75%|███████▍  | 3202/4276 [04:11<01:18, 13.63it/s]
HPSAC valid search:  75%|███████▍  | 3204/4276 [04:11<01:15, 14.26it/s]
HPSAC valid search:  75%|███████▍  | 3206/4276 [04:11<01:12, 14.75it/s]
HPSAC valid search:  75%|███████▌  | 3208/4276 [04:12<01:10, 15.17it/s]
HPSAC valid search:  75%|███████▌  | 3210/4276 [04:12<01:20, 13.27it/s]
HPSAC valid search:  75%|███████▌  | 3212/4276 [04:12<01:26, 12.28it/s]
HPSAC valid search:  75%|███████▌  | 3214/4276 [04:12<01:30, 11.68it/s]
HPSAC valid search:  75%|███████▌  | 3216/4276 [04:12<01:23, 12.76it/s]
HPSAC valid search:  75%|███████▌  | 3218/4276 [04:12<01:17, 13.64it/s]
HPSAC valid search:  75%|███████▌  | 3220/4276 [04:13<01:14, 14.14it/s]
HPSAC valid search:  75%|███████▌  | 3222/4276 [04:13<01:22, 12.79it/s]
HPSAC valid search:  75%|███████▌  | 3224/4276 [04:13<01:27, 11.99it/s]
HPSAC valid search:  75%|███████▌  | 3226/4276 [04:13<01:21, 12.87it/s]
HPSAC valid search:  75%|███████▌  | 3228/4276 [04:13<01:27, 12.04it/s]
HPSAC valid search:  76%|███████▌  | 3230/4276 [04:13<01:30, 11.52it/s]
HPSAC valid search:  76%|███████▌  | 3232/4276 [04:14<01:33, 11.18it/s]
HPSAC valid search:  76%|███████▌  | 3234/4276 [04:14<01:24, 12.34it/s]
HPSAC valid search:  76%|███████▌  | 3236/4276 [04:14<01:28, 11.69it/s]
HPSAC valid search:  76%|███████▌  | 3238/4276 [04:14<01:33, 11.16it/s]
HPSAC valid search:  76%|███████▌  | 3240/4276 [04:14<01:34, 10.94it/s]
HPSAC valid search:  76%|███████▌  | 3242/4276 [04:14<01:25, 12.15it/s]
HPSAC valid search:  76%|███████▌  | 3244/4276 [04:15<01:18, 13.17it/s]
HPSAC valid search:  76%|███████▌  | 3246/4276 [04:15<01:13, 13.99it/s]
HPSAC valid search:  76%|███████▌  | 3248/4276 [04:15<01:10, 14.63it/s]
HPSAC valid search:  76%|███████▌  | 3250/4276 [04:15<01:07, 15.11it/s]
HPSAC valid search:  76%|███████▌  | 3252/4276 [04:15<01:16, 13.31it/s]
HPSAC valid search:  76%|███████▌  | 3254/4276 [04:15<01:23, 12.30it/s]
HPSAC valid search:  76%|███████▌  | 3256/4276 [04:15<01:27, 11.69it/s]
HPSAC valid search:  76%|███████▌  | 3258/4276 [04:16<01:30, 11.29it/s]
HPSAC valid search:  76%|███████▌  | 3260/4276 [04:16<01:32, 11.03it/s]
HPSAC valid search:  76%|███████▋  | 3262/4276 [04:16<01:33, 10.84it/s]
HPSAC valid search:  76%|███████▋  | 3264/4276 [04:16<01:34, 10.72it/s]
HPSAC valid search:  76%|███████▋  | 3266/4276 [04:16<01:24, 11.94it/s]
HPSAC valid search:  76%|███████▋  | 3268/4276 [04:16<01:17, 12.99it/s]
HPSAC valid search:  76%|███████▋  | 3270/4276 [04:17<01:23, 11.98it/s]
HPSAC valid search:  77%|███████▋  | 3272/4276 [04:17<01:17, 13.02it/s]
HPSAC valid search:  77%|███████▋  | 3274/4276 [04:17<01:12, 13.87it/s]
HPSAC valid search:  77%|███████▋  | 3276/4276 [04:17<01:08, 14.52it/s]
HPSAC valid search:  77%|███████▋  | 3278/4276 [04:17<01:17, 12.83it/s]
HPSAC valid search:  77%|███████▋  | 3280/4276 [04:17<01:12, 13.70it/s]
HPSAC valid search:  77%|███████▋  | 3282/4276 [04:18<01:19, 12.53it/s]
HPSAC valid search:  77%|███████▋  | 3284/4276 [04:18<01:23, 11.83it/s]
HPSAC valid search:  77%|███████▋  | 3286/4276 [04:18<01:26, 11.38it/s]
HPSAC valid search:  77%|███████▋  | 3288/4276 [04:18<01:29, 11.08it/s]
HPSAC valid search:  77%|███████▋  | 3290/4276 [04:18<01:21, 12.12it/s]
HPSAC valid search:  77%|███████▋  | 3292/4276 [04:18<01:25, 11.56it/s]
HPSAC valid search:  77%|███████▋  | 3294/4276 [04:19<01:17, 12.67it/s]
HPSAC valid search:  77%|███████▋  | 3296/4276 [04:19<01:22, 11.92it/s]
HPSAC valid search:  77%|███████▋  | 3298/4276 [04:19<01:25, 11.44it/s]
HPSAC valid search:  77%|███████▋  | 3300/4276 [04:19<01:17, 12.57it/s]
HPSAC valid search:  77%|███████▋  | 3302/4276 [04:19<01:22, 11.85it/s]
HPSAC valid search:  77%|███████▋  | 3304/4276 [04:19<01:25, 11.39it/s]
HPSAC valid search:  77%|███████▋  | 3306/4276 [04:20<01:27, 11.09it/s]
HPSAC valid search:  77%|███████▋  | 3308/4276 [04:20<01:28, 10.89it/s]
HPSAC valid search:  77%|███████▋  | 3311/4276 [04:20<01:13, 13.13it/s]
HPSAC valid search:  77%|███████▋  | 3313/4276 [04:20<01:09, 13.88it/s]
HPSAC valid search:  78%|███████▊  | 3315/4276 [04:20<01:15, 12.70it/s]
HPSAC valid search:  78%|███████▊  | 3317/4276 [04:21<01:20, 11.97it/s]
HPSAC valid search:  78%|███████▊  | 3319/4276 [04:21<01:24, 11.36it/s]
HPSAC valid search:  78%|███████▊  | 3321/4276 [04:21<01:26, 11.08it/s]
HPSAC valid search:  78%|███████▊  | 3323/4276 [04:21<01:27, 10.88it/s]
HPSAC valid search:  78%|███████▊  | 3325/4276 [04:21<01:28, 10.73it/s]
HPSAC valid search:  78%|███████▊  | 3327/4276 [04:21<01:20, 11.82it/s]
HPSAC valid search:  78%|███████▊  | 3330/4276 [04:22<01:07, 14.10it/s]
HPSAC valid search:  78%|███████▊  | 3332/4276 [04:22<01:13, 12.88it/s]
HPSAC valid search:  78%|███████▊  | 3334/4276 [04:22<01:09, 13.53it/s]
HPSAC valid search:  78%|███████▊  | 3336/4276 [04:22<01:06, 14.24it/s]
HPSAC valid search:  78%|███████▊  | 3338/4276 [04:22<01:13, 12.74it/s]
HPSAC valid search:  78%|███████▊  | 3340/4276 [04:22<01:18, 11.97it/s]
HPSAC valid search:  78%|███████▊  | 3342/4276 [04:23<01:11, 13.00it/s]
HPSAC valid search:  78%|███████▊  | 3344/4276 [04:23<01:16, 12.12it/s]
HPSAC valid search:  78%|███████▊  | 3346/4276 [04:23<01:20, 11.57it/s]
HPSAC valid search:  78%|███████▊  | 3348/4276 [04:23<01:22, 11.21it/s]
HPSAC valid search:  78%|███████▊  | 3350/4276 [04:23<01:14, 12.38it/s]
HPSAC valid search:  78%|███████▊  | 3352/4276 [04:23<01:18, 11.73it/s]
HPSAC valid search:  78%|███████▊  | 3354/4276 [04:24<01:22, 11.19it/s]
HPSAC valid search:  78%|███████▊  | 3356/4276 [04:24<01:23, 10.96it/s]
HPSAC valid search:  79%|███████▊  | 3358/4276 [04:24<01:15, 12.16it/s]
HPSAC valid search:  79%|███████▊  | 3360/4276 [04:24<01:19, 11.47it/s]
HPSAC valid search:  79%|███████▊  | 3362/4276 [04:24<01:12, 12.60it/s]
HPSAC valid search:  79%|███████▊  | 3364/4276 [04:24<01:16, 11.85it/s]
HPSAC valid search:  79%|███████▊  | 3366/4276 [04:25<01:20, 11.27it/s]
HPSAC valid search:  79%|███████▉  | 3368/4276 [04:25<01:22, 10.99it/s]
HPSAC valid search:  79%|███████▉  | 3370/4276 [04:25<01:23, 10.82it/s]
HPSAC valid search:  79%|███████▉  | 3372/4276 [04:25<01:24, 10.70it/s]
HPSAC valid search:  79%|███████▉  | 3374/4276 [04:25<01:15, 11.93it/s]
HPSAC valid search:  79%|███████▉  | 3376/4276 [04:26<01:18, 11.44it/s]
HPSAC valid search:  79%|███████▉  | 3378/4276 [04:26<01:20, 11.13it/s]
HPSAC valid search:  79%|███████▉  | 3380/4276 [04:26<01:12, 12.31it/s]
HPSAC valid search:  79%|███████▉  | 3382/4276 [04:26<01:16, 11.69it/s]
HPSAC valid search:  79%|███████▉  | 3384/4276 [04:26<01:09, 12.79it/s]
HPSAC valid search:  79%|███████▉  | 3386/4276 [04:26<01:05, 13.68it/s]
HPSAC valid search:  79%|███████▉  | 3388/4276 [04:26<01:10, 12.51it/s]
HPSAC valid search:  79%|███████▉  | 3390/4276 [04:27<01:05, 13.44it/s]
HPSAC valid search:  79%|███████▉  | 3394/4276 [04:27<00:46, 19.13it/s]
HPSAC valid search:  79%|███████▉  | 3397/4276 [04:27<00:59, 14.86it/s]
HPSAC valid search:  79%|███████▉  | 3399/4276 [04:27<00:57, 15.20it/s]
HPSAC valid search:  80%|███████▉  | 3401/4276 [04:27<00:57, 15.29it/s]
HPSAC valid search:  80%|███████▉  | 3403/4276 [04:27<01:04, 13.60it/s]
HPSAC valid search:  80%|███████▉  | 3405/4276 [04:28<01:10, 12.42it/s]
HPSAC valid search:  80%|███████▉  | 3407/4276 [04:28<01:14, 11.67it/s]
HPSAC valid search:  80%|███████▉  | 3409/4276 [04:28<01:08, 12.72it/s]
HPSAC valid search:  80%|███████▉  | 3411/4276 [04:28<01:12, 11.97it/s]
HPSAC valid search:  80%|███████▉  | 3413/4276 [04:28<01:06, 13.00it/s]
HPSAC valid search:  80%|███████▉  | 3415/4276 [04:28<01:11, 12.11it/s]
HPSAC valid search:  80%|███████▉  | 3417/4276 [04:29<01:15, 11.44it/s]
HPSAC valid search:  80%|███████▉  | 3419/4276 [04:29<01:16, 11.13it/s]
HPSAC valid search:  80%|████████  | 3421/4276 [04:29<01:09, 12.31it/s]
HPSAC valid search:  80%|████████  | 3423/4276 [04:29<01:04, 13.30it/s]
HPSAC valid search:  80%|████████  | 3425/4276 [04:29<01:00, 14.08it/s]
HPSAC valid search:  80%|████████  | 3427/4276 [04:29<00:57, 14.68it/s]
HPSAC valid search:  80%|████████  | 3429/4276 [04:30<01:05, 12.93it/s]
HPSAC valid search:  80%|████████  | 3431/4276 [04:30<01:01, 13.79it/s]
HPSAC valid search:  80%|████████  | 3433/4276 [04:30<00:58, 14.48it/s]
HPSAC valid search:  80%|████████  | 3435/4276 [04:30<01:05, 12.83it/s]
HPSAC valid search:  80%|████████  | 3437/4276 [04:30<01:09, 12.00it/s]
HPSAC valid search:  80%|████████  | 3439/4276 [04:30<01:12, 11.50it/s]
HPSAC valid search:  80%|████████  | 3441/4276 [04:31<01:15, 11.11it/s]
HPSAC valid search:  81%|████████  | 3443/4276 [04:31<01:07, 12.30it/s]
HPSAC valid search:  81%|████████  | 3445/4276 [04:31<01:02, 13.29it/s]
HPSAC valid search:  81%|████████  | 3448/4276 [04:31<00:53, 15.34it/s]
HPSAC valid search:  81%|████████  | 3451/4276 [04:31<00:49, 16.77it/s]
HPSAC valid search:  81%|████████  | 3453/4276 [04:31<00:49, 16.67it/s]
HPSAC valid search:  81%|████████  | 3455/4276 [04:31<00:57, 14.39it/s]
HPSAC valid search:  81%|████████  | 3457/4276 [04:32<01:02, 13.01it/s]
HPSAC valid search:  81%|████████  | 3459/4276 [04:32<01:07, 12.17it/s]
HPSAC valid search:  81%|████████  | 3461/4276 [04:32<01:02, 12.99it/s]
HPSAC valid search:  81%|████████  | 3463/4276 [04:32<01:07, 12.13it/s]
HPSAC valid search:  81%|████████  | 3465/4276 [04:32<01:01, 13.13it/s]
HPSAC valid search:  81%|████████  | 3467/4276 [04:32<01:06, 12.21it/s]
HPSAC valid search:  81%|████████  | 3469/4276 [04:33<01:09, 11.61it/s]
HPSAC valid search:  81%|████████  | 3471/4276 [04:33<01:04, 12.56it/s]
HPSAC valid search:  81%|████████  | 3473/4276 [04:33<01:07, 11.85it/s]
HPSAC valid search:  81%|████████▏ | 3475/4276 [04:33<01:10, 11.40it/s]
HPSAC valid search:  81%|████████▏ | 3477/4276 [04:33<01:11, 11.10it/s]
HPSAC valid search:  81%|████████▏ | 3479/4276 [04:33<01:13, 10.89it/s]
HPSAC valid search:  81%|████████▏ | 3482/4276 [04:34<00:59, 13.28it/s]
HPSAC valid search:  81%|████████▏ | 3484/4276 [04:34<00:57, 13.83it/s]
HPSAC valid search:  82%|████████▏ | 3486/4276 [04:34<00:55, 14.27it/s]
HPSAC valid search:  82%|████████▏ | 3488/4276 [04:34<01:00, 12.92it/s]
HPSAC valid search:  82%|████████▏ | 3490/4276 [04:34<01:04, 12.09it/s]
HPSAC valid search:  82%|████████▏ | 3493/4276 [04:34<00:54, 14.27it/s]
HPSAC valid search:  82%|████████▏ | 3495/4276 [04:35<00:52, 14.77it/s]
HPSAC valid search:  82%|████████▏ | 3497/4276 [04:35<00:58, 13.25it/s]
HPSAC valid search:  82%|████████▏ | 3499/4276 [04:35<00:55, 14.01it/s]
HPSAC valid search:  82%|████████▏ | 3501/4276 [04:35<01:00, 12.77it/s]
HPSAC valid search:  82%|████████▏ | 3503/4276 [04:35<00:56, 13.62it/s]
HPSAC valid search:  82%|████████▏ | 3505/4276 [04:35<01:01, 12.51it/s]
HPSAC valid search:  82%|████████▏ | 3507/4276 [04:36<01:05, 11.82it/s]
HPSAC valid search:  82%|████████▏ | 3509/4276 [04:36<01:07, 11.38it/s]
HPSAC valid search:  82%|████████▏ | 3511/4276 [04:36<01:01, 12.51it/s]
HPSAC valid search:  82%|████████▏ | 3513/4276 [04:36<01:04, 11.82it/s]
HPSAC valid search:  82%|████████▏ | 3517/4276 [04:36<00:50, 15.18it/s]
HPSAC valid search:  82%|████████▏ | 3519/4276 [04:36<00:55, 13.65it/s]
HPSAC valid search:  82%|████████▏ | 3521/4276 [04:37<01:00, 12.50it/s]
HPSAC valid search:  82%|████████▏ | 3523/4276 [04:37<01:03, 11.84it/s]
HPSAC valid search:  82%|████████▏ | 3525/4276 [04:37<01:05, 11.41it/s]
HPSAC valid search:  82%|████████▏ | 3527/4276 [04:37<01:00, 12.35it/s]
HPSAC valid search:  83%|████████▎ | 3529/4276 [04:37<00:56, 13.29it/s]
HPSAC valid search:  83%|████████▎ | 3531/4276 [04:37<01:00, 12.31it/s]
HPSAC valid search:  83%|████████▎ | 3533/4276 [04:38<01:03, 11.68it/s]
HPSAC valid search:  83%|████████▎ | 3535/4276 [04:38<01:05, 11.27it/s]
HPSAC valid search:  83%|████████▎ | 3537/4276 [04:38<01:07, 10.90it/s]
HPSAC valid search:  83%|████████▎ | 3539/4276 [04:38<01:00, 12.11it/s]
HPSAC valid search:  83%|████████▎ | 3541/4276 [04:38<00:56, 13.11it/s]
HPSAC valid search:  83%|████████▎ | 3543/4276 [04:38<01:00, 12.04it/s]
HPSAC valid search:  83%|████████▎ | 3545/4276 [04:39<01:03, 11.52it/s]
HPSAC valid search:  83%|████████▎ | 3547/4276 [04:39<00:57, 12.62it/s]
HPSAC valid search:  83%|████████▎ | 3549/4276 [04:39<01:01, 11.74it/s]
HPSAC valid search:  83%|████████▎ | 3551/4276 [04:39<00:56, 12.82it/s]
HPSAC valid search:  83%|████████▎ | 3554/4276 [04:39<00:48, 14.79it/s]
HPSAC valid search:  83%|████████▎ | 3556/4276 [04:39<00:47, 15.00it/s]
HPSAC valid search:  83%|████████▎ | 3560/4276 [04:40<00:40, 17.61it/s]
HPSAC valid search:  83%|████████▎ | 3562/4276 [04:40<00:47, 15.15it/s]
HPSAC valid search:  83%|████████▎ | 3566/4276 [04:40<00:40, 17.50it/s]
HPSAC valid search:  83%|████████▎ | 3568/4276 [04:40<00:41, 17.24it/s]
HPSAC valid search:  83%|████████▎ | 3570/4276 [04:40<00:47, 14.73it/s]
HPSAC valid search:  84%|████████▎ | 3572/4276 [04:40<00:52, 13.33it/s]
HPSAC valid search:  84%|████████▎ | 3576/4276 [04:41<00:43, 16.19it/s]
HPSAC valid search:  84%|████████▎ | 3578/4276 [04:41<00:48, 14.36it/s]
HPSAC valid search:  84%|████████▎ | 3580/4276 [04:41<00:47, 14.80it/s]
HPSAC valid search:  84%|████████▍ | 3582/4276 [04:41<00:52, 13.34it/s]
HPSAC valid search:  84%|████████▍ | 3584/4276 [04:41<00:55, 12.41it/s]
HPSAC valid search:  84%|████████▍ | 3587/4276 [04:41<00:47, 14.47it/s]
HPSAC valid search:  84%|████████▍ | 3589/4276 [04:42<00:46, 14.92it/s]
HPSAC valid search:  84%|████████▍ | 3591/4276 [04:42<00:44, 15.27it/s]
HPSAC valid search:  84%|████████▍ | 3593/4276 [04:42<00:43, 15.57it/s]
HPSAC valid search:  84%|████████▍ | 3595/4276 [04:42<00:49, 13.66it/s]
HPSAC valid search:  84%|████████▍ | 3597/4276 [04:42<00:54, 12.53it/s]
HPSAC valid search:  84%|████████▍ | 3599/4276 [04:42<00:50, 13.29it/s]
HPSAC valid search:  84%|████████▍ | 3601/4276 [04:42<00:48, 14.05it/s]
HPSAC valid search:  84%|████████▍ | 3603/4276 [04:43<00:45, 14.65it/s]
HPSAC valid search:  84%|████████▍ | 3605/4276 [04:43<00:51, 13.08it/s]
HPSAC valid search:  84%|████████▍ | 3607/4276 [04:43<00:48, 13.89it/s]
HPSAC valid search:  84%|████████▍ | 3609/4276 [04:43<00:52, 12.63it/s]
HPSAC valid search:  84%|████████▍ | 3611/4276 [04:43<00:55, 11.88it/s]
HPSAC valid search:  84%|████████▍ | 3613/4276 [04:43<00:51, 12.94it/s]
HPSAC valid search:  85%|████████▍ | 3615/4276 [04:44<00:55, 11.94it/s]
HPSAC valid search:  85%|████████▍ | 3617/4276 [04:44<00:57, 11.45it/s]
HPSAC valid search:  85%|████████▍ | 3619/4276 [04:44<00:59, 11.12it/s]
HPSAC valid search:  85%|████████▍ | 3621/4276 [04:44<00:53, 12.30it/s]
HPSAC valid search:  85%|████████▍ | 3623/4276 [04:44<00:56, 11.56it/s]
HPSAC valid search:  85%|████████▍ | 3625/4276 [04:44<00:51, 12.66it/s]
HPSAC valid search:  85%|████████▍ | 3627/4276 [04:45<00:54, 11.90it/s]
HPSAC valid search:  85%|████████▍ | 3629/4276 [04:45<00:56, 11.43it/s]
HPSAC valid search:  85%|████████▍ | 3631/4276 [04:45<00:58, 11.12it/s]
HPSAC valid search:  85%|████████▍ | 3633/4276 [04:45<00:58, 10.91it/s]
HPSAC valid search:  85%|████████▌ | 3635/4276 [04:45<00:59, 10.77it/s]
HPSAC valid search:  85%|████████▌ | 3637/4276 [04:46<00:53, 12.01it/s]
HPSAC valid search:  85%|████████▌ | 3639/4276 [04:46<00:55, 11.50it/s]
HPSAC valid search:  85%|████████▌ | 3641/4276 [04:46<00:50, 12.62it/s]
HPSAC valid search:  85%|████████▌ | 3643/4276 [04:46<00:53, 11.88it/s]
HPSAC valid search:  85%|████████▌ | 3645/4276 [04:46<00:55, 11.40it/s]
HPSAC valid search:  85%|████████▌ | 3647/4276 [04:46<00:50, 12.54it/s]
HPSAC valid search:  85%|████████▌ | 3649/4276 [04:47<00:52, 11.84it/s]
HPSAC valid search:  85%|████████▌ | 3651/4276 [04:47<00:54, 11.38it/s]
HPSAC valid search:  85%|████████▌ | 3653/4276 [04:47<00:56, 11.09it/s]
HPSAC valid search:  85%|████████▌ | 3655/4276 [04:47<00:57, 10.87it/s]
HPSAC valid search:  86%|████████▌ | 3657/4276 [04:47<00:51, 11.95it/s]
HPSAC valid search:  86%|████████▌ | 3659/4276 [04:47<00:54, 11.34it/s]
HPSAC valid search:  86%|████████▌ | 3661/4276 [04:48<00:49, 12.49it/s]
HPSAC valid search:  86%|████████▌ | 3663/4276 [04:48<00:51, 11.80it/s]
HPSAC valid search:  86%|████████▌ | 3665/4276 [04:48<00:47, 12.88it/s]
HPSAC valid search:  86%|████████▌ | 3667/4276 [04:48<00:50, 12.05it/s]
HPSAC valid search:  86%|████████▌ | 3669/4276 [04:48<00:52, 11.52it/s]
HPSAC valid search:  86%|████████▌ | 3671/4276 [04:48<00:55, 10.95it/s]
HPSAC valid search:  86%|████████▌ | 3673/4276 [04:49<00:55, 10.79it/s]
HPSAC valid search:  86%|████████▌ | 3675/4276 [04:49<00:57, 10.47it/s]
HPSAC valid search:  86%|████████▌ | 3677/4276 [04:49<00:57, 10.37it/s]
HPSAC valid search:  86%|████████▌ | 3679/4276 [04:49<00:57, 10.39it/s]
HPSAC valid search:  86%|████████▌ | 3681/4276 [04:49<00:50, 11.67it/s]
HPSAC valid search:  86%|████████▌ | 3683/4276 [04:49<00:46, 12.77it/s]
HPSAC valid search:  86%|████████▌ | 3685/4276 [04:50<00:43, 13.67it/s]
HPSAC valid search:  86%|████████▌ | 3687/4276 [04:50<00:40, 14.39it/s]
HPSAC valid search:  86%|████████▋ | 3689/4276 [04:50<00:39, 14.93it/s]
HPSAC valid search:  86%|████████▋ | 3691/4276 [04:50<00:44, 13.23it/s]
HPSAC valid search:  86%|████████▋ | 3693/4276 [04:50<00:42, 13.86it/s]
HPSAC valid search:  86%|████████▋ | 3695/4276 [04:50<00:46, 12.46it/s]
HPSAC valid search:  86%|████████▋ | 3697/4276 [04:50<00:43, 13.42it/s]
HPSAC valid search:  87%|████████▋ | 3699/4276 [04:51<00:46, 12.36it/s]
HPSAC valid search:  87%|████████▋ | 3701/4276 [04:51<00:50, 11.47it/s]
HPSAC valid search:  87%|████████▋ | 3703/4276 [04:51<00:51, 11.15it/s]
HPSAC valid search:  87%|████████▋ | 3707/4276 [04:51<00:39, 14.42it/s]
HPSAC valid search:  87%|████████▋ | 3709/4276 [04:51<00:43, 13.18it/s]
HPSAC valid search:  87%|████████▋ | 3711/4276 [04:52<00:45, 12.33it/s]
HPSAC valid search:  87%|████████▋ | 3713/4276 [04:52<00:42, 13.22it/s]
HPSAC valid search:  87%|████████▋ | 3715/4276 [04:52<00:45, 12.31it/s]
HPSAC valid search:  87%|████████▋ | 3717/4276 [04:52<00:48, 11.58it/s]
HPSAC valid search:  87%|████████▋ | 3720/4276 [04:52<00:40, 13.81it/s]
HPSAC valid search:  87%|████████▋ | 3722/4276 [04:52<00:38, 14.38it/s]
HPSAC valid search:  87%|████████▋ | 3724/4276 [04:53<00:43, 12.75it/s]
HPSAC valid search:  87%|████████▋ | 3726/4276 [04:53<00:40, 13.59it/s]
HPSAC valid search:  87%|████████▋ | 3728/4276 [04:53<00:38, 14.29it/s]
HPSAC valid search:  87%|████████▋ | 3730/4276 [04:53<00:36, 14.83it/s]
HPSAC valid search:  87%|████████▋ | 3733/4276 [04:53<00:32, 16.52it/s]
HPSAC valid search:  87%|████████▋ | 3735/4276 [04:53<00:32, 16.48it/s]
HPSAC valid search:  87%|████████▋ | 3737/4276 [04:53<00:37, 14.19it/s]
HPSAC valid search:  87%|████████▋ | 3739/4276 [04:54<00:36, 14.74it/s]
HPSAC valid search:  87%|████████▋ | 3741/4276 [04:54<00:40, 13.17it/s]
HPSAC valid search:  88%|████████▊ | 3743/4276 [04:54<00:43, 12.25it/s]
HPSAC valid search:  88%|████████▊ | 3745/4276 [04:54<00:45, 11.65it/s]
HPSAC valid search:  88%|████████▊ | 3747/4276 [04:54<00:46, 11.26it/s]
HPSAC valid search:  88%|████████▊ | 3749/4276 [04:54<00:42, 12.27it/s]
HPSAC valid search:  88%|████████▊ | 3751/4276 [04:55<00:45, 11.54it/s]
HPSAC valid search:  88%|████████▊ | 3753/4276 [04:55<00:41, 12.65it/s]
HPSAC valid search:  88%|████████▊ | 3755/4276 [04:55<00:38, 13.57it/s]
HPSAC valid search:  88%|████████▊ | 3757/4276 [04:55<00:41, 12.46it/s]
HPSAC valid search:  88%|████████▊ | 3759/4276 [04:55<00:38, 13.42it/s]
HPSAC valid search:  88%|████████▊ | 3761/4276 [04:55<00:41, 12.35it/s]
HPSAC valid search:  88%|████████▊ | 3763/4276 [04:56<00:43, 11.70it/s]
HPSAC valid search:  88%|████████▊ | 3765/4276 [04:56<00:45, 11.30it/s]
HPSAC valid search:  88%|████████▊ | 3768/4276 [04:56<00:37, 13.65it/s]
HPSAC valid search:  88%|████████▊ | 3770/4276 [04:56<00:35, 14.30it/s]
HPSAC valid search:  88%|████████▊ | 3772/4276 [04:56<00:33, 14.82it/s]
HPSAC valid search:  88%|████████▊ | 3774/4276 [04:56<00:32, 15.24it/s]
HPSAC valid search:  88%|████████▊ | 3776/4276 [04:56<00:32, 15.55it/s]
HPSAC valid search:  88%|████████▊ | 3778/4276 [04:57<00:31, 15.78it/s]
HPSAC valid search:  88%|████████▊ | 3780/4276 [04:57<00:36, 13.71it/s]
HPSAC valid search:  88%|████████▊ | 3782/4276 [04:57<00:34, 14.39it/s]
HPSAC valid search:  88%|████████▊ | 3784/4276 [04:57<00:38, 12.94it/s]
HPSAC valid search:  89%|████████▊ | 3786/4276 [04:57<00:40, 12.08it/s]
HPSAC valid search:  89%|████████▊ | 3788/4276 [04:57<00:42, 11.54it/s]
HPSAC valid search:  89%|████████▊ | 3790/4276 [04:58<00:38, 12.63it/s]
HPSAC valid search:  89%|████████▊ | 3792/4276 [04:58<00:35, 13.53it/s]
HPSAC valid search:  89%|████████▊ | 3794/4276 [04:58<00:38, 12.43it/s]
HPSAC valid search:  89%|████████▉ | 3796/4276 [04:58<00:35, 13.40it/s]
HPSAC valid search:  89%|████████▉ | 3798/4276 [04:58<00:33, 14.18it/s]
HPSAC valid search:  89%|████████▉ | 3800/4276 [04:58<00:37, 12.81it/s]
HPSAC valid search:  89%|████████▉ | 3802/4276 [04:58<00:34, 13.71it/s]
HPSAC valid search:  89%|████████▉ | 3804/4276 [04:59<00:37, 12.53it/s]
HPSAC valid search:  89%|████████▉ | 3806/4276 [04:59<00:39, 11.83it/s]
HPSAC valid search:  89%|████████▉ | 3808/4276 [04:59<00:41, 11.38it/s]
HPSAC valid search:  89%|████████▉ | 3810/4276 [04:59<00:42, 11.08it/s]
HPSAC valid search:  89%|████████▉ | 3812/4276 [04:59<00:42, 10.88it/s]
HPSAC valid search:  89%|████████▉ | 3814/4276 [05:00<00:43, 10.64it/s]
HPSAC valid search:  89%|████████▉ | 3816/4276 [05:00<00:43, 10.58it/s]
HPSAC valid search:  89%|████████▉ | 3818/4276 [05:00<00:43, 10.54it/s]
HPSAC valid search:  89%|████████▉ | 3820/4276 [05:00<00:43, 10.52it/s]
HPSAC valid search:  89%|████████▉ | 3822/4276 [05:00<00:43, 10.49it/s]
HPSAC valid search:  89%|████████▉ | 3824/4276 [05:01<00:43, 10.47it/s]
HPSAC valid search:  89%|████████▉ | 3826/4276 [05:01<00:42, 10.47it/s]
HPSAC valid search:  90%|████████▉ | 3828/4276 [05:01<00:42, 10.46it/s]
HPSAC valid search:  90%|████████▉ | 3830/4276 [05:01<00:38, 11.73it/s]
HPSAC valid search:  90%|████████▉ | 3832/4276 [05:01<00:34, 12.82it/s]
HPSAC valid search:  90%|████████▉ | 3834/4276 [05:01<00:36, 11.99it/s]
HPSAC valid search:  90%|████████▉ | 3836/4276 [05:02<00:38, 11.48it/s]
HPSAC valid search:  90%|████████▉ | 3838/4276 [05:02<00:39, 11.03it/s]
HPSAC valid search:  90%|████████▉ | 3840/4276 [05:02<00:40, 10.85it/s]
HPSAC valid search:  90%|████████▉ | 3842/4276 [05:02<00:35, 12.06it/s]
HPSAC valid search:  90%|████████▉ | 3844/4276 [05:02<00:32, 13.09it/s]
HPSAC valid search:  90%|████████▉ | 3846/4276 [05:02<00:35, 12.03it/s]
HPSAC valid search:  90%|████████▉ | 3848/4276 [05:03<00:37, 11.51it/s]
HPSAC valid search:  90%|█████████ | 3850/4276 [05:03<00:33, 12.62it/s]
HPSAC valid search:  90%|█████████ | 3852/4276 [05:03<00:35, 11.88it/s]
HPSAC valid search:  90%|█████████ | 3854/4276 [05:03<00:36, 11.41it/s]
HPSAC valid search:  90%|█████████ | 3856/4276 [05:03<00:37, 11.11it/s]
HPSAC valid search:  90%|█████████ | 3858/4276 [05:03<00:34, 12.29it/s]
HPSAC valid search:  90%|█████████ | 3860/4276 [05:04<00:31, 13.28it/s]
HPSAC valid search:  90%|█████████ | 3862/4276 [05:04<00:29, 14.08it/s]
HPSAC valid search:  90%|█████████ | 3864/4276 [05:04<00:32, 12.74it/s]
HPSAC valid search:  90%|█████████ | 3866/4276 [05:04<00:30, 13.64it/s]
HPSAC valid search:  90%|█████████ | 3868/4276 [05:04<00:33, 12.36it/s]
HPSAC valid search:  91%|█████████ | 3870/4276 [05:04<00:34, 11.72it/s]
HPSAC valid search:  91%|█████████ | 3872/4276 [05:04<00:31, 12.81it/s]
HPSAC valid search:  91%|█████████ | 3874/4276 [05:05<00:29, 13.71it/s]
HPSAC valid search:  91%|█████████ | 3876/4276 [05:05<00:31, 12.52it/s]
HPSAC valid search:  91%|█████████ | 3878/4276 [05:05<00:29, 13.46it/s]
HPSAC valid search:  91%|█████████ | 3880/4276 [05:05<00:32, 12.33it/s]
HPSAC valid search:  91%|█████████ | 3882/4276 [05:05<00:33, 11.64it/s]
HPSAC valid search:  91%|█████████ | 3884/4276 [05:05<00:30, 12.73it/s]
HPSAC valid search:  91%|█████████ | 3886/4276 [05:06<00:28, 13.61it/s]
HPSAC valid search:  91%|█████████ | 3888/4276 [05:06<00:31, 12.30it/s]
HPSAC valid search:  91%|█████████ | 3890/4276 [05:06<00:29, 13.27it/s]
HPSAC valid search:  91%|█████████ | 3892/4276 [05:06<00:31, 12.25it/s]
HPSAC valid search:  91%|█████████ | 3894/4276 [05:06<00:32, 11.63it/s]
HPSAC valid search:  91%|█████████ | 3896/4276 [05:06<00:33, 11.23it/s]
HPSAC valid search:  91%|█████████ | 3899/4276 [05:07<00:27, 13.56it/s]
HPSAC valid search:  91%|█████████ | 3901/4276 [05:07<00:29, 12.53it/s]
HPSAC valid search:  91%|█████████▏| 3903/4276 [05:07<00:31, 11.85it/s]
HPSAC valid search:  91%|█████████▏| 3905/4276 [05:07<00:28, 12.85it/s]
HPSAC valid search:  91%|█████████▏| 3907/4276 [05:07<00:27, 13.66it/s]
HPSAC valid search:  91%|█████████▏| 3909/4276 [05:07<00:25, 14.33it/s]
HPSAC valid search:  91%|█████████▏| 3911/4276 [05:07<00:24, 14.83it/s]
HPSAC valid search:  92%|█████████▏| 3913/4276 [05:08<00:23, 15.24it/s]
HPSAC valid search:  92%|█████████▏| 3915/4276 [05:08<00:27, 13.22it/s]
HPSAC valid search:  92%|█████████▏| 3917/4276 [05:08<00:29, 12.22it/s]
HPSAC valid search:  92%|█████████▏| 3919/4276 [05:08<00:30, 11.61it/s]
HPSAC valid search:  92%|█████████▏| 3921/4276 [05:08<00:31, 11.22it/s]
HPSAC valid search:  92%|█████████▏| 3923/4276 [05:09<00:32, 10.96it/s]
HPSAC valid search:  92%|█████████▏| 3926/4276 [05:09<00:26, 13.31it/s]
HPSAC valid search:  92%|█████████▏| 3928/4276 [05:09<00:24, 14.00it/s]
HPSAC valid search:  92%|█████████▏| 3930/4276 [05:09<00:27, 12.61it/s]
HPSAC valid search:  92%|█████████▏| 3932/4276 [05:09<00:28, 11.89it/s]
HPSAC valid search:  92%|█████████▏| 3934/4276 [05:09<00:30, 11.30it/s]
HPSAC valid search:  92%|█████████▏| 3936/4276 [05:10<00:30, 11.02it/s]
HPSAC valid search:  92%|█████████▏| 3938/4276 [05:10<00:27, 12.18it/s]
HPSAC valid search:  92%|█████████▏| 3940/4276 [05:10<00:29, 11.57it/s]
HPSAC valid search:  92%|█████████▏| 3942/4276 [05:10<00:26, 12.67it/s]
HPSAC valid search:  92%|█████████▏| 3944/4276 [05:10<00:27, 11.89it/s]
HPSAC valid search:  92%|█████████▏| 3946/4276 [05:10<00:29, 11.28it/s]
HPSAC valid search:  92%|█████████▏| 3948/4276 [05:11<00:26, 12.43it/s]
HPSAC valid search:  92%|█████████▏| 3950/4276 [05:11<00:24, 13.38it/s]
HPSAC valid search:  92%|█████████▏| 3952/4276 [05:11<00:22, 14.12it/s]
HPSAC valid search:  92%|█████████▏| 3954/4276 [05:11<00:21, 14.69it/s]
HPSAC valid search:  93%|█████████▎| 3956/4276 [05:11<00:24, 12.91it/s]
HPSAC valid search:  93%|█████████▎| 3958/4276 [05:11<00:23, 13.75it/s]
HPSAC valid search:  93%|█████████▎| 3960/4276 [05:11<00:25, 12.54it/s]
HPSAC valid search:  93%|█████████▎| 3962/4276 [05:12<00:23, 13.46it/s]
HPSAC valid search:  93%|█████████▎| 3964/4276 [05:12<00:21, 14.19it/s]
HPSAC valid search:  93%|█████████▎| 3966/4276 [05:12<00:24, 12.79it/s]
HPSAC valid search:  93%|█████████▎| 3968/4276 [05:12<00:22, 13.65it/s]
HPSAC valid search:  93%|█████████▎| 3970/4276 [05:12<00:21, 14.15it/s]
HPSAC valid search:  93%|█████████▎| 3972/4276 [05:12<00:23, 12.76it/s]
HPSAC valid search:  93%|█████████▎| 3974/4276 [05:13<00:25, 11.95it/s]
HPSAC valid search:  93%|█████████▎| 3976/4276 [05:13<00:26, 11.43it/s]
HPSAC valid search:  93%|█████████▎| 3978/4276 [05:13<00:26, 11.10it/s]
HPSAC valid search:  93%|█████████▎| 3980/4276 [05:13<00:24, 12.12it/s]
HPSAC valid search:  93%|█████████▎| 3982/4276 [05:13<00:22, 12.96it/s]
HPSAC valid search:  93%|█████████▎| 3984/4276 [05:13<00:24, 12.07it/s]
HPSAC valid search:  93%|█████████▎| 3986/4276 [05:14<00:25, 11.51it/s]
HPSAC valid search:  93%|█████████▎| 3988/4276 [05:14<00:25, 11.16it/s]
HPSAC valid search:  93%|█████████▎| 3990/4276 [05:14<00:23, 12.30it/s]
HPSAC valid search:  93%|█████████▎| 3992/4276 [05:14<00:24, 11.52it/s]
HPSAC valid search:  93%|█████████▎| 3994/4276 [05:14<00:22, 12.61it/s]
HPSAC valid search:  93%|█████████▎| 3996/4276 [05:14<00:20, 13.53it/s]
HPSAC valid search:  93%|█████████▎| 3998/4276 [05:15<00:22, 12.41it/s]
HPSAC valid search:  94%|█████████▎| 4000/4276 [05:15<00:20, 13.36it/s]
HPSAC valid search:  94%|█████████▎| 4002/4276 [05:15<00:22, 12.29it/s]
HPSAC valid search:  94%|█████████▎| 4004/4276 [05:15<00:23, 11.66it/s]
HPSAC valid search:  94%|█████████▎| 4006/4276 [05:15<00:21, 12.73it/s]
HPSAC valid search:  94%|█████████▎| 4008/4276 [05:15<00:19, 13.63it/s]
HPSAC valid search:  94%|█████████▍| 4010/4276 [05:15<00:21, 12.49it/s]
HPSAC valid search:  94%|█████████▍| 4012/4276 [05:16<00:19, 13.44it/s]
HPSAC valid search:  94%|█████████▍| 4014/4276 [05:16<00:21, 12.24it/s]
HPSAC valid search:  94%|█████████▍| 4016/4276 [05:16<00:19, 13.09it/s]
HPSAC valid search:  94%|█████████▍| 4018/4276 [05:16<00:21, 12.16it/s]
HPSAC valid search:  94%|█████████▍| 4022/4276 [05:16<00:16, 15.50it/s]
HPSAC valid search:  94%|█████████▍| 4024/4276 [05:16<00:18, 13.85it/s]
HPSAC valid search:  94%|█████████▍| 4026/4276 [05:17<00:19, 12.77it/s]
HPSAC valid search:  94%|█████████▍| 4028/4276 [05:17<00:20, 11.92it/s]
HPSAC valid search:  94%|█████████▍| 4030/4276 [05:17<00:19, 12.76it/s]
HPSAC valid search:  94%|█████████▍| 4032/4276 [05:17<00:17, 13.62it/s]
HPSAC valid search:  94%|█████████▍| 4034/4276 [05:17<00:16, 14.29it/s]
HPSAC valid search:  94%|█████████▍| 4036/4276 [05:17<00:18, 12.90it/s]
HPSAC valid search:  94%|█████████▍| 4038/4276 [05:18<00:17, 13.76it/s]
HPSAC valid search:  94%|█████████▍| 4040/4276 [05:18<00:18, 12.58it/s]
HPSAC valid search:  95%|█████████▍| 4042/4276 [05:18<00:17, 13.50it/s]
HPSAC valid search:  95%|█████████▍| 4044/4276 [05:18<00:18, 12.42it/s]
HPSAC valid search:  95%|█████████▍| 4046/4276 [05:18<00:19, 11.76it/s]
HPSAC valid search:  95%|█████████▍| 4048/4276 [05:18<00:17, 12.69it/s]
HPSAC valid search:  95%|█████████▍| 4050/4276 [05:19<00:16, 13.58it/s]
HPSAC valid search:  95%|█████████▍| 4052/4276 [05:19<00:17, 12.46it/s]
HPSAC valid search:  95%|█████████▍| 4054/4276 [05:19<00:18, 11.78it/s]
HPSAC valid search:  95%|█████████▍| 4056/4276 [05:19<00:19, 11.34it/s]
HPSAC valid search:  95%|█████████▍| 4058/4276 [05:19<00:19, 11.04it/s]
HPSAC valid search:  95%|█████████▍| 4060/4276 [05:19<00:19, 10.85it/s]
HPSAC valid search:  95%|█████████▍| 4062/4276 [05:20<00:17, 12.07it/s]
HPSAC valid search:  95%|█████████▌| 4064/4276 [05:20<00:18, 11.54it/s]
HPSAC valid search:  95%|█████████▌| 4066/4276 [05:20<00:16, 12.66it/s]
HPSAC valid search:  95%|█████████▌| 4068/4276 [05:20<00:15, 13.58it/s]
HPSAC valid search:  95%|█████████▌| 4070/4276 [05:20<00:14, 14.31it/s]
HPSAC valid search:  95%|█████████▌| 4072/4276 [05:20<00:13, 14.86it/s]
HPSAC valid search:  95%|█████████▌| 4074/4276 [05:20<00:15, 13.19it/s]
HPSAC valid search:  95%|█████████▌| 4077/4276 [05:21<00:13, 15.26it/s]
HPSAC valid search:  95%|█████████▌| 4079/4276 [05:21<00:14, 13.55it/s]
HPSAC valid search:  95%|█████████▌| 4081/4276 [05:21<00:13, 14.23it/s]
HPSAC valid search:  95%|█████████▌| 4083/4276 [05:21<00:13, 14.79it/s]
HPSAC valid search:  96%|█████████▌| 4086/4276 [05:21<00:11, 16.47it/s]
HPSAC valid search:  96%|█████████▌| 4088/4276 [05:21<00:13, 14.27it/s]
HPSAC valid search:  96%|█████████▌| 4090/4276 [05:22<00:14, 12.82it/s]
HPSAC valid search:  96%|█████████▌| 4092/4276 [05:22<00:15, 12.03it/s]
HPSAC valid search:  96%|█████████▌| 4094/4276 [05:22<00:15, 11.53it/s]
HPSAC valid search:  96%|█████████▌| 4096/4276 [05:22<00:16, 11.18it/s]
HPSAC valid search:  96%|█████████▌| 4098/4276 [05:22<00:14, 12.33it/s]
HPSAC valid search:  96%|█████████▌| 4100/4276 [05:22<00:13, 13.26it/s]
HPSAC valid search:  96%|█████████▌| 4104/4276 [05:23<00:10, 16.41it/s]
HPSAC valid search:  96%|█████████▌| 4106/4276 [05:23<00:10, 16.40it/s]
HPSAC valid search:  96%|█████████▌| 4108/4276 [05:23<00:10, 16.18it/s]
HPSAC valid search:  96%|█████████▌| 4110/4276 [05:23<00:11, 14.08it/s]
HPSAC valid search:  96%|█████████▌| 4112/4276 [05:23<00:12, 12.82it/s]
HPSAC valid search:  96%|█████████▌| 4114/4276 [05:23<00:12, 13.48it/s]
HPSAC valid search:  96%|█████████▋| 4116/4276 [05:24<00:13, 12.27it/s]
HPSAC valid search:  96%|█████████▋| 4118/4276 [05:24<00:13, 11.54it/s]
HPSAC valid search:  96%|█████████▋| 4120/4276 [05:24<00:12, 12.62it/s]
HPSAC valid search:  96%|█████████▋| 4122/4276 [05:24<00:11, 13.53it/s]
HPSAC valid search:  96%|█████████▋| 4125/4276 [05:24<00:09, 15.50it/s]
HPSAC valid search:  97%|█████████▋| 4127/4276 [05:24<00:10, 13.70it/s]
HPSAC valid search:  97%|█████████▋| 4129/4276 [05:25<00:11, 12.58it/s]
HPSAC valid search:  97%|█████████▋| 4131/4276 [05:25<00:12, 11.75it/s]
HPSAC valid search:  97%|█████████▋| 4133/4276 [05:25<00:11, 12.76it/s]
HPSAC valid search:  97%|█████████▋| 4135/4276 [05:25<00:11, 11.95it/s]
HPSAC valid search:  97%|█████████▋| 4137/4276 [05:25<00:10, 12.97it/s]
HPSAC valid search:  97%|█████████▋| 4139/4276 [05:25<00:09, 13.80it/s]
HPSAC valid search:  97%|█████████▋| 4141/4276 [05:25<00:10, 12.57it/s]
HPSAC valid search:  97%|█████████▋| 4143/4276 [05:26<00:11, 11.85it/s]
HPSAC valid search:  97%|█████████▋| 4145/4276 [05:26<00:11, 11.40it/s]
HPSAC valid search:  97%|█████████▋| 4147/4276 [05:26<00:11, 11.10it/s]
HPSAC valid search:  97%|█████████▋| 4149/4276 [05:26<00:10, 12.28it/s]
HPSAC valid search:  97%|█████████▋| 4151/4276 [05:26<00:09, 13.10it/s]
HPSAC valid search:  97%|█████████▋| 4153/4276 [05:26<00:10, 12.17it/s]
HPSAC valid search:  97%|█████████▋| 4155/4276 [05:27<00:10, 11.60it/s]
HPSAC valid search:  97%|█████████▋| 4157/4276 [05:27<00:10, 11.23it/s]
HPSAC valid search:  97%|█████████▋| 4159/4276 [05:27<00:09, 12.40it/s]
HPSAC valid search:  97%|█████████▋| 4161/4276 [05:27<00:10, 11.49it/s]
HPSAC valid search:  97%|█████████▋| 4163/4276 [05:27<00:09, 12.48it/s]
HPSAC valid search:  97%|█████████▋| 4165/4276 [05:28<00:09, 11.79it/s]
HPSAC valid search:  97%|█████████▋| 4167/4276 [05:28<00:08, 12.87it/s]
HPSAC valid search:  97%|█████████▋| 4169/4276 [05:28<00:07, 13.75it/s]
HPSAC valid search:  98%|█████████▊| 4171/4276 [05:28<00:07, 14.44it/s]
HPSAC valid search:  98%|█████████▊| 4174/4276 [05:28<00:06, 16.03it/s]
HPSAC valid search:  98%|█████████▊| 4176/4276 [05:28<00:06, 15.91it/s]
HPSAC valid search:  98%|█████████▊| 4178/4276 [05:28<00:07, 13.89it/s]
HPSAC valid search:  98%|█████████▊| 4180/4276 [05:29<00:07, 12.69it/s]
HPSAC valid search:  98%|█████████▊| 4182/4276 [05:29<00:07, 11.82it/s]
HPSAC valid search:  98%|█████████▊| 4184/4276 [05:29<00:08, 11.38it/s]
HPSAC valid search:  98%|█████████▊| 4186/4276 [05:29<00:07, 12.47it/s]
HPSAC valid search:  98%|█████████▊| 4188/4276 [05:29<00:06, 13.42it/s]
HPSAC valid search:  98%|█████████▊| 4190/4276 [05:29<00:06, 12.38it/s]
HPSAC valid search:  98%|█████████▊| 4192/4276 [05:30<00:07, 11.73it/s]
HPSAC valid search:  98%|█████████▊| 4194/4276 [05:30<00:07, 11.18it/s]
HPSAC valid search:  98%|█████████▊| 4196/4276 [05:30<00:06, 12.35it/s]
HPSAC valid search:  98%|█████████▊| 4198/4276 [05:30<00:06, 11.70it/s]
HPSAC valid search:  98%|█████████▊| 4200/4276 [05:30<00:06, 11.30it/s]
HPSAC valid search:  98%|█████████▊| 4202/4276 [05:30<00:06, 11.03it/s]
HPSAC valid search:  98%|█████████▊| 4204/4276 [05:31<00:06, 10.84it/s]
HPSAC valid search:  98%|█████████▊| 4206/4276 [05:31<00:06, 10.72it/s]
HPSAC valid search:  98%|█████████▊| 4208/4276 [05:31<00:06, 10.64it/s]
HPSAC valid search:  98%|█████████▊| 4210/4276 [05:31<00:06, 10.58it/s]
HPSAC valid search:  99%|█████████▊| 4214/4276 [05:31<00:03, 15.84it/s]
HPSAC valid search:  99%|█████████▊| 4216/4276 [05:32<00:04, 14.04it/s]
HPSAC valid search:  99%|█████████▊| 4218/4276 [05:32<00:03, 14.58it/s]
HPSAC valid search:  99%|█████████▊| 4220/4276 [05:32<00:04, 13.00it/s]
HPSAC valid search:  99%|█████████▊| 4222/4276 [05:32<00:03, 13.80it/s]
HPSAC valid search:  99%|█████████▉| 4224/4276 [05:32<00:04, 12.64it/s]
HPSAC valid search:  99%|█████████▉| 4226/4276 [05:32<00:04, 11.92it/s]
HPSAC valid search:  99%|█████████▉| 4228/4276 [05:32<00:03, 12.95it/s]
HPSAC valid search:  99%|█████████▉| 4230/4276 [05:33<00:03, 12.09it/s]
HPSAC valid search:  99%|█████████▉| 4232/4276 [05:33<00:03, 13.09it/s]
HPSAC valid search:  99%|█████████▉| 4234/4276 [05:33<00:03, 12.04it/s]
HPSAC valid search:  99%|█████████▉| 4236/4276 [05:33<00:03, 11.50it/s]
HPSAC valid search:  99%|█████████▉| 4238/4276 [05:33<00:03, 11.15it/s]
HPSAC valid search:  99%|█████████▉| 4240/4276 [05:34<00:03, 10.93it/s]
HPSAC valid search:  99%|█████████▉| 4242/4276 [05:34<00:03, 10.77it/s]
HPSAC valid search:  99%|█████████▉| 4244/4276 [05:34<00:02, 11.87it/s]
HPSAC valid search:  99%|█████████▉| 4246/4276 [05:34<00:02, 11.41it/s]
HPSAC valid search:  99%|█████████▉| 4248/4276 [05:34<00:02, 11.10it/s]
HPSAC valid search:  99%|█████████▉| 4251/4276 [05:34<00:01, 13.47it/s]
HPSAC valid search:  99%|█████████▉| 4253/4276 [05:35<00:01, 12.50it/s]
HPSAC valid search: 100%|█████████▉| 4255/4276 [05:35<00:01, 13.22it/s]
HPSAC valid search: 100%|█████████▉| 4257/4276 [05:35<00:01, 13.98it/s]
HPSAC valid search: 100%|█████████▉| 4259/4276 [05:35<00:01, 14.60it/s]
HPSAC valid search: 100%|█████████▉| 4261/4276 [05:35<00:01, 13.09it/s]
HPSAC valid search: 100%|█████████▉| 4263/4276 [05:35<00:00, 13.89it/s]
HPSAC valid search: 100%|█████████▉| 4265/4276 [05:35<00:00, 14.55it/s]
HPSAC valid search: 100%|█████████▉| 4267/4276 [05:36<00:00, 13.02it/s]
HPSAC valid search: 100%|█████████▉| 4269/4276 [05:36<00:00, 12.13it/s]
HPSAC valid search: 100%|█████████▉| 4271/4276 [05:36<00:00, 11.44it/s]
HPSAC valid search: 100%|█████████▉| 4273/4276 [05:36<00:00, 12.54it/s]
HPSAC valid search: 100%|█████████▉| 4275/4276 [05:36<00:00, 11.82it/s]
                                                                       
HPSAC selected groups | level1_groups=340 | non_fallback_effective=185 | non_fallback_both_have_text=185
HPSAC fallback stats | all_levels_total=346 | all_levels_specific=44 | all_levels_fallback=302 | effective_level1_specific=185 | effective_level1_fallback=155

HPSAC valid:   0%|          | 0/4276 [00:00<?, ?it/s]
HPSAC valid:   0%|          | 3/4276 [00:00<03:05, 23.07it/s]
HPSAC valid:   0%|          | 6/4276 [00:00<03:05, 22.99it/s]
HPSAC valid:   0%|          | 9/4276 [00:00<03:05, 23.03it/s]
HPSAC valid:   0%|          | 12/4276 [00:00<03:05, 23.02it/s]
HPSAC valid:   0%|          | 15/4276 [00:00<03:05, 23.03it/s]
HPSAC valid:   0%|          | 18/4276 [00:00<02:56, 24.09it/s]
HPSAC valid:   0%|          | 21/4276 [00:00<02:51, 24.84it/s]
HPSAC valid:   1%|          | 24/4276 [00:01<02:55, 24.28it/s]
HPSAC valid:   1%|          | 27/4276 [00:01<02:50, 24.92it/s]
HPSAC valid:   1%|          | 30/4276 [00:01<02:54, 24.34it/s]
HPSAC valid:   1%|          | 34/4276 [00:01<02:44, 25.72it/s]
HPSAC valid:   1%|          | 37/4276 [00:01<02:50, 24.83it/s]
HPSAC valid:   1%|          | 40/4276 [00:01<02:47, 25.30it/s]
HPSAC valid:   1%|          | 43/4276 [00:01<02:51, 24.64it/s]
HPSAC valid:   1%|          | 46/4276 [00:01<02:48, 25.17it/s]
HPSAC valid:   1%|          | 49/4276 [00:01<02:45, 25.57it/s]
HPSAC valid:   1%|          | 52/4276 [00:02<02:43, 25.86it/s]
HPSAC valid:   1%|▏         | 55/4276 [00:02<02:48, 24.99it/s]
HPSAC valid:   1%|▏         | 58/4276 [00:02<02:52, 24.41it/s]
HPSAC valid:   1%|▏         | 62/4276 [00:02<02:37, 26.74it/s]
HPSAC valid:   2%|▏         | 65/4276 [00:02<02:44, 25.64it/s]
HPSAC valid:   2%|▏         | 68/4276 [00:02<02:49, 24.88it/s]
HPSAC valid:   2%|▏         | 72/4276 [00:02<02:37, 26.63it/s]
HPSAC valid:   2%|▏         | 76/4276 [00:03<02:34, 27.23it/s]
HPSAC valid:   2%|▏         | 79/4276 [00:03<02:41, 26.01it/s]
HPSAC valid:   2%|▏         | 83/4276 [00:03<02:30, 27.82it/s]
HPSAC valid:   2%|▏         | 86/4276 [00:03<02:32, 27.48it/s]
HPSAC valid:   2%|▏         | 89/4276 [00:03<02:34, 27.18it/s]
HPSAC valid:   2%|▏         | 92/4276 [00:03<02:41, 25.91it/s]
HPSAC valid:   2%|▏         | 95/4276 [00:03<02:43, 25.59it/s]
HPSAC valid:   2%|▏         | 98/4276 [00:03<02:48, 24.83it/s]
HPSAC valid:   2%|▏         | 102/4276 [00:04<02:40, 26.02it/s]
HPSAC valid:   2%|▏         | 105/4276 [00:04<02:39, 26.16it/s]
HPSAC valid:   3%|▎         | 108/4276 [00:04<02:45, 25.23it/s]
HPSAC valid:   3%|▎         | 111/4276 [00:04<02:49, 24.60it/s]
HPSAC valid:   3%|▎         | 114/4276 [00:04<02:52, 24.17it/s]
HPSAC valid:   3%|▎         | 117/4276 [00:04<02:54, 23.83it/s]
HPSAC valid:   3%|▎         | 120/4276 [00:04<02:55, 23.63it/s]
HPSAC valid:   3%|▎         | 123/4276 [00:04<02:56, 23.48it/s]
HPSAC valid:   3%|▎         | 126/4276 [00:05<02:57, 23.34it/s]
HPSAC valid:   3%|▎         | 129/4276 [00:05<02:58, 23.28it/s]
HPSAC valid:   3%|▎         | 132/4276 [00:05<02:51, 24.17it/s]
HPSAC valid:   3%|▎         | 135/4276 [00:05<02:46, 24.84it/s]
HPSAC valid:   3%|▎         | 138/4276 [00:05<02:50, 24.32it/s]
HPSAC valid:   3%|▎         | 141/4276 [00:05<02:45, 24.92it/s]
HPSAC valid:   3%|▎         | 145/4276 [00:05<02:32, 27.16it/s]
HPSAC valid:   3%|▎         | 148/4276 [00:05<02:39, 25.91it/s]
HPSAC valid:   4%|▎         | 152/4276 [00:06<02:34, 26.76it/s]
HPSAC valid:   4%|▎         | 155/4276 [00:06<02:34, 26.67it/s]
HPSAC valid:   4%|▎         | 158/4276 [00:06<02:34, 26.61it/s]
HPSAC valid:   4%|▍         | 161/4276 [00:06<02:41, 25.53it/s]
HPSAC valid:   4%|▍         | 164/4276 [00:06<02:39, 25.83it/s]
HPSAC valid:   4%|▍         | 167/4276 [00:06<02:44, 24.98it/s]
HPSAC valid:   4%|▍         | 170/4276 [00:06<02:41, 25.42it/s]
HPSAC valid:   4%|▍         | 173/4276 [00:06<02:46, 24.71it/s]
HPSAC valid:   4%|▍         | 176/4276 [00:07<02:49, 24.19it/s]
HPSAC valid:   4%|▍         | 180/4276 [00:07<02:30, 27.16it/s]
HPSAC valid:   4%|▍         | 183/4276 [00:07<02:38, 25.90it/s]
HPSAC valid:   4%|▍         | 186/4276 [00:07<02:43, 25.01it/s]
HPSAC valid:   4%|▍         | 189/4276 [00:07<02:40, 25.44it/s]
HPSAC valid:   4%|▍         | 192/4276 [00:07<02:38, 25.75it/s]
HPSAC valid:   5%|▍         | 195/4276 [00:07<02:37, 25.97it/s]
HPSAC valid:   5%|▍         | 198/4276 [00:07<02:42, 25.06it/s]
HPSAC valid:   5%|▍         | 201/4276 [00:07<02:46, 24.43it/s]
HPSAC valid:   5%|▍         | 204/4276 [00:08<02:49, 24.07it/s]
HPSAC valid:   5%|▍         | 207/4276 [00:08<02:50, 23.82it/s]
HPSAC valid:   5%|▍         | 210/4276 [00:08<02:52, 23.58it/s]
HPSAC valid:   5%|▍         | 213/4276 [00:08<02:52, 23.49it/s]
HPSAC valid:   5%|▌         | 217/4276 [00:08<02:41, 25.13it/s]
HPSAC valid:   5%|▌         | 220/4276 [00:08<02:45, 24.52it/s]
HPSAC valid:   5%|▌         | 223/4276 [00:08<02:47, 24.14it/s]
HPSAC valid:   5%|▌         | 226/4276 [00:09<02:50, 23.80it/s]
HPSAC valid:   5%|▌         | 230/4276 [00:09<02:39, 25.31it/s]
HPSAC valid:   5%|▌         | 234/4276 [00:09<02:33, 26.32it/s]
HPSAC valid:   6%|▌         | 237/4276 [00:09<02:38, 25.42it/s]
HPSAC valid:   6%|▌         | 240/4276 [00:09<02:36, 25.75it/s]
HPSAC valid:   6%|▌         | 243/4276 [00:09<02:41, 24.93it/s]
HPSAC valid:   6%|▌         | 246/4276 [00:09<02:38, 25.38it/s]
HPSAC valid:   6%|▌         | 249/4276 [00:09<02:36, 25.74it/s]
HPSAC valid:   6%|▌         | 252/4276 [00:10<02:34, 26.01it/s]
HPSAC valid:   6%|▌         | 255/4276 [00:10<02:40, 25.13it/s]
HPSAC valid:   6%|▌         | 258/4276 [00:10<02:37, 25.56it/s]
HPSAC valid:   6%|▌         | 261/4276 [00:10<02:35, 25.88it/s]
HPSAC valid:   6%|▌         | 264/4276 [00:10<02:40, 25.04it/s]
HPSAC valid:   6%|▌         | 267/4276 [00:10<02:37, 25.51it/s]
HPSAC valid:   6%|▋         | 271/4276 [00:10<02:30, 26.61it/s]
HPSAC valid:   6%|▋         | 274/4276 [00:10<02:30, 26.55it/s]
HPSAC valid:   6%|▋         | 277/4276 [00:10<02:36, 25.51it/s]
HPSAC valid:   7%|▋         | 280/4276 [00:11<02:41, 24.81it/s]
HPSAC valid:   7%|▋         | 283/4276 [00:11<02:44, 24.30it/s]
HPSAC valid:   7%|▋         | 286/4276 [00:11<02:46, 23.97it/s]
HPSAC valid:   7%|▋         | 289/4276 [00:11<02:41, 24.70it/s]
HPSAC valid:   7%|▋         | 293/4276 [00:11<02:33, 26.03it/s]
HPSAC valid:   7%|▋         | 296/4276 [00:11<02:32, 26.16it/s]
HPSAC valid:   7%|▋         | 299/4276 [00:11<02:37, 25.24it/s]
HPSAC valid:   7%|▋         | 302/4276 [00:12<02:41, 24.59it/s]
HPSAC valid:   7%|▋         | 305/4276 [00:12<02:37, 25.16it/s]
HPSAC valid:   7%|▋         | 308/4276 [00:12<02:35, 25.59it/s]
HPSAC valid:   7%|▋         | 312/4276 [00:12<02:22, 27.74it/s]
HPSAC valid:   7%|▋         | 315/4276 [00:12<02:30, 26.33it/s]
HPSAC valid:   7%|▋         | 318/4276 [00:12<02:36, 25.32it/s]
HPSAC valid:   8%|▊         | 321/4276 [00:12<02:33, 25.70it/s]
HPSAC valid:   8%|▊         | 324/4276 [00:12<02:38, 24.89it/s]
HPSAC valid:   8%|▊         | 327/4276 [00:12<02:42, 24.36it/s]
HPSAC valid:   8%|▊         | 330/4276 [00:13<02:44, 24.02it/s]
HPSAC valid:   8%|▊         | 333/4276 [00:13<02:39, 24.74it/s]
HPSAC valid:   8%|▊         | 337/4276 [00:13<02:31, 26.06it/s]
HPSAC valid:   8%|▊         | 340/4276 [00:13<02:30, 26.22it/s]
HPSAC valid:   8%|▊         | 343/4276 [00:13<02:29, 26.34it/s]
HPSAC valid:   8%|▊         | 346/4276 [00:13<02:25, 26.99it/s]
HPSAC valid:   8%|▊         | 349/4276 [00:13<02:32, 25.78it/s]
HPSAC valid:   8%|▊         | 352/4276 [00:13<02:30, 26.01it/s]
HPSAC valid:   8%|▊         | 355/4276 [00:14<02:36, 25.07it/s]
HPSAC valid:   8%|▊         | 358/4276 [00:14<02:33, 25.53it/s]
HPSAC valid:   8%|▊         | 361/4276 [00:14<02:31, 25.85it/s]
HPSAC valid:   9%|▊         | 364/4276 [00:14<02:36, 24.98it/s]
HPSAC valid:   9%|▊         | 367/4276 [00:14<02:36, 24.97it/s]
HPSAC valid:   9%|▊         | 370/4276 [00:14<02:40, 24.40it/s]
HPSAC valid:   9%|▊         | 373/4276 [00:14<02:42, 24.03it/s]
HPSAC valid:   9%|▉         | 376/4276 [00:14<02:37, 24.70it/s]
HPSAC valid:   9%|▉         | 379/4276 [00:15<02:34, 25.22it/s]
HPSAC valid:   9%|▉         | 382/4276 [00:15<02:38, 24.59it/s]
HPSAC valid:   9%|▉         | 385/4276 [00:15<02:37, 24.65it/s]
HPSAC valid:   9%|▉         | 388/4276 [00:15<02:34, 25.13it/s]
HPSAC valid:   9%|▉         | 391/4276 [00:15<02:38, 24.50it/s]
HPSAC valid:   9%|▉         | 394/4276 [00:15<02:41, 24.08it/s]
HPSAC valid:   9%|▉         | 397/4276 [00:15<02:36, 24.80it/s]
HPSAC valid:   9%|▉         | 400/4276 [00:15<02:39, 24.28it/s]
HPSAC valid:   9%|▉         | 403/4276 [00:16<02:41, 23.95it/s]
HPSAC valid:  10%|▉         | 407/4276 [00:16<02:26, 26.46it/s]
HPSAC valid:  10%|▉         | 410/4276 [00:16<02:31, 25.47it/s]
HPSAC valid:  10%|▉         | 413/4276 [00:16<02:35, 24.80it/s]
HPSAC valid:  10%|▉         | 416/4276 [00:16<02:38, 24.29it/s]
HPSAC valid:  10%|▉         | 419/4276 [00:16<02:41, 23.94it/s]
HPSAC valid:  10%|▉         | 422/4276 [00:16<02:36, 24.67it/s]
HPSAC valid:  10%|▉         | 425/4276 [00:16<02:32, 25.23it/s]
HPSAC valid:  10%|█         | 428/4276 [00:16<02:30, 25.59it/s]
HPSAC valid:  10%|█         | 432/4276 [00:17<02:24, 26.62it/s]
HPSAC valid:  10%|█         | 435/4276 [00:17<02:30, 25.50it/s]
HPSAC valid:  10%|█         | 438/4276 [00:17<02:34, 24.80it/s]
HPSAC valid:  10%|█         | 441/4276 [00:17<02:31, 25.27it/s]
HPSAC valid:  10%|█         | 444/4276 [00:17<02:29, 25.56it/s]
HPSAC valid:  10%|█         | 447/4276 [00:17<02:27, 25.88it/s]
HPSAC valid:  11%|█         | 450/4276 [00:17<02:33, 24.97it/s]
HPSAC valid:  11%|█         | 453/4276 [00:17<02:30, 25.44it/s]
HPSAC valid:  11%|█         | 456/4276 [00:18<02:28, 25.75it/s]
HPSAC valid:  11%|█         | 459/4276 [00:18<02:27, 25.96it/s]
HPSAC valid:  11%|█         | 462/4276 [00:18<02:26, 26.12it/s]
HPSAC valid:  11%|█         | 465/4276 [00:18<02:27, 25.75it/s]
HPSAC valid:  11%|█         | 468/4276 [00:18<02:32, 24.92it/s]
HPSAC valid:  11%|█         | 471/4276 [00:18<02:29, 25.40it/s]
HPSAC valid:  11%|█         | 474/4276 [00:18<02:27, 25.72it/s]
HPSAC valid:  11%|█         | 477/4276 [00:18<02:29, 25.48it/s]
HPSAC valid:  11%|█         | 480/4276 [00:19<02:27, 25.82it/s]
HPSAC valid:  11%|█▏        | 483/4276 [00:19<02:32, 24.91it/s]
HPSAC valid:  11%|█▏        | 486/4276 [00:19<02:29, 25.38it/s]
HPSAC valid:  11%|█▏        | 489/4276 [00:19<02:27, 25.74it/s]
HPSAC valid:  12%|█▏        | 492/4276 [00:19<02:22, 26.59it/s]
HPSAC valid:  12%|█▏        | 495/4276 [00:19<02:28, 25.51it/s]
HPSAC valid:  12%|█▏        | 498/4276 [00:19<02:29, 25.29it/s]
HPSAC valid:  12%|█▏        | 502/4276 [00:19<02:17, 27.53it/s]
HPSAC valid:  12%|█▏        | 505/4276 [00:19<02:24, 26.18it/s]
HPSAC valid:  12%|█▏        | 508/4276 [00:20<02:29, 25.19it/s]
HPSAC valid:  12%|█▏        | 511/4276 [00:20<02:27, 25.55it/s]
HPSAC valid:  12%|█▏        | 514/4276 [00:20<02:28, 25.33it/s]
HPSAC valid:  12%|█▏        | 518/4276 [00:20<02:22, 26.44it/s]
HPSAC valid:  12%|█▏        | 521/4276 [00:20<02:27, 25.46it/s]
HPSAC valid:  12%|█▏        | 525/4276 [00:20<02:16, 27.47it/s]
HPSAC valid:  12%|█▏        | 528/4276 [00:20<02:17, 27.17it/s]
HPSAC valid:  12%|█▏        | 531/4276 [00:20<02:18, 27.01it/s]
HPSAC valid:  12%|█▏        | 534/4276 [00:21<02:24, 25.83it/s]
HPSAC valid:  13%|█▎        | 537/4276 [00:21<02:23, 25.99it/s]
HPSAC valid:  13%|█▎        | 540/4276 [00:21<02:28, 25.08it/s]
HPSAC valid:  13%|█▎        | 543/4276 [00:21<02:32, 24.51it/s]
HPSAC valid:  13%|█▎        | 546/4276 [00:21<02:34, 24.07it/s]
HPSAC valid:  13%|█▎        | 549/4276 [00:21<02:30, 24.78it/s]
HPSAC valid:  13%|█▎        | 552/4276 [00:21<02:27, 25.32it/s]
HPSAC valid:  13%|█▎        | 555/4276 [00:21<02:24, 25.71it/s]
HPSAC valid:  13%|█▎        | 559/4276 [00:22<02:19, 26.74it/s]
HPSAC valid:  13%|█▎        | 562/4276 [00:22<02:19, 26.71it/s]
HPSAC valid:  13%|█▎        | 565/4276 [00:22<02:24, 25.61it/s]
HPSAC valid:  13%|█▎        | 568/4276 [00:22<02:23, 25.90it/s]
HPSAC valid:  13%|█▎        | 571/4276 [00:22<02:21, 26.11it/s]
HPSAC valid:  13%|█▎        | 574/4276 [00:22<02:20, 26.27it/s]
HPSAC valid:  13%|█▎        | 577/4276 [00:22<02:26, 25.30it/s]
HPSAC valid:  14%|█▎        | 580/4276 [00:22<02:24, 25.66it/s]
HPSAC valid:  14%|█▎        | 584/4276 [00:23<02:12, 27.76it/s]
HPSAC valid:  14%|█▎        | 587/4276 [00:23<02:14, 27.40it/s]
HPSAC valid:  14%|█▍        | 590/4276 [00:23<02:15, 27.18it/s]
HPSAC valid:  14%|█▍        | 593/4276 [00:23<02:22, 25.87it/s]
HPSAC valid:  14%|█▍        | 596/4276 [00:23<02:21, 26.09it/s]
HPSAC valid:  14%|█▍        | 599/4276 [00:23<02:20, 26.24it/s]
HPSAC valid:  14%|█▍        | 602/4276 [00:23<02:19, 26.36it/s]
HPSAC valid:  14%|█▍        | 605/4276 [00:23<02:21, 25.92it/s]
HPSAC valid:  14%|█▍        | 608/4276 [00:23<02:26, 25.07it/s]
HPSAC valid:  14%|█▍        | 611/4276 [00:24<02:23, 25.53it/s]
HPSAC valid:  14%|█▍        | 614/4276 [00:24<02:27, 24.75it/s]
HPSAC valid:  14%|█▍        | 617/4276 [00:24<02:24, 25.24it/s]
HPSAC valid:  15%|█▍        | 621/4276 [00:24<02:18, 26.36it/s]
HPSAC valid:  15%|█▍        | 624/4276 [00:24<02:18, 26.44it/s]
HPSAC valid:  15%|█▍        | 627/4276 [00:24<02:17, 26.50it/s]
HPSAC valid:  15%|█▍        | 631/4276 [00:24<02:08, 28.38it/s]
HPSAC valid:  15%|█▍        | 634/4276 [00:24<02:13, 27.34it/s]
HPSAC valid:  15%|█▍        | 637/4276 [00:25<02:14, 27.16it/s]
HPSAC valid:  15%|█▍        | 641/4276 [00:25<02:05, 28.85it/s]
HPSAC valid:  15%|█▌        | 644/4276 [00:25<02:08, 28.16it/s]
HPSAC valid:  15%|█▌        | 647/4276 [00:25<02:16, 26.52it/s]
HPSAC valid:  15%|█▌        | 650/4276 [00:25<02:22, 25.50it/s]
HPSAC valid:  15%|█▌        | 653/4276 [00:25<02:26, 24.80it/s]
HPSAC valid:  15%|█▌        | 656/4276 [00:25<02:23, 25.31it/s]
HPSAC valid:  15%|█▌        | 659/4276 [00:25<02:20, 25.69it/s]
HPSAC valid:  15%|█▌        | 662/4276 [00:26<02:25, 24.79it/s]
HPSAC valid:  16%|█▌        | 665/4276 [00:26<02:22, 25.27it/s]
HPSAC valid:  16%|█▌        | 669/4276 [00:26<02:16, 26.36it/s]
HPSAC valid:  16%|█▌        | 672/4276 [00:26<02:16, 26.36it/s]
HPSAC valid:  16%|█▌        | 675/4276 [00:26<02:16, 26.40it/s]
HPSAC valid:  16%|█▌        | 678/4276 [00:26<02:15, 26.48it/s]
HPSAC valid:  16%|█▌        | 681/4276 [00:26<02:21, 25.41it/s]
HPSAC valid:  16%|█▌        | 684/4276 [00:26<02:19, 25.74it/s]
HPSAC valid:  16%|█▌        | 687/4276 [00:26<02:18, 25.99it/s]
HPSAC valid:  16%|█▌        | 690/4276 [00:27<02:17, 26.17it/s]
HPSAC valid:  16%|█▌        | 693/4276 [00:27<02:16, 26.32it/s]
HPSAC valid:  16%|█▋        | 696/4276 [00:27<02:15, 26.41it/s]
HPSAC valid:  16%|█▋        | 699/4276 [00:27<02:15, 26.42it/s]
HPSAC valid:  16%|█▋        | 702/4276 [00:27<02:20, 25.38it/s]
HPSAC valid:  16%|█▋        | 705/4276 [00:27<02:24, 24.69it/s]
HPSAC valid:  17%|█▋        | 708/4276 [00:27<02:21, 25.21it/s]
HPSAC valid:  17%|█▋        | 711/4276 [00:27<02:19, 25.63it/s]
HPSAC valid:  17%|█▋        | 714/4276 [00:28<02:17, 25.90it/s]
HPSAC valid:  17%|█▋        | 718/4276 [00:28<02:07, 27.96it/s]
HPSAC valid:  17%|█▋        | 721/4276 [00:28<02:09, 27.55it/s]
HPSAC valid:  17%|█▋        | 724/4276 [00:28<02:10, 27.29it/s]
HPSAC valid:  17%|█▋        | 727/4276 [00:28<02:16, 25.97it/s]
HPSAC valid:  17%|█▋        | 730/4276 [00:28<02:21, 25.11it/s]
HPSAC valid:  17%|█▋        | 733/4276 [00:28<02:24, 24.52it/s]
HPSAC valid:  17%|█▋        | 737/4276 [00:28<02:16, 25.90it/s]
HPSAC valid:  17%|█▋        | 740/4276 [00:29<02:21, 25.06it/s]
HPSAC valid:  17%|█▋        | 744/4276 [00:29<02:14, 26.23it/s]
HPSAC valid:  17%|█▋        | 747/4276 [00:29<02:13, 26.34it/s]
HPSAC valid:  18%|█▊        | 750/4276 [00:29<02:13, 26.39it/s]
HPSAC valid:  18%|█▊        | 753/4276 [00:29<02:13, 26.45it/s]
HPSAC valid:  18%|█▊        | 756/4276 [00:29<02:15, 25.98it/s]
HPSAC valid:  18%|█▊        | 759/4276 [00:29<02:14, 26.18it/s]
HPSAC valid:  18%|█▊        | 762/4276 [00:29<02:19, 25.24it/s]
HPSAC valid:  18%|█▊        | 765/4276 [00:29<02:22, 24.62it/s]
HPSAC valid:  18%|█▊        | 769/4276 [00:30<02:09, 26.99it/s]
HPSAC valid:  18%|█▊        | 773/4276 [00:30<02:02, 28.68it/s]
HPSAC valid:  18%|█▊        | 776/4276 [00:30<02:04, 28.11it/s]
HPSAC valid:  18%|█▊        | 779/4276 [00:30<02:06, 27.70it/s]
HPSAC valid:  18%|█▊        | 782/4276 [00:30<02:07, 27.37it/s]
HPSAC valid:  18%|█▊        | 785/4276 [00:30<02:14, 26.04it/s]
HPSAC valid:  18%|█▊        | 788/4276 [00:30<02:18, 25.17it/s]
HPSAC valid:  18%|█▊        | 791/4276 [00:30<02:21, 24.57it/s]
HPSAC valid:  19%|█▊        | 794/4276 [00:31<02:18, 25.15it/s]
HPSAC valid:  19%|█▊        | 797/4276 [00:31<02:15, 25.59it/s]
HPSAC valid:  19%|█▊        | 800/4276 [00:31<02:14, 25.89it/s]
HPSAC valid:  19%|█▉        | 804/4276 [00:31<02:04, 27.94it/s]
HPSAC valid:  19%|█▉        | 807/4276 [00:31<02:11, 26.36it/s]
HPSAC valid:  19%|█▉        | 810/4276 [00:31<02:16, 25.39it/s]
HPSAC valid:  19%|█▉        | 813/4276 [00:31<02:19, 24.74it/s]
HPSAC valid:  19%|█▉        | 816/4276 [00:31<02:16, 25.29it/s]
HPSAC valid:  19%|█▉        | 819/4276 [00:32<02:14, 25.62it/s]
HPSAC valid:  19%|█▉        | 822/4276 [00:32<02:13, 25.87it/s]
HPSAC valid:  19%|█▉        | 825/4276 [00:32<02:12, 26.03it/s]
HPSAC valid:  19%|█▉        | 828/4276 [00:32<02:17, 25.14it/s]
HPSAC valid:  19%|█▉        | 831/4276 [00:32<02:11, 26.15it/s]
HPSAC valid:  20%|█▉        | 834/4276 [00:32<02:11, 26.26it/s]
HPSAC valid:  20%|█▉        | 837/4276 [00:32<02:07, 27.00it/s]
HPSAC valid:  20%|█▉        | 840/4276 [00:32<02:13, 25.75it/s]
HPSAC valid:  20%|█▉        | 843/4276 [00:32<02:17, 24.92it/s]
HPSAC valid:  20%|█▉        | 846/4276 [00:33<02:20, 24.39it/s]
HPSAC valid:  20%|█▉        | 849/4276 [00:33<02:22, 24.04it/s]
HPSAC valid:  20%|█▉        | 852/4276 [00:33<02:24, 23.77it/s]
HPSAC valid:  20%|█▉        | 855/4276 [00:33<02:19, 24.54it/s]
HPSAC valid:  20%|██        | 858/4276 [00:33<02:16, 25.07it/s]
HPSAC valid:  20%|██        | 861/4276 [00:33<02:13, 25.53it/s]
HPSAC valid:  20%|██        | 864/4276 [00:33<02:17, 24.80it/s]
HPSAC valid:  20%|██        | 867/4276 [00:33<02:14, 25.33it/s]
HPSAC valid:  20%|██        | 870/4276 [00:34<02:18, 24.67it/s]
HPSAC valid:  20%|██        | 874/4276 [00:34<02:05, 27.07it/s]
HPSAC valid:  21%|██        | 877/4276 [00:34<02:11, 25.84it/s]
HPSAC valid:  21%|██        | 880/4276 [00:34<02:15, 25.05it/s]
HPSAC valid:  21%|██        | 883/4276 [00:34<02:18, 24.50it/s]
HPSAC valid:  21%|██        | 886/4276 [00:34<02:15, 25.07it/s]
HPSAC valid:  21%|██        | 889/4276 [00:34<02:12, 25.53it/s]
HPSAC valid:  21%|██        | 892/4276 [00:34<02:08, 26.38it/s]
HPSAC valid:  21%|██        | 895/4276 [00:35<02:07, 26.46it/s]
HPSAC valid:  21%|██        | 898/4276 [00:35<02:12, 25.42it/s]
HPSAC valid:  21%|██        | 902/4276 [00:35<02:07, 26.55it/s]
HPSAC valid:  21%|██        | 905/4276 [00:35<02:06, 26.58it/s]
HPSAC valid:  21%|██▏       | 909/4276 [00:35<02:03, 27.31it/s]
HPSAC valid:  21%|██▏       | 912/4276 [00:35<02:04, 27.09it/s]
HPSAC valid:  21%|██▏       | 915/4276 [00:35<02:05, 26.84it/s]
HPSAC valid:  21%|██▏       | 918/4276 [00:35<02:05, 26.80it/s]
HPSAC valid:  22%|██▏       | 922/4276 [00:36<01:57, 28.59it/s]
HPSAC valid:  22%|██▏       | 925/4276 [00:36<01:59, 28.04it/s]
HPSAC valid:  22%|██▏       | 928/4276 [00:36<02:06, 26.52it/s]
HPSAC valid:  22%|██▏       | 931/4276 [00:36<02:11, 25.44it/s]
HPSAC valid:  22%|██▏       | 934/4276 [00:36<02:09, 25.78it/s]
HPSAC valid:  22%|██▏       | 937/4276 [00:36<02:08, 26.04it/s]
HPSAC valid:  22%|██▏       | 940/4276 [00:36<02:12, 25.12it/s]
HPSAC valid:  22%|██▏       | 944/4276 [00:36<02:01, 27.34it/s]
HPSAC valid:  22%|██▏       | 947/4276 [00:36<01:59, 27.75it/s]
HPSAC valid:  22%|██▏       | 951/4276 [00:37<01:58, 28.09it/s]
HPSAC valid:  22%|██▏       | 954/4276 [00:37<02:00, 27.63it/s]
HPSAC valid:  22%|██▏       | 957/4276 [00:37<02:06, 26.26it/s]
HPSAC valid:  22%|██▏       | 960/4276 [00:37<02:10, 25.33it/s]
HPSAC valid:  23%|██▎       | 963/4276 [00:37<02:14, 24.70it/s]
HPSAC valid:  23%|██▎       | 966/4276 [00:37<02:11, 25.17it/s]
HPSAC valid:  23%|██▎       | 970/4276 [00:37<02:05, 26.30it/s]
HPSAC valid:  23%|██▎       | 974/4276 [00:37<01:52, 29.29it/s]
HPSAC valid:  23%|██▎       | 977/4276 [00:38<01:53, 29.18it/s]
HPSAC valid:  23%|██▎       | 980/4276 [00:38<02:01, 27.22it/s]
HPSAC valid:  23%|██▎       | 983/4276 [00:38<02:06, 25.97it/s]
HPSAC valid:  23%|██▎       | 986/4276 [00:38<02:10, 25.13it/s]
HPSAC valid:  23%|██▎       | 989/4276 [00:38<02:08, 25.52it/s]
HPSAC valid:  23%|██▎       | 992/4276 [00:38<02:12, 24.81it/s]
HPSAC valid:  23%|██▎       | 995/4276 [00:38<02:15, 24.25it/s]
HPSAC valid:  23%|██▎       | 999/4276 [00:38<02:02, 26.69it/s]
HPSAC valid:  23%|██▎       | 1002/4276 [00:39<02:02, 26.65it/s]
HPSAC valid:  24%|██▎       | 1006/4276 [00:39<01:59, 27.27it/s]
HPSAC valid:  24%|██▎       | 1009/4276 [00:39<02:05, 26.05it/s]
HPSAC valid:  24%|██▎       | 1013/4276 [00:39<02:01, 26.93it/s]
HPSAC valid:  24%|██▍       | 1016/4276 [00:39<02:06, 25.77it/s]
HPSAC valid:  24%|██▍       | 1020/4276 [00:39<02:02, 26.67it/s]
HPSAC valid:  24%|██▍       | 1023/4276 [00:39<02:06, 25.62it/s]
HPSAC valid:  24%|██▍       | 1026/4276 [00:39<02:05, 25.85it/s]
HPSAC valid:  24%|██▍       | 1030/4276 [00:40<02:01, 26.79it/s]
HPSAC valid:  24%|██▍       | 1033/4276 [00:40<02:01, 26.75it/s]
HPSAC valid:  24%|██▍       | 1036/4276 [00:40<02:01, 26.73it/s]
HPSAC valid:  24%|██▍       | 1039/4276 [00:40<02:01, 26.68it/s]
HPSAC valid:  24%|██▍       | 1043/4276 [00:40<01:58, 27.38it/s]
HPSAC valid:  24%|██▍       | 1047/4276 [00:40<01:51, 28.89it/s]
HPSAC valid:  25%|██▍       | 1050/4276 [00:40<01:59, 27.11it/s]
HPSAC valid:  25%|██▍       | 1054/4276 [00:40<01:56, 27.62it/s]
HPSAC valid:  25%|██▍       | 1058/4276 [00:41<01:55, 27.94it/s]
HPSAC valid:  25%|██▍       | 1061/4276 [00:41<01:56, 27.54it/s]
HPSAC valid:  25%|██▍       | 1064/4276 [00:41<01:57, 27.30it/s]
HPSAC valid:  25%|██▍       | 1067/4276 [00:41<02:03, 26.00it/s]
HPSAC valid:  25%|██▌       | 1070/4276 [00:41<02:02, 26.14it/s]
HPSAC valid:  25%|██▌       | 1073/4276 [00:41<02:02, 26.24it/s]
HPSAC valid:  25%|██▌       | 1076/4276 [00:41<02:06, 25.28it/s]
HPSAC valid:  25%|██▌       | 1079/4276 [00:41<02:10, 24.59it/s]
HPSAC valid:  25%|██▌       | 1082/4276 [00:42<02:12, 24.18it/s]
HPSAC valid:  25%|██▌       | 1085/4276 [00:42<02:10, 24.40it/s]
HPSAC valid:  25%|██▌       | 1088/4276 [00:42<02:07, 25.03it/s]
HPSAC valid:  26%|██▌       | 1091/4276 [00:42<02:04, 25.50it/s]
HPSAC valid:  26%|██▌       | 1094/4276 [00:42<02:03, 25.78it/s]
HPSAC valid:  26%|██▌       | 1098/4276 [00:42<01:58, 26.75it/s]
HPSAC valid:  26%|██▌       | 1101/4276 [00:42<02:03, 25.64it/s]
HPSAC valid:  26%|██▌       | 1104/4276 [00:42<02:07, 24.87it/s]
HPSAC valid:  26%|██▌       | 1107/4276 [00:43<02:04, 25.36it/s]
HPSAC valid:  26%|██▌       | 1110/4276 [00:43<02:00, 26.29it/s]
HPSAC valid:  26%|██▌       | 1113/4276 [00:43<01:59, 26.41it/s]
HPSAC valid:  26%|██▌       | 1116/4276 [00:43<02:04, 25.39it/s]
HPSAC valid:  26%|██▌       | 1119/4276 [00:43<02:02, 25.75it/s]
HPSAC valid:  26%|██▌       | 1122/4276 [00:43<02:06, 24.96it/s]
HPSAC valid:  26%|██▋       | 1125/4276 [00:43<02:08, 24.43it/s]
HPSAC valid:  26%|██▋       | 1128/4276 [00:43<02:05, 25.00it/s]
HPSAC valid:  26%|██▋       | 1131/4276 [00:44<02:03, 25.45it/s]
HPSAC valid:  27%|██▋       | 1134/4276 [00:44<02:01, 25.80it/s]
HPSAC valid:  27%|██▋       | 1137/4276 [00:44<02:00, 26.06it/s]
HPSAC valid:  27%|██▋       | 1140/4276 [00:44<01:59, 26.23it/s]
HPSAC valid:  27%|██▋       | 1143/4276 [00:44<01:58, 26.36it/s]
HPSAC valid:  27%|██▋       | 1146/4276 [00:44<01:58, 26.45it/s]
HPSAC valid:  27%|██▋       | 1149/4276 [00:44<02:00, 25.98it/s]
HPSAC valid:  27%|██▋       | 1152/4276 [00:44<01:59, 26.19it/s]
HPSAC valid:  27%|██▋       | 1155/4276 [00:44<01:58, 26.28it/s]
HPSAC valid:  27%|██▋       | 1158/4276 [00:45<01:58, 26.35it/s]
HPSAC valid:  27%|██▋       | 1162/4276 [00:45<01:54, 27.12it/s]
HPSAC valid:  27%|██▋       | 1166/4276 [00:45<01:48, 28.78it/s]
HPSAC valid:  27%|██▋       | 1170/4276 [00:45<01:47, 28.77it/s]
HPSAC valid:  27%|██▋       | 1173/4276 [00:45<01:50, 28.18it/s]
HPSAC valid:  28%|██▊       | 1176/4276 [00:45<01:51, 27.75it/s]
HPSAC valid:  28%|██▊       | 1179/4276 [00:45<01:57, 26.34it/s]
HPSAC valid:  28%|██▊       | 1182/4276 [00:45<01:57, 26.42it/s]
HPSAC valid:  28%|██▊       | 1185/4276 [00:46<02:01, 25.41it/s]
HPSAC valid:  28%|██▊       | 1188/4276 [00:46<01:59, 25.77it/s]
HPSAC valid:  28%|██▊       | 1191/4276 [00:46<01:58, 25.97it/s]
HPSAC valid:  28%|██▊       | 1194/4276 [00:46<01:57, 26.17it/s]
HPSAC valid:  28%|██▊       | 1197/4276 [00:46<01:57, 26.22it/s]
HPSAC valid:  28%|██▊       | 1200/4276 [00:46<02:01, 25.25it/s]
HPSAC valid:  28%|██▊       | 1203/4276 [00:46<01:57, 26.23it/s]
HPSAC valid:  28%|██▊       | 1206/4276 [00:46<02:01, 25.27it/s]
HPSAC valid:  28%|██▊       | 1209/4276 [00:46<02:04, 24.59it/s]
HPSAC valid:  28%|██▊       | 1212/4276 [00:47<02:01, 25.15it/s]
HPSAC valid:  28%|██▊       | 1215/4276 [00:47<02:04, 24.55it/s]
HPSAC valid:  28%|██▊       | 1218/4276 [00:47<02:01, 25.15it/s]
HPSAC valid:  29%|██▊       | 1221/4276 [00:47<01:59, 25.58it/s]
HPSAC valid:  29%|██▊       | 1224/4276 [00:47<01:58, 25.85it/s]
HPSAC valid:  29%|██▊       | 1227/4276 [00:47<01:56, 26.09it/s]
HPSAC valid:  29%|██▉       | 1231/4276 [00:47<01:48, 28.02it/s]
HPSAC valid:  29%|██▉       | 1234/4276 [00:47<01:50, 27.62it/s]
HPSAC valid:  29%|██▉       | 1237/4276 [00:48<01:51, 27.29it/s]
HPSAC valid:  29%|██▉       | 1240/4276 [00:48<01:54, 26.47it/s]
HPSAC valid:  29%|██▉       | 1244/4276 [00:48<01:51, 27.19it/s]
HPSAC valid:  29%|██▉       | 1247/4276 [00:48<01:52, 27.04it/s]
HPSAC valid:  29%|██▉       | 1250/4276 [00:48<01:57, 25.80it/s]
HPSAC valid:  29%|██▉       | 1253/4276 [00:48<02:01, 24.92it/s]
HPSAC valid:  29%|██▉       | 1256/4276 [00:48<02:03, 24.41it/s]
HPSAC valid:  29%|██▉       | 1260/4276 [00:48<01:56, 25.79it/s]
HPSAC valid:  30%|██▉       | 1263/4276 [00:49<01:55, 26.02it/s]
HPSAC valid:  30%|██▉       | 1266/4276 [00:49<01:59, 25.18it/s]
HPSAC valid:  30%|██▉       | 1269/4276 [00:49<01:57, 25.59it/s]
HPSAC valid:  30%|██▉       | 1273/4276 [00:49<01:52, 26.63it/s]
HPSAC valid:  30%|██▉       | 1276/4276 [00:49<01:52, 26.64it/s]
HPSAC valid:  30%|██▉       | 1279/4276 [00:49<01:52, 26.66it/s]
HPSAC valid:  30%|██▉       | 1282/4276 [00:49<01:52, 26.66it/s]
HPSAC valid:  30%|███       | 1285/4276 [00:49<01:52, 26.65it/s]
HPSAC valid:  30%|███       | 1289/4276 [00:50<01:49, 27.30it/s]
HPSAC valid:  30%|███       | 1292/4276 [00:50<01:54, 26.04it/s]
HPSAC valid:  30%|███       | 1295/4276 [00:50<01:54, 26.14it/s]
HPSAC valid:  30%|███       | 1298/4276 [00:50<01:58, 25.20it/s]
HPSAC valid:  30%|███       | 1301/4276 [00:50<01:56, 25.60it/s]
HPSAC valid:  30%|███       | 1304/4276 [00:50<01:59, 24.87it/s]
HPSAC valid:  31%|███       | 1307/4276 [00:50<01:57, 25.37it/s]
HPSAC valid:  31%|███       | 1310/4276 [00:50<01:52, 26.33it/s]
HPSAC valid:  31%|███       | 1313/4276 [00:50<01:57, 25.27it/s]
HPSAC valid:  31%|███       | 1317/4276 [00:51<01:52, 26.40it/s]
HPSAC valid:  31%|███       | 1320/4276 [00:51<01:51, 26.40it/s]
HPSAC valid:  31%|███       | 1323/4276 [00:51<01:51, 26.43it/s]
HPSAC valid:  31%|███       | 1326/4276 [00:51<01:56, 25.43it/s]
HPSAC valid:  31%|███       | 1330/4276 [00:51<01:51, 26.43it/s]
HPSAC valid:  31%|███       | 1333/4276 [00:51<01:51, 26.48it/s]
HPSAC valid:  31%|███       | 1336/4276 [00:51<01:50, 26.54it/s]
HPSAC valid:  31%|███▏      | 1339/4276 [00:51<01:55, 25.50it/s]
HPSAC valid:  31%|███▏      | 1342/4276 [00:52<01:53, 25.82it/s]
HPSAC valid:  31%|███▏      | 1345/4276 [00:52<01:52, 26.02it/s]
HPSAC valid:  32%|███▏      | 1349/4276 [00:52<01:48, 26.90it/s]
HPSAC valid:  32%|███▏      | 1352/4276 [00:52<01:53, 25.77it/s]
HPSAC valid:  32%|███▏      | 1355/4276 [00:52<01:52, 26.02it/s]
HPSAC valid:  32%|███▏      | 1359/4276 [00:52<01:48, 26.92it/s]
HPSAC valid:  32%|███▏      | 1362/4276 [00:52<01:48, 26.86it/s]
HPSAC valid:  32%|███▏      | 1365/4276 [00:52<01:50, 26.30it/s]
HPSAC valid:  32%|███▏      | 1368/4276 [00:53<01:47, 27.00it/s]
HPSAC valid:  32%|███▏      | 1371/4276 [00:53<01:52, 25.74it/s]
HPSAC valid:  32%|███▏      | 1374/4276 [00:53<01:56, 24.92it/s]
HPSAC valid:  32%|███▏      | 1377/4276 [00:53<01:54, 25.40it/s]
HPSAC valid:  32%|███▏      | 1380/4276 [00:53<01:52, 25.77it/s]
HPSAC valid:  32%|███▏      | 1383/4276 [00:53<01:51, 26.02it/s]
HPSAC valid:  32%|███▏      | 1386/4276 [00:53<01:54, 25.14it/s]
HPSAC valid:  32%|███▏      | 1389/4276 [00:53<01:52, 25.57it/s]
HPSAC valid:  33%|███▎      | 1392/4276 [00:53<01:51, 25.89it/s]
HPSAC valid:  33%|███▎      | 1395/4276 [00:54<01:55, 25.03it/s]
HPSAC valid:  33%|███▎      | 1399/4276 [00:54<01:49, 26.27it/s]
HPSAC valid:  33%|███▎      | 1402/4276 [00:54<01:49, 26.34it/s]
HPSAC valid:  33%|███▎      | 1405/4276 [00:54<01:53, 25.37it/s]
HPSAC valid:  33%|███▎      | 1409/4276 [00:54<01:48, 26.48it/s]
HPSAC valid:  33%|███▎      | 1412/4276 [00:54<01:47, 26.52it/s]
HPSAC valid:  33%|███▎      | 1415/4276 [00:54<01:52, 25.51it/s]
HPSAC valid:  33%|███▎      | 1419/4276 [00:55<01:47, 26.56it/s]
HPSAC valid:  33%|███▎      | 1422/4276 [00:55<01:47, 26.59it/s]
HPSAC valid:  33%|███▎      | 1426/4276 [00:55<01:44, 27.26it/s]
HPSAC valid:  33%|███▎      | 1430/4276 [00:55<01:38, 28.79it/s]
HPSAC valid:  34%|███▎      | 1433/4276 [00:55<01:40, 28.15it/s]
HPSAC valid:  34%|███▎      | 1436/4276 [00:55<01:46, 26.59it/s]
HPSAC valid:  34%|███▎      | 1439/4276 [00:55<01:46, 26.61it/s]
HPSAC valid:  34%|███▎      | 1442/4276 [00:55<01:50, 25.57it/s]
HPSAC valid:  34%|███▍      | 1445/4276 [00:56<01:54, 24.82it/s]
HPSAC valid:  34%|███▍      | 1448/4276 [00:56<01:51, 25.32it/s]
HPSAC valid:  34%|███▍      | 1451/4276 [00:56<01:54, 24.60it/s]
HPSAC valid:  34%|███▍      | 1454/4276 [00:56<01:56, 24.15it/s]
HPSAC valid:  34%|███▍      | 1457/4276 [00:56<01:58, 23.82it/s]
HPSAC valid:  34%|███▍      | 1460/4276 [00:56<01:59, 23.66it/s]
HPSAC valid:  34%|███▍      | 1463/4276 [00:56<01:54, 24.47it/s]
HPSAC valid:  34%|███▍      | 1466/4276 [00:56<01:56, 24.06it/s]
HPSAC valid:  34%|███▍      | 1469/4276 [00:57<01:57, 23.82it/s]
HPSAC valid:  34%|███▍      | 1473/4276 [00:57<01:50, 25.40it/s]
HPSAC valid:  35%|███▍      | 1476/4276 [00:57<01:53, 24.77it/s]
HPSAC valid:  35%|███▍      | 1479/4276 [00:57<01:50, 25.29it/s]
HPSAC valid:  35%|███▍      | 1483/4276 [00:57<01:41, 27.41it/s]
HPSAC valid:  35%|███▍      | 1486/4276 [00:57<01:42, 27.15it/s]
HPSAC valid:  35%|███▍      | 1489/4276 [00:57<01:43, 27.02it/s]
HPSAC valid:  35%|███▍      | 1492/4276 [00:57<01:47, 25.83it/s]
HPSAC valid:  35%|███▍      | 1496/4276 [00:58<01:43, 26.80it/s]
HPSAC valid:  35%|███▌      | 1499/4276 [00:58<01:47, 25.71it/s]
HPSAC valid:  35%|███▌      | 1502/4276 [00:58<01:46, 25.93it/s]
HPSAC valid:  35%|███▌      | 1505/4276 [00:58<01:46, 26.14it/s]
HPSAC valid:  35%|███▌      | 1508/4276 [00:58<01:45, 26.25it/s]
HPSAC valid:  35%|███▌      | 1511/4276 [00:58<01:44, 26.37it/s]
HPSAC valid:  35%|███▌      | 1515/4276 [00:58<01:41, 27.13it/s]
HPSAC valid:  36%|███▌      | 1518/4276 [00:58<01:46, 25.91it/s]
HPSAC valid:  36%|███▌      | 1521/4276 [00:58<01:49, 25.10it/s]
HPSAC valid:  36%|███▌      | 1524/4276 [00:59<01:48, 25.46it/s]
HPSAC valid:  36%|███▌      | 1527/4276 [00:59<01:51, 24.74it/s]
HPSAC valid:  36%|███▌      | 1530/4276 [00:59<01:48, 25.27it/s]
HPSAC valid:  36%|███▌      | 1533/4276 [00:59<01:46, 25.67it/s]
HPSAC valid:  36%|███▌      | 1536/4276 [00:59<01:50, 24.90it/s]
HPSAC valid:  36%|███▌      | 1539/4276 [00:59<01:47, 25.40it/s]
HPSAC valid:  36%|███▌      | 1542/4276 [00:59<01:50, 24.72it/s]
HPSAC valid:  36%|███▌      | 1545/4276 [00:59<01:48, 25.22it/s]
HPSAC valid:  36%|███▌      | 1549/4276 [01:00<01:39, 27.50it/s]
HPSAC valid:  36%|███▋      | 1552/4276 [01:00<01:44, 26.10it/s]
HPSAC valid:  36%|███▋      | 1555/4276 [01:00<01:43, 26.25it/s]
HPSAC valid:  36%|███▋      | 1558/4276 [01:00<01:43, 26.31it/s]
HPSAC valid:  37%|███▋      | 1561/4276 [01:00<01:42, 26.37it/s]
HPSAC valid:  37%|███▋      | 1564/4276 [01:00<01:42, 26.45it/s]
HPSAC valid:  37%|███▋      | 1567/4276 [01:00<01:44, 25.99it/s]
HPSAC valid:  37%|███▋      | 1570/4276 [01:00<01:43, 26.14it/s]
HPSAC valid:  37%|███▋      | 1573/4276 [01:01<01:47, 25.20it/s]
HPSAC valid:  37%|███▋      | 1576/4276 [01:01<01:45, 25.61it/s]
HPSAC valid:  37%|███▋      | 1579/4276 [01:01<01:44, 25.84it/s]
HPSAC valid:  37%|███▋      | 1582/4276 [01:01<01:47, 24.96it/s]
HPSAC valid:  37%|███▋      | 1585/4276 [01:01<01:45, 25.40it/s]
HPSAC valid:  37%|███▋      | 1589/4276 [01:01<01:41, 26.47it/s]
HPSAC valid:  37%|███▋      | 1592/4276 [01:01<01:45, 25.48it/s]
HPSAC valid:  37%|███▋      | 1595/4276 [01:01<01:48, 24.81it/s]
HPSAC valid:  37%|███▋      | 1598/4276 [01:01<01:50, 24.34it/s]
HPSAC valid:  37%|███▋      | 1601/4276 [01:02<01:47, 24.93it/s]
HPSAC valid:  38%|███▊      | 1604/4276 [01:02<01:45, 25.42it/s]
HPSAC valid:  38%|███▊      | 1607/4276 [01:02<01:43, 25.77it/s]
HPSAC valid:  38%|███▊      | 1610/4276 [01:02<01:42, 25.98it/s]
HPSAC valid:  38%|███▊      | 1613/4276 [01:02<01:46, 25.10it/s]
HPSAC valid:  38%|███▊      | 1616/4276 [01:02<01:48, 24.42it/s]
HPSAC valid:  38%|███▊      | 1619/4276 [01:02<01:50, 24.06it/s]
HPSAC valid:  38%|███▊      | 1622/4276 [01:02<01:51, 23.76it/s]
HPSAC valid:  38%|███▊      | 1625/4276 [01:03<01:52, 23.57it/s]
HPSAC valid:  38%|███▊      | 1628/4276 [01:03<01:48, 24.39it/s]
HPSAC valid:  38%|███▊      | 1631/4276 [01:03<01:43, 25.58it/s]
HPSAC valid:  38%|███▊      | 1634/4276 [01:03<01:42, 25.86it/s]
HPSAC valid:  38%|███▊      | 1637/4276 [01:03<01:41, 26.09it/s]
HPSAC valid:  38%|███▊      | 1640/4276 [01:03<01:44, 25.12it/s]
HPSAC valid:  38%|███▊      | 1643/4276 [01:03<01:47, 24.50it/s]
HPSAC valid:  38%|███▊      | 1646/4276 [01:03<01:44, 25.11it/s]
HPSAC valid:  39%|███▊      | 1649/4276 [01:04<01:40, 26.13it/s]
HPSAC valid:  39%|███▊      | 1652/4276 [01:04<01:39, 26.28it/s]
HPSAC valid:  39%|███▊      | 1655/4276 [01:04<01:39, 26.38it/s]
HPSAC valid:  39%|███▉      | 1658/4276 [01:04<01:38, 26.47it/s]
HPSAC valid:  39%|███▉      | 1661/4276 [01:04<01:42, 25.42it/s]
HPSAC valid:  39%|███▉      | 1664/4276 [01:04<01:41, 25.79it/s]
HPSAC valid:  39%|███▉      | 1667/4276 [01:04<01:44, 24.85it/s]
HPSAC valid:  39%|███▉      | 1670/4276 [01:04<01:47, 24.35it/s]
HPSAC valid:  39%|███▉      | 1673/4276 [01:04<01:48, 24.02it/s]
HPSAC valid:  39%|███▉      | 1676/4276 [01:05<01:45, 24.72it/s]
HPSAC valid:  39%|███▉      | 1679/4276 [01:05<01:47, 24.23it/s]
HPSAC valid:  39%|███▉      | 1682/4276 [01:05<01:44, 24.88it/s]
HPSAC valid:  39%|███▉      | 1685/4276 [01:05<01:44, 24.90it/s]
HPSAC valid:  39%|███▉      | 1689/4276 [01:05<01:38, 26.15it/s]
HPSAC valid:  40%|███▉      | 1692/4276 [01:05<01:38, 26.28it/s]
HPSAC valid:  40%|███▉      | 1695/4276 [01:05<01:41, 25.31it/s]
HPSAC valid:  40%|███▉      | 1698/4276 [01:05<01:40, 25.68it/s]
HPSAC valid:  40%|███▉      | 1701/4276 [01:06<01:43, 24.93it/s]
HPSAC valid:  40%|███▉      | 1704/4276 [01:06<01:45, 24.37it/s]
HPSAC valid:  40%|███▉      | 1708/4276 [01:06<01:35, 26.80it/s]
HPSAC valid:  40%|████      | 1711/4276 [01:06<01:35, 26.72it/s]
HPSAC valid:  40%|████      | 1714/4276 [01:06<01:40, 25.60it/s]
HPSAC valid:  40%|████      | 1717/4276 [01:06<01:42, 24.88it/s]
HPSAC valid:  40%|████      | 1720/4276 [01:06<01:40, 25.36it/s]
HPSAC valid:  40%|████      | 1723/4276 [01:06<01:39, 25.73it/s]
HPSAC valid:  40%|████      | 1726/4276 [01:07<01:42, 24.95it/s]
HPSAC valid:  40%|████      | 1729/4276 [01:07<01:44, 24.42it/s]
HPSAC valid:  41%|████      | 1732/4276 [01:07<01:41, 25.05it/s]
HPSAC valid:  41%|████      | 1735/4276 [01:07<01:39, 25.41it/s]
HPSAC valid:  41%|████      | 1739/4276 [01:07<01:35, 26.53it/s]
HPSAC valid:  41%|████      | 1742/4276 [01:07<01:35, 26.49it/s]
HPSAC valid:  41%|████      | 1745/4276 [01:07<01:39, 25.44it/s]
HPSAC valid:  41%|████      | 1748/4276 [01:07<01:42, 24.72it/s]
HPSAC valid:  41%|████      | 1751/4276 [01:08<01:40, 25.22it/s]
HPSAC valid:  41%|████      | 1754/4276 [01:08<01:38, 25.63it/s]
HPSAC valid:  41%|████      | 1757/4276 [01:08<01:37, 25.92it/s]
HPSAC valid:  41%|████      | 1760/4276 [01:08<01:36, 26.13it/s]
HPSAC valid:  41%|████      | 1763/4276 [01:08<01:35, 26.28it/s]
HPSAC valid:  41%|████▏     | 1766/4276 [01:08<01:35, 26.34it/s]
HPSAC valid:  41%|████▏     | 1769/4276 [01:08<01:38, 25.34it/s]
HPSAC valid:  41%|████▏     | 1772/4276 [01:08<01:41, 24.61it/s]
HPSAC valid:  42%|████▏     | 1775/4276 [01:08<01:39, 25.19it/s]
HPSAC valid:  42%|████▏     | 1778/4276 [01:09<01:41, 24.53it/s]
HPSAC valid:  42%|████▏     | 1782/4276 [01:09<01:36, 25.91it/s]
HPSAC valid:  42%|████▏     | 1785/4276 [01:09<01:35, 26.11it/s]
HPSAC valid:  42%|████▏     | 1788/4276 [01:09<01:38, 25.22it/s]
HPSAC valid:  42%|████▏     | 1791/4276 [01:09<01:37, 25.61it/s]
HPSAC valid:  42%|████▏     | 1794/4276 [01:09<01:39, 24.87it/s]
HPSAC valid:  42%|████▏     | 1797/4276 [01:09<01:37, 25.35it/s]
HPSAC valid:  42%|████▏     | 1800/4276 [01:09<01:36, 25.66it/s]
HPSAC valid:  42%|████▏     | 1804/4276 [01:10<01:30, 27.26it/s]
HPSAC valid:  42%|████▏     | 1807/4276 [01:10<01:31, 27.01it/s]
HPSAC valid:  42%|████▏     | 1810/4276 [01:10<01:29, 27.47it/s]
HPSAC valid:  42%|████▏     | 1813/4276 [01:10<01:34, 26.07it/s]
HPSAC valid:  42%|████▏     | 1816/4276 [01:10<01:33, 26.21it/s]
HPSAC valid:  43%|████▎     | 1819/4276 [01:10<01:33, 26.31it/s]
HPSAC valid:  43%|████▎     | 1822/4276 [01:10<01:33, 26.37it/s]
HPSAC valid:  43%|████▎     | 1826/4276 [01:10<01:30, 27.13it/s]
HPSAC valid:  43%|████▎     | 1829/4276 [01:11<01:30, 27.00it/s]
HPSAC valid:  43%|████▎     | 1832/4276 [01:11<01:30, 26.86it/s]
HPSAC valid:  43%|████▎     | 1836/4276 [01:11<01:25, 28.56it/s]
HPSAC valid:  43%|████▎     | 1840/4276 [01:11<01:25, 28.53it/s]
HPSAC valid:  43%|████▎     | 1843/4276 [01:11<01:30, 26.89it/s]
HPSAC valid:  43%|████▎     | 1847/4276 [01:11<01:28, 27.49it/s]
HPSAC valid:  43%|████▎     | 1850/4276 [01:11<01:28, 27.27it/s]
HPSAC valid:  43%|████▎     | 1854/4276 [01:11<01:27, 27.75it/s]
HPSAC valid:  43%|████▎     | 1857/4276 [01:12<01:31, 26.41it/s]
HPSAC valid:  43%|████▎     | 1860/4276 [01:12<01:34, 25.46it/s]
HPSAC valid:  44%|████▎     | 1863/4276 [01:12<01:33, 25.79it/s]
HPSAC valid:  44%|████▎     | 1866/4276 [01:12<01:33, 25.91it/s]
HPSAC valid:  44%|████▎     | 1869/4276 [01:12<01:35, 25.09it/s]
HPSAC valid:  44%|████▍     | 1872/4276 [01:12<01:34, 25.50it/s]
HPSAC valid:  44%|████▍     | 1875/4276 [01:12<01:32, 25.82it/s]
HPSAC valid:  44%|████▍     | 1878/4276 [01:12<01:31, 26.07it/s]
HPSAC valid:  44%|████▍     | 1881/4276 [01:12<01:31, 26.14it/s]
HPSAC valid:  44%|████▍     | 1884/4276 [01:13<01:34, 25.21it/s]
HPSAC valid:  44%|████▍     | 1887/4276 [01:13<01:37, 24.51it/s]
HPSAC valid:  44%|████▍     | 1891/4276 [01:13<01:32, 25.91it/s]
HPSAC valid:  44%|████▍     | 1894/4276 [01:13<01:31, 26.08it/s]
HPSAC valid:  44%|████▍     | 1897/4276 [01:13<01:30, 26.25it/s]
HPSAC valid:  44%|████▍     | 1900/4276 [01:13<01:30, 26.37it/s]
HPSAC valid:  45%|████▍     | 1903/4276 [01:13<01:33, 25.34it/s]
HPSAC valid:  45%|████▍     | 1906/4276 [01:13<01:32, 25.72it/s]
HPSAC valid:  45%|████▍     | 1909/4276 [01:14<01:31, 25.89it/s]
HPSAC valid:  45%|████▍     | 1912/4276 [01:14<01:30, 26.11it/s]
HPSAC valid:  45%|████▍     | 1915/4276 [01:14<01:33, 25.15it/s]
HPSAC valid:  45%|████▍     | 1918/4276 [01:14<01:36, 24.55it/s]
HPSAC valid:  45%|████▍     | 1921/4276 [01:14<01:33, 25.09it/s]
HPSAC valid:  45%|████▍     | 1924/4276 [01:14<01:35, 24.51it/s]
HPSAC valid:  45%|████▌     | 1927/4276 [01:14<01:37, 24.13it/s]
HPSAC valid:  45%|████▌     | 1931/4276 [01:14<01:31, 25.63it/s]
HPSAC valid:  45%|████▌     | 1934/4276 [01:15<01:34, 24.89it/s]
HPSAC valid:  45%|████▌     | 1938/4276 [01:15<01:29, 26.07it/s]
HPSAC valid:  45%|████▌     | 1942/4276 [01:15<01:26, 26.91it/s]
HPSAC valid:  45%|████▌     | 1945/4276 [01:15<01:26, 26.79it/s]
HPSAC valid:  46%|████▌     | 1948/4276 [01:15<01:30, 25.73it/s]
HPSAC valid:  46%|████▌     | 1951/4276 [01:15<01:31, 25.51it/s]
HPSAC valid:  46%|████▌     | 1954/4276 [01:15<01:29, 25.84it/s]
HPSAC valid:  46%|████▌     | 1957/4276 [01:15<01:32, 25.04it/s]
HPSAC valid:  46%|████▌     | 1960/4276 [01:16<01:34, 24.43it/s]
HPSAC valid:  46%|████▌     | 1963/4276 [01:16<01:36, 24.08it/s]
HPSAC valid:  46%|████▌     | 1966/4276 [01:16<01:33, 24.78it/s]
HPSAC valid:  46%|████▌     | 1969/4276 [01:16<01:35, 24.25it/s]
HPSAC valid:  46%|████▌     | 1972/4276 [01:16<01:36, 23.94it/s]
HPSAC valid:  46%|████▌     | 1975/4276 [01:16<01:33, 24.63it/s]
HPSAC valid:  46%|████▋     | 1978/4276 [01:16<01:34, 24.19it/s]
HPSAC valid:  46%|████▋     | 1982/4276 [01:16<01:29, 25.68it/s]
HPSAC valid:  46%|████▋     | 1985/4276 [01:17<01:28, 25.92it/s]
HPSAC valid:  46%|████▋     | 1988/4276 [01:17<01:31, 25.10it/s]
HPSAC valid:  47%|████▋     | 1991/4276 [01:17<01:29, 25.54it/s]
HPSAC valid:  47%|████▋     | 1994/4276 [01:17<01:28, 25.86it/s]
HPSAC valid:  47%|████▋     | 1997/4276 [01:17<01:27, 26.11it/s]
HPSAC valid:  47%|████▋     | 2001/4276 [01:17<01:20, 28.10it/s]
HPSAC valid:  47%|████▋     | 2004/4276 [01:17<01:22, 27.69it/s]
HPSAC valid:  47%|████▋     | 2007/4276 [01:17<01:22, 27.34it/s]
HPSAC valid:  47%|████▋     | 2010/4276 [01:18<01:23, 27.15it/s]
HPSAC valid:  47%|████▋     | 2013/4276 [01:18<01:27, 25.86it/s]
HPSAC valid:  47%|████▋     | 2016/4276 [01:18<01:30, 25.04it/s]
HPSAC valid:  47%|████▋     | 2020/4276 [01:18<01:25, 26.26it/s]
HPSAC valid:  47%|████▋     | 2023/4276 [01:18<01:25, 26.36it/s]
HPSAC valid:  47%|████▋     | 2027/4276 [01:18<01:22, 27.10it/s]
HPSAC valid:  47%|████▋     | 2030/4276 [01:18<01:26, 25.89it/s]
HPSAC valid:  48%|████▊     | 2033/4276 [01:18<01:29, 25.10it/s]
HPSAC valid:  48%|████▊     | 2037/4276 [01:19<01:22, 27.24it/s]
HPSAC valid:  48%|████▊     | 2040/4276 [01:19<01:25, 26.03it/s]
HPSAC valid:  48%|████▊     | 2043/4276 [01:19<01:25, 26.16it/s]
HPSAC valid:  48%|████▊     | 2046/4276 [01:19<01:28, 25.22it/s]
HPSAC valid:  48%|████▊     | 2050/4276 [01:19<01:24, 26.37it/s]
HPSAC valid:  48%|████▊     | 2053/4276 [01:19<01:27, 25.41it/s]
HPSAC valid:  48%|████▊     | 2056/4276 [01:19<01:26, 25.75it/s]
HPSAC valid:  48%|████▊     | 2059/4276 [01:19<01:28, 24.99it/s]
HPSAC valid:  48%|████▊     | 2062/4276 [01:20<01:30, 24.43it/s]
HPSAC valid:  48%|████▊     | 2065/4276 [01:20<01:31, 24.08it/s]
HPSAC valid:  48%|████▊     | 2068/4276 [01:20<01:32, 23.79it/s]
HPSAC valid:  48%|████▊     | 2072/4276 [01:20<01:23, 26.26it/s]
HPSAC valid:  49%|████▊     | 2075/4276 [01:20<01:23, 26.33it/s]
HPSAC valid:  49%|████▊     | 2078/4276 [01:20<01:26, 25.37it/s]
HPSAC valid:  49%|████▊     | 2081/4276 [01:20<01:25, 25.75it/s]
HPSAC valid:  49%|████▊     | 2084/4276 [01:20<01:27, 24.92it/s]
HPSAC valid:  49%|████▉     | 2088/4276 [01:21<01:23, 26.13it/s]
HPSAC valid:  49%|████▉     | 2091/4276 [01:21<01:23, 26.28it/s]
HPSAC valid:  49%|████▉     | 2094/4276 [01:21<01:22, 26.34it/s]
HPSAC valid:  49%|████▉     | 2097/4276 [01:21<01:22, 26.38it/s]
HPSAC valid:  49%|████▉     | 2100/4276 [01:21<01:22, 26.47it/s]
HPSAC valid:  49%|████▉     | 2103/4276 [01:21<01:21, 26.54it/s]
HPSAC valid:  49%|████▉     | 2106/4276 [01:21<01:25, 25.44it/s]
HPSAC valid:  49%|████▉     | 2109/4276 [01:21<01:27, 24.72it/s]
HPSAC valid:  49%|████▉     | 2112/4276 [01:22<01:29, 24.27it/s]
HPSAC valid:  49%|████▉     | 2115/4276 [01:22<01:30, 23.96it/s]
HPSAC valid:  50%|████▉     | 2118/4276 [01:22<01:27, 24.62it/s]
HPSAC valid:  50%|████▉     | 2121/4276 [01:22<01:29, 24.12it/s]
HPSAC valid:  50%|████▉     | 2124/4276 [01:22<01:26, 24.82it/s]
HPSAC valid:  50%|████▉     | 2127/4276 [01:22<01:28, 24.33it/s]
HPSAC valid:  50%|████▉     | 2130/4276 [01:22<01:25, 24.98it/s]
HPSAC valid:  50%|████▉     | 2133/4276 [01:22<01:24, 25.46it/s]
HPSAC valid:  50%|████▉     | 2137/4276 [01:23<01:20, 26.57it/s]
HPSAC valid:  50%|█████     | 2140/4276 [01:23<01:20, 26.61it/s]
HPSAC valid:  50%|█████     | 2144/4276 [01:23<01:18, 27.33it/s]
HPSAC valid:  50%|█████     | 2147/4276 [01:23<01:21, 26.08it/s]
HPSAC valid:  50%|█████     | 2150/4276 [01:23<01:21, 26.15it/s]
HPSAC valid:  50%|█████     | 2153/4276 [01:23<01:24, 25.27it/s]
HPSAC valid:  50%|█████     | 2156/4276 [01:23<01:22, 25.66it/s]
HPSAC valid:  50%|█████     | 2159/4276 [01:23<01:21, 25.90it/s]
HPSAC valid:  51%|█████     | 2162/4276 [01:23<01:24, 25.06it/s]
HPSAC valid:  51%|█████     | 2165/4276 [01:24<01:26, 24.50it/s]
HPSAC valid:  51%|█████     | 2168/4276 [01:24<01:27, 24.12it/s]
HPSAC valid:  51%|█████     | 2172/4276 [01:24<01:22, 25.54it/s]
HPSAC valid:  51%|█████     | 2176/4276 [01:24<01:16, 27.52it/s]
HPSAC valid:  51%|█████     | 2179/4276 [01:24<01:17, 27.23it/s]
HPSAC valid:  51%|█████     | 2182/4276 [01:24<01:17, 27.07it/s]
HPSAC valid:  51%|█████     | 2185/4276 [01:24<01:17, 26.90it/s]
HPSAC valid:  51%|█████     | 2188/4276 [01:24<01:21, 25.72it/s]
HPSAC valid:  51%|█████     | 2191/4276 [01:25<01:20, 25.96it/s]
HPSAC valid:  51%|█████▏    | 2194/4276 [01:25<01:22, 25.11it/s]
HPSAC valid:  51%|█████▏    | 2198/4276 [01:25<01:18, 26.32it/s]
HPSAC valid:  51%|█████▏    | 2201/4276 [01:25<01:18, 26.35it/s]
HPSAC valid:  52%|█████▏    | 2204/4276 [01:25<01:18, 26.38it/s]
HPSAC valid:  52%|█████▏    | 2207/4276 [01:25<01:16, 27.06it/s]
HPSAC valid:  52%|█████▏    | 2210/4276 [01:25<01:16, 26.90it/s]
HPSAC valid:  52%|█████▏    | 2213/4276 [01:25<01:16, 26.82it/s]
HPSAC valid:  52%|█████▏    | 2216/4276 [01:26<01:20, 25.67it/s]
HPSAC valid:  52%|█████▏    | 2219/4276 [01:26<01:19, 25.96it/s]
HPSAC valid:  52%|█████▏    | 2222/4276 [01:26<01:22, 25.04it/s]
HPSAC valid:  52%|█████▏    | 2225/4276 [01:26<01:20, 25.47it/s]
HPSAC valid:  52%|█████▏    | 2228/4276 [01:26<01:19, 25.79it/s]
HPSAC valid:  52%|█████▏    | 2231/4276 [01:26<01:21, 24.97it/s]
HPSAC valid:  52%|█████▏    | 2234/4276 [01:26<01:20, 25.36it/s]
HPSAC valid:  52%|█████▏    | 2237/4276 [01:26<01:19, 25.70it/s]
HPSAC valid:  52%|█████▏    | 2240/4276 [01:26<01:21, 24.86it/s]
HPSAC valid:  52%|█████▏    | 2243/4276 [01:27<01:20, 25.32it/s]
HPSAC valid:  53%|█████▎    | 2246/4276 [01:27<01:22, 24.66it/s]
HPSAC valid:  53%|█████▎    | 2250/4276 [01:27<01:17, 26.01it/s]
HPSAC valid:  53%|█████▎    | 2253/4276 [01:27<01:15, 26.74it/s]
HPSAC valid:  53%|█████▎    | 2257/4276 [01:27<01:13, 27.38it/s]
HPSAC valid:  53%|█████▎    | 2260/4276 [01:27<01:14, 27.19it/s]
HPSAC valid:  53%|█████▎    | 2263/4276 [01:27<01:14, 27.05it/s]
HPSAC valid:  53%|█████▎    | 2266/4276 [01:27<01:17, 25.86it/s]
HPSAC valid:  53%|█████▎    | 2269/4276 [01:28<01:17, 26.05it/s]
HPSAC valid:  53%|█████▎    | 2272/4276 [01:28<01:19, 25.16it/s]
HPSAC valid:  53%|█████▎    | 2275/4276 [01:28<01:21, 24.57it/s]
HPSAC valid:  53%|█████▎    | 2278/4276 [01:28<01:19, 25.15it/s]
HPSAC valid:  53%|█████▎    | 2281/4276 [01:28<01:18, 25.52it/s]
HPSAC valid:  53%|█████▎    | 2285/4276 [01:28<01:13, 27.17it/s]
HPSAC valid:  54%|█████▎    | 2288/4276 [01:28<01:13, 27.03it/s]
HPSAC valid:  54%|█████▎    | 2291/4276 [01:28<01:13, 26.93it/s]
HPSAC valid:  54%|█████▎    | 2294/4276 [01:29<01:13, 26.81it/s]
HPSAC valid:  54%|█████▎    | 2297/4276 [01:29<01:14, 26.69it/s]
HPSAC valid:  54%|█████▍    | 2300/4276 [01:29<01:14, 26.65it/s]
HPSAC valid:  54%|█████▍    | 2303/4276 [01:29<01:17, 25.52it/s]
HPSAC valid:  54%|█████▍    | 2306/4276 [01:29<01:19, 24.81it/s]
HPSAC valid:  54%|█████▍    | 2309/4276 [01:29<01:21, 24.25it/s]
HPSAC valid:  54%|█████▍    | 2312/4276 [01:29<01:18, 24.93it/s]
HPSAC valid:  54%|█████▍    | 2315/4276 [01:29<01:20, 24.40it/s]
HPSAC valid:  54%|█████▍    | 2318/4276 [01:30<01:18, 25.04it/s]
HPSAC valid:  54%|█████▍    | 2321/4276 [01:30<01:19, 24.48it/s]
HPSAC valid:  54%|█████▍    | 2324/4276 [01:30<01:21, 24.06it/s]
HPSAC valid:  54%|█████▍    | 2328/4276 [01:30<01:13, 26.60it/s]
HPSAC valid:  55%|█████▍    | 2332/4276 [01:30<01:11, 27.27it/s]
HPSAC valid:  55%|█████▍    | 2335/4276 [01:30<01:11, 27.02it/s]
HPSAC valid:  55%|█████▍    | 2338/4276 [01:30<01:14, 25.87it/s]
HPSAC valid:  55%|█████▍    | 2341/4276 [01:30<01:14, 26.08it/s]
HPSAC valid:  55%|█████▍    | 2344/4276 [01:30<01:13, 26.24it/s]
HPSAC valid:  55%|█████▍    | 2348/4276 [01:31<01:11, 27.03it/s]
HPSAC valid:  55%|█████▌    | 2352/4276 [01:31<01:09, 27.56it/s]
HPSAC valid:  55%|█████▌    | 2355/4276 [01:31<01:13, 26.27it/s]
HPSAC valid:  55%|█████▌    | 2358/4276 [01:31<01:12, 26.36it/s]
HPSAC valid:  55%|█████▌    | 2362/4276 [01:31<01:08, 28.12it/s]
HPSAC valid:  55%|█████▌    | 2366/4276 [01:31<01:07, 28.33it/s]
HPSAC valid:  55%|█████▌    | 2370/4276 [01:31<01:07, 28.43it/s]
HPSAC valid:  55%|█████▌    | 2373/4276 [01:32<01:08, 27.92it/s]
HPSAC valid:  56%|█████▌    | 2376/4276 [01:32<01:11, 26.50it/s]
HPSAC valid:  56%|█████▌    | 2379/4276 [01:32<01:11, 26.54it/s]
HPSAC valid:  56%|█████▌    | 2382/4276 [01:32<01:14, 25.49it/s]
HPSAC valid:  56%|█████▌    | 2385/4276 [01:32<01:16, 24.81it/s]
HPSAC valid:  56%|█████▌    | 2388/4276 [01:32<01:14, 25.32it/s]
HPSAC valid:  56%|█████▌    | 2391/4276 [01:32<01:13, 25.69it/s]
HPSAC valid:  56%|█████▌    | 2394/4276 [01:32<01:12, 25.98it/s]
HPSAC valid:  56%|█████▌    | 2397/4276 [01:32<01:11, 26.13it/s]
HPSAC valid:  56%|█████▌    | 2400/4276 [01:33<01:11, 26.30it/s]
HPSAC valid:  56%|█████▌    | 2404/4276 [01:33<01:03, 29.54it/s]
HPSAC valid:  56%|█████▋    | 2408/4276 [01:33<01:01, 30.48it/s]
HPSAC valid:  56%|█████▋    | 2412/4276 [01:33<01:07, 27.69it/s]
HPSAC valid:  56%|█████▋    | 2415/4276 [01:33<01:10, 26.39it/s]
HPSAC valid:  57%|█████▋    | 2418/4276 [01:33<01:10, 26.45it/s]
HPSAC valid:  57%|█████▋    | 2421/4276 [01:33<01:12, 25.48it/s]
HPSAC valid:  57%|█████▋    | 2424/4276 [01:33<01:11, 25.76it/s]
HPSAC valid:  57%|█████▋    | 2427/4276 [01:34<01:13, 24.99it/s]
HPSAC valid:  57%|█████▋    | 2430/4276 [01:34<01:12, 25.46it/s]
HPSAC valid:  57%|█████▋    | 2434/4276 [01:34<01:09, 26.56it/s]
HPSAC valid:  57%|█████▋    | 2437/4276 [01:34<01:12, 25.53it/s]
HPSAC valid:  57%|█████▋    | 2440/4276 [01:34<01:11, 25.84it/s]
HPSAC valid:  57%|█████▋    | 2443/4276 [01:34<01:10, 26.02it/s]
HPSAC valid:  57%|█████▋    | 2446/4276 [01:34<01:12, 25.14it/s]
HPSAC valid:  57%|█████▋    | 2449/4276 [01:34<01:12, 25.04it/s]
HPSAC valid:  57%|█████▋    | 2452/4276 [01:35<01:14, 24.46it/s]
HPSAC valid:  57%|█████▋    | 2455/4276 [01:35<01:12, 25.08it/s]
HPSAC valid:  57%|█████▋    | 2458/4276 [01:35<01:11, 25.54it/s]
HPSAC valid:  58%|█████▊    | 2461/4276 [01:35<01:11, 25.36it/s]
HPSAC valid:  58%|█████▊    | 2465/4276 [01:35<01:08, 26.46it/s]
HPSAC valid:  58%|█████▊    | 2468/4276 [01:35<01:10, 25.48it/s]
HPSAC valid:  58%|█████▊    | 2471/4276 [01:35<01:10, 25.74it/s]
HPSAC valid:  58%|█████▊    | 2474/4276 [01:35<01:12, 24.97it/s]
HPSAC valid:  58%|█████▊    | 2478/4276 [01:36<01:06, 27.20it/s]
HPSAC valid:  58%|█████▊    | 2481/4276 [01:36<01:06, 27.05it/s]
HPSAC valid:  58%|█████▊    | 2484/4276 [01:36<01:09, 25.86it/s]
HPSAC valid:  58%|█████▊    | 2487/4276 [01:36<01:11, 25.04it/s]
HPSAC valid:  58%|█████▊    | 2490/4276 [01:36<01:11, 25.01it/s]
HPSAC valid:  58%|█████▊    | 2494/4276 [01:36<01:02, 28.41it/s]
HPSAC valid:  58%|█████▊    | 2497/4276 [01:36<01:06, 26.67it/s]
HPSAC valid:  58%|█████▊    | 2501/4276 [01:36<01:04, 27.34it/s]
HPSAC valid:  59%|█████▊    | 2504/4276 [01:37<01:05, 27.15it/s]
HPSAC valid:  59%|█████▊    | 2507/4276 [01:37<01:08, 25.89it/s]
HPSAC valid:  59%|█████▊    | 2510/4276 [01:37<01:07, 26.10it/s]
HPSAC valid:  59%|█████▉    | 2513/4276 [01:37<01:09, 25.22it/s]
HPSAC valid:  59%|█████▉    | 2516/4276 [01:37<01:08, 25.62it/s]
HPSAC valid:  59%|█████▉    | 2519/4276 [01:37<01:07, 25.92it/s]
HPSAC valid:  59%|█████▉    | 2523/4276 [01:37<01:05, 26.85it/s]
HPSAC valid:  59%|█████▉    | 2526/4276 [01:37<01:05, 26.67it/s]
HPSAC valid:  59%|█████▉    | 2530/4276 [01:38<01:01, 28.43it/s]
HPSAC valid:  59%|█████▉    | 2533/4276 [01:38<01:02, 27.89it/s]
HPSAC valid:  59%|█████▉    | 2536/4276 [01:38<01:05, 26.43it/s]
HPSAC valid:  59%|█████▉    | 2539/4276 [01:38<01:08, 25.44it/s]
HPSAC valid:  59%|█████▉    | 2542/4276 [01:38<01:07, 25.78it/s]
HPSAC valid:  60%|█████▉    | 2545/4276 [01:38<01:06, 25.95it/s]
HPSAC valid:  60%|█████▉    | 2548/4276 [01:38<01:06, 26.17it/s]
HPSAC valid:  60%|█████▉    | 2551/4276 [01:38<01:08, 25.21it/s]
HPSAC valid:  60%|█████▉    | 2554/4276 [01:38<01:10, 24.59it/s]
HPSAC valid:  60%|█████▉    | 2557/4276 [01:39<01:08, 25.12it/s]
HPSAC valid:  60%|█████▉    | 2561/4276 [01:39<01:05, 26.30it/s]
HPSAC valid:  60%|█████▉    | 2564/4276 [01:39<01:04, 26.40it/s]
HPSAC valid:  60%|██████    | 2567/4276 [01:39<01:04, 26.48it/s]
HPSAC valid:  60%|██████    | 2570/4276 [01:39<01:04, 26.54it/s]
HPSAC valid:  60%|██████    | 2573/4276 [01:39<01:04, 26.53it/s]
HPSAC valid:  60%|██████    | 2577/4276 [01:39<01:02, 27.29it/s]
HPSAC valid:  60%|██████    | 2581/4276 [01:39<01:01, 27.67it/s]
HPSAC valid:  60%|██████    | 2584/4276 [01:40<01:04, 26.34it/s]
HPSAC valid:  61%|██████    | 2587/4276 [01:40<01:06, 25.42it/s]
HPSAC valid:  61%|██████    | 2590/4276 [01:40<01:05, 25.75it/s]
HPSAC valid:  61%|██████    | 2593/4276 [01:40<01:04, 26.00it/s]
HPSAC valid:  61%|██████    | 2597/4276 [01:40<01:02, 26.92it/s]
HPSAC valid:  61%|██████    | 2601/4276 [01:40<00:58, 28.61it/s]
HPSAC valid:  61%|██████    | 2604/4276 [01:40<00:59, 28.07it/s]
HPSAC valid:  61%|██████    | 2608/4276 [01:40<00:59, 28.26it/s]
HPSAC valid:  61%|██████    | 2611/4276 [01:41<00:59, 27.82it/s]
HPSAC valid:  61%|██████    | 2614/4276 [01:41<01:00, 27.49it/s]
HPSAC valid:  61%|██████    | 2617/4276 [01:41<01:00, 27.26it/s]
HPSAC valid:  61%|██████▏   | 2620/4276 [01:41<01:02, 26.55it/s]
HPSAC valid:  61%|██████▏   | 2623/4276 [01:41<01:02, 26.53it/s]
HPSAC valid:  61%|██████▏   | 2626/4276 [01:41<01:02, 26.54it/s]
HPSAC valid:  61%|██████▏   | 2629/4276 [01:41<01:02, 26.53it/s]
HPSAC valid:  62%|██████▏   | 2632/4276 [01:41<01:04, 25.46it/s]
HPSAC valid:  62%|██████▏   | 2636/4276 [01:42<00:59, 27.63it/s]
HPSAC valid:  62%|██████▏   | 2640/4276 [01:42<00:56, 29.10it/s]
HPSAC valid:  62%|██████▏   | 2643/4276 [01:42<00:59, 27.23it/s]
HPSAC valid:  62%|██████▏   | 2646/4276 [01:42<01:02, 26.02it/s]
HPSAC valid:  62%|██████▏   | 2649/4276 [01:42<01:04, 25.14it/s]
HPSAC valid:  62%|██████▏   | 2652/4276 [01:42<01:06, 24.58it/s]
HPSAC valid:  62%|██████▏   | 2655/4276 [01:42<01:04, 25.09it/s]
HPSAC valid:  62%|██████▏   | 2658/4276 [01:42<01:03, 25.52it/s]
HPSAC valid:  62%|██████▏   | 2661/4276 [01:43<01:02, 25.85it/s]
HPSAC valid:  62%|██████▏   | 2664/4276 [01:43<01:00, 26.65it/s]
HPSAC valid:  62%|██████▏   | 2667/4276 [01:43<01:00, 26.60it/s]
HPSAC valid:  62%|██████▏   | 2670/4276 [01:43<01:03, 25.46it/s]
HPSAC valid:  63%|██████▎   | 2673/4276 [01:43<01:02, 25.76it/s]
HPSAC valid:  63%|██████▎   | 2676/4276 [01:43<01:02, 25.50it/s]
HPSAC valid:  63%|██████▎   | 2680/4276 [01:43<00:57, 27.70it/s]
HPSAC valid:  63%|██████▎   | 2683/4276 [01:43<00:58, 27.40it/s]
HPSAC valid:  63%|██████▎   | 2686/4276 [01:43<00:58, 27.19it/s]
HPSAC valid:  63%|██████▎   | 2690/4276 [01:44<00:57, 27.63it/s]
HPSAC valid:  63%|██████▎   | 2693/4276 [01:44<00:58, 27.27it/s]
HPSAC valid:  63%|██████▎   | 2696/4276 [01:44<01:00, 25.99it/s]
HPSAC valid:  63%|██████▎   | 2699/4276 [01:44<01:00, 26.13it/s]
HPSAC valid:  63%|██████▎   | 2702/4276 [01:44<00:59, 26.29it/s]
HPSAC valid:  63%|██████▎   | 2705/4276 [01:44<01:02, 25.29it/s]
HPSAC valid:  63%|██████▎   | 2708/4276 [01:44<01:01, 25.63it/s]
HPSAC valid:  63%|██████▎   | 2711/4276 [01:44<01:00, 25.88it/s]
HPSAC valid:  63%|██████▎   | 2714/4276 [01:45<01:02, 25.04it/s]
HPSAC valid:  64%|██████▎   | 2717/4276 [01:45<01:01, 25.48it/s]
HPSAC valid:  64%|██████▎   | 2721/4276 [01:45<00:56, 27.62it/s]
HPSAC valid:  64%|██████▎   | 2724/4276 [01:45<00:56, 27.25it/s]
HPSAC valid:  64%|██████▍   | 2727/4276 [01:45<00:59, 25.98it/s]
HPSAC valid:  64%|██████▍   | 2730/4276 [01:45<00:59, 26.14it/s]
HPSAC valid:  64%|██████▍   | 2733/4276 [01:45<00:58, 26.26it/s]
HPSAC valid:  64%|██████▍   | 2736/4276 [01:45<00:58, 26.37it/s]
HPSAC valid:  64%|██████▍   | 2739/4276 [01:45<01:00, 25.36it/s]
HPSAC valid:  64%|██████▍   | 2742/4276 [01:46<00:59, 25.73it/s]
HPSAC valid:  64%|██████▍   | 2746/4276 [01:46<00:54, 27.84it/s]
HPSAC valid:  64%|██████▍   | 2750/4276 [01:46<00:54, 28.15it/s]
HPSAC valid:  64%|██████▍   | 2754/4276 [01:46<00:53, 28.30it/s]
HPSAC valid:  64%|██████▍   | 2757/4276 [01:46<00:54, 27.84it/s]
HPSAC valid:  65%|██████▍   | 2760/4276 [01:46<00:57, 26.44it/s]
HPSAC valid:  65%|██████▍   | 2764/4276 [01:46<00:55, 27.12it/s]
HPSAC valid:  65%|██████▍   | 2767/4276 [01:47<00:58, 25.95it/s]
HPSAC valid:  65%|██████▍   | 2771/4276 [01:47<00:56, 26.82it/s]
HPSAC valid:  65%|██████▍   | 2774/4276 [01:47<00:56, 26.61it/s]
HPSAC valid:  65%|██████▍   | 2777/4276 [01:47<00:58, 25.60it/s]
HPSAC valid:  65%|██████▌   | 2780/4276 [01:47<01:00, 24.89it/s]
HPSAC valid:  65%|██████▌   | 2783/4276 [01:47<01:01, 24.40it/s]
HPSAC valid:  65%|██████▌   | 2786/4276 [01:47<01:01, 24.07it/s]
HPSAC valid:  65%|██████▌   | 2789/4276 [01:47<01:00, 24.77it/s]
HPSAC valid:  65%|██████▌   | 2793/4276 [01:48<00:56, 26.02it/s]
HPSAC valid:  65%|██████▌   | 2796/4276 [01:48<00:56, 26.19it/s]
HPSAC valid:  65%|██████▌   | 2799/4276 [01:48<00:56, 26.28it/s]
HPSAC valid:  66%|██████▌   | 2802/4276 [01:48<00:58, 25.34it/s]
HPSAC valid:  66%|██████▌   | 2805/4276 [01:48<00:59, 24.70it/s]
HPSAC valid:  66%|██████▌   | 2808/4276 [01:48<01:00, 24.25it/s]
HPSAC valid:  66%|██████▌   | 2811/4276 [01:48<01:01, 23.91it/s]
HPSAC valid:  66%|██████▌   | 2814/4276 [01:48<01:01, 23.72it/s]
HPSAC valid:  66%|██████▌   | 2817/4276 [01:49<00:59, 24.52it/s]
HPSAC valid:  66%|██████▌   | 2821/4276 [01:49<00:56, 25.90it/s]
HPSAC valid:  66%|██████▌   | 2824/4276 [01:49<00:55, 26.07it/s]
HPSAC valid:  66%|██████▌   | 2827/4276 [01:49<00:55, 26.23it/s]
HPSAC valid:  66%|██████▌   | 2830/4276 [01:49<00:54, 26.30it/s]
HPSAC valid:  66%|██████▋   | 2833/4276 [01:49<00:57, 25.31it/s]
HPSAC valid:  66%|██████▋   | 2836/4276 [01:49<00:58, 24.67it/s]
HPSAC valid:  66%|██████▋   | 2839/4276 [01:49<00:59, 24.17it/s]
HPSAC valid:  66%|██████▋   | 2842/4276 [01:50<01:00, 23.73it/s]
HPSAC valid:  67%|██████▋   | 2845/4276 [01:50<00:59, 24.02it/s]
HPSAC valid:  67%|██████▋   | 2848/4276 [01:50<00:57, 24.68it/s]
HPSAC valid:  67%|██████▋   | 2852/4276 [01:50<00:54, 25.92it/s]
HPSAC valid:  67%|██████▋   | 2855/4276 [01:50<00:56, 25.09it/s]
HPSAC valid:  67%|██████▋   | 2859/4276 [01:50<00:54, 26.22it/s]
HPSAC valid:  67%|██████▋   | 2862/4276 [01:50<00:55, 25.31it/s]
HPSAC valid:  67%|██████▋   | 2866/4276 [01:50<00:53, 26.35it/s]
HPSAC valid:  67%|██████▋   | 2869/4276 [01:51<00:53, 26.39it/s]
HPSAC valid:  67%|██████▋   | 2872/4276 [01:51<00:55, 25.38it/s]
HPSAC valid:  67%|██████▋   | 2875/4276 [01:51<00:54, 25.66it/s]
HPSAC valid:  67%|██████▋   | 2878/4276 [01:51<00:56, 24.84it/s]
HPSAC valid:  67%|██████▋   | 2881/4276 [01:51<00:55, 25.31it/s]
HPSAC valid:  67%|██████▋   | 2884/4276 [01:51<00:56, 24.59it/s]
HPSAC valid:  68%|██████▊   | 2887/4276 [01:51<00:57, 24.15it/s]
HPSAC valid:  68%|██████▊   | 2890/4276 [01:51<00:55, 24.83it/s]
HPSAC valid:  68%|██████▊   | 2893/4276 [01:52<00:56, 24.30it/s]
HPSAC valid:  68%|██████▊   | 2896/4276 [01:52<00:57, 23.95it/s]
HPSAC valid:  68%|██████▊   | 2899/4276 [01:52<00:58, 23.66it/s]
HPSAC valid:  68%|██████▊   | 2902/4276 [01:52<00:54, 24.99it/s]
HPSAC valid:  68%|██████▊   | 2905/4276 [01:52<00:53, 25.45it/s]
HPSAC valid:  68%|██████▊   | 2908/4276 [01:52<00:52, 26.30it/s]
HPSAC valid:  68%|██████▊   | 2911/4276 [01:52<00:52, 25.85it/s]
HPSAC valid:  68%|██████▊   | 2914/4276 [01:52<00:52, 26.02it/s]
HPSAC valid:  68%|██████▊   | 2917/4276 [01:52<00:54, 25.03it/s]
HPSAC valid:  68%|██████▊   | 2920/4276 [01:53<00:55, 24.43it/s]
HPSAC valid:  68%|██████▊   | 2923/4276 [01:53<00:56, 24.04it/s]
HPSAC valid:  68%|██████▊   | 2926/4276 [01:53<00:56, 23.73it/s]
HPSAC valid:  68%|██████▊   | 2929/4276 [01:53<00:57, 23.46it/s]
HPSAC valid:  69%|██████▊   | 2932/4276 [01:53<00:55, 24.29it/s]
HPSAC valid:  69%|██████▊   | 2935/4276 [01:53<00:53, 24.93it/s]
HPSAC valid:  69%|██████▊   | 2938/4276 [01:53<00:52, 25.30it/s]
HPSAC valid:  69%|██████▉   | 2941/4276 [01:53<00:52, 25.66it/s]
HPSAC valid:  69%|██████▉   | 2945/4276 [01:54<00:49, 26.64it/s]
HPSAC valid:  69%|██████▉   | 2948/4276 [01:54<00:51, 25.56it/s]
HPSAC valid:  69%|██████▉   | 2952/4276 [01:54<00:49, 26.56it/s]
HPSAC valid:  69%|██████▉   | 2955/4276 [01:54<00:51, 25.52it/s]
HPSAC valid:  69%|██████▉   | 2958/4276 [01:54<00:51, 25.80it/s]
HPSAC valid:  69%|██████▉   | 2961/4276 [01:54<00:51, 25.52it/s]
HPSAC valid:  69%|██████▉   | 2964/4276 [01:54<00:50, 25.81it/s]
HPSAC valid:  69%|██████▉   | 2967/4276 [01:54<00:52, 24.94it/s]
HPSAC valid:  69%|██████▉   | 2970/4276 [01:55<00:53, 24.37it/s]
HPSAC valid:  70%|██████▉   | 2973/4276 [01:55<00:54, 24.00it/s]
HPSAC valid:  70%|██████▉   | 2976/4276 [01:55<00:52, 24.70it/s]
HPSAC valid:  70%|██████▉   | 2979/4276 [01:55<00:53, 24.19it/s]
HPSAC valid:  70%|██████▉   | 2982/4276 [01:55<00:52, 24.85it/s]
HPSAC valid:  70%|██████▉   | 2986/4276 [01:55<00:45, 28.25it/s]
HPSAC valid:  70%|██████▉   | 2989/4276 [01:55<00:48, 26.63it/s]
HPSAC valid:  70%|██████▉   | 2992/4276 [01:55<00:50, 25.54it/s]
HPSAC valid:  70%|███████   | 2995/4276 [01:56<00:49, 25.82it/s]
HPSAC valid:  70%|███████   | 2998/4276 [01:56<00:49, 26.03it/s]
HPSAC valid:  70%|███████   | 3001/4276 [01:56<00:50, 25.10it/s]
HPSAC valid:  70%|███████   | 3004/4276 [01:56<00:50, 25.02it/s]
HPSAC valid:  70%|███████   | 3007/4276 [01:56<00:49, 25.39it/s]
HPSAC valid:  70%|███████   | 3010/4276 [01:56<00:49, 25.71it/s]
HPSAC valid:  70%|███████   | 3013/4276 [01:56<00:48, 25.96it/s]
HPSAC valid:  71%|███████   | 3016/4276 [01:56<00:48, 26.13it/s]
HPSAC valid:  71%|███████   | 3020/4276 [01:57<00:46, 26.98it/s]
HPSAC valid:  71%|███████   | 3023/4276 [01:57<00:46, 26.85it/s]
HPSAC valid:  71%|███████   | 3026/4276 [01:57<00:48, 25.69it/s]
HPSAC valid:  71%|███████   | 3029/4276 [01:57<00:50, 24.86it/s]
HPSAC valid:  71%|███████   | 3032/4276 [01:57<00:49, 25.28it/s]
HPSAC valid:  71%|███████   | 3035/4276 [01:57<00:48, 25.58it/s]
HPSAC valid:  71%|███████   | 3038/4276 [01:57<00:47, 25.85it/s]
HPSAC valid:  71%|███████   | 3041/4276 [01:57<00:47, 26.04it/s]
HPSAC valid:  71%|███████   | 3044/4276 [01:57<00:49, 25.07it/s]
HPSAC valid:  71%|███████▏  | 3047/4276 [01:58<00:50, 24.47it/s]
HPSAC valid:  71%|███████▏  | 3050/4276 [01:58<00:50, 24.08it/s]
HPSAC valid:  71%|███████▏  | 3053/4276 [01:58<00:48, 25.31it/s]
HPSAC valid:  71%|███████▏  | 3056/4276 [01:58<00:47, 25.67it/s]
HPSAC valid:  72%|███████▏  | 3059/4276 [01:58<00:49, 24.83it/s]
HPSAC valid:  72%|███████▏  | 3063/4276 [01:58<00:44, 27.15it/s]
HPSAC valid:  72%|███████▏  | 3066/4276 [01:58<00:44, 26.97it/s]
HPSAC valid:  72%|███████▏  | 3069/4276 [01:58<00:46, 25.72it/s]
HPSAC valid:  72%|███████▏  | 3072/4276 [01:59<00:48, 24.93it/s]
HPSAC valid:  72%|███████▏  | 3075/4276 [01:59<00:47, 25.38it/s]
HPSAC valid:  72%|███████▏  | 3078/4276 [01:59<00:48, 24.64it/s]
HPSAC valid:  72%|███████▏  | 3082/4276 [01:59<00:44, 26.91it/s]
HPSAC valid:  72%|███████▏  | 3085/4276 [01:59<00:44, 26.82it/s]
HPSAC valid:  72%|███████▏  | 3088/4276 [01:59<00:44, 26.63it/s]
HPSAC valid:  72%|███████▏  | 3091/4276 [01:59<00:46, 25.49it/s]
HPSAC valid:  72%|███████▏  | 3094/4276 [01:59<00:47, 24.76it/s]
HPSAC valid:  72%|███████▏  | 3097/4276 [02:00<00:48, 24.28it/s]
HPSAC valid:  72%|███████▏  | 3100/4276 [02:00<00:49, 23.94it/s]
HPSAC valid:  73%|███████▎  | 3104/4276 [02:00<00:46, 25.45it/s]
HPSAC valid:  73%|███████▎  | 3108/4276 [02:00<00:44, 26.46it/s]
HPSAC valid:  73%|███████▎  | 3111/4276 [02:00<00:43, 26.49it/s]
HPSAC valid:  73%|███████▎  | 3114/4276 [02:00<00:45, 25.47it/s]
HPSAC valid:  73%|███████▎  | 3117/4276 [02:00<00:46, 24.77it/s]
HPSAC valid:  73%|███████▎  | 3120/4276 [02:00<00:47, 24.29it/s]
HPSAC valid:  73%|███████▎  | 3123/4276 [02:01<00:46, 24.92it/s]
HPSAC valid:  73%|███████▎  | 3127/4276 [02:01<00:43, 26.12it/s]
HPSAC valid:  73%|███████▎  | 3130/4276 [02:01<00:43, 26.24it/s]
HPSAC valid:  73%|███████▎  | 3133/4276 [02:01<00:43, 26.27it/s]
HPSAC valid:  73%|███████▎  | 3136/4276 [02:01<00:43, 26.35it/s]
HPSAC valid:  73%|███████▎  | 3139/4276 [02:01<00:44, 25.29it/s]
HPSAC valid:  73%|███████▎  | 3142/4276 [02:01<00:44, 25.65it/s]
HPSAC valid:  74%|███████▎  | 3145/4276 [02:01<00:43, 25.91it/s]
HPSAC valid:  74%|███████▎  | 3148/4276 [02:02<00:45, 25.04it/s]
HPSAC valid:  74%|███████▎  | 3151/4276 [02:02<00:46, 24.44it/s]
HPSAC valid:  74%|███████▍  | 3154/4276 [02:02<00:44, 25.03it/s]
HPSAC valid:  74%|███████▍  | 3157/4276 [02:02<00:44, 24.97it/s]
HPSAC valid:  74%|███████▍  | 3160/4276 [02:02<00:43, 25.42it/s]
HPSAC valid:  74%|███████▍  | 3163/4276 [02:02<00:44, 25.24it/s]
HPSAC valid:  74%|███████▍  | 3166/4276 [02:02<00:45, 24.53it/s]
HPSAC valid:  74%|███████▍  | 3169/4276 [02:02<00:44, 25.10it/s]
HPSAC valid:  74%|███████▍  | 3172/4276 [02:02<00:43, 25.47it/s]
HPSAC valid:  74%|███████▍  | 3175/4276 [02:03<00:44, 24.73it/s]
HPSAC valid:  74%|███████▍  | 3178/4276 [02:03<00:43, 25.24it/s]
HPSAC valid:  74%|███████▍  | 3181/4276 [02:03<00:42, 25.62it/s]
HPSAC valid:  74%|███████▍  | 3185/4276 [02:03<00:39, 27.76it/s]
HPSAC valid:  75%|███████▍  | 3188/4276 [02:03<00:39, 27.36it/s]
HPSAC valid:  75%|███████▍  | 3191/4276 [02:03<00:41, 26.01it/s]
HPSAC valid:  75%|███████▍  | 3194/4276 [02:03<00:41, 26.08it/s]
HPSAC valid:  75%|███████▍  | 3197/4276 [02:03<00:41, 26.17it/s]
HPSAC valid:  75%|███████▍  | 3201/4276 [02:04<00:39, 26.98it/s]
HPSAC valid:  75%|███████▍  | 3204/4276 [02:04<00:39, 26.86it/s]
HPSAC valid:  75%|███████▌  | 3208/4276 [02:04<00:38, 27.40it/s]
HPSAC valid:  75%|███████▌  | 3211/4276 [02:04<00:40, 26.08it/s]
HPSAC valid:  75%|███████▌  | 3214/4276 [02:04<00:41, 25.72it/s]
HPSAC valid:  75%|███████▌  | 3218/4276 [02:04<00:39, 26.67it/s]
HPSAC valid:  75%|███████▌  | 3221/4276 [02:04<00:39, 26.51it/s]
HPSAC valid:  75%|███████▌  | 3224/4276 [02:04<00:41, 25.49it/s]
HPSAC valid:  75%|███████▌  | 3227/4276 [02:05<00:40, 25.74it/s]
HPSAC valid:  76%|███████▌  | 3230/4276 [02:05<00:41, 24.94it/s]
HPSAC valid:  76%|███████▌  | 3233/4276 [02:05<00:41, 24.91it/s]
HPSAC valid:  76%|███████▌  | 3236/4276 [02:05<00:41, 25.32it/s]
HPSAC valid:  76%|███████▌  | 3239/4276 [02:05<00:42, 24.60it/s]
HPSAC valid:  76%|███████▌  | 3242/4276 [02:05<00:41, 25.15it/s]
HPSAC valid:  76%|███████▌  | 3245/4276 [02:05<00:40, 25.56it/s]
HPSAC valid:  76%|███████▌  | 3249/4276 [02:05<00:37, 27.65it/s]
HPSAC valid:  76%|███████▌  | 3252/4276 [02:06<00:39, 26.23it/s]
HPSAC valid:  76%|███████▌  | 3255/4276 [02:06<00:40, 25.29it/s]
HPSAC valid:  76%|███████▌  | 3258/4276 [02:06<00:41, 24.63it/s]
HPSAC valid:  76%|███████▋  | 3261/4276 [02:06<00:41, 24.19it/s]
HPSAC valid:  76%|███████▋  | 3264/4276 [02:06<00:42, 23.87it/s]
HPSAC valid:  76%|███████▋  | 3267/4276 [02:06<00:41, 24.60it/s]
HPSAC valid:  76%|███████▋  | 3270/4276 [02:06<00:40, 25.10it/s]
HPSAC valid:  77%|███████▋  | 3274/4276 [02:06<00:38, 26.13it/s]
HPSAC valid:  77%|███████▋  | 3277/4276 [02:07<00:38, 26.19it/s]
HPSAC valid:  77%|███████▋  | 3280/4276 [02:07<00:37, 26.25it/s]
HPSAC valid:  77%|███████▋  | 3283/4276 [02:07<00:39, 25.28it/s]
HPSAC valid:  77%|███████▋  | 3286/4276 [02:07<00:40, 24.62it/s]
HPSAC valid:  77%|███████▋  | 3289/4276 [02:07<00:39, 25.16it/s]
HPSAC valid:  77%|███████▋  | 3292/4276 [02:07<00:40, 24.49it/s]
HPSAC valid:  77%|███████▋  | 3295/4276 [02:07<00:39, 25.07it/s]
HPSAC valid:  77%|███████▋  | 3298/4276 [02:07<00:39, 24.47it/s]
HPSAC valid:  77%|███████▋  | 3301/4276 [02:08<00:38, 25.06it/s]
HPSAC valid:  77%|███████▋  | 3304/4276 [02:08<00:39, 24.46it/s]
HPSAC valid:  77%|███████▋  | 3307/4276 [02:08<00:40, 24.07it/s]
HPSAC valid:  77%|███████▋  | 3311/4276 [02:08<00:37, 25.48it/s]
HPSAC valid:  78%|███████▊  | 3314/4276 [02:08<00:37, 25.77it/s]
HPSAC valid:  78%|███████▊  | 3317/4276 [02:08<00:38, 24.98it/s]
HPSAC valid:  78%|███████▊  | 3320/4276 [02:08<00:39, 24.38it/s]
HPSAC valid:  78%|███████▊  | 3323/4276 [02:08<00:39, 23.99it/s]
HPSAC valid:  78%|███████▊  | 3326/4276 [02:09<00:38, 24.65it/s]
HPSAC valid:  78%|███████▊  | 3330/4276 [02:09<00:36, 25.91it/s]
HPSAC valid:  78%|███████▊  | 3333/4276 [02:09<00:36, 26.09it/s]
HPSAC valid:  78%|███████▊  | 3336/4276 [02:09<00:35, 26.17it/s]
HPSAC valid:  78%|███████▊  | 3339/4276 [02:09<00:37, 25.19it/s]
HPSAC valid:  78%|███████▊  | 3342/4276 [02:09<00:36, 25.58it/s]
HPSAC valid:  78%|███████▊  | 3345/4276 [02:09<00:36, 25.35it/s]
HPSAC valid:  78%|███████▊  | 3348/4276 [02:09<00:37, 24.67it/s]
HPSAC valid:  78%|███████▊  | 3351/4276 [02:10<00:36, 25.15it/s]
HPSAC valid:  78%|███████▊  | 3354/4276 [02:10<00:37, 24.47it/s]
HPSAC valid:  79%|███████▊  | 3357/4276 [02:10<00:36, 25.06it/s]
HPSAC valid:  79%|███████▊  | 3360/4276 [02:10<00:37, 24.43it/s]
HPSAC valid:  79%|███████▊  | 3363/4276 [02:10<00:36, 25.04it/s]
HPSAC valid:  79%|███████▊  | 3366/4276 [02:10<00:37, 24.39it/s]
HPSAC valid:  79%|███████▉  | 3369/4276 [02:10<00:37, 24.01it/s]
HPSAC valid:  79%|███████▉  | 3372/4276 [02:10<00:38, 23.78it/s]
HPSAC valid:  79%|███████▉  | 3375/4276 [02:11<00:36, 24.58it/s]
HPSAC valid:  79%|███████▉  | 3378/4276 [02:11<00:37, 24.17it/s]
HPSAC valid:  79%|███████▉  | 3381/4276 [02:11<00:35, 24.86it/s]
HPSAC valid:  79%|███████▉  | 3384/4276 [02:11<00:35, 25.36it/s]
HPSAC valid:  79%|███████▉  | 3387/4276 [02:11<00:33, 26.32it/s]
HPSAC valid:  79%|███████▉  | 3390/4276 [02:11<00:33, 26.37it/s]
HPSAC valid:  79%|███████▉  | 3394/4276 [02:11<00:29, 29.61it/s]
HPSAC valid:  79%|███████▉  | 3397/4276 [02:11<00:31, 27.47it/s]
HPSAC valid:  80%|███████▉  | 3400/4276 [02:11<00:32, 27.20it/s]
HPSAC valid:  80%|███████▉  | 3403/4276 [02:12<00:32, 27.03it/s]
HPSAC valid:  80%|███████▉  | 3406/4276 [02:12<00:33, 25.76it/s]
HPSAC valid:  80%|███████▉  | 3409/4276 [02:12<00:33, 25.97it/s]
HPSAC valid:  80%|███████▉  | 3412/4276 [02:12<00:33, 26.17it/s]
HPSAC valid:  80%|███████▉  | 3415/4276 [02:12<00:34, 25.24it/s]
HPSAC valid:  80%|███████▉  | 3418/4276 [02:12<00:34, 25.12it/s]
HPSAC valid:  80%|████████  | 3421/4276 [02:12<00:33, 25.57it/s]
HPSAC valid:  80%|████████  | 3425/4276 [02:12<00:31, 26.66it/s]
HPSAC valid:  80%|████████  | 3428/4276 [02:13<00:31, 26.65it/s]
HPSAC valid:  80%|████████  | 3431/4276 [02:13<00:31, 26.53it/s]
HPSAC valid:  80%|████████  | 3434/4276 [02:13<00:31, 26.58it/s]
HPSAC valid:  80%|████████  | 3437/4276 [02:13<00:32, 25.47it/s]
HPSAC valid:  80%|████████  | 3440/4276 [02:13<00:33, 24.77it/s]
HPSAC valid:  81%|████████  | 3443/4276 [02:13<00:32, 25.31it/s]
HPSAC valid:  81%|████████  | 3447/4276 [02:13<00:30, 27.54it/s]
HPSAC valid:  81%|████████  | 3451/4276 [02:13<00:29, 27.90it/s]
HPSAC valid:  81%|████████  | 3454/4276 [02:13<00:29, 27.57it/s]
HPSAC valid:  81%|████████  | 3457/4276 [02:14<00:31, 26.22it/s]
HPSAC valid:  81%|████████  | 3460/4276 [02:14<00:32, 25.25it/s]
HPSAC valid:  81%|████████  | 3463/4276 [02:14<00:31, 25.64it/s]
HPSAC valid:  81%|████████  | 3466/4276 [02:14<00:31, 25.93it/s]
HPSAC valid:  81%|████████  | 3469/4276 [02:14<00:32, 25.09it/s]
HPSAC valid:  81%|████████  | 3472/4276 [02:14<00:31, 25.50it/s]
HPSAC valid:  81%|████████▏ | 3475/4276 [02:14<00:32, 24.79it/s]
HPSAC valid:  81%|████████▏ | 3478/4276 [02:14<00:32, 24.32it/s]
HPSAC valid:  81%|████████▏ | 3482/4276 [02:15<00:30, 25.77it/s]
HPSAC valid:  82%|████████▏ | 3486/4276 [02:15<00:29, 26.58it/s]
HPSAC valid:  82%|████████▏ | 3489/4276 [02:15<00:30, 25.60it/s]
HPSAC valid:  82%|████████▏ | 3493/4276 [02:15<00:29, 26.58it/s]
HPSAC valid:  82%|████████▏ | 3496/4276 [02:15<00:29, 26.59it/s]
HPSAC valid:  82%|████████▏ | 3499/4276 [02:15<00:29, 26.61it/s]
HPSAC valid:  82%|████████▏ | 3502/4276 [02:15<00:29, 26.61it/s]
HPSAC valid:  82%|████████▏ | 3505/4276 [02:15<00:30, 25.55it/s]
HPSAC valid:  82%|████████▏ | 3508/4276 [02:16<00:30, 24.84it/s]
HPSAC valid:  82%|████████▏ | 3511/4276 [02:16<00:30, 25.31it/s]
HPSAC valid:  82%|████████▏ | 3514/4276 [02:16<00:29, 25.64it/s]
HPSAC valid:  82%|████████▏ | 3518/4276 [02:16<00:28, 26.69it/s]
HPSAC valid:  82%|████████▏ | 3521/4276 [02:16<00:29, 25.59it/s]
HPSAC valid:  82%|████████▏ | 3524/4276 [02:16<00:30, 24.88it/s]
HPSAC valid:  82%|████████▏ | 3527/4276 [02:16<00:29, 25.34it/s]
HPSAC valid:  83%|████████▎ | 3530/4276 [02:16<00:29, 25.70it/s]
HPSAC valid:  83%|████████▎ | 3533/4276 [02:17<00:29, 24.93it/s]
HPSAC valid:  83%|████████▎ | 3536/4276 [02:17<00:30, 24.36it/s]
HPSAC valid:  83%|████████▎ | 3539/4276 [02:17<00:29, 24.97it/s]
HPSAC valid:  83%|████████▎ | 3542/4276 [02:17<00:28, 25.40it/s]
HPSAC valid:  83%|████████▎ | 3545/4276 [02:17<00:28, 25.21it/s]
HPSAC valid:  83%|████████▎ | 3548/4276 [02:17<00:28, 25.64it/s]
HPSAC valid:  83%|████████▎ | 3551/4276 [02:17<00:27, 25.90it/s]
HPSAC valid:  83%|████████▎ | 3555/4276 [02:17<00:26, 26.81it/s]
HPSAC valid:  83%|████████▎ | 3559/4276 [02:18<00:24, 29.71it/s]
HPSAC valid:  83%|████████▎ | 3562/4276 [02:18<00:25, 27.65it/s]
HPSAC valid:  83%|████████▎ | 3566/4276 [02:18<00:23, 29.76it/s]
HPSAC valid:  83%|████████▎ | 3570/4276 [02:18<00:25, 28.24it/s]
HPSAC valid:  84%|████████▎ | 3573/4276 [02:18<00:25, 27.82it/s]
HPSAC valid:  84%|████████▎ | 3577/4276 [02:18<00:24, 28.13it/s]
HPSAC valid:  84%|████████▎ | 3580/4276 [02:18<00:25, 27.74it/s]
HPSAC valid:  84%|████████▍ | 3583/4276 [02:18<00:26, 26.36it/s]
HPSAC valid:  84%|████████▍ | 3587/4276 [02:19<00:25, 27.13it/s]
HPSAC valid:  84%|████████▍ | 3590/4276 [02:19<00:25, 27.00it/s]
HPSAC valid:  84%|████████▍ | 3594/4276 [02:19<00:24, 27.47it/s]
HPSAC valid:  84%|████████▍ | 3597/4276 [02:19<00:25, 26.21it/s]
HPSAC valid:  84%|████████▍ | 3600/4276 [02:19<00:25, 26.28it/s]
HPSAC valid:  84%|████████▍ | 3604/4276 [02:19<00:24, 27.00it/s]
HPSAC valid:  84%|████████▍ | 3607/4276 [02:19<00:24, 26.87it/s]
HPSAC valid:  84%|████████▍ | 3610/4276 [02:19<00:25, 25.76it/s]
HPSAC valid:  84%|████████▍ | 3613/4276 [02:20<00:25, 26.01it/s]
HPSAC valid:  85%|████████▍ | 3616/4276 [02:20<00:26, 25.12it/s]
HPSAC valid:  85%|████████▍ | 3619/4276 [02:20<00:26, 24.55it/s]
HPSAC valid:  85%|████████▍ | 3622/4276 [02:20<00:26, 25.13it/s]
HPSAC valid:  85%|████████▍ | 3625/4276 [02:20<00:25, 25.47it/s]
HPSAC valid:  85%|████████▍ | 3628/4276 [02:20<00:26, 24.77it/s]
HPSAC valid:  85%|████████▍ | 3631/4276 [02:20<00:26, 24.31it/s]
HPSAC valid:  85%|████████▍ | 3634/4276 [02:20<00:26, 23.99it/s]
HPSAC valid:  85%|████████▌ | 3637/4276 [02:21<00:25, 24.73it/s]
HPSAC valid:  85%|████████▌ | 3640/4276 [02:21<00:25, 25.28it/s]
HPSAC valid:  85%|████████▌ | 3643/4276 [02:21<00:25, 25.17it/s]
HPSAC valid:  85%|████████▌ | 3646/4276 [02:21<00:25, 24.54it/s]
HPSAC valid:  85%|████████▌ | 3649/4276 [02:21<00:24, 25.12it/s]
HPSAC valid:  85%|████████▌ | 3652/4276 [02:21<00:25, 24.53it/s]
HPSAC valid:  85%|████████▌ | 3655/4276 [02:21<00:25, 24.14it/s]
HPSAC valid:  86%|████████▌ | 3658/4276 [02:21<00:24, 24.77it/s]
HPSAC valid:  86%|████████▌ | 3661/4276 [02:22<00:24, 25.32it/s]
HPSAC valid:  86%|████████▌ | 3664/4276 [02:22<00:23, 25.70it/s]
HPSAC valid:  86%|████████▌ | 3667/4276 [02:22<00:24, 24.92it/s]
HPSAC valid:  86%|████████▌ | 3670/4276 [02:22<00:24, 24.36it/s]
HPSAC valid:  86%|████████▌ | 3673/4276 [02:22<00:25, 23.96it/s]
HPSAC valid:  86%|████████▌ | 3676/4276 [02:22<00:25, 23.66it/s]
HPSAC valid:  86%|████████▌ | 3679/4276 [02:22<00:25, 23.54it/s]
HPSAC valid:  86%|████████▌ | 3682/4276 [02:22<00:24, 24.39it/s]
HPSAC valid:  86%|████████▌ | 3686/4276 [02:23<00:21, 26.85it/s]
HPSAC valid:  86%|████████▋ | 3689/4276 [02:23<00:21, 26.80it/s]
HPSAC valid:  86%|████████▋ | 3692/4276 [02:23<00:21, 26.77it/s]
HPSAC valid:  86%|████████▋ | 3695/4276 [02:23<00:22, 25.57it/s]
HPSAC valid:  86%|████████▋ | 3698/4276 [02:23<00:22, 25.86it/s]
HPSAC valid:  87%|████████▋ | 3701/4276 [02:23<00:23, 24.94it/s]
HPSAC valid:  87%|████████▋ | 3704/4276 [02:23<00:22, 25.43it/s]
HPSAC valid:  87%|████████▋ | 3708/4276 [02:23<00:21, 26.46it/s]
HPSAC valid:  87%|████████▋ | 3711/4276 [02:23<00:22, 25.48it/s]
HPSAC valid:  87%|████████▋ | 3714/4276 [02:24<00:21, 25.80it/s]
HPSAC valid:  87%|████████▋ | 3717/4276 [02:24<00:22, 24.97it/s]
HPSAC valid:  87%|████████▋ | 3721/4276 [02:24<00:21, 26.20it/s]
HPSAC valid:  87%|████████▋ | 3724/4276 [02:24<00:21, 26.20it/s]
HPSAC valid:  87%|████████▋ | 3727/4276 [02:24<00:20, 26.30it/s]
HPSAC valid:  87%|████████▋ | 3731/4276 [02:24<00:19, 28.22it/s]
HPSAC valid:  87%|████████▋ | 3735/4276 [02:24<00:19, 28.40it/s]
HPSAC valid:  87%|████████▋ | 3738/4276 [02:24<00:20, 26.85it/s]
HPSAC valid:  87%|████████▋ | 3741/4276 [02:25<00:19, 26.79it/s]
HPSAC valid:  88%|████████▊ | 3744/4276 [02:25<00:20, 25.70it/s]
HPSAC valid:  88%|████████▊ | 3747/4276 [02:25<00:21, 24.96it/s]
HPSAC valid:  88%|████████▊ | 3750/4276 [02:25<00:20, 25.37it/s]
HPSAC valid:  88%|████████▊ | 3753/4276 [02:25<00:20, 25.69it/s]
HPSAC valid:  88%|████████▊ | 3756/4276 [02:25<00:20, 25.97it/s]
HPSAC valid:  88%|████████▊ | 3759/4276 [02:25<00:19, 26.18it/s]
HPSAC valid:  88%|████████▊ | 3762/4276 [02:25<00:20, 25.23it/s]
HPSAC valid:  88%|████████▊ | 3765/4276 [02:26<00:20, 24.60it/s]
HPSAC valid:  88%|████████▊ | 3769/4276 [02:26<00:18, 27.01it/s]
HPSAC valid:  88%|████████▊ | 3772/4276 [02:26<00:18, 26.91it/s]
HPSAC valid:  88%|████████▊ | 3776/4276 [02:26<00:18, 27.54it/s]
HPSAC valid:  88%|████████▊ | 3779/4276 [02:26<00:18, 27.30it/s]
HPSAC valid:  88%|████████▊ | 3782/4276 [02:26<00:18, 27.07it/s]
HPSAC valid:  89%|████████▊ | 3785/4276 [02:26<00:18, 25.87it/s]
HPSAC valid:  89%|████████▊ | 3788/4276 [02:26<00:19, 25.06it/s]
HPSAC valid:  89%|████████▊ | 3792/4276 [02:27<00:18, 26.25it/s]
HPSAC valid:  89%|████████▉ | 3795/4276 [02:27<00:18, 25.35it/s]
HPSAC valid:  89%|████████▉ | 3799/4276 [02:27<00:18, 26.44it/s]
HPSAC valid:  89%|████████▉ | 3802/4276 [02:27<00:17, 26.50it/s]
HPSAC valid:  89%|████████▉ | 3805/4276 [02:27<00:18, 25.51it/s]
HPSAC valid:  89%|████████▉ | 3808/4276 [02:27<00:18, 24.80it/s]
HPSAC valid:  89%|████████▉ | 3811/4276 [02:27<00:18, 24.84it/s]
HPSAC valid:  89%|████████▉ | 3814/4276 [02:27<00:19, 24.31it/s]
HPSAC valid:  89%|████████▉ | 3817/4276 [02:28<00:19, 23.98it/s]
HPSAC valid:  89%|████████▉ | 3820/4276 [02:28<00:19, 23.76it/s]
HPSAC valid:  89%|████████▉ | 3823/4276 [02:28<00:19, 23.61it/s]
HPSAC valid:  89%|████████▉ | 3826/4276 [02:28<00:19, 23.50it/s]
HPSAC valid:  90%|████████▉ | 3829/4276 [02:28<00:19, 23.44it/s]
HPSAC valid:  90%|████████▉ | 3833/4276 [02:28<00:17, 25.09it/s]
HPSAC valid:  90%|████████▉ | 3836/4276 [02:28<00:17, 24.55it/s]
HPSAC valid:  90%|████████▉ | 3839/4276 [02:28<00:18, 24.12it/s]
HPSAC valid:  90%|████████▉ | 3842/4276 [02:29<00:17, 24.76it/s]
HPSAC valid:  90%|████████▉ | 3845/4276 [02:29<00:17, 25.25it/s]
HPSAC valid:  90%|████████▉ | 3848/4276 [02:29<00:17, 24.63it/s]
HPSAC valid:  90%|█████████ | 3851/4276 [02:29<00:16, 25.21it/s]
HPSAC valid:  90%|█████████ | 3854/4276 [02:29<00:17, 24.59it/s]
HPSAC valid:  90%|█████████ | 3857/4276 [02:29<00:17, 24.15it/s]
HPSAC valid:  90%|█████████ | 3861/4276 [02:29<00:16, 25.64it/s]
HPSAC valid:  90%|█████████ | 3864/4276 [02:29<00:15, 25.91it/s]
HPSAC valid:  90%|█████████ | 3867/4276 [02:30<00:15, 26.07it/s]
HPSAC valid:  91%|█████████ | 3870/4276 [02:30<00:16, 25.19it/s]
HPSAC valid:  91%|█████████ | 3874/4276 [02:30<00:15, 26.37it/s]
HPSAC valid:  91%|█████████ | 3877/4276 [02:30<00:15, 26.46it/s]
HPSAC valid:  91%|█████████ | 3880/4276 [02:30<00:15, 25.46it/s]
HPSAC valid:  91%|█████████ | 3883/4276 [02:30<00:15, 25.79it/s]
HPSAC valid:  91%|█████████ | 3886/4276 [02:30<00:14, 26.02it/s]
HPSAC valid:  91%|█████████ | 3889/4276 [02:30<00:14, 26.15it/s]
HPSAC valid:  91%|█████████ | 3892/4276 [02:31<00:15, 25.23it/s]
HPSAC valid:  91%|█████████ | 3895/4276 [02:31<00:15, 24.62it/s]
HPSAC valid:  91%|█████████ | 3899/4276 [02:31<00:14, 25.94it/s]
HPSAC valid:  91%|█████████▏| 3902/4276 [02:31<00:14, 25.13it/s]
HPSAC valid:  91%|█████████▏| 3905/4276 [02:31<00:14, 25.54it/s]
HPSAC valid:  91%|█████████▏| 3909/4276 [02:31<00:13, 26.55it/s]
HPSAC valid:  92%|█████████▏| 3913/4276 [02:31<00:13, 27.11it/s]
HPSAC valid:  92%|█████████▏| 3916/4276 [02:31<00:13, 25.89it/s]
HPSAC valid:  92%|█████████▏| 3919/4276 [02:32<00:14, 25.08it/s]
HPSAC valid:  92%|█████████▏| 3922/4276 [02:32<00:14, 24.51it/s]
HPSAC valid:  92%|█████████▏| 3926/4276 [02:32<00:13, 25.76it/s]
HPSAC valid:  92%|█████████▏| 3929/4276 [02:32<00:13, 25.99it/s]
HPSAC valid:  92%|█████████▏| 3932/4276 [02:32<00:13, 25.09it/s]
HPSAC valid:  92%|█████████▏| 3935/4276 [02:32<00:13, 24.47it/s]
HPSAC valid:  92%|█████████▏| 3938/4276 [02:32<00:13, 25.04it/s]
HPSAC valid:  92%|█████████▏| 3941/4276 [02:32<00:13, 25.47it/s]
HPSAC valid:  92%|█████████▏| 3944/4276 [02:33<00:13, 24.74it/s]
HPSAC valid:  92%|█████████▏| 3947/4276 [02:33<00:13, 25.21it/s]
HPSAC valid:  92%|█████████▏| 3950/4276 [02:33<00:12, 25.61it/s]
HPSAC valid:  92%|█████████▏| 3953/4276 [02:33<00:12, 25.87it/s]
HPSAC valid:  93%|█████████▎| 3956/4276 [02:33<00:12, 26.02it/s]
HPSAC valid:  93%|█████████▎| 3959/4276 [02:33<00:12, 26.14it/s]
HPSAC valid:  93%|█████████▎| 3962/4276 [02:33<00:11, 26.25it/s]
HPSAC valid:  93%|█████████▎| 3965/4276 [02:33<00:11, 26.33it/s]
HPSAC valid:  93%|█████████▎| 3968/4276 [02:34<00:11, 26.40it/s]
HPSAC valid:  93%|█████████▎| 3971/4276 [02:34<00:11, 26.39it/s]
HPSAC valid:  93%|█████████▎| 3974/4276 [02:34<00:11, 25.34it/s]
HPSAC valid:  93%|█████████▎| 3977/4276 [02:34<00:12, 24.63it/s]
HPSAC valid:  93%|█████████▎| 3980/4276 [02:34<00:11, 25.15it/s]
HPSAC valid:  93%|█████████▎| 3983/4276 [02:34<00:11, 25.51it/s]
HPSAC valid:  93%|█████████▎| 3986/4276 [02:34<00:11, 24.76it/s]
HPSAC valid:  93%|█████████▎| 3989/4276 [02:34<00:11, 25.22it/s]
HPSAC valid:  93%|█████████▎| 3992/4276 [02:34<00:11, 24.50it/s]
HPSAC valid:  93%|█████████▎| 3996/4276 [02:35<00:10, 25.86it/s]
HPSAC valid:  94%|█████████▎| 3999/4276 [02:35<00:10, 26.05it/s]
HPSAC valid:  94%|█████████▎| 4002/4276 [02:35<00:10, 25.14it/s]
HPSAC valid:  94%|█████████▎| 4005/4276 [02:35<00:11, 24.54it/s]
HPSAC valid:  94%|█████████▍| 4009/4276 [02:35<00:10, 25.82it/s]
HPSAC valid:  94%|█████████▍| 4012/4276 [02:35<00:10, 26.02it/s]
HPSAC valid:  94%|█████████▍| 4015/4276 [02:35<00:10, 25.05it/s]
HPSAC valid:  94%|█████████▍| 4018/4276 [02:36<00:10, 25.39it/s]
HPSAC valid:  94%|█████████▍| 4022/4276 [02:36<00:09, 27.54it/s]
HPSAC valid:  94%|█████████▍| 4025/4276 [02:36<00:09, 26.19it/s]
HPSAC valid:  94%|█████████▍| 4028/4276 [02:36<00:09, 25.22it/s]
HPSAC valid:  94%|█████████▍| 4032/4276 [02:36<00:09, 26.27it/s]
HPSAC valid:  94%|█████████▍| 4035/4276 [02:36<00:09, 26.31it/s]
HPSAC valid:  94%|█████████▍| 4038/4276 [02:36<00:09, 26.38it/s]
HPSAC valid:  95%|█████████▍| 4041/4276 [02:36<00:09, 25.38it/s]
HPSAC valid:  95%|█████████▍| 4044/4276 [02:36<00:09, 25.68it/s]
HPSAC valid:  95%|█████████▍| 4047/4276 [02:37<00:08, 25.92it/s]
HPSAC valid:  95%|█████████▍| 4050/4276 [02:37<00:08, 26.01it/s]
HPSAC valid:  95%|█████████▍| 4053/4276 [02:37<00:08, 25.10it/s]
HPSAC valid:  95%|█████████▍| 4056/4276 [02:37<00:08, 24.50it/s]
HPSAC valid:  95%|█████████▍| 4059/4276 [02:37<00:09, 24.09it/s]
HPSAC valid:  95%|█████████▍| 4062/4276 [02:37<00:08, 24.77it/s]
HPSAC valid:  95%|█████████▌| 4065/4276 [02:37<00:08, 24.27it/s]
HPSAC valid:  95%|█████████▌| 4069/4276 [02:37<00:07, 26.70it/s]
HPSAC valid:  95%|█████████▌| 4072/4276 [02:38<00:07, 26.58it/s]
HPSAC valid:  95%|█████████▌| 4075/4276 [02:38<00:07, 26.57it/s]
HPSAC valid:  95%|█████████▌| 4078/4276 [02:38<00:07, 26.56it/s]
HPSAC valid:  95%|█████████▌| 4081/4276 [02:38<00:07, 26.54it/s]
HPSAC valid:  96%|█████████▌| 4085/4276 [02:38<00:06, 28.42it/s]
HPSAC valid:  96%|█████████▌| 4088/4276 [02:38<00:07, 26.73it/s]
HPSAC valid:  96%|█████████▌| 4091/4276 [02:38<00:07, 25.56it/s]
HPSAC valid:  96%|█████████▌| 4094/4276 [02:38<00:07, 24.82it/s]
HPSAC valid:  96%|█████████▌| 4097/4276 [02:39<00:07, 25.27it/s]
HPSAC valid:  96%|█████████▌| 4100/4276 [02:39<00:06, 25.63it/s]
HPSAC valid:  96%|█████████▌| 4104/4276 [02:39<00:06, 27.74it/s]
HPSAC valid:  96%|█████████▌| 4108/4276 [02:39<00:06, 27.99it/s]
HPSAC valid:  96%|█████████▌| 4111/4276 [02:39<00:06, 26.53it/s]
HPSAC valid:  96%|█████████▌| 4114/4276 [02:39<00:06, 26.50it/s]
HPSAC valid:  96%|█████████▋| 4117/4276 [02:39<00:06, 25.38it/s]
HPSAC valid:  96%|█████████▋| 4120/4276 [02:39<00:06, 25.70it/s]
HPSAC valid:  96%|█████████▋| 4124/4276 [02:40<00:05, 27.73it/s]
HPSAC valid:  97%|█████████▋| 4127/4276 [02:40<00:05, 26.28it/s]
HPSAC valid:  97%|█████████▋| 4130/4276 [02:40<00:05, 25.33it/s]
HPSAC valid:  97%|█████████▋| 4133/4276 [02:40<00:05, 25.58it/s]
HPSAC valid:  97%|█████████▋| 4136/4276 [02:40<00:05, 24.84it/s]
HPSAC valid:  97%|█████████▋| 4140/4276 [02:40<00:05, 26.08it/s]
HPSAC valid:  97%|█████████▋| 4143/4276 [02:40<00:05, 25.20it/s]
HPSAC valid:  97%|█████████▋| 4146/4276 [02:40<00:05, 24.59it/s]
HPSAC valid:  97%|█████████▋| 4149/4276 [02:41<00:05, 25.12it/s]
HPSAC valid:  97%|█████████▋| 4152/4276 [02:41<00:04, 25.44it/s]
HPSAC valid:  97%|█████████▋| 4155/4276 [02:41<00:04, 24.73it/s]
HPSAC valid:  97%|█████████▋| 4158/4276 [02:41<00:04, 25.24it/s]
HPSAC valid:  97%|█████████▋| 4161/4276 [02:41<00:04, 24.52it/s]
HPSAC valid:  97%|█████████▋| 4164/4276 [02:41<00:04, 25.05it/s]
HPSAC valid:  97%|█████████▋| 4167/4276 [02:41<00:04, 25.48it/s]
HPSAC valid:  98%|█████████▊| 4170/4276 [02:41<00:04, 25.79it/s]
HPSAC valid:  98%|█████████▊| 4174/4276 [02:42<00:03, 27.81it/s]
HPSAC valid:  98%|█████████▊| 4177/4276 [02:42<00:03, 27.35it/s]
HPSAC valid:  98%|█████████▊| 4180/4276 [02:42<00:03, 26.01it/s]
HPSAC valid:  98%|█████████▊| 4183/4276 [02:42<00:03, 25.07it/s]
HPSAC valid:  98%|█████████▊| 4186/4276 [02:42<00:03, 25.43it/s]
HPSAC valid:  98%|█████████▊| 4189/4276 [02:42<00:03, 25.75it/s]
HPSAC valid:  98%|█████████▊| 4192/4276 [02:42<00:03, 24.93it/s]
HPSAC valid:  98%|█████████▊| 4195/4276 [02:42<00:03, 25.36it/s]
HPSAC valid:  98%|█████████▊| 4198/4276 [02:42<00:03, 24.66it/s]
HPSAC valid:  98%|█████████▊| 4201/4276 [02:43<00:03, 24.20it/s]
HPSAC valid:  98%|█████████▊| 4204/4276 [02:43<00:03, 23.85it/s]
HPSAC valid:  98%|█████████▊| 4207/4276 [02:43<00:02, 23.64it/s]
HPSAC valid:  98%|█████████▊| 4210/4276 [02:43<00:02, 23.50it/s]
HPSAC valid:  99%|█████████▊| 4214/4276 [02:43<00:02, 27.19it/s]
HPSAC valid:  99%|█████████▊| 4217/4276 [02:43<00:02, 25.94it/s]
HPSAC valid:  99%|█████████▊| 4220/4276 [02:43<00:02, 26.04it/s]
HPSAC valid:  99%|█████████▉| 4223/4276 [02:43<00:02, 26.17it/s]
HPSAC valid:  99%|█████████▉| 4226/4276 [02:44<00:01, 25.22it/s]
HPSAC valid:  99%|█████████▉| 4229/4276 [02:44<00:01, 25.57it/s]
HPSAC valid:  99%|█████████▉| 4232/4276 [02:44<00:01, 25.82it/s]
HPSAC valid:  99%|█████████▉| 4235/4276 [02:44<00:01, 24.94it/s]
HPSAC valid:  99%|█████████▉| 4238/4276 [02:44<00:01, 24.38it/s]
HPSAC valid:  99%|█████████▉| 4241/4276 [02:44<00:01, 24.01it/s]
HPSAC valid:  99%|█████████▉| 4244/4276 [02:44<00:01, 24.68it/s]
HPSAC valid:  99%|█████████▉| 4247/4276 [02:44<00:01, 24.21it/s]
HPSAC valid:  99%|█████████▉| 4251/4276 [02:45<00:00, 25.66it/s]
HPSAC valid:  99%|█████████▉| 4254/4276 [02:45<00:00, 25.90it/s]
HPSAC valid: 100%|█████████▉| 4257/4276 [02:45<00:00, 26.02it/s]
HPSAC valid: 100%|█████████▉| 4260/4276 [02:45<00:00, 26.17it/s]
HPSAC valid: 100%|█████████▉| 4263/4276 [02:45<00:00, 26.24it/s]
HPSAC valid: 100%|█████████▉| 4266/4276 [02:45<00:00, 26.33it/s]
HPSAC valid: 100%|█████████▉| 4269/4276 [02:45<00:00, 25.32it/s]
HPSAC valid: 100%|█████████▉| 4272/4276 [02:45<00:00, 25.60it/s]
HPSAC valid: 100%|█████████▉| 4275/4276 [02:46<00:00, 24.81it/s]
                                                                

HPSAC test:   0%|          | 0/4274 [00:00<?, ?it/s]
HPSAC test:   0%|          | 3/4274 [00:00<03:04, 23.20it/s]
HPSAC test:   0%|          | 6/4274 [00:00<03:04, 23.09it/s]
HPSAC test:   0%|          | 9/4274 [00:00<03:05, 23.01it/s]
HPSAC test:   0%|          | 12/4274 [00:00<03:04, 23.08it/s]
HPSAC test:   0%|          | 15/4274 [00:00<02:55, 24.22it/s]
HPSAC test:   0%|          | 18/4274 [00:00<02:58, 23.85it/s]
HPSAC test:   0%|          | 21/4274 [00:00<02:59, 23.63it/s]
HPSAC test:   1%|          | 24/4274 [00:01<03:00, 23.48it/s]
HPSAC test:   1%|          | 27/4274 [00:01<02:54, 24.32it/s]
HPSAC test:   1%|          | 30/4274 [00:01<02:57, 23.92it/s]
HPSAC test:   1%|          | 33/4274 [00:01<02:51, 24.67it/s]
HPSAC test:   1%|          | 36/4274 [00:01<02:48, 25.21it/s]
HPSAC test:   1%|          | 39/4274 [00:01<02:52, 24.56it/s]
HPSAC test:   1%|          | 42/4274 [00:01<02:48, 25.14it/s]
HPSAC test:   1%|          | 45/4274 [00:01<02:52, 24.46it/s]
HPSAC test:   1%|          | 48/4274 [00:01<02:48, 25.06it/s]
HPSAC test:   1%|          | 51/4274 [00:02<02:45, 25.49it/s]
HPSAC test:   1%|▏         | 54/4274 [00:02<02:39, 26.42it/s]
HPSAC test:   1%|▏         | 57/4274 [00:02<02:39, 26.40it/s]
HPSAC test:   1%|▏         | 60/4274 [00:02<02:46, 25.30it/s]
HPSAC test:   1%|▏         | 63/4274 [00:02<02:51, 24.61it/s]
HPSAC test:   2%|▏         | 66/4274 [00:02<02:47, 25.09it/s]
HPSAC test:   2%|▏         | 69/4274 [00:02<02:51, 24.45it/s]
HPSAC test:   2%|▏         | 72/4274 [00:02<02:54, 24.05it/s]
HPSAC test:   2%|▏         | 75/4274 [00:03<02:49, 24.76it/s]
HPSAC test:   2%|▏         | 78/4274 [00:03<02:45, 25.30it/s]
HPSAC test:   2%|▏         | 82/4274 [00:03<02:38, 26.38it/s]
HPSAC test:   2%|▏         | 85/4274 [00:03<02:45, 25.33it/s]
HPSAC test:   2%|▏         | 88/4274 [00:03<02:49, 24.69it/s]
HPSAC test:   2%|▏         | 91/4274 [00:03<02:46, 25.15it/s]
HPSAC test:   2%|▏         | 94/4274 [00:03<02:43, 25.56it/s]
HPSAC test:   2%|▏         | 97/4274 [00:03<02:48, 24.79it/s]
HPSAC test:   2%|▏         | 100/4274 [00:04<02:51, 24.31it/s]
HPSAC test:   2%|▏         | 103/4274 [00:04<02:54, 23.95it/s]
HPSAC test:   3%|▎         | 107/4274 [00:04<02:43, 25.47it/s]
HPSAC test:   3%|▎         | 110/4274 [00:04<02:41, 25.73it/s]
HPSAC test:   3%|▎         | 113/4274 [00:04<02:46, 24.94it/s]
HPSAC test:   3%|▎         | 116/4274 [00:04<02:43, 25.42it/s]
HPSAC test:   3%|▎         | 119/4274 [00:04<02:47, 24.74it/s]
HPSAC test:   3%|▎         | 122/4274 [00:04<02:44, 25.21it/s]
HPSAC test:   3%|▎         | 125/4274 [00:05<02:45, 25.12it/s]
HPSAC test:   3%|▎         | 128/4274 [00:05<02:42, 25.56it/s]
HPSAC test:   3%|▎         | 131/4274 [00:05<02:40, 25.85it/s]
HPSAC test:   3%|▎         | 134/4274 [00:05<02:39, 26.00it/s]
HPSAC test:   3%|▎         | 137/4274 [00:05<02:38, 26.17it/s]
HPSAC test:   3%|▎         | 140/4274 [00:05<02:37, 26.29it/s]
HPSAC test:   3%|▎         | 143/4274 [00:05<02:43, 25.27it/s]
HPSAC test:   3%|▎         | 147/4274 [00:05<02:36, 26.36it/s]
HPSAC test:   4%|▎         | 150/4274 [00:05<02:39, 25.89it/s]
HPSAC test:   4%|▎         | 153/4274 [00:06<02:44, 25.06it/s]
HPSAC test:   4%|▎         | 156/4274 [00:06<02:48, 24.46it/s]
HPSAC test:   4%|▎         | 159/4274 [00:06<02:44, 25.05it/s]
HPSAC test:   4%|▍         | 162/4274 [00:06<02:48, 24.37it/s]
HPSAC test:   4%|▍         | 165/4274 [00:06<02:44, 24.92it/s]
HPSAC test:   4%|▍         | 168/4274 [00:06<02:48, 24.38it/s]
HPSAC test:   4%|▍         | 171/4274 [00:06<02:50, 24.01it/s]
HPSAC test:   4%|▍         | 175/4274 [00:07<02:40, 25.51it/s]
HPSAC test:   4%|▍         | 179/4274 [00:07<02:34, 26.49it/s]
HPSAC test:   4%|▍         | 182/4274 [00:07<02:34, 26.43it/s]
HPSAC test:   4%|▍         | 185/4274 [00:07<02:34, 26.49it/s]
HPSAC test:   4%|▍         | 188/4274 [00:07<02:34, 26.46it/s]
HPSAC test:   4%|▍         | 191/4274 [00:07<02:40, 25.42it/s]
HPSAC test:   5%|▍         | 194/4274 [00:07<02:44, 24.75it/s]
HPSAC test:   5%|▍         | 197/4274 [00:07<02:48, 24.22it/s]
HPSAC test:   5%|▍         | 200/4274 [00:08<02:50, 23.89it/s]
HPSAC test:   5%|▍         | 203/4274 [00:08<02:52, 23.64it/s]
HPSAC test:   5%|▍         | 206/4274 [00:08<02:53, 23.44it/s]
HPSAC test:   5%|▍         | 209/4274 [00:08<02:44, 24.78it/s]
HPSAC test:   5%|▍         | 212/4274 [00:08<02:47, 24.29it/s]
HPSAC test:   5%|▌         | 215/4274 [00:08<02:49, 23.96it/s]
HPSAC test:   5%|▌         | 218/4274 [00:08<02:50, 23.77it/s]
HPSAC test:   5%|▌         | 221/4274 [00:08<02:51, 23.62it/s]
HPSAC test:   5%|▌         | 224/4274 [00:09<02:45, 24.47it/s]
HPSAC test:   5%|▌         | 227/4274 [00:09<02:41, 25.06it/s]
HPSAC test:   5%|▌         | 230/4274 [00:09<02:44, 24.51it/s]
HPSAC test:   5%|▌         | 233/4274 [00:09<02:44, 24.62it/s]
HPSAC test:   6%|▌         | 237/4274 [00:09<02:35, 25.94it/s]
HPSAC test:   6%|▌         | 240/4274 [00:09<02:34, 26.12it/s]
HPSAC test:   6%|▌         | 243/4274 [00:09<02:33, 26.27it/s]
HPSAC test:   6%|▌         | 246/4274 [00:09<02:32, 26.38it/s]
HPSAC test:   6%|▌         | 250/4274 [00:09<02:27, 27.19it/s]
HPSAC test:   6%|▌         | 253/4274 [00:10<02:34, 25.98it/s]
HPSAC test:   6%|▌         | 256/4274 [00:10<02:33, 26.18it/s]
HPSAC test:   6%|▌         | 259/4274 [00:10<02:38, 25.27it/s]
HPSAC test:   6%|▌         | 262/4274 [00:10<02:42, 24.65it/s]
HPSAC test:   6%|▌         | 265/4274 [00:10<02:45, 24.16it/s]
HPSAC test:   6%|▋         | 268/4274 [00:10<02:47, 23.89it/s]
HPSAC test:   6%|▋         | 272/4274 [00:10<02:37, 25.36it/s]
HPSAC test:   6%|▋         | 275/4274 [00:10<02:35, 25.68it/s]
HPSAC test:   7%|▋         | 279/4274 [00:11<02:29, 26.66it/s]
HPSAC test:   7%|▋         | 283/4274 [00:11<02:20, 28.34it/s]
HPSAC test:   7%|▋         | 286/4274 [00:11<02:28, 26.82it/s]
HPSAC test:   7%|▋         | 289/4274 [00:11<02:28, 26.78it/s]
HPSAC test:   7%|▋         | 292/4274 [00:11<02:35, 25.63it/s]
HPSAC test:   7%|▋         | 295/4274 [00:11<02:40, 24.86it/s]
HPSAC test:   7%|▋         | 299/4274 [00:11<02:32, 26.11it/s]
HPSAC test:   7%|▋         | 302/4274 [00:12<02:31, 26.23it/s]
HPSAC test:   7%|▋         | 305/4274 [00:12<02:37, 25.28it/s]
HPSAC test:   7%|▋         | 308/4274 [00:12<02:41, 24.63it/s]
HPSAC test:   7%|▋         | 311/4274 [00:12<02:43, 24.17it/s]
HPSAC test:   7%|▋         | 314/4274 [00:12<02:39, 24.86it/s]
HPSAC test:   7%|▋         | 317/4274 [00:12<02:36, 25.33it/s]
HPSAC test:   7%|▋         | 320/4274 [00:12<02:40, 24.62it/s]
HPSAC test:   8%|▊         | 323/4274 [00:12<02:43, 24.19it/s]
HPSAC test:   8%|▊         | 326/4274 [00:12<02:38, 24.89it/s]
HPSAC test:   8%|▊         | 329/4274 [00:13<02:35, 25.39it/s]
HPSAC test:   8%|▊         | 332/4274 [00:13<02:39, 24.72it/s]
HPSAC test:   8%|▊         | 336/4274 [00:13<02:25, 27.06it/s]
HPSAC test:   8%|▊         | 339/4274 [00:13<02:32, 25.88it/s]
HPSAC test:   8%|▊         | 342/4274 [00:13<02:27, 26.67it/s]
HPSAC test:   8%|▊         | 345/4274 [00:13<02:27, 26.60it/s]
HPSAC test:   8%|▊         | 348/4274 [00:13<02:27, 26.61it/s]
HPSAC test:   8%|▊         | 351/4274 [00:13<02:27, 26.59it/s]
HPSAC test:   8%|▊         | 354/4274 [00:14<02:27, 26.62it/s]
HPSAC test:   8%|▊         | 358/4274 [00:14<02:23, 27.36it/s]
HPSAC test:   8%|▊         | 361/4274 [00:14<02:24, 27.11it/s]
HPSAC test:   9%|▊         | 364/4274 [00:14<02:24, 26.99it/s]
HPSAC test:   9%|▊         | 367/4274 [00:14<02:25, 26.85it/s]
HPSAC test:   9%|▊         | 370/4274 [00:14<02:25, 26.80it/s]
HPSAC test:   9%|▉         | 374/4274 [00:14<02:22, 27.41it/s]
HPSAC test:   9%|▉         | 377/4274 [00:14<02:23, 27.20it/s]
HPSAC test:   9%|▉         | 380/4274 [00:14<02:24, 26.99it/s]
HPSAC test:   9%|▉         | 383/4274 [00:15<02:24, 26.85it/s]
HPSAC test:   9%|▉         | 386/4274 [00:15<02:25, 26.80it/s]
HPSAC test:   9%|▉         | 390/4274 [00:15<02:21, 27.47it/s]
HPSAC test:   9%|▉         | 393/4274 [00:15<02:23, 27.13it/s]
HPSAC test:   9%|▉         | 396/4274 [00:15<02:23, 26.95it/s]
HPSAC test:   9%|▉         | 399/4274 [00:15<02:24, 26.83it/s]
HPSAC test:   9%|▉         | 402/4274 [00:15<02:31, 25.63it/s]
HPSAC test:   9%|▉         | 405/4274 [00:15<02:35, 24.89it/s]
HPSAC test:  10%|▉         | 408/4274 [00:16<02:32, 25.39it/s]
HPSAC test:  10%|▉         | 411/4274 [00:16<02:36, 24.70it/s]
HPSAC test:  10%|▉         | 414/4274 [00:16<02:33, 25.21it/s]
HPSAC test:  10%|▉         | 417/4274 [00:16<02:31, 25.54it/s]
HPSAC test:  10%|▉         | 420/4274 [00:16<02:35, 24.82it/s]
HPSAC test:  10%|▉         | 423/4274 [00:16<02:38, 24.34it/s]
HPSAC test:  10%|▉         | 426/4274 [00:16<02:34, 24.96it/s]
HPSAC test:  10%|█         | 430/4274 [00:16<02:26, 26.22it/s]
HPSAC test:  10%|█         | 433/4274 [00:17<02:32, 25.24it/s]
HPSAC test:  10%|█         | 436/4274 [00:17<02:30, 25.58it/s]
HPSAC test:  10%|█         | 439/4274 [00:17<02:28, 25.84it/s]
HPSAC test:  10%|█         | 442/4274 [00:17<02:33, 25.01it/s]
HPSAC test:  10%|█         | 445/4274 [00:17<02:36, 24.47it/s]
HPSAC test:  10%|█         | 448/4274 [00:17<02:38, 24.06it/s]
HPSAC test:  11%|█         | 451/4274 [00:17<02:34, 24.74it/s]
HPSAC test:  11%|█         | 454/4274 [00:17<02:31, 25.22it/s]
HPSAC test:  11%|█         | 457/4274 [00:18<02:31, 25.14it/s]
HPSAC test:  11%|█         | 460/4274 [00:18<02:29, 25.57it/s]
HPSAC test:  11%|█         | 463/4274 [00:18<02:27, 25.88it/s]
HPSAC test:  11%|█         | 466/4274 [00:18<02:32, 25.03it/s]
HPSAC test:  11%|█         | 469/4274 [00:18<02:35, 24.48it/s]
HPSAC test:  11%|█         | 472/4274 [00:18<02:37, 24.10it/s]
HPSAC test:  11%|█         | 475/4274 [00:18<02:33, 24.82it/s]
HPSAC test:  11%|█         | 478/4274 [00:18<02:29, 25.33it/s]
HPSAC test:  11%|█▏        | 481/4274 [00:19<02:33, 24.64it/s]
HPSAC test:  11%|█▏        | 484/4274 [00:19<02:36, 24.21it/s]
HPSAC test:  11%|█▏        | 487/4274 [00:19<02:32, 24.89it/s]
HPSAC test:  11%|█▏        | 491/4274 [00:19<02:24, 26.13it/s]
HPSAC test:  12%|█▏        | 494/4274 [00:19<02:23, 26.28it/s]
HPSAC test:  12%|█▏        | 497/4274 [00:19<02:23, 26.35it/s]
HPSAC test:  12%|█▏        | 500/4274 [00:19<02:28, 25.34it/s]
HPSAC test:  12%|█▏        | 503/4274 [00:19<02:32, 24.69it/s]
HPSAC test:  12%|█▏        | 506/4274 [00:19<02:35, 24.19it/s]
HPSAC test:  12%|█▏        | 509/4274 [00:20<02:31, 24.83it/s]
HPSAC test:  12%|█▏        | 512/4274 [00:20<02:28, 25.29it/s]
HPSAC test:  12%|█▏        | 516/4274 [00:20<02:22, 26.45it/s]
HPSAC test:  12%|█▏        | 520/4274 [00:20<02:18, 27.20it/s]
HPSAC test:  12%|█▏        | 523/4274 [00:20<02:24, 25.98it/s]
HPSAC test:  12%|█▏        | 526/4274 [00:20<02:29, 25.15it/s]
HPSAC test:  12%|█▏        | 529/4274 [00:20<02:26, 25.57it/s]
HPSAC test:  12%|█▏        | 532/4274 [00:20<02:24, 25.85it/s]
HPSAC test:  13%|█▎        | 535/4274 [00:21<02:29, 25.04it/s]
HPSAC test:  13%|█▎        | 538/4274 [00:21<02:32, 24.42it/s]
HPSAC test:  13%|█▎        | 541/4274 [00:21<02:35, 24.03it/s]
HPSAC test:  13%|█▎        | 544/4274 [00:21<02:30, 24.71it/s]
HPSAC test:  13%|█▎        | 547/4274 [00:21<02:30, 24.74it/s]
HPSAC test:  13%|█▎        | 551/4274 [00:21<02:23, 25.99it/s]
HPSAC test:  13%|█▎        | 555/4274 [00:21<02:18, 26.79it/s]
HPSAC test:  13%|█▎        | 558/4274 [00:22<02:19, 26.69it/s]
HPSAC test:  13%|█▎        | 561/4274 [00:22<02:19, 26.68it/s]
HPSAC test:  13%|█▎        | 564/4274 [00:22<02:24, 25.61it/s]
HPSAC test:  13%|█▎        | 568/4274 [00:22<02:19, 26.63it/s]
HPSAC test:  13%|█▎        | 571/4274 [00:22<02:24, 25.63it/s]
HPSAC test:  13%|█▎        | 574/4274 [00:22<02:28, 24.91it/s]
HPSAC test:  14%|█▎        | 577/4274 [00:22<02:25, 25.39it/s]
HPSAC test:  14%|█▎        | 580/4274 [00:22<02:23, 25.71it/s]
HPSAC test:  14%|█▎        | 583/4274 [00:22<02:27, 24.95it/s]
HPSAC test:  14%|█▎        | 586/4274 [00:23<02:25, 25.38it/s]
HPSAC test:  14%|█▍        | 589/4274 [00:23<02:29, 24.71it/s]
HPSAC test:  14%|█▍        | 592/4274 [00:23<02:25, 25.23it/s]
HPSAC test:  14%|█▍        | 595/4274 [00:23<02:23, 25.65it/s]
HPSAC test:  14%|█▍        | 599/4274 [00:23<02:17, 26.66it/s]
HPSAC test:  14%|█▍        | 602/4274 [00:23<02:23, 25.62it/s]
HPSAC test:  14%|█▍        | 605/4274 [00:23<02:27, 24.91it/s]
HPSAC test:  14%|█▍        | 608/4274 [00:23<02:30, 24.41it/s]
HPSAC test:  14%|█▍        | 611/4274 [00:24<02:33, 23.92it/s]
HPSAC test:  14%|█▍        | 614/4274 [00:24<02:28, 24.65it/s]
HPSAC test:  14%|█▍        | 617/4274 [00:24<02:25, 25.16it/s]
HPSAC test:  15%|█▍        | 620/4274 [00:24<02:28, 24.56it/s]
HPSAC test:  15%|█▍        | 623/4274 [00:24<02:31, 24.17it/s]
HPSAC test:  15%|█▍        | 626/4274 [00:24<02:26, 24.86it/s]
HPSAC test:  15%|█▍        | 629/4274 [00:24<02:30, 24.29it/s]
HPSAC test:  15%|█▍        | 632/4274 [00:24<02:26, 24.92it/s]
HPSAC test:  15%|█▍        | 635/4274 [00:25<02:23, 25.41it/s]
HPSAC test:  15%|█▍        | 638/4274 [00:25<02:22, 25.60it/s]
HPSAC test:  15%|█▍        | 641/4274 [00:25<02:26, 24.85it/s]
HPSAC test:  15%|█▌        | 644/4274 [00:25<02:29, 24.36it/s]
HPSAC test:  15%|█▌        | 647/4274 [00:25<02:30, 24.02it/s]
HPSAC test:  15%|█▌        | 650/4274 [00:25<02:26, 24.67it/s]
HPSAC test:  15%|█▌        | 653/4274 [00:25<02:29, 24.20it/s]
HPSAC test:  15%|█▌        | 656/4274 [00:25<02:31, 23.91it/s]
HPSAC test:  15%|█▌        | 659/4274 [00:26<02:26, 24.62it/s]
HPSAC test:  15%|█▌        | 662/4274 [00:26<02:29, 24.19it/s]
HPSAC test:  16%|█▌        | 665/4274 [00:26<02:30, 23.90it/s]
HPSAC test:  16%|█▌        | 668/4274 [00:26<02:26, 24.66it/s]
HPSAC test:  16%|█▌        | 671/4274 [00:26<02:28, 24.23it/s]
HPSAC test:  16%|█▌        | 674/4274 [00:26<02:24, 24.87it/s]
HPSAC test:  16%|█▌        | 677/4274 [00:26<02:21, 25.39it/s]
HPSAC test:  16%|█▌        | 680/4274 [00:26<02:25, 24.72it/s]
HPSAC test:  16%|█▌        | 683/4274 [00:27<02:22, 25.27it/s]
HPSAC test:  16%|█▌        | 686/4274 [00:27<02:25, 24.59it/s]
HPSAC test:  16%|█▌        | 690/4274 [00:27<02:18, 25.93it/s]
HPSAC test:  16%|█▌        | 693/4274 [00:27<02:17, 26.12it/s]
HPSAC test:  16%|█▋        | 696/4274 [00:27<02:16, 26.23it/s]
HPSAC test:  16%|█▋        | 699/4274 [00:27<02:15, 26.35it/s]
HPSAC test:  16%|█▋        | 702/4274 [00:27<02:15, 26.44it/s]
HPSAC test:  16%|█▋        | 705/4274 [00:27<02:14, 26.47it/s]
HPSAC test:  17%|█▋        | 708/4274 [00:27<02:20, 25.43it/s]
HPSAC test:  17%|█▋        | 711/4274 [00:28<02:24, 24.71it/s]
HPSAC test:  17%|█▋        | 714/4274 [00:28<02:27, 24.20it/s]
HPSAC test:  17%|█▋        | 717/4274 [00:28<02:23, 24.83it/s]
HPSAC test:  17%|█▋        | 720/4274 [00:28<02:20, 25.34it/s]
HPSAC test:  17%|█▋        | 724/4274 [00:28<02:08, 27.58it/s]
HPSAC test:  17%|█▋        | 727/4274 [00:28<02:09, 27.33it/s]
HPSAC test:  17%|█▋        | 730/4274 [00:28<02:10, 27.10it/s]
HPSAC test:  17%|█▋        | 733/4274 [00:28<02:16, 25.87it/s]
HPSAC test:  17%|█▋        | 736/4274 [00:29<02:21, 25.01it/s]
HPSAC test:  17%|█▋        | 739/4274 [00:29<02:21, 24.95it/s]
HPSAC test:  17%|█▋        | 742/4274 [00:29<02:18, 25.43it/s]
HPSAC test:  17%|█▋        | 745/4274 [00:29<02:16, 25.78it/s]
HPSAC test:  18%|█▊        | 748/4274 [00:29<02:15, 26.04it/s]
HPSAC test:  18%|█▊        | 751/4274 [00:29<02:20, 25.07it/s]
HPSAC test:  18%|█▊        | 754/4274 [00:29<02:23, 24.49it/s]
HPSAC test:  18%|█▊        | 757/4274 [00:29<02:20, 25.11it/s]
HPSAC test:  18%|█▊        | 761/4274 [00:30<02:05, 28.00it/s]
HPSAC test:  18%|█▊        | 764/4274 [00:30<02:07, 27.61it/s]
HPSAC test:  18%|█▊        | 767/4274 [00:30<02:14, 26.15it/s]
HPSAC test:  18%|█▊        | 770/4274 [00:30<02:13, 26.30it/s]
HPSAC test:  18%|█▊        | 773/4274 [00:30<02:18, 25.32it/s]
HPSAC test:  18%|█▊        | 776/4274 [00:30<02:21, 24.68it/s]
HPSAC test:  18%|█▊        | 779/4274 [00:30<02:18, 25.19it/s]
HPSAC test:  18%|█▊        | 782/4274 [00:30<02:22, 24.55it/s]
HPSAC test:  18%|█▊        | 785/4274 [00:31<02:24, 24.15it/s]
HPSAC test:  18%|█▊        | 788/4274 [00:31<02:20, 24.85it/s]
HPSAC test:  19%|█▊        | 792/4274 [00:31<02:08, 27.20it/s]
HPSAC test:  19%|█▊        | 796/4274 [00:31<02:05, 27.60it/s]
HPSAC test:  19%|█▊        | 799/4274 [00:31<02:07, 27.34it/s]
HPSAC test:  19%|█▉        | 802/4274 [00:31<02:13, 26.09it/s]
HPSAC test:  19%|█▉        | 806/4274 [00:31<02:03, 27.98it/s]
HPSAC test:  19%|█▉        | 809/4274 [00:31<02:07, 27.10it/s]
HPSAC test:  19%|█▉        | 812/4274 [00:32<02:13, 25.87it/s]
HPSAC test:  19%|█▉        | 815/4274 [00:32<02:17, 25.07it/s]
HPSAC test:  19%|█▉        | 818/4274 [00:32<02:20, 24.52it/s]
HPSAC test:  19%|█▉        | 822/4274 [00:32<02:13, 25.78it/s]
HPSAC test:  19%|█▉        | 826/4274 [00:32<02:09, 26.71it/s]
HPSAC test:  19%|█▉        | 829/4274 [00:32<02:09, 26.70it/s]
HPSAC test:  19%|█▉        | 832/4274 [00:32<02:08, 26.69it/s]
HPSAC test:  20%|█▉        | 835/4274 [00:32<02:09, 26.64it/s]
HPSAC test:  20%|█▉        | 839/4274 [00:33<02:05, 27.35it/s]
HPSAC test:  20%|█▉        | 843/4274 [00:33<02:03, 27.78it/s]
HPSAC test:  20%|█▉        | 846/4274 [00:33<02:09, 26.43it/s]
HPSAC test:  20%|█▉        | 850/4274 [00:33<02:01, 28.21it/s]
HPSAC test:  20%|█▉        | 853/4274 [00:33<02:08, 26.71it/s]
HPSAC test:  20%|██        | 856/4274 [00:33<02:08, 26.65it/s]
HPSAC test:  20%|██        | 859/4274 [00:33<02:13, 25.62it/s]
HPSAC test:  20%|██        | 862/4274 [00:33<02:17, 24.90it/s]
HPSAC test:  20%|██        | 865/4274 [00:34<02:14, 25.39it/s]
HPSAC test:  20%|██        | 869/4274 [00:34<02:08, 26.45it/s]
HPSAC test:  20%|██        | 872/4274 [00:34<02:13, 25.43it/s]
HPSAC test:  20%|██        | 875/4274 [00:34<02:17, 24.77it/s]
HPSAC test:  21%|██        | 878/4274 [00:34<02:19, 24.28it/s]
HPSAC test:  21%|██        | 881/4274 [00:34<02:18, 24.47it/s]
HPSAC test:  21%|██        | 885/4274 [00:34<02:11, 25.85it/s]
HPSAC test:  21%|██        | 888/4274 [00:34<02:09, 26.07it/s]
HPSAC test:  21%|██        | 891/4274 [00:35<02:08, 26.24it/s]
HPSAC test:  21%|██        | 894/4274 [00:35<02:13, 25.26it/s]
HPSAC test:  21%|██        | 897/4274 [00:35<02:11, 25.65it/s]
HPSAC test:  21%|██        | 900/4274 [00:35<02:15, 24.91it/s]
HPSAC test:  21%|██        | 904/4274 [00:35<02:03, 27.21it/s]
HPSAC test:  21%|██        | 907/4274 [00:35<02:09, 25.98it/s]
HPSAC test:  21%|██▏       | 910/4274 [00:35<02:13, 25.10it/s]
HPSAC test:  21%|██▏       | 914/4274 [00:35<02:08, 26.25it/s]
HPSAC test:  21%|██▏       | 917/4274 [00:36<02:09, 25.87it/s]
HPSAC test:  22%|██▏       | 920/4274 [00:36<02:13, 25.08it/s]
HPSAC test:  22%|██▏       | 924/4274 [00:36<02:07, 26.26it/s]
HPSAC test:  22%|██▏       | 927/4274 [00:36<02:12, 25.30it/s]
HPSAC test:  22%|██▏       | 930/4274 [00:36<02:16, 24.53it/s]
HPSAC test:  22%|██▏       | 933/4274 [00:36<02:18, 24.12it/s]
HPSAC test:  22%|██▏       | 936/4274 [00:36<02:14, 24.77it/s]
HPSAC test:  22%|██▏       | 939/4274 [00:36<02:17, 24.26it/s]
HPSAC test:  22%|██▏       | 942/4274 [00:37<02:19, 23.89it/s]
HPSAC test:  22%|██▏       | 945/4274 [00:37<02:20, 23.70it/s]
HPSAC test:  22%|██▏       | 948/4274 [00:37<02:21, 23.56it/s]
HPSAC test:  22%|██▏       | 951/4274 [00:37<02:21, 23.44it/s]
HPSAC test:  22%|██▏       | 954/4274 [00:37<02:22, 23.32it/s]
HPSAC test:  22%|██▏       | 957/4274 [00:37<02:17, 24.21it/s]
HPSAC test:  22%|██▏       | 960/4274 [00:37<02:13, 24.83it/s]
HPSAC test:  23%|██▎       | 963/4274 [00:37<02:16, 24.32it/s]
HPSAC test:  23%|██▎       | 967/4274 [00:38<02:03, 26.72it/s]
HPSAC test:  23%|██▎       | 970/4274 [00:38<02:06, 26.17it/s]
HPSAC test:  23%|██▎       | 973/4274 [00:38<02:10, 25.25it/s]
HPSAC test:  23%|██▎       | 976/4274 [00:38<02:13, 24.64it/s]
HPSAC test:  23%|██▎       | 979/4274 [00:38<02:16, 24.19it/s]
HPSAC test:  23%|██▎       | 982/4274 [00:38<02:12, 24.87it/s]
HPSAC test:  23%|██▎       | 985/4274 [00:38<02:14, 24.36it/s]
HPSAC test:  23%|██▎       | 988/4274 [00:38<02:16, 24.03it/s]
HPSAC test:  23%|██▎       | 992/4274 [00:39<02:08, 25.55it/s]
HPSAC test:  23%|██▎       | 996/4274 [00:39<02:03, 26.53it/s]
HPSAC test:  23%|██▎       | 999/4274 [00:39<02:03, 26.57it/s]
HPSAC test:  23%|██▎       | 1002/4274 [00:39<02:08, 25.54it/s]
HPSAC test:  24%|██▎       | 1006/4274 [00:39<01:58, 27.55it/s]
HPSAC test:  24%|██▎       | 1009/4274 [00:39<01:59, 27.25it/s]
HPSAC test:  24%|██▎       | 1012/4274 [00:39<02:05, 26.00it/s]
HPSAC test:  24%|██▎       | 1015/4274 [00:39<02:04, 26.19it/s]
HPSAC test:  24%|██▍       | 1018/4274 [00:40<02:08, 25.27it/s]
HPSAC test:  24%|██▍       | 1021/4274 [00:40<02:07, 25.61it/s]
HPSAC test:  24%|██▍       | 1024/4274 [00:40<02:05, 25.90it/s]
HPSAC test:  24%|██▍       | 1027/4274 [00:40<02:04, 26.08it/s]
HPSAC test:  24%|██▍       | 1030/4274 [00:40<02:08, 25.18it/s]
HPSAC test:  24%|██▍       | 1033/4274 [00:40<02:12, 24.48it/s]
HPSAC test:  24%|██▍       | 1036/4274 [00:40<02:09, 25.09it/s]
HPSAC test:  24%|██▍       | 1040/4274 [00:40<01:58, 27.38it/s]
HPSAC test:  24%|██▍       | 1043/4274 [00:41<02:04, 26.05it/s]
HPSAC test:  24%|██▍       | 1046/4274 [00:41<02:03, 26.23it/s]
HPSAC test:  25%|██▍       | 1050/4274 [00:41<01:59, 27.04it/s]
HPSAC test:  25%|██▍       | 1053/4274 [00:41<01:59, 26.94it/s]
HPSAC test:  25%|██▍       | 1056/4274 [00:41<02:04, 25.80it/s]
HPSAC test:  25%|██▍       | 1059/4274 [00:41<02:08, 25.01it/s]
HPSAC test:  25%|██▍       | 1063/4274 [00:41<02:02, 26.16it/s]
HPSAC test:  25%|██▍       | 1067/4274 [00:41<01:54, 28.00it/s]
HPSAC test:  25%|██▌       | 1070/4274 [00:42<01:55, 27.64it/s]
HPSAC test:  25%|██▌       | 1073/4274 [00:42<02:01, 26.26it/s]
HPSAC test:  25%|██▌       | 1076/4274 [00:42<02:01, 26.33it/s]
HPSAC test:  25%|██▌       | 1079/4274 [00:42<02:00, 26.42it/s]
HPSAC test:  25%|██▌       | 1082/4274 [00:42<02:05, 25.42it/s]
HPSAC test:  25%|██▌       | 1086/4274 [00:42<02:00, 26.47it/s]
HPSAC test:  25%|██▌       | 1089/4274 [00:42<02:05, 25.44it/s]
HPSAC test:  26%|██▌       | 1092/4274 [00:42<02:03, 25.77it/s]
HPSAC test:  26%|██▌       | 1095/4274 [00:43<02:02, 26.02it/s]
HPSAC test:  26%|██▌       | 1099/4274 [00:43<01:53, 28.04it/s]
HPSAC test:  26%|██▌       | 1102/4274 [00:43<01:54, 27.61it/s]
HPSAC test:  26%|██▌       | 1106/4274 [00:43<01:48, 29.16it/s]
HPSAC test:  26%|██▌       | 1109/4274 [00:43<01:55, 27.30it/s]
HPSAC test:  26%|██▌       | 1112/4274 [00:43<01:56, 27.12it/s]
HPSAC test:  26%|██▌       | 1115/4274 [00:43<01:57, 26.97it/s]
HPSAC test:  26%|██▌       | 1118/4274 [00:43<02:02, 25.75it/s]
HPSAC test:  26%|██▌       | 1121/4274 [00:43<02:06, 24.97it/s]
HPSAC test:  26%|██▋       | 1124/4274 [00:44<02:08, 24.45it/s]
HPSAC test:  26%|██▋       | 1127/4274 [00:44<02:10, 24.05it/s]
HPSAC test:  26%|██▋       | 1131/4274 [00:44<02:02, 25.56it/s]
HPSAC test:  27%|██▋       | 1134/4274 [00:44<02:01, 25.87it/s]
HPSAC test:  27%|██▋       | 1137/4274 [00:44<02:05, 25.07it/s]
HPSAC test:  27%|██▋       | 1140/4274 [00:44<02:07, 24.52it/s]
HPSAC test:  27%|██▋       | 1143/4274 [00:44<02:10, 24.08it/s]
HPSAC test:  27%|██▋       | 1146/4274 [00:45<02:11, 23.84it/s]
HPSAC test:  27%|██▋       | 1150/4274 [00:45<01:58, 26.39it/s]
HPSAC test:  27%|██▋       | 1153/4274 [00:45<02:02, 25.40it/s]
HPSAC test:  27%|██▋       | 1156/4274 [00:45<02:01, 25.74it/s]
HPSAC test:  27%|██▋       | 1159/4274 [00:45<01:59, 26.01it/s]
HPSAC test:  27%|██▋       | 1163/4274 [00:45<01:55, 26.93it/s]
HPSAC test:  27%|██▋       | 1166/4274 [00:45<01:55, 26.85it/s]
HPSAC test:  27%|██▋       | 1170/4274 [00:45<01:53, 27.38it/s]
HPSAC test:  27%|██▋       | 1173/4274 [00:46<01:58, 26.09it/s]
HPSAC test:  28%|██▊       | 1176/4274 [00:46<01:58, 26.24it/s]
HPSAC test:  28%|██▊       | 1179/4274 [00:46<02:02, 25.32it/s]
HPSAC test:  28%|██▊       | 1183/4274 [00:46<01:56, 26.44it/s]
HPSAC test:  28%|██▊       | 1186/4274 [00:46<01:56, 26.47it/s]
HPSAC test:  28%|██▊       | 1189/4274 [00:46<02:01, 25.48it/s]
HPSAC test:  28%|██▊       | 1192/4274 [00:46<02:04, 24.80it/s]
HPSAC test:  28%|██▊       | 1196/4274 [00:46<01:58, 26.03it/s]
HPSAC test:  28%|██▊       | 1199/4274 [00:47<02:01, 25.21it/s]
HPSAC test:  28%|██▊       | 1202/4274 [00:47<02:00, 25.60it/s]
HPSAC test:  28%|██▊       | 1205/4274 [00:47<01:58, 25.85it/s]
HPSAC test:  28%|██▊       | 1208/4274 [00:47<01:57, 26.07it/s]
HPSAC test:  28%|██▊       | 1211/4274 [00:47<02:01, 25.20it/s]
HPSAC test:  28%|██▊       | 1214/4274 [00:47<01:59, 25.53it/s]
HPSAC test:  28%|██▊       | 1217/4274 [00:47<02:03, 24.82it/s]
HPSAC test:  29%|██▊       | 1221/4274 [00:47<01:52, 27.12it/s]
HPSAC test:  29%|██▊       | 1224/4274 [00:47<01:57, 25.90it/s]
HPSAC test:  29%|██▊       | 1227/4274 [00:48<01:56, 26.12it/s]
HPSAC test:  29%|██▉       | 1230/4274 [00:48<02:00, 25.23it/s]
HPSAC test:  29%|██▉       | 1233/4274 [00:48<02:03, 24.63it/s]
HPSAC test:  29%|██▉       | 1237/4274 [00:48<01:57, 25.92it/s]
HPSAC test:  29%|██▉       | 1240/4274 [00:48<02:00, 25.10it/s]
HPSAC test:  29%|██▉       | 1243/4274 [00:48<01:58, 25.48it/s]
HPSAC test:  29%|██▉       | 1246/4274 [00:48<01:57, 25.81it/s]
HPSAC test:  29%|██▉       | 1249/4274 [00:48<02:00, 25.01it/s]
HPSAC test:  29%|██▉       | 1252/4274 [00:49<02:03, 24.46it/s]
HPSAC test:  29%|██▉       | 1255/4274 [00:49<02:00, 25.07it/s]
HPSAC test:  29%|██▉       | 1258/4274 [00:49<02:03, 24.47it/s]
HPSAC test:  30%|██▉       | 1262/4274 [00:49<01:56, 25.79it/s]
HPSAC test:  30%|██▉       | 1265/4274 [00:49<02:00, 25.03it/s]
HPSAC test:  30%|██▉       | 1268/4274 [00:49<02:02, 24.50it/s]
HPSAC test:  30%|██▉       | 1271/4274 [00:49<02:04, 24.12it/s]
HPSAC test:  30%|██▉       | 1274/4274 [00:50<02:01, 24.76it/s]
HPSAC test:  30%|██▉       | 1277/4274 [00:50<01:55, 25.85it/s]
HPSAC test:  30%|██▉       | 1280/4274 [00:50<01:54, 26.09it/s]
HPSAC test:  30%|███       | 1283/4274 [00:50<01:58, 25.18it/s]
HPSAC test:  30%|███       | 1286/4274 [00:50<01:56, 25.57it/s]
HPSAC test:  30%|███       | 1289/4274 [00:50<02:00, 24.81it/s]
HPSAC test:  30%|███       | 1292/4274 [00:50<01:57, 25.29it/s]
HPSAC test:  30%|███       | 1295/4274 [00:50<01:56, 25.65it/s]
HPSAC test:  30%|███       | 1298/4274 [00:50<01:54, 25.88it/s]
HPSAC test:  30%|███       | 1301/4274 [00:51<01:59, 24.94it/s]
HPSAC test:  31%|███       | 1305/4274 [00:51<01:53, 26.21it/s]
HPSAC test:  31%|███       | 1308/4274 [00:51<01:57, 25.32it/s]
HPSAC test:  31%|███       | 1312/4274 [00:51<01:52, 26.39it/s]
HPSAC test:  31%|███       | 1315/4274 [00:51<01:51, 26.43it/s]
HPSAC test:  31%|███       | 1319/4274 [00:51<01:48, 27.18it/s]
HPSAC test:  31%|███       | 1322/4274 [00:51<01:49, 26.99it/s]
HPSAC test:  31%|███       | 1325/4274 [00:51<01:49, 26.90it/s]
HPSAC test:  31%|███       | 1328/4274 [00:52<01:49, 26.82it/s]
HPSAC test:  31%|███       | 1331/4274 [00:52<01:49, 26.78it/s]
HPSAC test:  31%|███       | 1335/4274 [00:52<01:43, 28.49it/s]
HPSAC test:  31%|███▏      | 1338/4274 [00:52<01:44, 27.96it/s]
HPSAC test:  31%|███▏      | 1341/4274 [00:52<01:46, 27.59it/s]
HPSAC test:  31%|███▏      | 1344/4274 [00:52<01:47, 27.32it/s]
HPSAC test:  32%|███▏      | 1347/4274 [00:52<01:52, 25.99it/s]
HPSAC test:  32%|███▏      | 1350/4274 [00:52<01:51, 26.18it/s]
HPSAC test:  32%|███▏      | 1354/4274 [00:53<01:43, 28.12it/s]
HPSAC test:  32%|███▏      | 1357/4274 [00:53<01:50, 26.48it/s]
HPSAC test:  32%|███▏      | 1360/4274 [00:53<01:49, 26.53it/s]
HPSAC test:  32%|███▏      | 1363/4274 [00:53<01:49, 26.53it/s]
HPSAC test:  32%|███▏      | 1366/4274 [00:53<01:49, 26.57it/s]
HPSAC test:  32%|███▏      | 1369/4274 [00:53<01:54, 25.43it/s]
HPSAC test:  32%|███▏      | 1372/4274 [00:53<01:57, 24.74it/s]
HPSAC test:  32%|███▏      | 1376/4274 [00:53<01:51, 26.07it/s]
HPSAC test:  32%|███▏      | 1379/4274 [00:53<01:54, 25.23it/s]
HPSAC test:  32%|███▏      | 1382/4274 [00:54<01:57, 24.61it/s]
HPSAC test:  32%|███▏      | 1385/4274 [00:54<01:59, 24.19it/s]
HPSAC test:  32%|███▏      | 1388/4274 [00:54<02:00, 23.92it/s]
HPSAC test:  33%|███▎      | 1391/4274 [00:54<02:01, 23.73it/s]
HPSAC test:  33%|███▎      | 1394/4274 [00:54<02:02, 23.58it/s]
HPSAC test:  33%|███▎      | 1397/4274 [00:54<02:02, 23.49it/s]
HPSAC test:  33%|███▎      | 1401/4274 [00:54<01:54, 25.08it/s]
HPSAC test:  33%|███▎      | 1404/4274 [00:55<01:57, 24.51it/s]
HPSAC test:  33%|███▎      | 1407/4274 [00:55<01:54, 25.09it/s]
HPSAC test:  33%|███▎      | 1410/4274 [00:55<01:52, 25.47it/s]
HPSAC test:  33%|███▎      | 1413/4274 [00:55<01:55, 24.79it/s]
HPSAC test:  33%|███▎      | 1416/4274 [00:55<01:57, 24.32it/s]
HPSAC test:  33%|███▎      | 1419/4274 [00:55<01:54, 24.98it/s]
HPSAC test:  33%|███▎      | 1422/4274 [00:55<01:52, 25.42it/s]
HPSAC test:  33%|███▎      | 1425/4274 [00:55<01:55, 24.70it/s]
HPSAC test:  33%|███▎      | 1428/4274 [00:56<01:57, 24.25it/s]
HPSAC test:  33%|███▎      | 1431/4274 [00:56<01:58, 23.95it/s]
HPSAC test:  34%|███▎      | 1434/4274 [00:56<01:59, 23.68it/s]
HPSAC test:  34%|███▎      | 1437/4274 [00:56<02:00, 23.55it/s]
HPSAC test:  34%|███▎      | 1441/4274 [00:56<01:48, 26.21it/s]
HPSAC test:  34%|███▍      | 1444/4274 [00:56<01:51, 25.31it/s]
HPSAC test:  34%|███▍      | 1447/4274 [00:56<01:50, 25.63it/s]
HPSAC test:  34%|███▍      | 1450/4274 [00:56<01:49, 25.86it/s]
HPSAC test:  34%|███▍      | 1453/4274 [00:56<01:48, 26.09it/s]
HPSAC test:  34%|███▍      | 1456/4274 [00:57<01:51, 25.19it/s]
HPSAC test:  34%|███▍      | 1459/4274 [00:57<01:50, 25.51it/s]
HPSAC test:  34%|███▍      | 1462/4274 [00:57<01:53, 24.72it/s]
HPSAC test:  34%|███▍      | 1466/4274 [00:57<01:47, 26.05it/s]
HPSAC test:  34%|███▍      | 1469/4274 [00:57<01:46, 26.23it/s]
HPSAC test:  34%|███▍      | 1472/4274 [00:57<01:46, 26.31it/s]
HPSAC test:  35%|███▍      | 1475/4274 [00:57<01:45, 26.42it/s]
HPSAC test:  35%|███▍      | 1478/4274 [00:57<01:50, 25.37it/s]
HPSAC test:  35%|███▍      | 1481/4274 [00:58<01:48, 25.72it/s]
HPSAC test:  35%|███▍      | 1484/4274 [00:58<01:47, 25.92it/s]
HPSAC test:  35%|███▍      | 1488/4274 [00:58<01:44, 26.74it/s]
HPSAC test:  35%|███▍      | 1491/4274 [00:58<01:44, 26.68it/s]
HPSAC test:  35%|███▍      | 1495/4274 [00:58<01:37, 28.44it/s]
HPSAC test:  35%|███▌      | 1498/4274 [00:58<01:39, 27.91it/s]
HPSAC test:  35%|███▌      | 1501/4274 [00:58<01:40, 27.52it/s]
HPSAC test:  35%|███▌      | 1504/4274 [00:58<01:46, 26.10it/s]
HPSAC test:  35%|███▌      | 1507/4274 [00:59<01:45, 26.19it/s]
HPSAC test:  35%|███▌      | 1510/4274 [00:59<01:49, 25.24it/s]
HPSAC test:  35%|███▌      | 1514/4274 [00:59<01:44, 26.35it/s]
HPSAC test:  35%|███▌      | 1517/4274 [00:59<01:48, 25.34it/s]
HPSAC test:  36%|███▌      | 1520/4274 [00:59<01:51, 24.69it/s]
HPSAC test:  36%|███▌      | 1523/4274 [00:59<01:53, 24.22it/s]
HPSAC test:  36%|███▌      | 1526/4274 [00:59<01:50, 24.82it/s]
HPSAC test:  36%|███▌      | 1529/4274 [00:59<01:48, 25.30it/s]
HPSAC test:  36%|███▌      | 1533/4274 [01:00<01:43, 26.41it/s]
HPSAC test:  36%|███▌      | 1536/4274 [01:00<01:43, 26.45it/s]
HPSAC test:  36%|███▌      | 1539/4274 [01:00<01:43, 26.47it/s]
HPSAC test:  36%|███▌      | 1542/4274 [01:00<01:47, 25.37it/s]
HPSAC test:  36%|███▌      | 1545/4274 [01:00<01:46, 25.71it/s]
HPSAC test:  36%|███▌      | 1548/4274 [01:00<01:45, 25.96it/s]
HPSAC test:  36%|███▋      | 1551/4274 [01:00<01:48, 25.06it/s]
HPSAC test:  36%|███▋      | 1554/4274 [01:00<01:46, 25.48it/s]
HPSAC test:  36%|███▋      | 1558/4274 [01:01<01:42, 26.53it/s]
HPSAC test:  37%|███▋      | 1561/4274 [01:01<01:42, 26.49it/s]
HPSAC test:  37%|███▋      | 1564/4274 [01:01<01:46, 25.45it/s]
HPSAC test:  37%|███▋      | 1567/4274 [01:01<01:45, 25.76it/s]
HPSAC test:  37%|███▋      | 1570/4274 [01:01<01:44, 25.98it/s]
HPSAC test:  37%|███▋      | 1573/4274 [01:01<01:47, 25.07it/s]
HPSAC test:  37%|███▋      | 1576/4274 [01:01<01:45, 25.48it/s]
HPSAC test:  37%|███▋      | 1579/4274 [01:01<01:42, 26.33it/s]
HPSAC test:  37%|███▋      | 1583/4274 [01:01<01:39, 27.14it/s]
HPSAC test:  37%|███▋      | 1586/4274 [01:02<01:43, 25.93it/s]
HPSAC test:  37%|███▋      | 1589/4274 [01:02<01:46, 25.12it/s]
HPSAC test:  37%|███▋      | 1592/4274 [01:02<01:44, 25.55it/s]
HPSAC test:  37%|███▋      | 1595/4274 [01:02<01:43, 25.77it/s]
HPSAC test:  37%|███▋      | 1599/4274 [01:02<01:36, 27.85it/s]
HPSAC test:  38%|███▊      | 1603/4274 [01:02<01:35, 28.09it/s]
HPSAC test:  38%|███▊      | 1606/4274 [01:02<01:40, 26.51it/s]
HPSAC test:  38%|███▊      | 1609/4274 [01:02<01:44, 25.45it/s]
HPSAC test:  38%|███▊      | 1612/4274 [01:03<01:47, 24.74it/s]
HPSAC test:  38%|███▊      | 1615/4274 [01:03<01:49, 24.24it/s]
HPSAC test:  38%|███▊      | 1618/4274 [01:03<01:51, 23.92it/s]
HPSAC test:  38%|███▊      | 1621/4274 [01:03<01:47, 24.62it/s]
HPSAC test:  38%|███▊      | 1624/4274 [01:03<01:49, 24.18it/s]
HPSAC test:  38%|███▊      | 1627/4274 [01:03<01:51, 23.74it/s]
HPSAC test:  38%|███▊      | 1630/4274 [01:03<01:48, 24.48it/s]
HPSAC test:  38%|███▊      | 1633/4274 [01:03<01:45, 24.98it/s]
HPSAC test:  38%|███▊      | 1636/4274 [01:04<01:48, 24.40it/s]
HPSAC test:  38%|███▊      | 1639/4274 [01:04<01:49, 24.04it/s]
HPSAC test:  38%|███▊      | 1642/4274 [01:04<01:46, 24.75it/s]
HPSAC test:  38%|███▊      | 1645/4274 [01:04<01:48, 24.28it/s]
HPSAC test:  39%|███▊      | 1649/4274 [01:04<01:38, 26.77it/s]
HPSAC test:  39%|███▊      | 1652/4274 [01:04<01:42, 25.70it/s]
HPSAC test:  39%|███▊      | 1655/4274 [01:04<01:44, 24.96it/s]
HPSAC test:  39%|███▉      | 1658/4274 [01:04<01:43, 25.38it/s]
HPSAC test:  39%|███▉      | 1661/4274 [01:05<01:41, 25.75it/s]
HPSAC test:  39%|███▉      | 1664/4274 [01:05<01:40, 26.02it/s]
HPSAC test:  39%|███▉      | 1667/4274 [01:05<01:39, 26.20it/s]
HPSAC test:  39%|███▉      | 1670/4274 [01:05<01:41, 25.77it/s]
HPSAC test:  39%|███▉      | 1673/4274 [01:05<01:40, 25.92it/s]
HPSAC test:  39%|███▉      | 1676/4274 [01:05<01:39, 26.12it/s]
HPSAC test:  39%|███▉      | 1680/4274 [01:05<01:36, 26.98it/s]
HPSAC test:  39%|███▉      | 1683/4274 [01:05<01:40, 25.82it/s]
HPSAC test:  39%|███▉      | 1686/4274 [01:06<01:39, 26.01it/s]
HPSAC test:  40%|███▉      | 1690/4274 [01:06<01:35, 26.94it/s]
HPSAC test:  40%|███▉      | 1693/4274 [01:06<01:40, 25.79it/s]
HPSAC test:  40%|███▉      | 1696/4274 [01:06<01:42, 25.03it/s]
HPSAC test:  40%|███▉      | 1699/4274 [01:06<01:45, 24.51it/s]
HPSAC test:  40%|███▉      | 1703/4274 [01:06<01:39, 25.84it/s]
HPSAC test:  40%|███▉      | 1706/4274 [01:06<01:38, 26.06it/s]
HPSAC test:  40%|███▉      | 1709/4274 [01:06<01:41, 25.21it/s]
HPSAC test:  40%|████      | 1712/4274 [01:07<01:40, 25.60it/s]
HPSAC test:  40%|████      | 1715/4274 [01:07<01:42, 24.88it/s]
HPSAC test:  40%|████      | 1718/4274 [01:07<01:40, 25.38it/s]
HPSAC test:  40%|████      | 1721/4274 [01:07<01:43, 24.72it/s]
HPSAC test:  40%|████      | 1725/4274 [01:07<01:37, 26.06it/s]
HPSAC test:  40%|████      | 1728/4274 [01:07<01:37, 26.15it/s]
HPSAC test:  41%|████      | 1731/4274 [01:07<01:36, 26.30it/s]
HPSAC test:  41%|████      | 1734/4274 [01:07<01:40, 25.34it/s]
HPSAC test:  41%|████      | 1737/4274 [01:08<01:36, 26.28it/s]
HPSAC test:  41%|████      | 1740/4274 [01:08<01:36, 26.39it/s]
HPSAC test:  41%|████      | 1743/4274 [01:08<01:39, 25.34it/s]
HPSAC test:  41%|████      | 1746/4274 [01:08<01:38, 25.71it/s]
HPSAC test:  41%|████      | 1749/4274 [01:08<01:41, 24.93it/s]
HPSAC test:  41%|████      | 1752/4274 [01:08<01:43, 24.40it/s]
HPSAC test:  41%|████      | 1755/4274 [01:08<01:44, 24.05it/s]
HPSAC test:  41%|████      | 1758/4274 [01:08<01:41, 24.72it/s]
HPSAC test:  41%|████      | 1762/4274 [01:09<01:36, 26.05it/s]
HPSAC test:  41%|████▏     | 1765/4274 [01:09<01:39, 25.19it/s]
HPSAC test:  41%|████▏     | 1768/4274 [01:09<01:39, 25.13it/s]
HPSAC test:  41%|████▏     | 1771/4274 [01:09<01:41, 24.55it/s]
HPSAC test:  42%|████▏     | 1774/4274 [01:09<01:43, 24.17it/s]
HPSAC test:  42%|████▏     | 1777/4274 [01:09<01:40, 24.86it/s]
HPSAC test:  42%|████▏     | 1780/4274 [01:09<01:42, 24.32it/s]
HPSAC test:  42%|████▏     | 1783/4274 [01:09<01:43, 24.00it/s]
HPSAC test:  42%|████▏     | 1786/4274 [01:10<01:40, 24.70it/s]
HPSAC test:  42%|████▏     | 1789/4274 [01:10<01:38, 25.26it/s]
HPSAC test:  42%|████▏     | 1793/4274 [01:10<01:30, 27.51it/s]
HPSAC test:  42%|████▏     | 1796/4274 [01:10<01:32, 26.75it/s]
HPSAC test:  42%|████▏     | 1799/4274 [01:10<01:36, 25.66it/s]
HPSAC test:  42%|████▏     | 1803/4274 [01:10<01:32, 26.60it/s]
HPSAC test:  42%|████▏     | 1806/4274 [01:10<01:36, 25.59it/s]
HPSAC test:  42%|████▏     | 1809/4274 [01:10<01:39, 24.90it/s]
HPSAC test:  42%|████▏     | 1812/4274 [01:11<01:40, 24.40it/s]
HPSAC test:  42%|████▏     | 1815/4274 [01:11<01:38, 24.96it/s]
HPSAC test:  43%|████▎     | 1818/4274 [01:11<01:40, 24.40it/s]
HPSAC test:  43%|████▎     | 1821/4274 [01:11<01:38, 24.96it/s]
HPSAC test:  43%|████▎     | 1824/4274 [01:11<01:36, 25.43it/s]
HPSAC test:  43%|████▎     | 1827/4274 [01:11<01:32, 26.38it/s]
HPSAC test:  43%|████▎     | 1830/4274 [01:11<01:36, 25.33it/s]
HPSAC test:  43%|████▎     | 1833/4274 [01:11<01:39, 24.65it/s]
HPSAC test:  43%|████▎     | 1836/4274 [01:11<01:36, 25.17it/s]
HPSAC test:  43%|████▎     | 1839/4274 [01:12<01:35, 25.60it/s]
HPSAC test:  43%|████▎     | 1842/4274 [01:12<01:37, 24.85it/s]
HPSAC test:  43%|████▎     | 1845/4274 [01:12<01:35, 25.37it/s]
HPSAC test:  43%|████▎     | 1848/4274 [01:12<01:34, 25.74it/s]
HPSAC test:  43%|████▎     | 1851/4274 [01:12<01:33, 25.96it/s]
HPSAC test:  43%|████▎     | 1855/4274 [01:12<01:29, 26.88it/s]
HPSAC test:  43%|████▎     | 1858/4274 [01:12<01:30, 26.83it/s]
HPSAC test:  44%|████▎     | 1861/4274 [01:12<01:34, 25.63it/s]
HPSAC test:  44%|████▎     | 1864/4274 [01:13<01:36, 24.85it/s]
HPSAC test:  44%|████▎     | 1867/4274 [01:13<01:35, 25.31it/s]
HPSAC test:  44%|████▍     | 1870/4274 [01:13<01:33, 25.70it/s]
HPSAC test:  44%|████▍     | 1873/4274 [01:13<01:32, 25.99it/s]
HPSAC test:  44%|████▍     | 1876/4274 [01:13<01:35, 25.11it/s]
HPSAC test:  44%|████▍     | 1879/4274 [01:13<01:37, 24.49it/s]
HPSAC test:  44%|████▍     | 1883/4274 [01:13<01:25, 28.05it/s]
HPSAC test:  44%|████▍     | 1886/4274 [01:13<01:30, 26.50it/s]
HPSAC test:  44%|████▍     | 1889/4274 [01:14<01:29, 26.54it/s]
HPSAC test:  44%|████▍     | 1892/4274 [01:14<01:29, 26.58it/s]
HPSAC test:  44%|████▍     | 1895/4274 [01:14<01:29, 26.57it/s]
HPSAC test:  44%|████▍     | 1898/4274 [01:14<01:33, 25.47it/s]
HPSAC test:  44%|████▍     | 1901/4274 [01:14<01:31, 25.82it/s]
HPSAC test:  45%|████▍     | 1905/4274 [01:14<01:28, 26.83it/s]
HPSAC test:  45%|████▍     | 1908/4274 [01:14<01:31, 25.73it/s]
HPSAC test:  45%|████▍     | 1911/4274 [01:14<01:32, 25.50it/s]
HPSAC test:  45%|████▍     | 1914/4274 [01:14<01:35, 24.68it/s]
HPSAC test:  45%|████▍     | 1917/4274 [01:15<01:37, 24.25it/s]
HPSAC test:  45%|████▍     | 1920/4274 [01:15<01:34, 24.90it/s]
HPSAC test:  45%|████▍     | 1923/4274 [01:15<01:32, 25.39it/s]
HPSAC test:  45%|████▌     | 1926/4274 [01:15<01:34, 24.72it/s]
HPSAC test:  45%|████▌     | 1929/4274 [01:15<01:32, 25.27it/s]
HPSAC test:  45%|████▌     | 1932/4274 [01:15<01:31, 25.68it/s]
HPSAC test:  45%|████▌     | 1935/4274 [01:15<01:33, 24.90it/s]
HPSAC test:  45%|████▌     | 1938/4274 [01:15<01:32, 25.39it/s]
HPSAC test:  45%|████▌     | 1941/4274 [01:16<01:32, 25.20it/s]
HPSAC test:  45%|████▌     | 1944/4274 [01:16<01:31, 25.58it/s]
HPSAC test:  46%|████▌     | 1947/4274 [01:16<01:29, 25.90it/s]
HPSAC test:  46%|████▌     | 1950/4274 [01:16<01:32, 25.04it/s]
HPSAC test:  46%|████▌     | 1953/4274 [01:16<01:34, 24.50it/s]
HPSAC test:  46%|████▌     | 1956/4274 [01:16<01:36, 24.11it/s]
HPSAC test:  46%|████▌     | 1959/4274 [01:16<01:37, 23.81it/s]
HPSAC test:  46%|████▌     | 1962/4274 [01:16<01:38, 23.58it/s]
HPSAC test:  46%|████▌     | 1965/4274 [01:17<01:34, 24.33it/s]
HPSAC test:  46%|████▌     | 1968/4274 [01:17<01:36, 24.00it/s]
HPSAC test:  46%|████▌     | 1971/4274 [01:17<01:36, 23.77it/s]
HPSAC test:  46%|████▌     | 1974/4274 [01:17<01:37, 23.58it/s]
HPSAC test:  46%|████▋     | 1977/4274 [01:17<01:37, 23.48it/s]
HPSAC test:  46%|████▋     | 1980/4274 [01:17<01:37, 23.42it/s]
HPSAC test:  46%|████▋     | 1983/4274 [01:17<01:34, 24.24it/s]
HPSAC test:  46%|████▋     | 1986/4274 [01:17<01:35, 23.94it/s]
HPSAC test:  47%|████▋     | 1989/4274 [01:18<01:32, 24.65it/s]
HPSAC test:  47%|████▋     | 1992/4274 [01:18<01:34, 24.22it/s]
HPSAC test:  47%|████▋     | 1995/4274 [01:18<01:31, 24.91it/s]
HPSAC test:  47%|████▋     | 1998/4274 [01:18<01:33, 24.40it/s]
HPSAC test:  47%|████▋     | 2001/4274 [01:18<01:30, 25.04it/s]
HPSAC test:  47%|████▋     | 2004/4274 [01:18<01:28, 25.52it/s]
HPSAC test:  47%|████▋     | 2007/4274 [01:18<01:27, 25.87it/s]
HPSAC test:  47%|████▋     | 2010/4274 [01:18<01:30, 25.04it/s]
HPSAC test:  47%|████▋     | 2013/4274 [01:19<01:32, 24.48it/s]
HPSAC test:  47%|████▋     | 2016/4274 [01:19<01:30, 25.05it/s]
HPSAC test:  47%|████▋     | 2019/4274 [01:19<01:32, 24.43it/s]
HPSAC test:  47%|████▋     | 2022/4274 [01:19<01:29, 25.06it/s]
HPSAC test:  47%|████▋     | 2025/4274 [01:19<01:28, 25.49it/s]
HPSAC test:  47%|████▋     | 2028/4274 [01:19<01:27, 25.80it/s]
HPSAC test:  48%|████▊     | 2031/4274 [01:19<01:26, 26.06it/s]
HPSAC test:  48%|████▊     | 2034/4274 [01:19<01:25, 26.24it/s]
HPSAC test:  48%|████▊     | 2037/4274 [01:19<01:28, 25.27it/s]
HPSAC test:  48%|████▊     | 2040/4274 [01:20<01:27, 25.67it/s]
HPSAC test:  48%|████▊     | 2043/4274 [01:20<01:25, 25.96it/s]
HPSAC test:  48%|████▊     | 2046/4274 [01:20<01:25, 26.16it/s]
HPSAC test:  48%|████▊     | 2049/4274 [01:20<01:28, 25.17it/s]
HPSAC test:  48%|████▊     | 2052/4274 [01:20<01:26, 25.58it/s]
HPSAC test:  48%|████▊     | 2056/4274 [01:20<01:23, 26.62it/s]
HPSAC test:  48%|████▊     | 2059/4274 [01:20<01:23, 26.59it/s]
HPSAC test:  48%|████▊     | 2062/4274 [01:20<01:26, 25.55it/s]
HPSAC test:  48%|████▊     | 2065/4274 [01:21<01:28, 24.84it/s]
HPSAC test:  48%|████▊     | 2068/4274 [01:21<01:30, 24.28it/s]
HPSAC test:  48%|████▊     | 2071/4274 [01:21<01:31, 23.96it/s]
HPSAC test:  49%|████▊     | 2074/4274 [01:21<01:29, 24.70it/s]
HPSAC test:  49%|████▊     | 2077/4274 [01:21<01:30, 24.25it/s]
HPSAC test:  49%|████▊     | 2080/4274 [01:21<01:31, 23.95it/s]
HPSAC test:  49%|████▊     | 2083/4274 [01:21<01:32, 23.67it/s]
HPSAC test:  49%|████▉     | 2086/4274 [01:21<01:29, 24.49it/s]
HPSAC test:  49%|████▉     | 2089/4274 [01:22<01:27, 25.03it/s]
HPSAC test:  49%|████▉     | 2092/4274 [01:22<01:29, 24.43it/s]
HPSAC test:  49%|████▉     | 2095/4274 [01:22<01:27, 25.03it/s]
HPSAC test:  49%|████▉     | 2098/4274 [01:22<01:28, 24.48it/s]
HPSAC test:  49%|████▉     | 2101/4274 [01:22<01:30, 24.11it/s]
HPSAC test:  49%|████▉     | 2105/4274 [01:22<01:24, 25.53it/s]
HPSAC test:  49%|████▉     | 2108/4274 [01:22<01:27, 24.86it/s]
HPSAC test:  49%|████▉     | 2111/4274 [01:22<01:28, 24.39it/s]
HPSAC test:  49%|████▉     | 2114/4274 [01:23<01:29, 24.03it/s]
HPSAC test:  50%|████▉     | 2117/4274 [01:23<01:30, 23.80it/s]
HPSAC test:  50%|████▉     | 2120/4274 [01:23<01:29, 24.10it/s]
HPSAC test:  50%|████▉     | 2123/4274 [01:23<01:26, 24.76it/s]
HPSAC test:  50%|████▉     | 2126/4274 [01:23<01:28, 24.30it/s]
HPSAC test:  50%|████▉     | 2129/4274 [01:23<01:29, 23.98it/s]
HPSAC test:  50%|████▉     | 2132/4274 [01:23<01:24, 25.27it/s]
HPSAC test:  50%|████▉     | 2135/4274 [01:23<01:23, 25.67it/s]
HPSAC test:  50%|█████     | 2138/4274 [01:24<01:22, 25.96it/s]
HPSAC test:  50%|█████     | 2141/4274 [01:24<01:25, 25.05it/s]
HPSAC test:  50%|█████     | 2144/4274 [01:24<01:21, 26.05it/s]
HPSAC test:  50%|█████     | 2148/4274 [01:24<01:18, 26.91it/s]
HPSAC test:  50%|█████     | 2151/4274 [01:24<01:22, 25.78it/s]
HPSAC test:  50%|█████     | 2154/4274 [01:24<01:24, 25.00it/s]
HPSAC test:  50%|█████     | 2157/4274 [01:24<01:26, 24.46it/s]
HPSAC test:  51%|█████     | 2160/4274 [01:24<01:27, 24.11it/s]
HPSAC test:  51%|█████     | 2163/4274 [01:25<01:28, 23.82it/s]
HPSAC test:  51%|█████     | 2166/4274 [01:25<01:25, 24.61it/s]
HPSAC test:  51%|█████     | 2169/4274 [01:25<01:25, 24.70it/s]
HPSAC test:  51%|█████     | 2172/4274 [01:25<01:26, 24.17it/s]
HPSAC test:  51%|█████     | 2175/4274 [01:25<01:27, 23.88it/s]
HPSAC test:  51%|█████     | 2178/4274 [01:25<01:28, 23.69it/s]
HPSAC test:  51%|█████     | 2181/4274 [01:25<01:28, 23.56it/s]
HPSAC test:  51%|█████     | 2184/4274 [01:25<01:29, 23.44it/s]
HPSAC test:  51%|█████     | 2187/4274 [01:26<01:25, 24.33it/s]
HPSAC test:  51%|█████     | 2190/4274 [01:26<01:23, 24.95it/s]
HPSAC test:  51%|█████▏    | 2193/4274 [01:26<01:25, 24.42it/s]
HPSAC test:  51%|█████▏    | 2196/4274 [01:26<01:26, 24.03it/s]
HPSAC test:  51%|█████▏    | 2199/4274 [01:26<01:27, 23.75it/s]
HPSAC test:  52%|█████▏    | 2202/4274 [01:26<01:27, 23.61it/s]
HPSAC test:  52%|█████▏    | 2205/4274 [01:26<01:28, 23.47it/s]
HPSAC test:  52%|█████▏    | 2208/4274 [01:26<01:24, 24.32it/s]
HPSAC test:  52%|█████▏    | 2212/4274 [01:27<01:20, 25.74it/s]
HPSAC test:  52%|█████▏    | 2215/4274 [01:27<01:22, 24.94it/s]
HPSAC test:  52%|█████▏    | 2218/4274 [01:27<01:24, 24.45it/s]
HPSAC test:  52%|█████▏    | 2221/4274 [01:27<01:25, 24.05it/s]
HPSAC test:  52%|█████▏    | 2224/4274 [01:27<01:26, 23.77it/s]
HPSAC test:  52%|█████▏    | 2227/4274 [01:27<01:26, 23.63it/s]
HPSAC test:  52%|█████▏    | 2230/4274 [01:27<01:23, 24.46it/s]
HPSAC test:  52%|█████▏    | 2233/4274 [01:27<01:21, 25.07it/s]
HPSAC test:  52%|█████▏    | 2236/4274 [01:28<01:23, 24.48it/s]
HPSAC test:  52%|█████▏    | 2239/4274 [01:28<01:24, 24.10it/s]
HPSAC test:  52%|█████▏    | 2242/4274 [01:28<01:25, 23.79it/s]
HPSAC test:  53%|█████▎    | 2245/4274 [01:28<01:26, 23.58it/s]
HPSAC test:  53%|█████▎    | 2248/4274 [01:28<01:22, 24.43it/s]
HPSAC test:  53%|█████▎    | 2251/4274 [01:28<01:20, 25.06it/s]
HPSAC test:  53%|█████▎    | 2254/4274 [01:28<01:22, 24.50it/s]
HPSAC test:  53%|█████▎    | 2257/4274 [01:28<01:20, 25.11it/s]
HPSAC test:  53%|█████▎    | 2260/4274 [01:29<01:22, 24.53it/s]
HPSAC test:  53%|█████▎    | 2264/4274 [01:29<01:17, 25.93it/s]
HPSAC test:  53%|█████▎    | 2267/4274 [01:29<01:17, 26.04it/s]
HPSAC test:  53%|█████▎    | 2270/4274 [01:29<01:16, 26.17it/s]
HPSAC test:  53%|█████▎    | 2273/4274 [01:29<01:16, 26.25it/s]
HPSAC test:  53%|█████▎    | 2276/4274 [01:29<01:15, 26.36it/s]
HPSAC test:  53%|█████▎    | 2279/4274 [01:29<01:15, 26.45it/s]
HPSAC test:  53%|█████▎    | 2283/4274 [01:29<01:13, 27.19it/s]
HPSAC test:  54%|█████▎    | 2287/4274 [01:29<01:09, 28.78it/s]
HPSAC test:  54%|█████▎    | 2290/4274 [01:30<01:13, 27.07it/s]
HPSAC test:  54%|█████▎    | 2293/4274 [01:30<01:16, 25.91it/s]
HPSAC test:  54%|█████▎    | 2296/4274 [01:30<01:18, 25.09it/s]
HPSAC test:  54%|█████▍    | 2299/4274 [01:30<01:17, 25.43it/s]
HPSAC test:  54%|█████▍    | 2302/4274 [01:30<01:19, 24.72it/s]
HPSAC test:  54%|█████▍    | 2305/4274 [01:30<01:21, 24.25it/s]
HPSAC test:  54%|█████▍    | 2308/4274 [01:30<01:22, 23.92it/s]
HPSAC test:  54%|█████▍    | 2311/4274 [01:31<01:22, 23.72it/s]
HPSAC test:  54%|█████▍    | 2314/4274 [01:31<01:19, 24.52it/s]
HPSAC test:  54%|█████▍    | 2317/4274 [01:31<01:18, 25.07it/s]
HPSAC test:  54%|█████▍    | 2320/4274 [01:31<01:19, 24.51it/s]
HPSAC test:  54%|█████▍    | 2323/4274 [01:31<01:17, 25.11it/s]
HPSAC test:  54%|█████▍    | 2326/4274 [01:31<01:16, 25.48it/s]
HPSAC test:  54%|█████▍    | 2329/4274 [01:31<01:18, 24.76it/s]
HPSAC test:  55%|█████▍    | 2332/4274 [01:31<01:16, 25.32it/s]
HPSAC test:  55%|█████▍    | 2335/4274 [01:31<01:15, 25.70it/s]
HPSAC test:  55%|█████▍    | 2338/4274 [01:32<01:17, 24.89it/s]
HPSAC test:  55%|█████▍    | 2341/4274 [01:32<01:19, 24.38it/s]
HPSAC test:  55%|█████▍    | 2344/4274 [01:32<01:17, 25.03it/s]
HPSAC test:  55%|█████▍    | 2347/4274 [01:32<01:15, 25.47it/s]
HPSAC test:  55%|█████▍    | 2350/4274 [01:32<01:14, 25.74it/s]
HPSAC test:  55%|█████▌    | 2353/4274 [01:32<01:17, 24.94it/s]
HPSAC test:  55%|█████▌    | 2357/4274 [01:32<01:10, 27.27it/s]
HPSAC test:  55%|█████▌    | 2360/4274 [01:32<01:13, 26.02it/s]
HPSAC test:  55%|█████▌    | 2363/4274 [01:33<01:12, 26.19it/s]
HPSAC test:  55%|█████▌    | 2366/4274 [01:33<01:12, 26.34it/s]
HPSAC test:  55%|█████▌    | 2369/4274 [01:33<01:12, 26.43it/s]
HPSAC test:  56%|█████▌    | 2373/4274 [01:33<01:06, 28.37it/s]
HPSAC test:  56%|█████▌    | 2376/4274 [01:33<01:08, 27.87it/s]
HPSAC test:  56%|█████▌    | 2379/4274 [01:33<01:11, 26.37it/s]
HPSAC test:  56%|█████▌    | 2382/4274 [01:33<01:14, 25.37it/s]
HPSAC test:  56%|█████▌    | 2386/4274 [01:33<01:11, 26.49it/s]
HPSAC test:  56%|█████▌    | 2389/4274 [01:34<01:13, 25.49it/s]
HPSAC test:  56%|█████▌    | 2393/4274 [01:34<01:05, 28.68it/s]
HPSAC test:  56%|█████▌    | 2396/4274 [01:34<01:06, 28.08it/s]
HPSAC test:  56%|█████▌    | 2399/4274 [01:34<01:09, 27.13it/s]
HPSAC test:  56%|█████▌    | 2402/4274 [01:34<01:12, 25.92it/s]
HPSAC test:  56%|█████▋    | 2405/4274 [01:34<01:11, 26.09it/s]
HPSAC test:  56%|█████▋    | 2408/4274 [01:34<01:11, 26.15it/s]
HPSAC test:  56%|█████▋    | 2411/4274 [01:34<01:13, 25.22it/s]
HPSAC test:  56%|█████▋    | 2414/4274 [01:34<01:12, 25.56it/s]
HPSAC test:  57%|█████▋    | 2417/4274 [01:35<01:11, 25.84it/s]
HPSAC test:  57%|█████▋    | 2420/4274 [01:35<01:14, 24.99it/s]
HPSAC test:  57%|█████▋    | 2423/4274 [01:35<01:15, 24.41it/s]
HPSAC test:  57%|█████▋    | 2426/4274 [01:35<01:16, 24.06it/s]
HPSAC test:  57%|█████▋    | 2429/4274 [01:35<01:14, 24.74it/s]
HPSAC test:  57%|█████▋    | 2432/4274 [01:35<01:12, 25.24it/s]
HPSAC test:  57%|█████▋    | 2435/4274 [01:35<01:14, 24.60it/s]
HPSAC test:  57%|█████▋    | 2438/4274 [01:35<01:12, 25.19it/s]
HPSAC test:  57%|█████▋    | 2442/4274 [01:36<01:09, 26.38it/s]
HPSAC test:  57%|█████▋    | 2445/4274 [01:36<01:11, 25.44it/s]
HPSAC test:  57%|█████▋    | 2448/4274 [01:36<01:13, 24.78it/s]
HPSAC test:  57%|█████▋    | 2451/4274 [01:36<01:13, 24.82it/s]
HPSAC test:  57%|█████▋    | 2454/4274 [01:36<01:11, 25.34it/s]
HPSAC test:  57%|█████▋    | 2457/4274 [01:36<01:13, 24.70it/s]
HPSAC test:  58%|█████▊    | 2460/4274 [01:36<01:12, 25.19it/s]
HPSAC test:  58%|█████▊    | 2464/4274 [01:36<01:08, 26.33it/s]
HPSAC test:  58%|█████▊    | 2467/4274 [01:37<01:08, 26.42it/s]
HPSAC test:  58%|█████▊    | 2470/4274 [01:37<01:08, 26.49it/s]
HPSAC test:  58%|█████▊    | 2473/4274 [01:37<01:10, 25.48it/s]
HPSAC test:  58%|█████▊    | 2477/4274 [01:37<01:07, 26.53it/s]
HPSAC test:  58%|█████▊    | 2480/4274 [01:37<01:07, 26.51it/s]
HPSAC test:  58%|█████▊    | 2483/4274 [01:37<01:07, 26.55it/s]
HPSAC test:  58%|█████▊    | 2486/4274 [01:37<01:07, 26.52it/s]
HPSAC test:  58%|█████▊    | 2489/4274 [01:37<01:07, 26.46it/s]
HPSAC test:  58%|█████▊    | 2492/4274 [01:37<01:07, 26.52it/s]
HPSAC test:  58%|█████▊    | 2496/4274 [01:38<01:05, 27.28it/s]
HPSAC test:  58%|█████▊    | 2499/4274 [01:38<01:05, 27.11it/s]
HPSAC test:  59%|█████▊    | 2502/4274 [01:38<01:05, 26.97it/s]
HPSAC test:  59%|█████▊    | 2505/4274 [01:38<01:05, 26.88it/s]
HPSAC test:  59%|█████▊    | 2509/4274 [01:38<01:04, 27.49it/s]
HPSAC test:  59%|█████▉    | 2512/4274 [01:38<01:04, 27.22it/s]
HPSAC test:  59%|█████▉    | 2515/4274 [01:38<01:05, 27.03it/s]
HPSAC test:  59%|█████▉    | 2518/4274 [01:38<01:05, 26.93it/s]
HPSAC test:  59%|█████▉    | 2521/4274 [01:39<01:05, 26.86it/s]
HPSAC test:  59%|█████▉    | 2524/4274 [01:39<01:08, 25.69it/s]
HPSAC test:  59%|█████▉    | 2527/4274 [01:39<01:10, 24.92it/s]
HPSAC test:  59%|█████▉    | 2530/4274 [01:39<01:08, 25.38it/s]
HPSAC test:  59%|█████▉    | 2533/4274 [01:39<01:10, 24.67it/s]
HPSAC test:  59%|█████▉    | 2536/4274 [01:39<01:11, 24.22it/s]
HPSAC test:  59%|█████▉    | 2539/4274 [01:39<01:09, 24.88it/s]
HPSAC test:  59%|█████▉    | 2542/4274 [01:39<01:11, 24.35it/s]
HPSAC test:  60%|█████▉    | 2545/4274 [01:40<01:11, 24.02it/s]
HPSAC test:  60%|█████▉    | 2548/4274 [01:40<01:12, 23.79it/s]
HPSAC test:  60%|█████▉    | 2551/4274 [01:40<01:13, 23.59it/s]
HPSAC test:  60%|█████▉    | 2554/4274 [01:40<01:13, 23.50it/s]
HPSAC test:  60%|█████▉    | 2557/4274 [01:40<01:13, 23.43it/s]
HPSAC test:  60%|█████▉    | 2560/4274 [01:40<01:10, 24.31it/s]
HPSAC test:  60%|█████▉    | 2563/4274 [01:40<01:11, 24.00it/s]
HPSAC test:  60%|██████    | 2566/4274 [01:40<01:12, 23.70it/s]
HPSAC test:  60%|██████    | 2569/4274 [01:41<01:12, 23.56it/s]
HPSAC test:  60%|██████    | 2572/4274 [01:41<01:12, 23.44it/s]
HPSAC test:  60%|██████    | 2575/4274 [01:41<01:12, 23.39it/s]
HPSAC test:  60%|██████    | 2578/4274 [01:41<01:09, 24.24it/s]
HPSAC test:  60%|██████    | 2581/4274 [01:41<01:07, 24.91it/s]
HPSAC test:  60%|██████    | 2584/4274 [01:41<01:09, 24.35it/s]
HPSAC test:  61%|██████    | 2587/4274 [01:41<01:07, 24.92it/s]
HPSAC test:  61%|██████    | 2590/4274 [01:41<01:06, 25.32it/s]
HPSAC test:  61%|██████    | 2594/4274 [01:42<01:00, 27.58it/s]
HPSAC test:  61%|██████    | 2597/4274 [01:42<01:01, 27.23it/s]
HPSAC test:  61%|██████    | 2600/4274 [01:42<01:01, 27.07it/s]
HPSAC test:  61%|██████    | 2604/4274 [01:42<01:00, 27.60it/s]
HPSAC test:  61%|██████    | 2607/4274 [01:42<01:00, 27.34it/s]
HPSAC test:  61%|██████    | 2610/4274 [01:42<01:01, 27.15it/s]
HPSAC test:  61%|██████    | 2614/4274 [01:42<00:57, 28.69it/s]
HPSAC test:  61%|██████    | 2617/4274 [01:42<00:58, 28.55it/s]
HPSAC test:  61%|██████▏   | 2620/4274 [01:42<01:01, 26.73it/s]
HPSAC test:  61%|██████▏   | 2623/4274 [01:43<01:04, 25.61it/s]
HPSAC test:  61%|██████▏   | 2626/4274 [01:43<01:06, 24.79it/s]
HPSAC test:  62%|██████▏   | 2629/4274 [01:43<01:07, 24.26it/s]
HPSAC test:  62%|██████▏   | 2632/4274 [01:43<01:05, 24.91it/s]
HPSAC test:  62%|██████▏   | 2635/4274 [01:43<01:07, 24.40it/s]
HPSAC test:  62%|██████▏   | 2638/4274 [01:43<01:05, 25.01it/s]
HPSAC test:  62%|██████▏   | 2641/4274 [01:43<01:04, 25.44it/s]
HPSAC test:  62%|██████▏   | 2644/4274 [01:43<01:03, 25.74it/s]
HPSAC test:  62%|██████▏   | 2647/4274 [01:44<01:05, 24.91it/s]
HPSAC test:  62%|██████▏   | 2651/4274 [01:44<00:59, 27.16it/s]
HPSAC test:  62%|██████▏   | 2654/4274 [01:44<01:02, 25.93it/s]
HPSAC test:  62%|██████▏   | 2657/4274 [01:44<01:01, 26.11it/s]
HPSAC test:  62%|██████▏   | 2661/4274 [01:44<00:57, 27.97it/s]
HPSAC test:  62%|██████▏   | 2664/4274 [01:44<01:01, 26.24it/s]
HPSAC test:  62%|██████▏   | 2667/4274 [01:44<01:01, 26.25it/s]
HPSAC test:  62%|██████▏   | 2670/4274 [01:44<01:00, 26.35it/s]
HPSAC test:  63%|██████▎   | 2673/4274 [01:45<01:03, 25.29it/s]
HPSAC test:  63%|██████▎   | 2676/4274 [01:45<01:02, 25.68it/s]
HPSAC test:  63%|██████▎   | 2679/4274 [01:45<01:04, 24.88it/s]
HPSAC test:  63%|██████▎   | 2682/4274 [01:45<01:02, 25.35it/s]
HPSAC test:  63%|██████▎   | 2685/4274 [01:45<01:04, 24.66it/s]
HPSAC test:  63%|██████▎   | 2689/4274 [01:45<00:58, 27.04it/s]
HPSAC test:  63%|██████▎   | 2692/4274 [01:45<01:01, 25.87it/s]
HPSAC test:  63%|██████▎   | 2695/4274 [01:45<01:00, 26.09it/s]
HPSAC test:  63%|██████▎   | 2698/4274 [01:46<01:02, 25.16it/s]
HPSAC test:  63%|██████▎   | 2701/4274 [01:46<01:01, 25.59it/s]
HPSAC test:  63%|██████▎   | 2704/4274 [01:46<01:00, 25.91it/s]
HPSAC test:  63%|██████▎   | 2708/4274 [01:46<00:58, 26.88it/s]
HPSAC test:  63%|██████▎   | 2711/4274 [01:46<01:00, 25.76it/s]
HPSAC test:  64%|██████▎   | 2714/4274 [01:46<01:00, 25.96it/s]
HPSAC test:  64%|██████▎   | 2717/4274 [01:46<01:02, 25.09it/s]
HPSAC test:  64%|██████▎   | 2720/4274 [01:46<01:03, 24.54it/s]
HPSAC test:  64%|██████▎   | 2723/4274 [01:47<01:01, 25.10it/s]
HPSAC test:  64%|██████▍   | 2726/4274 [01:47<01:00, 25.48it/s]
HPSAC test:  64%|██████▍   | 2729/4274 [01:47<00:59, 25.78it/s]
HPSAC test:  64%|██████▍   | 2732/4274 [01:47<00:59, 26.01it/s]
HPSAC test:  64%|██████▍   | 2735/4274 [01:47<00:58, 26.20it/s]
HPSAC test:  64%|██████▍   | 2738/4274 [01:47<00:58, 26.31it/s]
HPSAC test:  64%|██████▍   | 2741/4274 [01:47<00:58, 26.41it/s]
HPSAC test:  64%|██████▍   | 2745/4274 [01:47<00:51, 29.50it/s]
HPSAC test:  64%|██████▍   | 2748/4274 [01:47<00:53, 28.59it/s]
HPSAC test:  64%|██████▍   | 2751/4274 [01:48<00:54, 28.03it/s]
HPSAC test:  64%|██████▍   | 2754/4274 [01:48<00:57, 26.41it/s]
HPSAC test:  65%|██████▍   | 2757/4274 [01:48<00:59, 25.41it/s]
HPSAC test:  65%|██████▍   | 2760/4274 [01:48<00:58, 25.76it/s]
HPSAC test:  65%|██████▍   | 2763/4274 [01:48<00:58, 26.02it/s]
HPSAC test:  65%|██████▍   | 2766/4274 [01:48<00:57, 26.21it/s]
HPSAC test:  65%|██████▍   | 2769/4274 [01:48<00:57, 26.35it/s]
HPSAC test:  65%|██████▍   | 2772/4274 [01:48<00:57, 26.35it/s]
HPSAC test:  65%|██████▍   | 2775/4274 [01:48<00:59, 25.35it/s]
HPSAC test:  65%|██████▌   | 2779/4274 [01:49<00:56, 26.50it/s]
HPSAC test:  65%|██████▌   | 2782/4274 [01:49<00:56, 26.52it/s]
HPSAC test:  65%|██████▌   | 2785/4274 [01:49<00:56, 26.52it/s]
HPSAC test:  65%|██████▌   | 2788/4274 [01:49<00:55, 26.55it/s]
HPSAC test:  65%|██████▌   | 2791/4274 [01:49<00:55, 26.55it/s]
HPSAC test:  65%|██████▌   | 2794/4274 [01:49<00:55, 26.54it/s]
HPSAC test:  65%|██████▌   | 2797/4274 [01:49<00:58, 25.46it/s]
HPSAC test:  66%|██████▌   | 2800/4274 [01:49<00:59, 24.72it/s]
HPSAC test:  66%|██████▌   | 2803/4274 [01:50<00:56, 25.83it/s]
HPSAC test:  66%|██████▌   | 2806/4274 [01:50<00:56, 26.08it/s]
HPSAC test:  66%|██████▌   | 2809/4274 [01:50<00:55, 26.23it/s]
HPSAC test:  66%|██████▌   | 2813/4274 [01:50<00:53, 27.11it/s]
HPSAC test:  66%|██████▌   | 2816/4274 [01:50<00:54, 26.99it/s]
HPSAC test:  66%|██████▌   | 2819/4274 [01:50<00:54, 26.90it/s]
HPSAC test:  66%|██████▌   | 2822/4274 [01:50<00:56, 25.69it/s]
HPSAC test:  66%|██████▌   | 2826/4274 [01:50<00:54, 26.70it/s]
HPSAC test:  66%|██████▌   | 2829/4274 [01:51<00:54, 26.70it/s]
HPSAC test:  66%|██████▋   | 2832/4274 [01:51<00:54, 26.69it/s]
HPSAC test:  66%|██████▋   | 2836/4274 [01:51<00:52, 27.33it/s]
HPSAC test:  66%|██████▋   | 2839/4274 [01:51<00:54, 26.57it/s]
HPSAC test:  66%|██████▋   | 2842/4274 [01:51<00:56, 25.55it/s]
HPSAC test:  67%|██████▋   | 2845/4274 [01:51<00:55, 25.83it/s]
HPSAC test:  67%|██████▋   | 2849/4274 [01:51<00:53, 26.71it/s]
HPSAC test:  67%|██████▋   | 2853/4274 [01:51<00:52, 27.24it/s]
HPSAC test:  67%|██████▋   | 2856/4274 [01:52<00:54, 26.07it/s]
HPSAC test:  67%|██████▋   | 2859/4274 [01:52<00:53, 26.23it/s]
HPSAC test:  67%|██████▋   | 2863/4274 [01:52<00:50, 28.13it/s]
HPSAC test:  67%|██████▋   | 2866/4274 [01:52<00:52, 26.64it/s]
HPSAC test:  67%|██████▋   | 2869/4274 [01:52<00:52, 26.65it/s]
HPSAC test:  67%|██████▋   | 2872/4274 [01:52<00:52, 26.61it/s]
HPSAC test:  67%|██████▋   | 2875/4274 [01:52<00:52, 26.58it/s]
HPSAC test:  67%|██████▋   | 2878/4274 [01:52<00:54, 25.53it/s]
HPSAC test:  67%|██████▋   | 2881/4274 [01:53<00:56, 24.82it/s]
HPSAC test:  67%|██████▋   | 2884/4274 [01:53<00:54, 25.34it/s]
HPSAC test:  68%|██████▊   | 2887/4274 [01:53<00:54, 25.68it/s]
HPSAC test:  68%|██████▊   | 2890/4274 [01:53<00:55, 24.90it/s]
HPSAC test:  68%|██████▊   | 2893/4274 [01:53<00:54, 25.41it/s]
HPSAC test:  68%|██████▊   | 2896/4274 [01:53<00:53, 25.72it/s]
HPSAC test:  68%|██████▊   | 2899/4274 [01:53<00:55, 24.91it/s]
HPSAC test:  68%|██████▊   | 2902/4274 [01:53<00:54, 25.40it/s]
HPSAC test:  68%|██████▊   | 2905/4274 [01:53<00:53, 25.78it/s]
HPSAC test:  68%|██████▊   | 2908/4274 [01:54<00:52, 26.05it/s]
HPSAC test:  68%|██████▊   | 2911/4274 [01:54<00:52, 26.19it/s]
HPSAC test:  68%|██████▊   | 2914/4274 [01:54<00:53, 25.24it/s]
HPSAC test:  68%|██████▊   | 2917/4274 [01:54<00:55, 24.56it/s]
HPSAC test:  68%|██████▊   | 2920/4274 [01:54<00:53, 25.12it/s]
HPSAC test:  68%|██████▊   | 2923/4274 [01:54<00:55, 24.54it/s]
HPSAC test:  68%|██████▊   | 2926/4274 [01:54<00:55, 24.14it/s]
HPSAC test:  69%|██████▊   | 2929/4274 [01:54<00:54, 24.85it/s]
HPSAC test:  69%|██████▊   | 2933/4274 [01:55<00:51, 26.10it/s]
HPSAC test:  69%|██████▊   | 2936/4274 [01:55<00:50, 26.26it/s]
HPSAC test:  69%|██████▉   | 2939/4274 [01:55<00:50, 26.38it/s]
HPSAC test:  69%|██████▉   | 2942/4274 [01:55<00:52, 25.28it/s]
HPSAC test:  69%|██████▉   | 2945/4274 [01:55<00:53, 24.63it/s]
HPSAC test:  69%|██████▉   | 2949/4274 [01:55<00:51, 25.94it/s]
HPSAC test:  69%|██████▉   | 2952/4274 [01:55<00:51, 25.66it/s]
HPSAC test:  69%|██████▉   | 2955/4274 [01:55<00:52, 24.93it/s]
HPSAC test:  69%|██████▉   | 2958/4274 [01:56<00:51, 25.40it/s]
HPSAC test:  69%|██████▉   | 2961/4274 [01:56<00:53, 24.75it/s]
HPSAC test:  69%|██████▉   | 2964/4274 [01:56<00:53, 24.29it/s]
HPSAC test:  69%|██████▉   | 2967/4274 [01:56<00:52, 24.95it/s]
HPSAC test:  69%|██████▉   | 2970/4274 [01:56<00:53, 24.37it/s]
HPSAC test:  70%|██████▉   | 2973/4274 [01:56<00:54, 24.03it/s]
HPSAC test:  70%|██████▉   | 2976/4274 [01:56<00:52, 24.78it/s]
HPSAC test:  70%|██████▉   | 2979/4274 [01:56<00:51, 25.27it/s]
HPSAC test:  70%|██████▉   | 2983/4274 [01:57<00:48, 26.36it/s]
HPSAC test:  70%|██████▉   | 2986/4274 [01:57<00:50, 25.42it/s]
HPSAC test:  70%|██████▉   | 2990/4274 [01:57<00:46, 27.51it/s]
HPSAC test:  70%|███████   | 2993/4274 [01:57<00:46, 27.27it/s]
HPSAC test:  70%|███████   | 2996/4274 [01:57<00:49, 26.01it/s]
HPSAC test:  70%|███████   | 3000/4274 [01:57<00:47, 26.91it/s]
HPSAC test:  70%|███████   | 3003/4274 [01:57<00:47, 26.80it/s]
HPSAC test:  70%|███████   | 3006/4274 [01:57<00:49, 25.71it/s]
HPSAC test:  70%|███████   | 3010/4274 [01:58<00:47, 26.61it/s]
HPSAC test:  70%|███████   | 3013/4274 [01:58<00:47, 26.63it/s]
HPSAC test:  71%|███████   | 3016/4274 [01:58<00:47, 26.61it/s]
HPSAC test:  71%|███████   | 3019/4274 [01:58<00:47, 26.63it/s]
HPSAC test:  71%|███████   | 3022/4274 [01:58<00:49, 25.54it/s]
HPSAC test:  71%|███████   | 3025/4274 [01:58<00:48, 25.80it/s]
HPSAC test:  71%|███████   | 3028/4274 [01:58<00:49, 25.01it/s]
HPSAC test:  71%|███████   | 3031/4274 [01:58<00:50, 24.43it/s]
HPSAC test:  71%|███████   | 3034/4274 [01:59<00:49, 25.06it/s]
HPSAC test:  71%|███████   | 3037/4274 [01:59<00:48, 25.52it/s]
HPSAC test:  71%|███████   | 3040/4274 [01:59<00:49, 24.76it/s]
HPSAC test:  71%|███████   | 3043/4274 [01:59<00:48, 25.31it/s]
HPSAC test:  71%|███████▏  | 3046/4274 [01:59<00:49, 24.64it/s]
HPSAC test:  71%|███████▏  | 3049/4274 [01:59<00:48, 25.13it/s]
HPSAC test:  71%|███████▏  | 3053/4274 [01:59<00:46, 26.34it/s]
HPSAC test:  72%|███████▏  | 3057/4274 [01:59<00:43, 28.19it/s]
HPSAC test:  72%|███████▏  | 3060/4274 [01:59<00:45, 26.68it/s]
HPSAC test:  72%|███████▏  | 3063/4274 [02:00<00:45, 26.68it/s]
HPSAC test:  72%|███████▏  | 3066/4274 [02:00<00:45, 26.68it/s]
HPSAC test:  72%|███████▏  | 3069/4274 [02:00<00:45, 26.67it/s]
HPSAC test:  72%|███████▏  | 3072/4274 [02:00<00:45, 26.62it/s]
HPSAC test:  72%|███████▏  | 3075/4274 [02:00<00:45, 26.64it/s]
HPSAC test:  72%|███████▏  | 3078/4274 [02:00<00:44, 26.59it/s]
HPSAC test:  72%|███████▏  | 3081/4274 [02:00<00:44, 26.57it/s]
HPSAC test:  72%|███████▏  | 3084/4274 [02:00<00:46, 25.50it/s]
HPSAC test:  72%|███████▏  | 3087/4274 [02:01<00:47, 24.79it/s]
HPSAC test:  72%|███████▏  | 3090/4274 [02:01<00:46, 25.32it/s]
HPSAC test:  72%|███████▏  | 3093/4274 [02:01<00:45, 25.72it/s]
HPSAC test:  72%|███████▏  | 3097/4274 [02:01<00:44, 26.75it/s]
HPSAC test:  73%|███████▎  | 3100/4274 [02:01<00:43, 26.73it/s]
HPSAC test:  73%|███████▎  | 3103/4274 [02:01<00:45, 25.59it/s]
HPSAC test:  73%|███████▎  | 3106/4274 [02:01<00:46, 24.86it/s]
HPSAC test:  73%|███████▎  | 3109/4274 [02:01<00:46, 25.31it/s]
HPSAC test:  73%|███████▎  | 3112/4274 [02:02<00:45, 25.69it/s]
HPSAC test:  73%|███████▎  | 3115/4274 [02:02<00:44, 25.97it/s]
HPSAC test:  73%|███████▎  | 3118/4274 [02:02<00:46, 25.11it/s]
HPSAC test:  73%|███████▎  | 3121/4274 [02:02<00:47, 24.48it/s]
HPSAC test:  73%|███████▎  | 3124/4274 [02:02<00:47, 24.09it/s]
HPSAC test:  73%|███████▎  | 3128/4274 [02:02<00:44, 25.55it/s]
HPSAC test:  73%|███████▎  | 3131/4274 [02:02<00:46, 24.81it/s]
HPSAC test:  73%|███████▎  | 3134/4274 [02:02<00:45, 25.32it/s]
HPSAC test:  73%|███████▎  | 3137/4274 [02:03<00:44, 25.71it/s]
HPSAC test:  73%|███████▎  | 3140/4274 [02:03<00:45, 24.94it/s]
HPSAC test:  74%|███████▎  | 3143/4274 [02:03<00:46, 24.42it/s]
HPSAC test:  74%|███████▎  | 3147/4274 [02:03<00:43, 25.78it/s]
HPSAC test:  74%|███████▎  | 3150/4274 [02:03<00:43, 26.02it/s]
HPSAC test:  74%|███████▍  | 3154/4274 [02:03<00:41, 26.91it/s]
HPSAC test:  74%|███████▍  | 3157/4274 [02:03<00:43, 25.76it/s]
HPSAC test:  74%|███████▍  | 3160/4274 [02:03<00:42, 26.01it/s]
HPSAC test:  74%|███████▍  | 3164/4274 [02:04<00:41, 26.90it/s]
HPSAC test:  74%|███████▍  | 3167/4274 [02:04<00:41, 26.84it/s]
HPSAC test:  74%|███████▍  | 3170/4274 [02:04<00:42, 25.74it/s]
HPSAC test:  74%|███████▍  | 3173/4274 [02:04<00:42, 26.01it/s]
HPSAC test:  74%|███████▍  | 3176/4274 [02:04<00:43, 25.16it/s]
HPSAC test:  74%|███████▍  | 3179/4274 [02:04<00:42, 25.58it/s]
HPSAC test:  74%|███████▍  | 3182/4274 [02:04<00:42, 25.89it/s]
HPSAC test:  75%|███████▍  | 3185/4274 [02:04<00:43, 25.01it/s]
HPSAC test:  75%|███████▍  | 3188/4274 [02:04<00:44, 24.46it/s]
HPSAC test:  75%|███████▍  | 3191/4274 [02:05<00:43, 25.04it/s]
HPSAC test:  75%|███████▍  | 3195/4274 [02:05<00:41, 26.28it/s]
HPSAC test:  75%|███████▍  | 3198/4274 [02:05<00:40, 26.39it/s]
HPSAC test:  75%|███████▍  | 3201/4274 [02:05<00:40, 26.48it/s]
HPSAC test:  75%|███████▍  | 3204/4274 [02:05<00:40, 26.48it/s]
HPSAC test:  75%|███████▌  | 3207/4274 [02:05<00:41, 25.43it/s]
HPSAC test:  75%|███████▌  | 3210/4274 [02:05<00:41, 25.70it/s]
HPSAC test:  75%|███████▌  | 3213/4274 [02:05<00:42, 24.86it/s]
HPSAC test:  75%|███████▌  | 3216/4274 [02:06<00:43, 24.28it/s]
HPSAC test:  75%|███████▌  | 3219/4274 [02:06<00:44, 23.97it/s]
HPSAC test:  75%|███████▌  | 3222/4274 [02:06<00:44, 23.76it/s]
HPSAC test:  75%|███████▌  | 3225/4274 [02:06<00:44, 23.58it/s]
HPSAC test:  76%|███████▌  | 3228/4274 [02:06<00:42, 24.39it/s]
HPSAC test:  76%|███████▌  | 3231/4274 [02:06<00:41, 25.00it/s]
HPSAC test:  76%|███████▌  | 3234/4274 [02:06<00:40, 25.48it/s]
HPSAC test:  76%|███████▌  | 3238/4274 [02:06<00:37, 27.64it/s]
HPSAC test:  76%|███████▌  | 3241/4274 [02:07<00:37, 27.35it/s]
HPSAC test:  76%|███████▌  | 3244/4274 [02:07<00:39, 26.05it/s]
HPSAC test:  76%|███████▌  | 3247/4274 [02:07<00:40, 25.19it/s]
HPSAC test:  76%|███████▌  | 3250/4274 [02:07<00:39, 25.60it/s]
HPSAC test:  76%|███████▌  | 3253/4274 [02:07<00:39, 25.86it/s]
HPSAC test:  76%|███████▌  | 3256/4274 [02:07<00:40, 25.03it/s]
HPSAC test:  76%|███████▋  | 3259/4274 [02:07<00:41, 24.45it/s]
HPSAC test:  76%|███████▋  | 3262/4274 [02:07<00:40, 25.05it/s]
HPSAC test:  76%|███████▋  | 3265/4274 [02:08<00:41, 24.46it/s]
HPSAC test:  76%|███████▋  | 3268/4274 [02:08<00:41, 24.07it/s]
HPSAC test:  77%|███████▋  | 3271/4274 [02:08<00:40, 24.75it/s]
HPSAC test:  77%|███████▋  | 3274/4274 [02:08<00:39, 25.26it/s]
HPSAC test:  77%|███████▋  | 3277/4274 [02:08<00:40, 24.63it/s]
HPSAC test:  77%|███████▋  | 3280/4274 [02:08<00:39, 25.12it/s]
HPSAC test:  77%|███████▋  | 3283/4274 [02:08<00:38, 25.57it/s]
HPSAC test:  77%|███████▋  | 3286/4274 [02:08<00:38, 25.89it/s]
HPSAC test:  77%|███████▋  | 3290/4274 [02:09<00:36, 26.86it/s]
HPSAC test:  77%|███████▋  | 3293/4274 [02:09<00:38, 25.75it/s]
HPSAC test:  77%|███████▋  | 3296/4274 [02:09<00:39, 24.98it/s]
HPSAC test:  77%|███████▋  | 3300/4274 [02:09<00:35, 27.23it/s]
HPSAC test:  77%|███████▋  | 3303/4274 [02:09<00:36, 26.57it/s]
HPSAC test:  77%|███████▋  | 3307/4274 [02:09<00:35, 27.29it/s]
HPSAC test:  77%|███████▋  | 3310/4274 [02:09<00:36, 26.09it/s]
HPSAC test:  78%|███████▊  | 3314/4274 [02:09<00:35, 26.94it/s]
HPSAC test:  78%|███████▊  | 3317/4274 [02:10<00:37, 25.78it/s]
HPSAC test:  78%|███████▊  | 3321/4274 [02:10<00:34, 27.68it/s]
HPSAC test:  78%|███████▊  | 3324/4274 [02:10<00:36, 26.35it/s]
HPSAC test:  78%|███████▊  | 3327/4274 [02:10<00:35, 26.44it/s]
HPSAC test:  78%|███████▊  | 3330/4274 [02:10<00:37, 25.46it/s]
HPSAC test:  78%|███████▊  | 3333/4274 [02:10<00:37, 24.79it/s]
HPSAC test:  78%|███████▊  | 3337/4274 [02:10<00:36, 26.02it/s]
HPSAC test:  78%|███████▊  | 3340/4274 [02:10<00:37, 25.20it/s]
HPSAC test:  78%|███████▊  | 3343/4274 [02:11<00:36, 25.53it/s]
HPSAC test:  78%|███████▊  | 3346/4274 [02:11<00:37, 24.84it/s]
HPSAC test:  78%|███████▊  | 3349/4274 [02:11<00:36, 25.35it/s]
HPSAC test:  78%|███████▊  | 3353/4274 [02:11<00:33, 27.53it/s]
HPSAC test:  79%|███████▊  | 3357/4274 [02:11<00:32, 27.95it/s]
HPSAC test:  79%|███████▊  | 3360/4274 [02:11<00:34, 26.49it/s]
HPSAC test:  79%|███████▊  | 3363/4274 [02:11<00:34, 26.55it/s]
HPSAC test:  79%|███████▉  | 3366/4274 [02:11<00:34, 26.58it/s]
HPSAC test:  79%|███████▉  | 3369/4274 [02:12<00:35, 25.48it/s]
HPSAC test:  79%|███████▉  | 3372/4274 [02:12<00:36, 24.79it/s]
HPSAC test:  79%|███████▉  | 3375/4274 [02:12<00:37, 24.27it/s]
HPSAC test:  79%|███████▉  | 3378/4274 [02:12<00:35, 24.94it/s]
HPSAC test:  79%|███████▉  | 3381/4274 [02:12<00:36, 24.41it/s]
HPSAC test:  79%|███████▉  | 3384/4274 [02:12<00:35, 25.04it/s]
HPSAC test:  79%|███████▉  | 3387/4274 [02:12<00:34, 25.43it/s]
HPSAC test:  79%|███████▉  | 3390/4274 [02:12<00:35, 24.74it/s]
HPSAC test:  79%|███████▉  | 3394/4274 [02:13<00:33, 26.06it/s]
HPSAC test:  79%|███████▉  | 3397/4274 [02:13<00:34, 25.17it/s]
HPSAC test:  80%|███████▉  | 3400/4274 [02:13<00:34, 25.58it/s]
HPSAC test:  80%|███████▉  | 3403/4274 [02:13<00:35, 24.87it/s]
HPSAC test:  80%|███████▉  | 3406/4274 [02:13<00:34, 25.37it/s]
HPSAC test:  80%|███████▉  | 3409/4274 [02:13<00:35, 24.67it/s]
HPSAC test:  80%|███████▉  | 3412/4274 [02:13<00:35, 24.24it/s]
HPSAC test:  80%|███████▉  | 3415/4274 [02:13<00:35, 23.91it/s]
HPSAC test:  80%|███████▉  | 3418/4274 [02:14<00:36, 23.69it/s]
HPSAC test:  80%|████████  | 3421/4274 [02:14<00:36, 23.49it/s]
HPSAC test:  80%|████████  | 3424/4274 [02:14<00:34, 24.35it/s]
HPSAC test:  80%|████████  | 3427/4274 [02:14<00:35, 23.98it/s]
HPSAC test:  80%|████████  | 3430/4274 [02:14<00:35, 23.75it/s]
HPSAC test:  80%|████████  | 3433/4274 [02:14<00:34, 24.56it/s]
HPSAC test:  80%|████████  | 3436/4274 [02:14<00:33, 25.16it/s]
HPSAC test:  80%|████████  | 3439/4274 [02:14<00:32, 25.58it/s]
HPSAC test:  81%|████████  | 3442/4274 [02:14<00:33, 24.84it/s]
HPSAC test:  81%|████████  | 3445/4274 [02:15<00:34, 24.31it/s]
HPSAC test:  81%|████████  | 3449/4274 [02:15<00:32, 25.73it/s]
HPSAC test:  81%|████████  | 3452/4274 [02:15<00:31, 25.94it/s]
HPSAC test:  81%|████████  | 3456/4274 [02:15<00:30, 26.87it/s]
HPSAC test:  81%|████████  | 3460/4274 [02:15<00:28, 28.56it/s]
HPSAC test:  81%|████████  | 3463/4274 [02:15<00:30, 26.96it/s]
HPSAC test:  81%|████████  | 3466/4274 [02:15<00:31, 25.84it/s]
HPSAC test:  81%|████████  | 3469/4274 [02:16<00:30, 26.07it/s]
HPSAC test:  81%|████████  | 3472/4274 [02:16<00:31, 25.12it/s]
HPSAC test:  81%|████████▏ | 3475/4274 [02:16<00:31, 25.49it/s]
HPSAC test:  81%|████████▏ | 3478/4274 [02:16<00:32, 24.80it/s]
HPSAC test:  81%|████████▏ | 3481/4274 [02:16<00:32, 24.27it/s]
HPSAC test:  82%|████████▏ | 3484/4274 [02:16<00:31, 24.87it/s]
HPSAC test:  82%|████████▏ | 3488/4274 [02:16<00:30, 26.10it/s]
HPSAC test:  82%|████████▏ | 3491/4274 [02:16<00:31, 25.26it/s]
HPSAC test:  82%|████████▏ | 3494/4274 [02:17<00:30, 25.62it/s]
HPSAC test:  82%|████████▏ | 3497/4274 [02:17<00:31, 24.89it/s]
HPSAC test:  82%|████████▏ | 3500/4274 [02:17<00:31, 24.31it/s]
HPSAC test:  82%|████████▏ | 3503/4274 [02:17<00:31, 24.49it/s]
HPSAC test:  82%|████████▏ | 3506/4274 [02:17<00:31, 24.12it/s]
HPSAC test:  82%|████████▏ | 3509/4274 [02:17<00:32, 23.86it/s]
HPSAC test:  82%|████████▏ | 3512/4274 [02:17<00:30, 24.58it/s]
HPSAC test:  82%|████████▏ | 3515/4274 [02:17<00:31, 24.17it/s]
HPSAC test:  82%|████████▏ | 3518/4274 [02:18<00:31, 23.90it/s]
HPSAC test:  82%|████████▏ | 3521/4274 [02:18<00:31, 23.71it/s]
HPSAC test:  82%|████████▏ | 3524/4274 [02:18<00:31, 24.02it/s]
HPSAC test:  83%|████████▎ | 3527/4274 [02:18<00:31, 23.74it/s]
HPSAC test:  83%|████████▎ | 3530/4274 [02:18<00:30, 24.55it/s]
HPSAC test:  83%|████████▎ | 3533/4274 [02:18<00:29, 25.12it/s]
HPSAC test:  83%|████████▎ | 3536/4274 [02:18<00:30, 24.53it/s]
HPSAC test:  83%|████████▎ | 3539/4274 [02:18<00:29, 25.14it/s]
HPSAC test:  83%|████████▎ | 3542/4274 [02:18<00:29, 24.56it/s]
HPSAC test:  83%|████████▎ | 3545/4274 [02:19<00:30, 24.16it/s]
HPSAC test:  83%|████████▎ | 3548/4274 [02:19<00:29, 24.39it/s]
HPSAC test:  83%|████████▎ | 3551/4274 [02:19<00:28, 25.00it/s]
HPSAC test:  83%|████████▎ | 3554/4274 [02:19<00:29, 24.42it/s]
HPSAC test:  83%|████████▎ | 3557/4274 [02:19<00:28, 25.06it/s]
HPSAC test:  83%|████████▎ | 3560/4274 [02:19<00:29, 24.47it/s]
HPSAC test:  83%|████████▎ | 3563/4274 [02:19<00:28, 25.04it/s]
HPSAC test:  83%|████████▎ | 3566/4274 [02:19<00:27, 25.51it/s]
HPSAC test:  84%|████████▎ | 3569/4274 [02:20<00:27, 25.77it/s]
HPSAC test:  84%|████████▎ | 3572/4274 [02:20<00:26, 26.04it/s]
HPSAC test:  84%|████████▎ | 3575/4274 [02:20<00:26, 26.16it/s]
HPSAC test:  84%|████████▎ | 3578/4274 [02:20<00:27, 25.14it/s]
HPSAC test:  84%|████████▍ | 3581/4274 [02:20<00:28, 24.55it/s]
HPSAC test:  84%|████████▍ | 3584/4274 [02:20<00:27, 25.15it/s]
HPSAC test:  84%|████████▍ | 3587/4274 [02:20<00:27, 24.56it/s]
HPSAC test:  84%|████████▍ | 3590/4274 [02:20<00:28, 24.16it/s]
HPSAC test:  84%|████████▍ | 3593/4274 [02:21<00:27, 24.87it/s]
HPSAC test:  84%|████████▍ | 3597/4274 [02:21<00:25, 26.16it/s]
HPSAC test:  84%|████████▍ | 3600/4274 [02:21<00:26, 25.28it/s]
HPSAC test:  84%|████████▍ | 3603/4274 [02:21<00:26, 25.57it/s]
HPSAC test:  84%|████████▍ | 3606/4274 [02:21<00:25, 25.89it/s]
HPSAC test:  84%|████████▍ | 3609/4274 [02:21<00:26, 25.07it/s]
HPSAC test:  85%|████████▍ | 3612/4274 [02:21<00:25, 25.52it/s]
HPSAC test:  85%|████████▍ | 3615/4274 [02:21<00:25, 25.80it/s]
HPSAC test:  85%|████████▍ | 3618/4274 [02:22<00:26, 24.99it/s]
HPSAC test:  85%|████████▍ | 3621/4274 [02:22<00:26, 24.45it/s]
HPSAC test:  85%|████████▍ | 3624/4274 [02:22<00:26, 24.08it/s]
HPSAC test:  85%|████████▍ | 3627/4274 [02:22<00:27, 23.78it/s]
HPSAC test:  85%|████████▍ | 3630/4274 [02:22<00:27, 23.62it/s]
HPSAC test:  85%|████████▌ | 3633/4274 [02:22<00:26, 24.45it/s]
HPSAC test:  85%|████████▌ | 3636/4274 [02:22<00:25, 25.08it/s]
HPSAC test:  85%|████████▌ | 3639/4274 [02:22<00:25, 24.44it/s]
HPSAC test:  85%|████████▌ | 3642/4274 [02:22<00:25, 25.03it/s]
HPSAC test:  85%|████████▌ | 3645/4274 [02:23<00:25, 24.45it/s]
HPSAC test:  85%|████████▌ | 3648/4274 [02:23<00:25, 24.08it/s]
HPSAC test:  85%|████████▌ | 3651/4274 [02:23<00:25, 24.81it/s]
HPSAC test:  85%|████████▌ | 3654/4274 [02:23<00:25, 24.32it/s]
HPSAC test:  86%|████████▌ | 3657/4274 [02:23<00:25, 23.99it/s]
HPSAC test:  86%|████████▌ | 3660/4274 [02:23<00:25, 23.73it/s]
HPSAC test:  86%|████████▌ | 3663/4274 [02:23<00:25, 23.60it/s]
HPSAC test:  86%|████████▌ | 3666/4274 [02:24<00:25, 23.51it/s]
HPSAC test:  86%|████████▌ | 3669/4274 [02:24<00:25, 23.45it/s]
HPSAC test:  86%|████████▌ | 3673/4274 [02:24<00:23, 25.14it/s]
HPSAC test:  86%|████████▌ | 3676/4274 [02:24<00:23, 25.54it/s]
HPSAC test:  86%|████████▌ | 3679/4274 [02:24<00:23, 25.81it/s]
HPSAC test:  86%|████████▌ | 3683/4274 [02:24<00:21, 27.81it/s]
HPSAC test:  86%|████████▌ | 3686/4274 [02:24<00:22, 26.41it/s]
HPSAC test:  86%|████████▋ | 3689/4274 [02:24<00:23, 25.43it/s]
HPSAC test:  86%|████████▋ | 3692/4274 [02:24<00:22, 25.77it/s]
HPSAC test:  86%|████████▋ | 3695/4274 [02:25<00:22, 26.03it/s]
HPSAC test:  87%|████████▋ | 3698/4274 [02:25<00:22, 25.16it/s]
HPSAC test:  87%|████████▋ | 3701/4274 [02:25<00:22, 25.59it/s]
HPSAC test:  87%|████████▋ | 3704/4274 [02:25<00:22, 25.85it/s]
HPSAC test:  87%|████████▋ | 3707/4274 [02:25<00:21, 26.04it/s]
HPSAC test:  87%|████████▋ | 3710/4274 [02:25<00:22, 25.14it/s]
HPSAC test:  87%|████████▋ | 3713/4274 [02:25<00:21, 25.58it/s]
HPSAC test:  87%|████████▋ | 3716/4274 [02:25<00:21, 25.89it/s]
HPSAC test:  87%|████████▋ | 3719/4274 [02:26<00:21, 26.12it/s]
HPSAC test:  87%|████████▋ | 3722/4274 [02:26<00:21, 25.16it/s]
HPSAC test:  87%|████████▋ | 3725/4274 [02:26<00:22, 24.55it/s]
HPSAC test:  87%|████████▋ | 3728/4274 [02:26<00:22, 24.11it/s]
HPSAC test:  87%|████████▋ | 3731/4274 [02:26<00:21, 24.77it/s]
HPSAC test:  87%|████████▋ | 3734/4274 [02:26<00:22, 24.27it/s]
HPSAC test:  87%|████████▋ | 3737/4274 [02:26<00:21, 24.94it/s]
HPSAC test:  88%|████████▊ | 3740/4274 [02:26<00:21, 24.42it/s]
HPSAC test:  88%|████████▊ | 3743/4274 [02:27<00:21, 25.05it/s]
HPSAC test:  88%|████████▊ | 3747/4274 [02:27<00:18, 28.53it/s]
HPSAC test:  88%|████████▊ | 3750/4274 [02:27<00:18, 27.95it/s]
HPSAC test:  88%|████████▊ | 3753/4274 [02:27<00:18, 27.58it/s]
HPSAC test:  88%|████████▊ | 3756/4274 [02:27<00:18, 27.31it/s]
HPSAC test:  88%|████████▊ | 3759/4274 [02:27<00:18, 27.12it/s]
HPSAC test:  88%|████████▊ | 3762/4274 [02:27<00:19, 26.33it/s]
HPSAC test:  88%|████████▊ | 3766/4274 [02:27<00:18, 27.07it/s]
HPSAC test:  88%|████████▊ | 3770/4274 [02:27<00:18, 27.58it/s]
HPSAC test:  88%|████████▊ | 3773/4274 [02:28<00:18, 27.28it/s]
HPSAC test:  88%|████████▊ | 3776/4274 [02:28<00:19, 26.05it/s]
HPSAC test:  88%|████████▊ | 3779/4274 [02:28<00:18, 26.22it/s]
HPSAC test:  88%|████████▊ | 3782/4274 [02:28<00:19, 25.79it/s]
HPSAC test:  89%|████████▊ | 3785/4274 [02:28<00:18, 25.92it/s]
HPSAC test:  89%|████████▊ | 3788/4274 [02:28<00:19, 25.07it/s]
HPSAC test:  89%|████████▊ | 3792/4274 [02:28<00:18, 26.29it/s]
HPSAC test:  89%|████████▉ | 3795/4274 [02:28<00:18, 25.37it/s]
HPSAC test:  89%|████████▉ | 3798/4274 [02:29<00:19, 24.74it/s]
HPSAC test:  89%|████████▉ | 3801/4274 [02:29<00:18, 25.23it/s]
HPSAC test:  89%|████████▉ | 3804/4274 [02:29<00:19, 24.59it/s]
HPSAC test:  89%|████████▉ | 3807/4274 [02:29<00:19, 24.15it/s]
HPSAC test:  89%|████████▉ | 3810/4274 [02:29<00:19, 23.89it/s]
HPSAC test:  89%|████████▉ | 3813/4274 [02:29<00:19, 24.16it/s]
HPSAC test:  89%|████████▉ | 3816/4274 [02:29<00:18, 24.86it/s]
HPSAC test:  89%|████████▉ | 3819/4274 [02:29<00:17, 25.32it/s]
HPSAC test:  89%|████████▉ | 3822/4274 [02:30<00:18, 24.68it/s]
HPSAC test:  89%|████████▉ | 3825/4274 [02:30<00:18, 24.20it/s]
HPSAC test:  90%|████████▉ | 3828/4274 [02:30<00:18, 23.92it/s]
HPSAC test:  90%|████████▉ | 3831/4274 [02:30<00:18, 23.68it/s]
HPSAC test:  90%|████████▉ | 3835/4274 [02:30<00:16, 26.30it/s]
HPSAC test:  90%|████████▉ | 3838/4274 [02:30<00:16, 26.36it/s]
HPSAC test:  90%|████████▉ | 3841/4274 [02:30<00:16, 26.40it/s]
HPSAC test:  90%|████████▉ | 3844/4274 [02:30<00:16, 26.48it/s]
HPSAC test:  90%|█████████ | 3847/4274 [02:31<00:16, 25.46it/s]
HPSAC test:  90%|█████████ | 3850/4274 [02:31<00:17, 24.77it/s]
HPSAC test:  90%|█████████ | 3853/4274 [02:31<00:17, 24.32it/s]
HPSAC test:  90%|█████████ | 3857/4274 [02:31<00:16, 25.68it/s]
HPSAC test:  90%|█████████ | 3860/4274 [02:31<00:15, 25.95it/s]
HPSAC test:  90%|█████████ | 3863/4274 [02:31<00:15, 26.15it/s]
HPSAC test:  90%|█████████ | 3867/4274 [02:31<00:15, 27.00it/s]
HPSAC test:  91%|█████████ | 3870/4274 [02:31<00:15, 26.90it/s]
HPSAC test:  91%|█████████ | 3873/4274 [02:32<00:14, 26.79it/s]
HPSAC test:  91%|█████████ | 3876/4274 [02:32<00:15, 25.67it/s]
HPSAC test:  91%|█████████ | 3879/4274 [02:32<00:15, 25.87it/s]
HPSAC test:  91%|█████████ | 3882/4274 [02:32<00:15, 26.10it/s]
HPSAC test:  91%|█████████ | 3885/4274 [02:32<00:15, 25.18it/s]
HPSAC test:  91%|█████████ | 3888/4274 [02:32<00:15, 24.53it/s]
HPSAC test:  91%|█████████ | 3891/4274 [02:32<00:15, 25.02it/s]
HPSAC test:  91%|█████████ | 3894/4274 [02:32<00:14, 25.45it/s]
HPSAC test:  91%|█████████ | 3897/4274 [02:33<00:15, 24.77it/s]
HPSAC test:  91%|█████████ | 3900/4274 [02:33<00:15, 24.27it/s]
HPSAC test:  91%|█████████▏| 3903/4274 [02:33<00:15, 23.94it/s]
HPSAC test:  91%|█████████▏| 3906/4274 [02:33<00:15, 23.73it/s]
HPSAC test:  91%|█████████▏| 3909/4274 [02:33<00:15, 23.59it/s]
HPSAC test:  92%|█████████▏| 3912/4274 [02:33<00:14, 24.39it/s]
HPSAC test:  92%|█████████▏| 3916/4274 [02:33<00:13, 26.81it/s]
HPSAC test:  92%|█████████▏| 3920/4274 [02:33<00:12, 27.40it/s]
HPSAC test:  92%|█████████▏| 3923/4274 [02:34<00:13, 26.16it/s]
HPSAC test:  92%|█████████▏| 3927/4274 [02:34<00:12, 28.05it/s]
HPSAC test:  92%|█████████▏| 3930/4274 [02:34<00:12, 27.63it/s]
HPSAC test:  92%|█████████▏| 3933/4274 [02:34<00:12, 27.29it/s]
HPSAC test:  92%|█████████▏| 3936/4274 [02:34<00:12, 26.54it/s]
HPSAC test:  92%|█████████▏| 3939/4274 [02:34<00:13, 25.51it/s]
HPSAC test:  92%|█████████▏| 3942/4274 [02:34<00:13, 24.79it/s]
HPSAC test:  92%|█████████▏| 3945/4274 [02:34<00:13, 24.26it/s]
HPSAC test:  92%|█████████▏| 3948/4274 [02:35<00:13, 24.84it/s]
HPSAC test:  92%|█████████▏| 3951/4274 [02:35<00:13, 24.36it/s]
HPSAC test:  93%|█████████▎| 3954/4274 [02:35<00:13, 24.03it/s]
HPSAC test:  93%|█████████▎| 3957/4274 [02:35<00:12, 24.77it/s]
HPSAC test:  93%|█████████▎| 3961/4274 [02:35<00:11, 27.10it/s]
HPSAC test:  93%|█████████▎| 3964/4274 [02:35<00:11, 25.87it/s]
HPSAC test:  93%|█████████▎| 3967/4274 [02:35<00:12, 25.08it/s]
HPSAC test:  93%|█████████▎| 3970/4274 [02:35<00:12, 24.51it/s]
HPSAC test:  93%|█████████▎| 3973/4274 [02:36<00:12, 25.05it/s]
HPSAC test:  93%|█████████▎| 3976/4274 [02:36<00:12, 24.50it/s]
HPSAC test:  93%|█████████▎| 3979/4274 [02:36<00:11, 25.06it/s]
HPSAC test:  93%|█████████▎| 3982/4274 [02:36<00:11, 24.50it/s]
HPSAC test:  93%|█████████▎| 3986/4274 [02:36<00:11, 25.89it/s]
HPSAC test:  93%|█████████▎| 3989/4274 [02:36<00:11, 25.02it/s]
HPSAC test:  93%|█████████▎| 3992/4274 [02:36<00:11, 24.46it/s]
HPSAC test:  93%|█████████▎| 3995/4274 [02:36<00:11, 24.10it/s]
HPSAC test:  94%|█████████▎| 3998/4274 [02:37<00:11, 24.76it/s]
HPSAC test:  94%|█████████▎| 4001/4274 [02:37<00:11, 24.31it/s]
HPSAC test:  94%|█████████▎| 4004/4274 [02:37<00:11, 23.95it/s]
HPSAC test:  94%|█████████▍| 4007/4274 [02:37<00:10, 24.70it/s]
HPSAC test:  94%|█████████▍| 4010/4274 [02:37<00:10, 24.23it/s]
HPSAC test:  94%|█████████▍| 4013/4274 [02:37<00:10, 24.86it/s]
HPSAC test:  94%|█████████▍| 4016/4274 [02:37<00:10, 24.86it/s]
HPSAC test:  94%|█████████▍| 4019/4274 [02:37<00:10, 24.37it/s]
HPSAC test:  94%|█████████▍| 4022/4274 [02:37<00:10, 24.99it/s]
HPSAC test:  94%|█████████▍| 4026/4274 [02:38<00:09, 26.25it/s]
HPSAC test:  94%|█████████▍| 4030/4274 [02:38<00:09, 26.98it/s]
HPSAC test:  94%|█████████▍| 4033/4274 [02:38<00:09, 25.87it/s]
HPSAC test:  94%|█████████▍| 4036/4274 [02:38<00:09, 25.09it/s]
HPSAC test:  95%|█████████▍| 4039/4274 [02:38<00:09, 25.47it/s]
HPSAC test:  95%|█████████▍| 4042/4274 [02:38<00:09, 24.80it/s]
HPSAC test:  95%|█████████▍| 4046/4274 [02:38<00:08, 26.06it/s]
HPSAC test:  95%|█████████▍| 4049/4274 [02:39<00:08, 25.16it/s]
HPSAC test:  95%|█████████▍| 4052/4274 [02:39<00:09, 24.59it/s]
HPSAC test:  95%|█████████▍| 4055/4274 [02:39<00:08, 25.15it/s]
HPSAC test:  95%|█████████▍| 4058/4274 [02:39<00:08, 25.58it/s]
HPSAC test:  95%|█████████▌| 4061/4274 [02:39<00:08, 24.87it/s]
HPSAC test:  95%|█████████▌| 4064/4274 [02:39<00:08, 25.37it/s]
HPSAC test:  95%|█████████▌| 4067/4274 [02:39<00:08, 25.70it/s]
HPSAC test:  95%|█████████▌| 4070/4274 [02:39<00:08, 24.93it/s]
HPSAC test:  95%|█████████▌| 4073/4274 [02:39<00:08, 24.93it/s]
HPSAC test:  95%|█████████▌| 4076/4274 [02:40<00:07, 25.38it/s]
HPSAC test:  95%|█████████▌| 4079/4274 [02:40<00:07, 25.71it/s]
HPSAC test:  96%|█████████▌| 4082/4274 [02:40<00:07, 24.82it/s]
HPSAC test:  96%|█████████▌| 4085/4274 [02:40<00:07, 25.35it/s]
HPSAC test:  96%|█████████▌| 4088/4274 [02:40<00:07, 25.73it/s]
HPSAC test:  96%|█████████▌| 4091/4274 [02:40<00:07, 24.93it/s]
HPSAC test:  96%|█████████▌| 4094/4274 [02:40<00:07, 25.43it/s]
HPSAC test:  96%|█████████▌| 4097/4274 [02:40<00:07, 24.70it/s]
HPSAC test:  96%|█████████▌| 4101/4274 [02:41<00:06, 27.02it/s]
HPSAC test:  96%|█████████▌| 4105/4274 [02:41<00:06, 27.56it/s]
HPSAC test:  96%|█████████▌| 4108/4274 [02:41<00:06, 26.23it/s]
HPSAC test:  96%|█████████▌| 4112/4274 [02:41<00:05, 28.09it/s]
HPSAC test:  96%|█████████▋| 4115/4274 [02:41<00:05, 26.62it/s]
HPSAC test:  96%|█████████▋| 4118/4274 [02:41<00:06, 25.62it/s]
HPSAC test:  96%|█████████▋| 4121/4274 [02:41<00:06, 24.92it/s]
HPSAC test:  96%|█████████▋| 4124/4274 [02:41<00:06, 24.43it/s]
HPSAC test:  97%|█████████▋| 4127/4274 [02:42<00:05, 24.96it/s]
HPSAC test:  97%|█████████▋| 4131/4274 [02:42<00:05, 27.23it/s]
HPSAC test:  97%|█████████▋| 4134/4274 [02:42<00:05, 27.02it/s]
HPSAC test:  97%|█████████▋| 4138/4274 [02:42<00:04, 28.68it/s]
HPSAC test:  97%|█████████▋| 4141/4274 [02:42<00:04, 26.94it/s]
HPSAC test:  97%|█████████▋| 4144/4274 [02:42<00:05, 25.81it/s]
HPSAC test:  97%|█████████▋| 4147/4274 [02:42<00:05, 25.03it/s]
HPSAC test:  97%|█████████▋| 4150/4274 [02:42<00:04, 25.48it/s]
HPSAC test:  97%|█████████▋| 4153/4274 [02:43<00:04, 24.79it/s]
HPSAC test:  97%|█████████▋| 4156/4274 [02:43<00:04, 25.30it/s]
HPSAC test:  97%|█████████▋| 4159/4274 [02:43<00:04, 25.69it/s]
HPSAC test:  97%|█████████▋| 4162/4274 [02:43<00:04, 24.92it/s]
HPSAC test:  97%|█████████▋| 4165/4274 [02:43<00:04, 24.41it/s]
HPSAC test:  98%|█████████▊| 4169/4274 [02:43<00:03, 26.86it/s]
HPSAC test:  98%|█████████▊| 4172/4274 [02:43<00:03, 25.75it/s]
HPSAC test:  98%|█████████▊| 4175/4274 [02:43<00:03, 24.95it/s]
HPSAC test:  98%|█████████▊| 4178/4274 [02:44<00:03, 25.34it/s]
HPSAC test:  98%|█████████▊| 4181/4274 [02:44<00:03, 24.64it/s]
HPSAC test:  98%|█████████▊| 4184/4274 [02:44<00:03, 25.20it/s]
HPSAC test:  98%|█████████▊| 4187/4274 [02:44<00:03, 24.59it/s]
HPSAC test:  98%|█████████▊| 4190/4274 [02:44<00:03, 24.18it/s]
HPSAC test:  98%|█████████▊| 4193/4274 [02:44<00:03, 23.90it/s]
HPSAC test:  98%|█████████▊| 4196/4274 [02:44<00:03, 24.67it/s]
HPSAC test:  98%|█████████▊| 4199/4274 [02:44<00:03, 24.24it/s]
HPSAC test:  98%|█████████▊| 4202/4274 [02:45<00:03, 23.93it/s]
HPSAC test:  98%|█████████▊| 4205/4274 [02:45<00:02, 24.64it/s]
HPSAC test:  98%|█████████▊| 4208/4274 [02:45<00:02, 24.12it/s]
HPSAC test:  99%|█████████▊| 4212/4274 [02:45<00:02, 26.60it/s]
HPSAC test:  99%|█████████▊| 4215/4274 [02:45<00:02, 26.62it/s]
HPSAC test:  99%|█████████▊| 4218/4274 [02:45<00:02, 25.50it/s]
HPSAC test:  99%|█████████▉| 4221/4274 [02:45<00:02, 24.81it/s]
HPSAC test:  99%|█████████▉| 4224/4274 [02:45<00:02, 24.30it/s]
HPSAC test:  99%|█████████▉| 4227/4274 [02:46<00:01, 24.95it/s]
HPSAC test:  99%|█████████▉| 4230/4274 [02:46<00:01, 24.43it/s]
HPSAC test:  99%|█████████▉| 4233/4274 [02:46<00:01, 25.04it/s]
HPSAC test:  99%|█████████▉| 4236/4274 [02:46<00:01, 24.49it/s]
HPSAC test:  99%|█████████▉| 4239/4274 [02:46<00:01, 25.10it/s]
HPSAC test:  99%|█████████▉| 4242/4274 [02:46<00:01, 24.53it/s]
HPSAC test:  99%|█████████▉| 4245/4274 [02:46<00:01, 24.13it/s]
HPSAC test:  99%|█████████▉| 4248/4274 [02:46<00:01, 24.85it/s]
HPSAC test:  99%|█████████▉| 4251/4274 [02:47<00:00, 25.37it/s]
HPSAC test: 100%|█████████▉| 4255/4274 [02:47<00:00, 26.46it/s]
HPSAC test: 100%|█████████▉| 4258/4274 [02:47<00:00, 26.48it/s]
HPSAC test: 100%|█████████▉| 4261/4274 [02:47<00:00, 26.48it/s]
HPSAC test: 100%|█████████▉| 4264/4274 [02:47<00:00, 26.47it/s]
HPSAC test: 100%|█████████▉| 4267/4274 [02:47<00:00, 26.53it/s]
HPSAC test: 100%|█████████▉| 4270/4274 [02:47<00:00, 25.47it/s]
HPSAC test: 100%|█████████▉| 4273/4274 [02:47<00:00, 25.76it/s]
                                                               
HPSAC validation overall:
  MRR: 0.328239
  MR: 919.589687
  hit@10: 0.456034
  hit@3: 0.367867
  hit@1: 0.253742
HPSAC validation Head/Tail Missing Text:
  MRR: 0.311167
  MR: 810.533180
  hit@10: 0.445161
  hit@3: 0.352535
  hit@1: 0.231797
HPSAC validation Head Missing Text:
  MRR: 0.332723
  MR: 714.152899
  hit@10: 0.452174
  hit@3: 0.375362
  hit@1: 0.258696
HPSAC validation Tail Missing Text:
  MRR: 0.289981
  MR: 933.113391
  hit@10: 0.441685
  hit@3: 0.328294
  hit@1: 0.205184
HPSAC validation Head/Tail Both Have Text:
  MRR: 0.334044
  MR: 956.670950
  hit@10: 0.459730
  hit@3: 0.373081
  hit@1: 0.261203
HPSAC test overall:
  MRR: 0.335672
  MR: 829.736898
  hit@10: 0.474146
  hit@3: 0.375058
  hit@1: 0.257019
HPSAC test Head/Tail Missing Text:
  MRR: 0.300618
  MR: 882.271370
  hit@10: 0.440268
  hit@3: 0.336766
  hit@1: 0.220906
HPSAC test Head Missing Text:
  MRR: 0.300266
  MR: 780.783307
  hit@10: 0.431782
  hit@3: 0.333066
  hit@1: 0.225522
HPSAC test Tail Missing Text:
  MRR: 0.304157
  MR: 1001.899306
  hit@10: 0.458333
  hit@3: 0.342593
  hit@1: 0.218750
HPSAC test Head/Tail Both Have Text:
  MRR: 0.345977
  MR: 814.293067
  hit@10: 0.484105
  hit@3: 0.386315
  hit@1: 0.267635
MT-Guard summary | lock_missing_text=True | valid_missing_text_equal_bv1=True | test_missing_text_equal_bv1=True | test_overall_mrr_delta=0.004229 | test_both_have_text_mrr_delta=0.005472 | non_fallback_both_have_text=185
RESULT_JSON: {"alpha_grid": [0.0, 0.1, 0.2, 0.3], "calibration_mode": "hpsac", "candidate_order": "entity_id_ascending_0_to_ent_tot_minus_1", "checkpoint_a": "checkpoint/mkgw_main_table/inject10/mma_hns_a_seed0.ckpt", "checkpoint_b": "checkpoint/mkgw_main_table/inject10/mma_hns_ab_seed0.ckpt", "checkpoint_id_order_check": "state_dict entity/relation embedding shapes match dataset counts", "dataset": "MKG-W", "disabled_training_side_modules": {"confidence_calibration": true, "diffheg": true, "gate_expert_router_imputer_training": true, "relation_aware_retrieval": true}, "effective_level1_group_configs": {"relation=0|side=head_prediction|text=both_have_text": {"accepted": true, "reason": "accepted", "resolved_group": "relation=0|side=head_prediction|text=both_have_text", "resolved_level": "level1", "selected_alpha": 0.1, "selected_lambda": 0.1, "text_state": "both_have_text"}, "relation=0|side=head_prediction|text=missing_text": {"accepted": false, "reason": "missing_text_locked_to_bv1", "resolved_group": "missing_text_lock_fallback", "resolved_level": "level4", "selected_alpha": 0.0, "selected_lambda": 0.25, "text_state": "missing_text"}, "relation=0|side=tail_prediction|text=both_have_text": {"accepted": true, "reason": "accepted", "resolved_group": "relation=0|side=tail_prediction|text=both_have_text", "resolved_level": "level1", "selected_alpha": 0.2, "selected_lambda": 0.1, "text_state": "both_have_text"}, "relation=0|side=tail_prediction|text=missing_text": {"accepted": false, "reason": "missing_text_locked_to_bv1", "resolved_group": "missing_text_lock_fallback", "resolved_level": "level4", "selected_alpha": 0.0, "selected_lambda": 0.25, "text_state": "missing_text"}, "relation=100|side=head_prediction|text=missing_text": {"accepted": false, "reason": "missing_text_locked_to_bv1", "resolved_group": "missing_text_lock_fallback", "resolved_level": "level4", "selected_alpha": 0.0, "selected_lambda": 0.25, "text_state": "missing_text"}, "relation=100|side=tail_prediction|text=missing_text": {"accepted": false, "reason": "missing_text_locked_to_bv1", "resolved_group": "missing_text_lock_fallback", "resolved_level": "level4", "selected_alpha": 0.0, "selected_lambda": 0.25, "text_state": "missing_text"}, "relation=101|side=head_prediction|text=missing_text": {"accepted": false, "reason": "missing_text_locked_to_bv1", "resolved_group": "missing_text_lock_fallback", "resolved_level": "level4", "selected_alpha": 0.0, "selected_lambda": 0.25, "text_state": "missing_text"}, "relation=101|side=tail_prediction|text=missing_text": {"accepted": false, "reason": "missing_text_locked_to_bv1", "resolved_group": "missing_text_lock_fallback", "resolved_level": "level4", "selected_alpha": 0.0, "selected_lambda": 0.25, "text_state": "missing_text"}, "relation=104|side=head_prediction|text=both_have_text": {"accepted": true, "reason": "accepted", "resolved_group": "side=head_prediction|text=both_have_text", "resolved_level": "level2", "selected_alpha": 0.2, "selected_lambda": 0.1, "text_state": "both_have_text"}, "relation=104|side=head_prediction|text=missing_text": {"accepted": false, "reason": "missing_text_locked_to_bv1", "resolved_group": "missing_text_lock_fallback", "resolved_level": "level4", "selected_alpha": 0.0, "selected_lambda": 0.25, "text_state": "missing_text"}, "relation=104|side=tail_prediction|text=both_have_text": {"accepted": true, "reason": "accepted", "resolved_group": "side=tail_prediction|text=both_have_text", "resolved_level": "level2", "selected_alpha": 0.3, "selected_lambda": 0.1, "text_state": "both_have_text"}, "relation=104|side=tail_prediction|text=missing_text": {"accepted": false, "reason": "missing_text_locked_to_bv1", "resolved_group": "missing_text_lock_fallback", "resolved_level": "level4", "selected_alpha": 0.0, "selected_lambda": 0.25, "text_state": "missing_text"}, "relation=105|side=head_prediction|text=both_have_text": {"accepted": true, "reason": "accepted", "resolved_group": "side=head_prediction|text=both_have_text", "resolved_level": "level2", "selected_alpha": 0.2, "selected_lambda": 0.1, "text_state": "both_have_text"}, "relation=105|side=tail_prediction|text=both_have_text": {"accepted": true, "reason": "accepted", "resolved_group": "side=tail_prediction|text=both_have_text", "resolved_level": "level2", "selected_alpha": 0.3, "selected_lambda": 0.1, "text_state": "both_have_text"}, "relation=107|side=head_prediction|text=both_have_text": {"accepted": true, "reason": "accepted", "resolved_group": "side=head_prediction|text=both_have_text", "resolved_level": "level2", "selected_alpha": 0.2, "selected_lambda": 0.1, "text_state": "both_have_text"}, "relation=107|side=head_prediction|text=missing_text": {"accepted": false, "reason": "missing_text_locked_to_bv1", "resolved_group": "missing_text_lock_fallback", "resolved_level": "level4", "selected_alpha": 0.0, "selected_lambda": 0.25, "text_state": "missing_text"}, "relation=107|side=tail_prediction|text=both_have_text": {"accepted": true, "reason": "accepted", "resolved_group": "side=tail_prediction|text=both_have_text", "resolved_level": "level2", "selected_alpha": 0.3, "selected_lambda": 0.1, "text_state": "both_have_text"}, "relation=107|side=tail_prediction|text=missing_text": {"accepted": false, "reason": "missing_text_locked_to_bv1", "resolved_group": "missing_text_lock_fallback", "resolved_level": "level4", "selected_alpha": 0.0, "selected_lambda": 0.25, "text_state": "missing_text"}, "relation=109|side=head_prediction|text=missing_text": {"accepted": false, "reason": "missing_text_locked_to_bv1", "resolved_group": "missing_text_lock_fallback", "resolved_level": "level4", "selected_alpha": 0.0, "selected_lambda": 0.25, "text_state": "missing_text"}, "relation=109|side=tail_prediction|text=missing_text": {"accepted": false, "reason": "missing_text_locked_to_bv1", "resolved_group": "missing_text_lock_fallback", "resolved_level": "level4", "selected_alpha": 0.0, "selected_lambda": 0.25, "text_state": "missing_text"}, "relation=10|side=head_prediction|text=both_have_text": {"accepted": true, "reason": "accepted", "resolved_group": "side=head_prediction|text=both_have_text", "resolved_level": "level2", "selected_alpha": 0.2, "selected_lambda": 0.1, "text_state": "both_have_text"}, "relation=10|side=head_prediction|text=missing_text": {"accepted": false, "reason": "missing_text_locked_to_bv1", "resolved_group": "missing_text_lock_fallback", "resolved_level": "level4", "selected_alpha": 0.0, "selected_lambda": 0.25, "text_state": "missing_text"}, "relation=10|side=tail_prediction|text=both_have_text": {"accepted": true, "reason": "accepted", "resolved_group": "side=tail_prediction|text=both_have_text", "resolved_level": "level2", "selected_alpha": 0.3, "selected_lambda": 0.1, "text_state": "both_have_text"}, "relation=10|side=tail_prediction|text=missing_text": {"accepted": false, "reason": "missing_text_locked_to_bv1", "resolved_group": "missing_text_lock_fallback", "resolved_level": "level4", "selected_alpha": 0.0, "selected_lambda": 0.25, "text_state": "missing_text"}, "relation=112|side=head_prediction|text=both_have_text": {"accepted": true, "reason": "accepted", "resolved_group": "side=head_prediction|text=both_have_text", "resolved_level": "level2", "selected_alpha": 0.2, "selected_lambda": 0.1, "text_state": "both_have_text"}, "relation=112|side=tail_prediction|text=both_have_text": {"accepted": true, "reason": "accepted", "resolved_group": "side=tail_prediction|text=both_have_text", "resolved_level": "level2", "selected_alpha": 0.3, "selected_lambda": 0.1, "text_state": "both_have_text"}, "relation=114|side=head_prediction|text=both_have_text": {"accepted": true, "reason": "accepted", "resolved_group": "side=head_prediction|text=both_have_text", "resolved_level": "level2", "selected_alpha": 0.2, "selected_lambda": 0.1, "text_state": "both_have_text"}, "relation=114|side=tail_prediction|text=both_have_text": {"accepted": true, "reason": "accepted", "resolved_group": "side=tail_prediction|text=both_have_text", "resolved_level": "level2", "selected_alpha": 0.3, "selected_lambda": 0.1, "text_state": "both_have_text"}, "relation=116|side=head_prediction|text=both_have_text": {"accepted": true, "reason": "accepted", "resolved_group": "side=head_prediction|text=both_have_text", "resolved_level": "level2", "selected_alpha": 0.2, "selected_lambda": 0.1, "text_state": "both_have_text"}, "relation=116|side=tail_prediction|text=both_have_text": {"accepted": true, "reason": "accepted", "resolved_group": "side=tail_prediction|text=both_have_text", "resolved_level": "level2", "selected_alpha": 0.3, "selected_lambda": 0.1, "text_state": "both_have_text"}, "relation=117|side=head_prediction|text=both_have_text": {"accepted": true, "reason": "accepted", "resolved_group": "side=head_prediction|text=both_have_text", "resolved_level": "level2", "selected_alpha": 0.2, "selected_lambda": 0.1, "text_state": "both_have_text"}, "relation=117|side=tail_prediction|text=both_have_text": {"accepted": true, "reason": "accepted", "resolved_group": "side=tail_prediction|text=both_have_text", "resolved_level": "level2", "selected_alpha": 0.3, "selected_lambda": 0.1, "text_state": "both_have_text"}, "relation=11|side=head_prediction|text=both_have_text": {"accepted": true, "reason": "accepted", "resolved_group": "relation=11|side=head_prediction|text=both_have_text", "resolved_level": "level1", "selected_alpha": 0.1, "selected_lambda": 0.1, "text_state": "both_have_text"}, "relation=11|side=head_prediction|text=missing_text": {"accepted": false, "reason": "missing_text_locked_to_bv1", "resolved_group": "missing_text_lock_fallback", "resolved_level": "level4", "selected_alpha": 0.0, "selected_lambda": 0.25, "text_state": "missing_text"}, "relation=11|side=tail_prediction|text=both_have_text": {"accepted": true, "reason": "accepted", "resolved_group": "relation=11|side=tail_prediction|text=both_have_text", "resolved_level": "level1", "selected_alpha": 0.0, "selected_lambda": 0.1, "text_state": "both_have_text"}, "relation=11|side=tail_prediction|text=missing_text": {"accepted": false, "reason": "missing_text_locked_to_bv1", "resolved_group": "missing_text_lock_fallback", "resolved_level": "level4", "selected_alpha": 0.0, "selected_lambda": 0.25, "text_state": "missing_text"}, "relation=123|side=head_prediction|text=both_have_text": {"accepted": true, "reason": "accepted", "resolved_group": "side=head_prediction|text=both_have_text", "resolved_level": "level2", "selected_alpha": 0.2, "selected_lambda": 0.1, "text_state": "both_have_text"}, "relation=123|side=tail_prediction|text=both_have_text": {"accepted": true, "reason": "accepted", "resolved_group": "side=tail_prediction|text=both_have_text", "resolved_level": "level2", "selected_alpha": 0.3, "selected_lambda": 0.1, "text_state": "both_have_text"}, "relation=127|side=head_prediction|text=both_have_text": {"accepted": true, "reason": "accepted", "resolved_group": "side=head_prediction|text=both_have_text", "resolved_level": "level2", "selected_alpha": 0.2, "selected_lambda": 0.1, "text_state": "both_have_text"}, "relation=127|side=tail_prediction|text=both_have_text": {"accepted": true, "reason": "accepted", "resolved_group": "side=tail_prediction|text=both_have_text", "resolved_level": "level2", "selected_alpha": 0.3, "selected_lambda": 0.1, "text_state": "both_have_text"}, "relation=12|side=head_prediction|text=both_have_text": {"accepted": true, "reason": "accepted", "resolved_group": "side=head_prediction|text=both_have_text", "resolved_level": "level2", "selected_alpha": 0.2, "selected_lambda": 0.1, "text_state": "both_have_text"}, "relation=12|side=head_prediction|text=missing_text": {"accepted": false, "reason": "missing_text_locked_to_bv1", "resolved_group": "missing_text_lock_fallback", "resolved_level": "level4", "selected_alpha": 0.0, "selected_lambda": 0.25, "text_state": "missing_text"}, "relation=12|side=tail_prediction|text=both_have_text": {"accepted": true, "reason": "accepted", "resolved_group": "side=tail_prediction|text=both_have_text", "resolved_level": "level2", "selected_alpha": 0.3, "selected_lambda": 0.1, "text_state": "both_have_text"}, "relation=12|side=tail_prediction|text=missing_text": {"accepted": false, "reason": "missing_text_locked_to_bv1", "resolved_group": "missing_text_lock_fallback", "resolved_level": "level4", "selected_alpha": 0.0, "selected_lambda": 0.25, "text_state": "missing_text"}, "relation=130|side=head_prediction|text=missing_text": {"accepted": false, "reason": "missing_text_locked_to_bv1", "resolved_group": "missing_text_lock_fallback", "resolved_level": "level4", "selected_alpha": 0.0, "selected_lambda": 0.25, "text_state": "missing_text"}, "relation=130|side=tail_prediction|text=missing_text": {"accepted": false, "reason": "missing_text_locked_to_bv1", "resolved_group": "missing_text_lock_fallback", "resolved_level": "level4", "selected_alpha": 0.0, "selected_lambda": 0.25, "text_state": "missing_text"}, "relation=136|side=head_prediction|text=both_have_text": {"accepted": true, "reason": "accepted", "resolved_group": "side=head_prediction|text=both_have_text", "resolved_level": "level2", "selected_alpha": 0.2, "selected_lambda": 0.1, "text_state": "both_have_text"}, "relation=136|side=tail_prediction|text=both_have_text": {"accepted": true, "reason": "accepted", "resolved_group": "side=tail_prediction|text=both_have_text", "resolved_level": "level2", "selected_alpha": 0.3, "selected_lambda": 0.1, "text_state": "both_have_text"}, "relation=138|side=head_prediction|text=missing_text": {"accepted": false, "reason": "missing_text_locked_to_bv1", "resolved_group": "missing_text_lock_fallback", "resolved_level": "level4", "selected_alpha": 0.0, "selected_lambda": 0.25, "text_state": "missing_text"}, "relation=138|side=tail_prediction|text=missing_text": {"accepted": false, "reason": "missing_text_locked_to_bv1", "resolved_group": "missing_text_lock_fallback", "resolved_level": "level4", "selected_alpha": 0.0, "selected_lambda": 0.25, "text_state": "missing_text"}, "relation=13|side=head_prediction|text=both_have_text": {"accepted": true, "reason": "accepted", "resolved_group": "relation=13|side=head_prediction|text=both_have_text", "resolved_level": "level1", "selected_alpha": 0.1, "selected_lambda": 0.1, "text_state": "both_have_text"}, "relation=13|side=head_prediction|text=missing_text": {"accepted": false, "reason": "missing_text_locked_to_bv1", "resolved_group": "missing_text_lock_fallback", "resolved_level": "level4", "selected_alpha": 0.0, "selected_lambda": 0.25, "text_state": "missing_text"}, "relation=13|side=tail_prediction|text=both_have_text": {"accepted": true, "reason": "accepted", "resolved_group": "relation=13|side=tail_prediction|text=both_have_text", "resolved_level": "level1", "selected_alpha": 0.3, "selected_lambda": 0.4, "text_state": "both_have_text"}, "relation=13|side=tail_prediction|text=missing_text": {"accepted": false, "reason": "missing_text_locked_to_bv1", "resolved_group": "missing_text_lock_fallback", "resolved_level": "level4", "selected_alpha": 0.0, "selected_lambda": 0.25, "text_state": "missing_text"}, "relation=141|side=head_prediction|text=both_have_text": {"accepted": true, "reason": "accepted", "resolved_group": "side=head_prediction|text=both_have_text", "resolved_level": "level2", "selected_alpha": 0.2, "selected_lambda": 0.1, "text_state": "both_have_text"}, "relation=141|side=tail_prediction|text=both_have_text": {"accepted": true, "reason": "accepted", "resolved_group": "side=tail_prediction|text=both_have_text", "resolved_level": "level2", "selected_alpha": 0.3, "selected_lambda": 0.1, "text_state": "both_have_text"}, "relation=144|side=head_prediction|text=both_have_text": {"accepted": true, "reason": "accepted", "resolved_group": "side=head_prediction|text=both_have_text", "resolved_level": "level2", "selected_alpha": 0.2, "selected_lambda": 0.1, "text_state": "both_have_text"}, "relation=144|side=tail_prediction|text=both_have_text": {"accepted": true, "reason": "accepted", "resolved_group": "side=tail_prediction|text=both_have_text", "resolved_level": "level2", "selected_alpha": 0.3, "selected_lambda": 0.1, "text_state": "both_have_text"}, "relation=147|side=head_prediction|text=missing_text": {"accepted": false, "reason": "missing_text_locked_to_bv1", "resolved_group": "missing_text_lock_fallback", "resolved_level": "level4", "selected_alpha": 0.0, "selected_lambda": 0.25, "text_state": "missing_text"}, "relation=147|side=tail_prediction|text=missing_text": {"accepted": false, "reason": "missing_text_locked_to_bv1", "resolved_group": "missing_text_lock_fallback", "resolved_level": "level4", "selected_alpha": 0.0, "selected_lambda": 0.25, "text_state": "missing_text"}, "relation=14|side=head_prediction|text=both_have_text": {"accepted": true, "reason": "accepted", "resolved_group": "relation=14|side=head_prediction|text=both_have_text", "resolved_level": "level1", "selected_alpha": 0.0, "selected_lambda": 0.1, "text_state": "both_have_text"}, "relation=14|side=head_prediction|text=missing_text": {"accepted": false, "reason": "missing_text_locked_to_bv1", "resolved_group": "missing_text_lock_fallback", "resolved_level": "level4", "selected_alpha": 0.0, "selected_lambda": 0.25, "text_state": "missing_text"}, "relation=14|side=tail_prediction|text=both_have_text": {"accepted": true, "reason": "accepted", "resolved_group": "relation=14|side=tail_prediction|text=both_have_text", "resolved_level": "level1", "selected_alpha": 0.1, "selected_lambda": 0.1, "text_state": "both_have_text"}, "relation=14|side=tail_prediction|text=missing_text": {"accepted": false, "reason": "missing_text_locked_to_bv1", "resolved_group": "missing_text_lock_fallback", "resolved_level": "level4", "selected_alpha": 0.0, "selected_lambda": 0.25, "text_state": "missing_text"}, "relation=152|side=head_prediction|text=both_have_text": {"accepted": true, "reason": "accepted", "resolved_group": "side=head_prediction|text=both_have_text", "resolved_level": "level2", "selected_alpha": 0.2, "selected_lambda": 0.1, "text_state": "both_have_text"}, "relation=152|side=head_prediction|text=missing_text": {"accepted": false, "reason": "missing_text_locked_to_bv1", "resolved_group": "missing_text_lock_fallback", "resolved_level": "level4", "selected_alpha": 0.0, "selected_lambda": 0.25, "text_state": "missing_text"}, "relation=152|side=tail_prediction|text=both_have_text": {"accepted": true, "reason": "accepted", "resolved_group": "side=tail_prediction|text=both_have_text", "resolved_level": "level2", "selected_alpha": 0.3, "selected_lambda": 0.1, "text_state": "both_have_text"}, "relation=152|side=tail_prediction|text=missing_text": {"accepted": false, "reason": "missing_text_locked_to_bv1", "resolved_group": "missing_text_lock_fallback", "resolved_level": "level4", "selected_alpha": 0.0, "selected_lambda": 0.25, "text_state": "missing_text"}, "relation=155|side=head_prediction|text=missing_text": {"accepted": false, "reason": "missing_text_locked_to_bv1", "resolved_group": "missing_text_lock_fallback", "resolved_level": "level4", "selected_alpha": 0.0, "selected_lambda": 0.25, "text_state": "missing_text"}, "relation=155|side=tail_prediction|text=missing_text": {"accepted": false, "reason": "missing_text_locked_to_bv1", "resolved_group": "missing_text_lock_fallback", "resolved_level": "level4", "selected_alpha": 0.0, "selected_lambda": 0.25, "text_state": "missing_text"}, "relation=15|side=head_prediction|text=both_have_text": {"accepted": true, "reason": "accepted", "resolved_group": "side=head_prediction|text=both_have_text", "resolved_level": "level2", "selected_alpha": 0.2, "selected_lambda": 0.1, "text_state": "both_have_text"}, "relation=15|side=head_prediction|text=missing_text": {"accepted": false, "reason": "missing_text_locked_to_bv1", "resolved_group": "missing_text_lock_fallback", "resolved_level": "level4", "selected_alpha": 0.0, "selected_lambda": 0.25, "text_state": "missing_text"}, "relation=15|side=tail_prediction|text=both_have_text": {"accepted": true, "reason": "accepted", "resolved_group": "side=tail_prediction|text=both_have_text", "resolved_level": "level2", "selected_alpha": 0.3, "selected_lambda": 0.1, "text_state": "both_have_text"}, "relation=15|side=tail_prediction|text=missing_text": {"accepted": false, "reason": "missing_text_locked_to_bv1", "resolved_group": "missing_text_lock_fallback", "resolved_level": "level4", "selected_alpha": 0.0, "selected_lambda": 0.25, "text_state": "missing_text"}, "relation=160|side=head_prediction|text=both_have_text": {"accepted": true, "reason": "accepted", "resolved_group": "side=head_prediction|text=both_have_text", "resolved_level": "level2", "selected_alpha": 0.2, "selected_lambda": 0.1, "text_state": "both_have_text"}, "relation=160|side=tail_prediction|text=both_have_text": {"accepted": true, "reason": "accepted", "resolved_group": "side=tail_prediction|text=both_have_text", "resolved_level": "level2", "selected_alpha": 0.3, "selected_lambda": 0.1, "text_state": "both_have_text"}, "relation=168|side=head_prediction|text=missing_text": {"accepted": false, "reason": "missing_text_locked_to_bv1", "resolved_group": "missing_text_lock_fallback", "resolved_level": "level4", "selected_alpha": 0.0, "selected_lambda": 0.25, "text_state": "missing_text"}, "relation=168|side=tail_prediction|text=missing_text": {"accepted": false, "reason": "missing_text_locked_to_bv1", "resolved_group": "missing_text_lock_fallback", "resolved_level": "level4", "selected_alpha": 0.0, "selected_lambda": 0.25, "text_state": "missing_text"}, "relation=16|side=head_prediction|text=both_have_text": {"accepted": true, "reason": "accepted", "resolved_group": "relation=16|side=head_prediction|text=both_have_text", "resolved_level": "level1", "selected_alpha": 0.1, "selected_lambda": 0.1, "text_state": "both_have_text"}, "relation=16|side=head_prediction|text=missing_text": {"accepted": false, "reason": "missing_text_locked_to_bv1", "resolved_group": "missing_text_lock_fallback", "resolved_level": "level4", "selected_alpha": 0.0, "selected_lambda": 0.25, "text_state": "missing_text"}, "relation=16|side=tail_prediction|text=both_have_text": {"accepted": true, "reason": "accepted", "resolved_group": "relation=16|side=tail_prediction|text=both_have_text", "resolved_level": "level1", "selected_alpha": 0.2, "selected_lambda": 0.1, "text_state": "both_have_text"}, "relation=16|side=tail_prediction|text=missing_text": {"accepted": false, "reason": "missing_text_locked_to_bv1", "resolved_group": "missing_text_lock_fallback", "resolved_level": "level4", "selected_alpha": 0.0, "selected_lambda": 0.25, "text_state": "missing_text"}, "relation=18|side=head_prediction|text=both_have_text": {"accepted": true, "reason": "accepted", "resolved_group": "relation=18|side=head_prediction|text=both_have_text", "resolved_level": "level1", "selected_alpha": 0.3, "selected_lambda": 0.1, "text_state": "both_have_text"}, "relation=18|side=head_prediction|text=missing_text": {"accepted": false, "reason": "missing_text_locked_to_bv1", "resolved_group": "missing_text_lock_fallback", "resolved_level": "level4", "selected_alpha": 0.0, "selected_lambda": 0.25, "text_state": "missing_text"}, "relation=18|side=tail_prediction|text=both_have_text": {"accepted": true, "reason": "accepted", "resolved_group": "relation=18|side=tail_prediction|text=both_have_text", "resolved_level": "level1", "selected_alpha": 0.3, "selected_lambda": 0.1, "text_state": "both_have_text"}, "relation=18|side=tail_prediction|text=missing_text": {"accepted": false, "reason": "missing_text_locked_to_bv1", "resolved_group": "missing_text_lock_fallback", "resolved_level": "level4", "selected_alpha": 0.0, "selected_lambda": 0.25, "text_state": "missing_text"}, "relation=19|side=head_prediction|text=both_have_text": {"accepted": true, "reason": "accepted", "resolved_group": "side=head_prediction|text=both_have_text", "resolved_level": "level2", "selected_alpha": 0.2, "selected_lambda": 0.1, "text_state": "both_have_text"}, "relation=19|side=head_prediction|text=missing_text": {"accepted": false, "reason": "missing_text_locked_to_bv1", "resolved_group": "missing_text_lock_fallback", "resolved_level": "level4", "selected_alpha": 0.0, "selected_lambda": 0.25, "text_state": "missing_text"}, "relation=19|side=tail_prediction|text=both_have_text": {"accepted": true, "reason": "accepted", "resolved_group": "side=tail_prediction|text=both_have_text", "resolved_level": "level2", "selected_alpha": 0.3, "selected_lambda": 0.1, "text_state": "both_have_text"}, "relation=19|side=tail_prediction|text=missing_text": {"accepted": false, "reason": "missing_text_locked_to_bv1", "resolved_group": "missing_text_lock_fallback", "resolved_level": "level4", "selected_alpha": 0.0, "selected_lambda": 0.25, "text_state": "missing_text"}, "relation=1|side=head_prediction|text=both_have_text": {"accepted": true, "reason": "accepted", "resolved_group": "relation=1|side=head_prediction|text=both_have_text", "resolved_level": "level1", "selected_alpha": 0.2, "selected_lambda": 0.1, "text_state": "both_have_text"}, "relation=1|side=head_prediction|text=missing_text": {"accepted": false, "reason": "missing_text_locked_to_bv1", "resolved_group": "missing_text_lock_fallback", "resolved_level": "level4", "selected_alpha": 0.0, "selected_lambda": 0.25, "text_state": "missing_text"}, "relation=1|side=tail_prediction|text=both_have_text": {"accepted": true, "reason": "accepted", "resolved_group": "relation=1|side=tail_prediction|text=both_have_text", "resolved_level": "level1", "selected_alpha": 0.1, "selected_lambda": 0.1, "text_state": "both_have_text"}, "relation=1|side=tail_prediction|text=missing_text": {"accepted": false, "reason": "missing_text_locked_to_bv1", "resolved_group": "missing_text_lock_fallback", "resolved_level": "level4", "selected_alpha": 0.0, "selected_lambda": 0.25, "text_state": "missing_text"}, "relation=20|side=head_prediction|text=both_have_text": {"accepted": true, "reason": "accepted", "resolved_group": "side=head_prediction|text=both_have_text", "resolved_level": "level2", "selected_alpha": 0.2, "selected_lambda": 0.1, "text_state": "both_have_text"}, "relation=20|side=head_prediction|text=missing_text": {"accepted": false, "reason": "missing_text_locked_to_bv1", "resolved_group": "missing_text_lock_fallback", "resolved_level": "level4", "selected_alpha": 0.0, "selected_lambda": 0.25, "text_state": "missing_text"}, "relation=20|side=tail_prediction|text=both_have_text": {"accepted": true, "reason": "accepted", "resolved_group": "side=tail_prediction|text=both_have_text", "resolved_level": "level2", "selected_alpha": 0.3, "selected_lambda": 0.1, "text_state": "both_have_text"}, "relation=20|side=tail_prediction|text=missing_text": {"accepted": false, "reason": "missing_text_locked_to_bv1", "resolved_group": "missing_text_lock_fallback", "resolved_level": "level4", "selected_alpha": 0.0, "selected_lambda": 0.25, "text_state": "missing_text"}, "relation=21|side=head_prediction|text=both_have_text": {"accepted": true, "reason": "accepted", "resolved_group": "relation=21|side=head_prediction|text=both_have_text", "resolved_level": "level1", "selected_alpha": 0.3, "selected_lambda": 0.4, "text_state": "both_have_text"}, "relation=21|side=head_prediction|text=missing_text": {"accepted": false, "reason": "missing_text_locked_to_bv1", "resolved_group": "missing_text_lock_fallback", "resolved_level": "level4", "selected_alpha": 0.0, "selected_lambda": 0.25, "text_state": "missing_text"}, "relation=21|side=tail_prediction|text=both_have_text": {"accepted": true, "reason": "accepted", "resolved_group": "relation=21|side=tail_prediction|text=both_have_text", "resolved_level": "level1", "selected_alpha": 0.0, "selected_lambda": 0.1, "text_state": "both_have_text"}, "relation=21|side=tail_prediction|text=missing_text": {"accepted": false, "reason": "missing_text_locked_to_bv1", "resolved_group": "missing_text_lock_fallback", "resolved_level": "level4", "selected_alpha": 0.0, "selected_lambda": 0.25, "text_state": "missing_text"}, "relation=22|side=head_prediction|text=both_have_text": {"accepted": true, "reason": "accepted", "resolved_group": "relation=22|side=head_prediction|text=both_have_text", "resolved_level": "level1", "selected_alpha": 0.3, "selected_lambda": 0.1, "text_state": "both_have_text"}, "relation=22|side=head_prediction|text=missing_text": {"accepted": false, "reason": "missing_text_locked_to_bv1", "resolved_group": "missing_text_lock_fallback", "resolved_level": "level4", "selected_alpha": 0.0, "selected_lambda": 0.25, "text_state": "missing_text"}, "relation=22|side=tail_prediction|text=both_have_text": {"accepted": true, "reason": "accepted", "resolved_group": "relation=22|side=tail_prediction|text=both_have_text", "resolved_level": "level1", "selected_alpha": 0.3, "selected_lambda": 0.1, "text_state": "both_have_text"}, "relation=22|side=tail_prediction|text=missing_text": {"accepted": false, "reason": "missing_text_locked_to_bv1", "resolved_group": "missing_text_lock_fallback", "resolved_level": "level4", "selected_alpha": 0.0, "selected_lambda": 0.25, "text_state": "missing_text"}, "relation=23|side=head_prediction|text=both_have_text": {"accepted": true, "reason": "accepted", "resolved_group": "side=head_prediction|text=both_have_text", "resolved_level": "level2", "selected_alpha": 0.2, "selected_lambda": 0.1, "text_state": "both_have_text"}, "relation=23|side=tail_prediction|text=both_have_text": {"accepted": true, "reason": "accepted", "resolved_group": "side=tail_prediction|text=both_have_text", "resolved_level": "level2", "selected_alpha": 0.3, "selected_lambda": 0.1, "text_state": "both_have_text"}, "relation=24|side=head_prediction|text=both_have_text": {"accepted": true, "reason": "accepted", "resolved_group": "side=head_prediction|text=both_have_text", "resolved_level": "level2", "selected_alpha": 0.2, "selected_lambda": 0.1, "text_state": "both_have_text"}, "relation=24|side=head_prediction|text=missing_text": {"accepted": false, "reason": "missing_text_locked_to_bv1", "resolved_group": "missing_text_lock_fallback", "resolved_level": "level4", "selected_alpha": 0.0, "selected_lambda": 0.25, "text_state": "missing_text"}, "relation=24|side=tail_prediction|text=both_have_text": {"accepted": true, "reason": "accepted", "resolved_group": "side=tail_prediction|text=both_have_text", "resolved_level": "level2", "selected_alpha": 0.3, "selected_lambda": 0.1, "text_state": "both_have_text"}, "relation=24|side=tail_prediction|text=missing_text": {"accepted": false, "reason": "missing_text_locked_to_bv1", "resolved_group": "missing_text_lock_fallback", "resolved_level": "level4", "selected_alpha": 0.0, "selected_lambda": 0.25, "text_state": "missing_text"}, "relation=25|side=head_prediction|text=missing_text": {"accepted": false, "reason": "missing_text_locked_to_bv1", "resolved_group": "missing_text_lock_fallback", "resolved_level": "level4", "selected_alpha": 0.0, "selected_lambda": 0.25, "text_state": "missing_text"}, "relation=25|side=tail_prediction|text=missing_text": {"accepted": false, "reason": "missing_text_locked_to_bv1", "resolved_group": "missing_text_lock_fallback", "resolved_level": "level4", "selected_alpha": 0.0, "selected_lambda": 0.25, "text_state": "missing_text"}, "relation=26|side=head_prediction|text=both_have_text": {"accepted": true, "reason": "accepted", "resolved_group": "side=head_prediction|text=both_have_text", "resolved_level": "level2", "selected_alpha": 0.2, "selected_lambda": 0.1, "text_state": "both_have_text"}, "relation=26|side=head_prediction|text=missing_text": {"accepted": false, "reason": "missing_text_locked_to_bv1", "resolved_group": "missing_text_lock_fallback", "resolved_level": "level4", "selected_alpha": 0.0, "selected_lambda": 0.25, "text_state": "missing_text"}, "relation=26|side=tail_prediction|text=both_have_text": {"accepted": true, "reason": "accepted", "resolved_group": "side=tail_prediction|text=both_have_text", "resolved_level": "level2", "selected_alpha": 0.3, "selected_lambda": 0.1, "text_state": "both_have_text"}, "relation=26|side=tail_prediction|text=missing_text": {"accepted": false, "reason": "missing_text_locked_to_bv1", "resolved_group": "missing_text_lock_fallback", "resolved_level": "level4", "selected_alpha": 0.0, "selected_lambda": 0.25, "text_state": "missing_text"}, "relation=27|side=head_prediction|text=both_have_text": {"accepted": true, "reason": "accepted", "resolved_group": "side=head_prediction|text=both_have_text", "resolved_level": "level2", "selected_alpha": 0.2, "selected_lambda": 0.1, "text_state": "both_have_text"}, "relation=27|side=head_prediction|text=missing_text": {"accepted": false, "reason": "missing_text_locked_to_bv1", "resolved_group": "missing_text_lock_fallback", "resolved_level": "level4", "selected_alpha": 0.0, "selected_lambda": 0.25, "text_state": "missing_text"}, "relation=27|side=tail_prediction|text=both_have_text": {"accepted": true, "reason": "accepted", "resolved_group": "side=tail_prediction|text=both_have_text", "resolved_level": "level2", "selected_alpha": 0.3, "selected_lambda": 0.1, "text_state": "both_have_text"}, "relation=27|side=tail_prediction|text=missing_text": {"accepted": false, "reason": "missing_text_locked_to_bv1", "resolved_group": "missing_text_lock_fallback", "resolved_level": "level4", "selected_alpha": 0.0, "selected_lambda": 0.25, "text_state": "missing_text"}, "relation=28|side=head_prediction|text=both_have_text": {"accepted": true, "reason": "accepted", "resolved_group": "side=head_prediction|text=both_have_text", "resolved_level": "level2", "selected_alpha": 0.2, "selected_lambda": 0.1, "text_state": "both_have_text"}, "relation=28|side=tail_prediction|text=both_have_text": {"accepted": true, "reason": "accepted", "resolved_group": "side=tail_prediction|text=both_have_text", "resolved_level": "level2", "selected_alpha": 0.3, "selected_lambda": 0.1, "text_state": "both_have_text"}, "relation=29|side=head_prediction|text=both_have_text": {"accepted": true, "reason": "accepted", "resolved_group": "relation=29|side=head_prediction|text=both_have_text", "resolved_level": "level1", "selected_alpha": 0.0, "selected_lambda": 0.1, "text_state": "both_have_text"}, "relation=29|side=head_prediction|text=missing_text": {"accepted": false, "reason": "missing_text_locked_to_bv1", "resolved_group": "missing_text_lock_fallback", "resolved_level": "level4", "selected_alpha": 0.0, "selected_lambda": 0.25, "text_state": "missing_text"}, "relation=29|side=tail_prediction|text=both_have_text": {"accepted": true, "reason": "accepted", "resolved_group": "relation=29|side=tail_prediction|text=both_have_text", "resolved_level": "level1", "selected_alpha": 0.3, "selected_lambda": 0.1, "text_state": "both_have_text"}, "relation=29|side=tail_prediction|text=missing_text": {"accepted": false, "reason": "missing_text_locked_to_bv1", "resolved_group": "missing_text_lock_fallback", "resolved_level": "level4", "selected_alpha": 0.0, "selected_lambda": 0.25, "text_state": "missing_text"}, "relation=2|side=head_prediction|text=both_have_text": {"accepted": true, "reason": "accepted", "resolved_group": "relation=2|side=head_prediction|text=both_have_text", "resolved_level": "level1", "selected_alpha": 0.3, "selected_lambda": 0.1, "text_state": "both_have_text"}, "relation=2|side=head_prediction|text=missing_text": {"accepted": false, "reason": "missing_text_locked_to_bv1", "resolved_group": "missing_text_lock_fallback", "resolved_level": "level4", "selected_alpha": 0.0, "selected_lambda": 0.25, "text_state": "missing_text"}, "relation=2|side=tail_prediction|text=both_have_text": {"accepted": true, "reason": "accepted", "resolved_group": "relation=2|side=tail_prediction|text=both_have_text", "resolved_level": "level1", "selected_alpha": 0.2, "selected_lambda": 0.4, "text_state": "both_have_text"}, "relation=2|side=tail_prediction|text=missing_text": {"accepted": false, "reason": "missing_text_locked_to_bv1", "resolved_group": "missing_text_lock_fallback", "resolved_level": "level4", "selected_alpha": 0.0, "selected_lambda": 0.25, "text_state": "missing_text"}, "relation=30|side=head_prediction|text=both_have_text": {"accepted": true, "reason": "accepted", "resolved_group": "relation=30|side=head_prediction|text=both_have_text", "resolved_level": "level1", "selected_alpha": 0.3, "selected_lambda": 0.1, "text_state": "both_have_text"}, "relation=30|side=head_prediction|text=missing_text": {"accepted": false, "reason": "missing_text_locked_to_bv1", "resolved_group": "missing_text_lock_fallback", "resolved_level": "level4", "selected_alpha": 0.0, "selected_lambda": 0.25, "text_state": "missing_text"}, "relation=30|side=tail_prediction|text=both_have_text": {"accepted": true, "reason": "accepted", "resolved_group": "relation=30|side=tail_prediction|text=both_have_text", "resolved_level": "level1", "selected_alpha": 0.1, "selected_lambda": 0.4, "text_state": "both_have_text"}, "relation=30|side=tail_prediction|text=missing_text": {"accepted": false, "reason": "missing_text_locked_to_bv1", "resolved_group": "missing_text_lock_fallback", "resolved_level": "level4", "selected_alpha": 0.0, "selected_lambda": 0.25, "text_state": "missing_text"}, "relation=31|side=head_prediction|text=both_have_text": {"accepted": true, "reason": "accepted", "resolved_group": "relation=31|side=head_prediction|text=both_have_text", "resolved_level": "level1", "selected_alpha": 0.2, "selected_lambda": 0.1, "text_state": "both_have_text"}, "relation=31|side=head_prediction|text=missing_text": {"accepted": false, "reason": "missing_text_locked_to_bv1", "resolved_group": "missing_text_lock_fallback", "resolved_level": "level4", "selected_alpha": 0.0, "selected_lambda": 0.25, "text_state": "missing_text"}, "relation=31|side=tail_prediction|text=both_have_text": {"accepted": true, "reason": "accepted", "resolved_group": "relation=31|side=tail_prediction|text=both_have_text", "resolved_level": "level1", "selected_alpha": 0.3, "selected_lambda": 0.1, "text_state": "both_have_text"}, "relation=31|side=tail_prediction|text=missing_text": {"accepted": false, "reason": "missing_text_locked_to_bv1", "resolved_group": "missing_text_lock_fallback", "resolved_level": "level4", "selected_alpha": 0.0, "selected_lambda": 0.25, "text_state": "missing_text"}, "relation=32|side=head_prediction|text=both_have_text": {"accepted": true, "reason": "accepted", "resolved_group": "relation=32|side=head_prediction|text=both_have_text", "resolved_level": "level1", "selected_alpha": 0.3, "selected_lambda": 0.1, "text_state": "both_have_text"}, "relation=32|side=head_prediction|text=missing_text": {"accepted": false, "reason": "missing_text_locked_to_bv1", "resolved_group": "missing_text_lock_fallback", "resolved_level": "level4", "selected_alpha": 0.0, "selected_lambda": 0.25, "text_state": "missing_text"}, "relation=32|side=tail_prediction|text=both_have_text": {"accepted": true, "reason": "accepted", "resolved_group": "relation=32|side=tail_prediction|text=both_have_text", "resolved_level": "level1", "selected_alpha": 0.3, "selected_lambda": 0.1, "text_state": "both_have_text"}, "relation=32|side=tail_prediction|text=missing_text": {"accepted": false, "reason": "missing_text_locked_to_bv1", "resolved_group": "missing_text_lock_fallback", "resolved_level": "level4", "selected_alpha": 0.0, "selected_lambda": 0.25, "text_state": "missing_text"}, "relation=33|side=head_prediction|text=both_have_text": {"accepted": true, "reason": "accepted", "resolved_group": "side=head_prediction|text=both_have_text", "resolved_level": "level2", "selected_alpha": 0.2, "selected_lambda": 0.1, "text_state": "both_have_text"}, "relation=33|side=head_prediction|text=missing_text": {"accepted": false, "reason": "missing_text_locked_to_bv1", "resolved_group": "missing_text_lock_fallback", "resolved_level": "level4", "selected_alpha": 0.0, "selected_lambda": 0.25, "text_state": "missing_text"}, "relation=33|side=tail_prediction|text=both_have_text": {"accepted": true, "reason": "accepted", "resolved_group": "side=tail_prediction|text=both_have_text", "resolved_level": "level2", "selected_alpha": 0.3, "selected_lambda": 0.1, "text_state": "both_have_text"}, "relation=33|side=tail_prediction|text=missing_text": {"accepted": false, "reason": "missing_text_locked_to_bv1", "resolved_group": "missing_text_lock_fallback", "resolved_level": "level4", "selected_alpha": 0.0, "selected_lambda": 0.25, "text_state": "missing_text"}, "relation=34|side=head_prediction|text=both_have_text": {"accepted": true, "reason": "accepted", "resolved_group": "relation=34|side=head_prediction|text=both_have_text", "resolved_level": "level1", "selected_alpha": 0.1, "selected_lambda": 0.1, "text_state": "both_have_text"}, "relation=34|side=head_prediction|text=missing_text": {"accepted": false, "reason": "missing_text_locked_to_bv1", "resolved_group": "missing_text_lock_fallback", "resolved_level": "level4", "selected_alpha": 0.0, "selected_lambda": 0.25, "text_state": "missing_text"}, "relation=34|side=tail_prediction|text=both_have_text": {"accepted": true, "reason": "accepted", "resolved_group": "relation=34|side=tail_prediction|text=both_have_text", "resolved_level": "level1", "selected_alpha": 0.3, "selected_lambda": 0.4, "text_state": "both_have_text"}, "relation=34|side=tail_prediction|text=missing_text": {"accepted": false, "reason": "missing_text_locked_to_bv1", "resolved_group": "missing_text_lock_fallback", "resolved_level": "level4", "selected_alpha": 0.0, "selected_lambda": 0.25, "text_state": "missing_text"}, "relation=35|side=head_prediction|text=both_have_text": {"accepted": true, "reason": "accepted", "resolved_group": "side=head_prediction|text=both_have_text", "resolved_level": "level2", "selected_alpha": 0.2, "selected_lambda": 0.1, "text_state": "both_have_text"}, "relation=35|side=tail_prediction|text=both_have_text": {"accepted": true, "reason": "accepted", "resolved_group": "side=tail_prediction|text=both_have_text", "resolved_level": "level2", "selected_alpha": 0.3, "selected_lambda": 0.1, "text_state": "both_have_text"}, "relation=36|side=head_prediction|text=both_have_text": {"accepted": true, "reason": "accepted", "resolved_group": "side=head_prediction|text=both_have_text", "resolved_level": "level2", "selected_alpha": 0.2, "selected_lambda": 0.1, "text_state": "both_have_text"}, "relation=36|side=head_prediction|text=missing_text": {"accepted": false, "reason": "missing_text_locked_to_bv1", "resolved_group": "missing_text_lock_fallback", "resolved_level": "level4", "selected_alpha": 0.0, "selected_lambda": 0.25, "text_state": "missing_text"}, "relation=36|side=tail_prediction|text=both_have_text": {"accepted": true, "reason": "accepted", "resolved_group": "side=tail_prediction|text=both_have_text", "resolved_level": "level2", "selected_alpha": 0.3, "selected_lambda": 0.1, "text_state": "both_have_text"}, "relation=36|side=tail_prediction|text=missing_text": {"accepted": false, "reason": "missing_text_locked_to_bv1", "resolved_group": "missing_text_lock_fallback", "resolved_level": "level4", "selected_alpha": 0.0, "selected_lambda": 0.25, "text_state": "missing_text"}, "relation=37|side=head_prediction|text=both_have_text": {"accepted": true, "reason": "accepted", "resolved_group": "side=head_prediction|text=both_have_text", "resolved_level": "level2", "selected_alpha": 0.2, "selected_lambda": 0.1, "text_state": "both_have_text"}, "relation=37|side=head_prediction|text=missing_text": {"accepted": false, "reason": "missing_text_locked_to_bv1", "resolved_group": "missing_text_lock_fallback", "resolved_level": "level4", "selected_alpha": 0.0, "selected_lambda": 0.25, "text_state": "missing_text"}, "relation=37|side=tail_prediction|text=both_have_text": {"accepted": true, "reason": "accepted", "resolved_group": "side=tail_prediction|text=both_have_text", "resolved_level": "level2", "selected_alpha": 0.3, "selected_lambda": 0.1, "text_state": "both_have_text"}, "relation=37|side=tail_prediction|text=missing_text": {"accepted": false, "reason": "missing_text_locked_to_bv1", "resolved_group": "missing_text_lock_fallback", "resolved_level": "level4", "selected_alpha": 0.0, "selected_lambda": 0.25, "text_state": "missing_text"}, "relation=38|side=head_prediction|text=both_have_text": {"accepted": true, "reason": "accepted", "resolved_group": "side=head_prediction|text=both_have_text", "resolved_level": "level2", "selected_alpha": 0.2, "selected_lambda": 0.1, "text_state": "both_have_text"}, "relation=38|side=head_prediction|text=missing_text": {"accepted": false, "reason": "missing_text_locked_to_bv1", "resolved_group": "missing_text_lock_fallback", "resolved_level": "level4", "selected_alpha": 0.0, "selected_lambda": 0.25, "text_state": "missing_text"}, "relation=38|side=tail_prediction|text=both_have_text": {"accepted": true, "reason": "accepted", "resolved_group": "side=tail_prediction|text=both_have_text", "resolved_level": "level2", "selected_alpha": 0.3, "selected_lambda": 0.1, "text_state": "both_have_text"}, "relation=38|side=tail_prediction|text=missing_text": {"accepted": false, "reason": "missing_text_locked_to_bv1", "resolved_group": "missing_text_lock_fallback", "resolved_level": "level4", "selected_alpha": 0.0, "selected_lambda": 0.25, "text_state": "missing_text"}, "relation=39|side=head_prediction|text=both_have_text": {"accepted": true, "reason": "accepted", "resolved_group": "side=head_prediction|text=both_have_text", "resolved_level": "level2", "selected_alpha": 0.2, "selected_lambda": 0.1, "text_state": "both_have_text"}, "relation=39|side=head_prediction|text=missing_text": {"accepted": false, "reason": "missing_text_locked_to_bv1", "resolved_group": "missing_text_lock_fallback", "resolved_level": "level4", "selected_alpha": 0.0, "selected_lambda": 0.25, "text_state": "missing_text"}, "relation=39|side=tail_prediction|text=both_have_text": {"accepted": true, "reason": "accepted", "resolved_group": "side=tail_prediction|text=both_have_text", "resolved_level": "level2", "selected_alpha": 0.3, "selected_lambda": 0.1, "text_state": "both_have_text"}, "relation=39|side=tail_prediction|text=missing_text": {"accepted": false, "reason": "missing_text_locked_to_bv1", "resolved_group": "missing_text_lock_fallback", "resolved_level": "level4", "selected_alpha": 0.0, "selected_lambda": 0.25, "text_state": "missing_text"}, "relation=3|side=head_prediction|text=both_have_text": {"accepted": true, "reason": "accepted", "resolved_group": "relation=3|side=head_prediction|text=both_have_text", "resolved_level": "level1", "selected_alpha": 0.3, "selected_lambda": 0.1, "text_state": "both_have_text"}, "relation=3|side=head_prediction|text=missing_text": {"accepted": false, "reason": "missing_text_locked_to_bv1", "resolved_group": "missing_text_lock_fallback", "resolved_level": "level4", "selected_alpha": 0.0, "selected_lambda": 0.25, "text_state": "missing_text"}, "relation=3|side=tail_prediction|text=both_have_text": {"accepted": true, "reason": "accepted", "resolved_group": "relation=3|side=tail_prediction|text=both_have_text", "resolved_level": "level1", "selected_alpha": 0.3, "selected_lambda": 0.1, "text_state": "both_have_text"}, "relation=3|side=tail_prediction|text=missing_text": {"accepted": false, "reason": "missing_text_locked_to_bv1", "resolved_group": "missing_text_lock_fallback", "resolved_level": "level4", "selected_alpha": 0.0, "selected_lambda": 0.25, "text_state": "missing_text"}, "relation=40|side=head_prediction|text=both_have_text": {"accepted": true, "reason": "accepted", "resolved_group": "side=head_prediction|text=both_have_text", "resolved_level": "level2", "selected_alpha": 0.2, "selected_lambda": 0.1, "text_state": "both_have_text"}, "relation=40|side=head_prediction|text=missing_text": {"accepted": false, "reason": "missing_text_locked_to_bv1", "resolved_group": "missing_text_lock_fallback", "resolved_level": "level4", "selected_alpha": 0.0, "selected_lambda": 0.25, "text_state": "missing_text"}, "relation=40|side=tail_prediction|text=both_have_text": {"accepted": true, "reason": "accepted", "resolved_group": "side=tail_prediction|text=both_have_text", "resolved_level": "level2", "selected_alpha": 0.3, "selected_lambda": 0.1, "text_state": "both_have_text"}, "relation=40|side=tail_prediction|text=missing_text": {"accepted": false, "reason": "missing_text_locked_to_bv1", "resolved_group": "missing_text_lock_fallback", "resolved_level": "level4", "selected_alpha": 0.0, "selected_lambda": 0.25, "text_state": "missing_text"}, "relation=41|side=head_prediction|text=both_have_text": {"accepted": true, "reason": "accepted", "resolved_group": "side=head_prediction|text=both_have_text", "resolved_level": "level2", "selected_alpha": 0.2, "selected_lambda": 0.1, "text_state": "both_have_text"}, "relation=41|side=head_prediction|text=missing_text": {"accepted": false, "reason": "missing_text_locked_to_bv1", "resolved_group": "missing_text_lock_fallback", "resolved_level": "level4", "selected_alpha": 0.0, "selected_lambda": 0.25, "text_state": "missing_text"}, "relation=41|side=tail_prediction|text=both_have_text": {"accepted": true, "reason": "accepted", "resolved_group": "side=tail_prediction|text=both_have_text", "resolved_level": "level2", "selected_alpha": 0.3, "selected_lambda": 0.1, "text_state": "both_have_text"}, "relation=41|side=tail_prediction|text=missing_text": {"accepted": false, "reason": "missing_text_locked_to_bv1", "resolved_group": "missing_text_lock_fallback", "resolved_level": "level4", "selected_alpha": 0.0, "selected_lambda": 0.25, "text_state": "missing_text"}, "relation=43|side=head_prediction|text=both_have_text": {"accepted": true, "reason": "accepted", "resolved_group": "side=head_prediction|text=both_have_text", "resolved_level": "level2", "selected_alpha": 0.2, "selected_lambda": 0.1, "text_state": "both_have_text"}, "relation=43|side=tail_prediction|text=both_have_text": {"accepted": true, "reason": "accepted", "resolved_group": "side=tail_prediction|text=both_have_text", "resolved_level": "level2", "selected_alpha": 0.3, "selected_lambda": 0.1, "text_state": "both_have_text"}, "relation=44|side=head_prediction|text=both_have_text": {"accepted": true, "reason": "accepted", "resolved_group": "side=head_prediction|text=both_have_text", "resolved_level": "level2", "selected_alpha": 0.2, "selected_lambda": 0.1, "text_state": "both_have_text"}, "relation=44|side=head_prediction|text=missing_text": {"accepted": false, "reason": "missing_text_locked_to_bv1", "resolved_group": "missing_text_lock_fallback", "resolved_level": "level4", "selected_alpha": 0.0, "selected_lambda": 0.25, "text_state": "missing_text"}, "relation=44|side=tail_prediction|text=both_have_text": {"accepted": true, "reason": "accepted", "resolved_group": "side=tail_prediction|text=both_have_text", "resolved_level": "level2", "selected_alpha": 0.3, "selected_lambda": 0.1, "text_state": "both_have_text"}, "relation=44|side=tail_prediction|text=missing_text": {"accepted": false, "reason": "missing_text_locked_to_bv1", "resolved_group": "missing_text_lock_fallback", "resolved_level": "level4", "selected_alpha": 0.0, "selected_lambda": 0.25, "text_state": "missing_text"}, "relation=45|side=head_prediction|text=both_have_text": {"accepted": true, "reason": "accepted", "resolved_group": "side=head_prediction|text=both_have_text", "resolved_level": "level2", "selected_alpha": 0.2, "selected_lambda": 0.1, "text_state": "both_have_text"}, "relation=45|side=head_prediction|text=missing_text": {"accepted": false, "reason": "missing_text_locked_to_bv1", "resolved_group": "missing_text_lock_fallback", "resolved_level": "level4", "selected_alpha": 0.0, "selected_lambda": 0.25, "text_state": "missing_text"}, "relation=45|side=tail_prediction|text=both_have_text": {"accepted": true, "reason": "accepted", "resolved_group": "side=tail_prediction|text=both_have_text", "resolved_level": "level2", "selected_alpha": 0.3, "selected_lambda": 0.1, "text_state": "both_have_text"}, "relation=45|side=tail_prediction|text=missing_text": {"accepted": false, "reason": "missing_text_locked_to_bv1", "resolved_group": "missing_text_lock_fallback", "resolved_level": "level4", "selected_alpha": 0.0, "selected_lambda": 0.25, "text_state": "missing_text"}, "relation=46|side=head_prediction|text=both_have_text": {"accepted": true, "reason": "accepted", "resolved_group": "side=head_prediction|text=both_have_text", "resolved_level": "level2", "selected_alpha": 0.2, "selected_lambda": 0.1, "text_state": "both_have_text"}, "relation=46|side=head_prediction|text=missing_text": {"accepted": false, "reason": "missing_text_locked_to_bv1", "resolved_group": "missing_text_lock_fallback", "resolved_level": "level4", "selected_alpha": 0.0, "selected_lambda": 0.25, "text_state": "missing_text"}, "relation=46|side=tail_prediction|text=both_have_text": {"accepted": true, "reason": "accepted", "resolved_group": "side=tail_prediction|text=both_have_text", "resolved_level": "level2", "selected_alpha": 0.3, "selected_lambda": 0.1, "text_state": "both_have_text"}, "relation=46|side=tail_prediction|text=missing_text": {"accepted": false, "reason": "missing_text_locked_to_bv1", "resolved_group": "missing_text_lock_fallback", "resolved_level": "level4", "selected_alpha": 0.0, "selected_lambda": 0.25, "text_state": "missing_text"}, "relation=48|side=head_prediction|text=both_have_text": {"accepted": true, "reason": "accepted", "resolved_group": "side=head_prediction|text=both_have_text", "resolved_level": "level2", "selected_alpha": 0.2, "selected_lambda": 0.1, "text_state": "both_have_text"}, "relation=48|side=head_prediction|text=missing_text": {"accepted": false, "reason": "missing_text_locked_to_bv1", "resolved_group": "missing_text_lock_fallback", "resolved_level": "level4", "selected_alpha": 0.0, "selected_lambda": 0.25, "text_state": "missing_text"}, "relation=48|side=tail_prediction|text=both_have_text": {"accepted": true, "reason": "accepted", "resolved_group": "side=tail_prediction|text=both_have_text", "resolved_level": "level2", "selected_alpha": 0.3, "selected_lambda": 0.1, "text_state": "both_have_text"}, "relation=48|side=tail_prediction|text=missing_text": {"accepted": false, "reason": "missing_text_locked_to_bv1", "resolved_group": "missing_text_lock_fallback", "resolved_level": "level4", "selected_alpha": 0.0, "selected_lambda": 0.25, "text_state": "missing_text"}, "relation=49|side=head_prediction|text=both_have_text": {"accepted": true, "reason": "accepted", "resolved_group": "side=head_prediction|text=both_have_text", "resolved_level": "level2", "selected_alpha": 0.2, "selected_lambda": 0.1, "text_state": "both_have_text"}, "relation=49|side=head_prediction|text=missing_text": {"accepted": false, "reason": "missing_text_locked_to_bv1", "resolved_group": "missing_text_lock_fallback", "resolved_level": "level4", "selected_alpha": 0.0, "selected_lambda": 0.25, "text_state": "missing_text"}, "relation=49|side=tail_prediction|text=both_have_text": {"accepted": true, "reason": "accepted", "resolved_group": "side=tail_prediction|text=both_have_text", "resolved_level": "level2", "selected_alpha": 0.3, "selected_lambda": 0.1, "text_state": "both_have_text"}, "relation=49|side=tail_prediction|text=missing_text": {"accepted": false, "reason": "missing_text_locked_to_bv1", "resolved_group": "missing_text_lock_fallback", "resolved_level": "level4", "selected_alpha": 0.0, "selected_lambda": 0.25, "text_state": "missing_text"}, "relation=4|side=head_prediction|text=both_have_text": {"accepted": true, "reason": "accepted", "resolved_group": "side=head_prediction|text=both_have_text", "resolved_level": "level2", "selected_alpha": 0.2, "selected_lambda": 0.1, "text_state": "both_have_text"}, "relation=4|side=head_prediction|text=missing_text": {"accepted": false, "reason": "missing_text_locked_to_bv1", "resolved_group": "missing_text_lock_fallback", "resolved_level": "level4", "selected_alpha": 0.0, "selected_lambda": 0.25, "text_state": "missing_text"}, "relation=4|side=tail_prediction|text=both_have_text": {"accepted": true, "reason": "accepted", "resolved_group": "side=tail_prediction|text=both_have_text", "resolved_level": "level2", "selected_alpha": 0.3, "selected_lambda": 0.1, "text_state": "both_have_text"}, "relation=4|side=tail_prediction|text=missing_text": {"accepted": false, "reason": "missing_text_locked_to_bv1", "resolved_group": "missing_text_lock_fallback", "resolved_level": "level4", "selected_alpha": 0.0, "selected_lambda": 0.25, "text_state": "missing_text"}, "relation=50|side=head_prediction|text=both_have_text": {"accepted": true, "reason": "accepted", "resolved_group": "side=head_prediction|text=both_have_text", "resolved_level": "level2", "selected_alpha": 0.2, "selected_lambda": 0.1, "text_state": "both_have_text"}, "relation=50|side=head_prediction|text=missing_text": {"accepted": false, "reason": "missing_text_locked_to_bv1", "resolved_group": "missing_text_lock_fallback", "resolved_level": "level4", "selected_alpha": 0.0, "selected_lambda": 0.25, "text_state": "missing_text"}, "relation=50|side=tail_prediction|text=both_have_text": {"accepted": true, "reason": "accepted", "resolved_group": "side=tail_prediction|text=both_have_text", "resolved_level": "level2", "selected_alpha": 0.3, "selected_lambda": 0.1, "text_state": "both_have_text"}, "relation=50|side=tail_prediction|text=missing_text": {"accepted": false, "reason": "missing_text_locked_to_bv1", "resolved_group": "missing_text_lock_fallback", "resolved_level": "level4", "selected_alpha": 0.0, "selected_lambda": 0.25, "text_state": "missing_text"}, "relation=51|side=head_prediction|text=both_have_text": {"accepted": true, "reason": "accepted", "resolved_group": "side=head_prediction|text=both_have_text", "resolved_level": "level2", "selected_alpha": 0.2, "selected_lambda": 0.1, "text_state": "both_have_text"}, "relation=51|side=head_prediction|text=missing_text": {"accepted": false, "reason": "missing_text_locked_to_bv1", "resolved_group": "missing_text_lock_fallback", "resolved_level": "level4", "selected_alpha": 0.0, "selected_lambda": 0.25, "text_state": "missing_text"}, "relation=51|side=tail_prediction|text=both_have_text": {"accepted": true, "reason": "accepted", "resolved_group": "side=tail_prediction|text=both_have_text", "resolved_level": "level2", "selected_alpha": 0.3, "selected_lambda": 0.1, "text_state": "both_have_text"}, "relation=51|side=tail_prediction|text=missing_text": {"accepted": false, "reason": "missing_text_locked_to_bv1", "resolved_group": "missing_text_lock_fallback", "resolved_level": "level4", "selected_alpha": 0.0, "selected_lambda": 0.25, "text_state": "missing_text"}, "relation=52|side=head_prediction|text=both_have_text": {"accepted": true, "reason": "accepted", "resolved_group": "side=head_prediction|text=both_have_text", "resolved_level": "level2", "selected_alpha": 0.2, "selected_lambda": 0.1, "text_state": "both_have_text"}, "relation=52|side=head_prediction|text=missing_text": {"accepted": false, "reason": "missing_text_locked_to_bv1", "resolved_group": "missing_text_lock_fallback", "resolved_level": "level4", "selected_alpha": 0.0, "selected_lambda": 0.25, "text_state": "missing_text"}, "relation=52|side=tail_prediction|text=both_have_text": {"accepted": true, "reason": "accepted", "resolved_group": "side=tail_prediction|text=both_have_text", "resolved_level": "level2", "selected_alpha": 0.3, "selected_lambda": 0.1, "text_state": "both_have_text"}, "relation=52|side=tail_prediction|text=missing_text": {"accepted": false, "reason": "missing_text_locked_to_bv1", "resolved_group": "missing_text_lock_fallback", "resolved_level": "level4", "selected_alpha": 0.0, "selected_lambda": 0.25, "text_state": "missing_text"}, "relation=53|side=head_prediction|text=both_have_text": {"accepted": true, "reason": "accepted", "resolved_group": "side=head_prediction|text=both_have_text", "resolved_level": "level2", "selected_alpha": 0.2, "selected_lambda": 0.1, "text_state": "both_have_text"}, "relation=53|side=head_prediction|text=missing_text": {"accepted": false, "reason": "missing_text_locked_to_bv1", "resolved_group": "missing_text_lock_fallback", "resolved_level": "level4", "selected_alpha": 0.0, "selected_lambda": 0.25, "text_state": "missing_text"}, "relation=53|side=tail_prediction|text=both_have_text": {"accepted": true, "reason": "accepted", "resolved_group": "side=tail_prediction|text=both_have_text", "resolved_level": "level2", "selected_alpha": 0.3, "selected_lambda": 0.1, "text_state": "both_have_text"}, "relation=53|side=tail_prediction|text=missing_text": {"accepted": false, "reason": "missing_text_locked_to_bv1", "resolved_group": "missing_text_lock_fallback", "resolved_level": "level4", "selected_alpha": 0.0, "selected_lambda": 0.25, "text_state": "missing_text"}, "relation=54|side=head_prediction|text=both_have_text": {"accepted": true, "reason": "accepted", "resolved_group": "side=head_prediction|text=both_have_text", "resolved_level": "level2", "selected_alpha": 0.2, "selected_lambda": 0.1, "text_state": "both_have_text"}, "relation=54|side=tail_prediction|text=both_have_text": {"accepted": true, "reason": "accepted", "resolved_group": "side=tail_prediction|text=both_have_text", "resolved_level": "level2", "selected_alpha": 0.3, "selected_lambda": 0.1, "text_state": "both_have_text"}, "relation=55|side=head_prediction|text=both_have_text": {"accepted": true, "reason": "accepted", "resolved_group": "side=head_prediction|text=both_have_text", "resolved_level": "level2", "selected_alpha": 0.2, "selected_lambda": 0.1, "text_state": "both_have_text"}, "relation=55|side=head_prediction|text=missing_text": {"accepted": false, "reason": "missing_text_locked_to_bv1", "resolved_group": "missing_text_lock_fallback", "resolved_level": "level4", "selected_alpha": 0.0, "selected_lambda": 0.25, "text_state": "missing_text"}, "relation=55|side=tail_prediction|text=both_have_text": {"accepted": true, "reason": "accepted", "resolved_group": "side=tail_prediction|text=both_have_text", "resolved_level": "level2", "selected_alpha": 0.3, "selected_lambda": 0.1, "text_state": "both_have_text"}, "relation=55|side=tail_prediction|text=missing_text": {"accepted": false, "reason": "missing_text_locked_to_bv1", "resolved_group": "missing_text_lock_fallback", "resolved_level": "level4", "selected_alpha": 0.0, "selected_lambda": 0.25, "text_state": "missing_text"}, "relation=56|side=head_prediction|text=both_have_text": {"accepted": true, "reason": "accepted", "resolved_group": "side=head_prediction|text=both_have_text", "resolved_level": "level2", "selected_alpha": 0.2, "selected_lambda": 0.1, "text_state": "both_have_text"}, "relation=56|side=head_prediction|text=missing_text": {"accepted": false, "reason": "missing_text_locked_to_bv1", "resolved_group": "missing_text_lock_fallback", "resolved_level": "level4", "selected_alpha": 0.0, "selected_lambda": 0.25, "text_state": "missing_text"}, "relation=56|side=tail_prediction|text=both_have_text": {"accepted": true, "reason": "accepted", "resolved_group": "side=tail_prediction|text=both_have_text", "resolved_level": "level2", "selected_alpha": 0.3, "selected_lambda": 0.1, "text_state": "both_have_text"}, "relation=56|side=tail_prediction|text=missing_text": {"accepted": false, "reason": "missing_text_locked_to_bv1", "resolved_group": "missing_text_lock_fallback", "resolved_level": "level4", "selected_alpha": 0.0, "selected_lambda": 0.25, "text_state": "missing_text"}, "relation=57|side=head_prediction|text=both_have_text": {"accepted": true, "reason": "accepted", "resolved_group": "side=head_prediction|text=both_have_text", "resolved_level": "level2", "selected_alpha": 0.2, "selected_lambda": 0.1, "text_state": "both_have_text"}, "relation=57|side=head_prediction|text=missing_text": {"accepted": false, "reason": "missing_text_locked_to_bv1", "resolved_group": "missing_text_lock_fallback", "resolved_level": "level4", "selected_alpha": 0.0, "selected_lambda": 0.25, "text_state": "missing_text"}, "relation=57|side=tail_prediction|text=both_have_text": {"accepted": true, "reason": "accepted", "resolved_group": "side=tail_prediction|text=both_have_text", "resolved_level": "level2", "selected_alpha": 0.3, "selected_lambda": 0.1, "text_state": "both_have_text"}, "relation=57|side=tail_prediction|text=missing_text": {"accepted": false, "reason": "missing_text_locked_to_bv1", "resolved_group": "missing_text_lock_fallback", "resolved_level": "level4", "selected_alpha": 0.0, "selected_lambda": 0.25, "text_state": "missing_text"}, "relation=58|side=head_prediction|text=both_have_text": {"accepted": true, "reason": "accepted", "resolved_group": "side=head_prediction|text=both_have_text", "resolved_level": "level2", "selected_alpha": 0.2, "selected_lambda": 0.1, "text_state": "both_have_text"}, "relation=58|side=head_prediction|text=missing_text": {"accepted": false, "reason": "missing_text_locked_to_bv1", "resolved_group": "missing_text_lock_fallback", "resolved_level": "level4", "selected_alpha": 0.0, "selected_lambda": 0.25, "text_state": "missing_text"}, "relation=58|side=tail_prediction|text=both_have_text": {"accepted": true, "reason": "accepted", "resolved_group": "side=tail_prediction|text=both_have_text", "resolved_level": "level2", "selected_alpha": 0.3, "selected_lambda": 0.1, "text_state": "both_have_text"}, "relation=58|side=tail_prediction|text=missing_text": {"accepted": false, "reason": "missing_text_locked_to_bv1", "resolved_group": "missing_text_lock_fallback", "resolved_level": "level4", "selected_alpha": 0.0, "selected_lambda": 0.25, "text_state": "missing_text"}, "relation=59|side=head_prediction|text=both_have_text": {"accepted": true, "reason": "accepted", "resolved_group": "side=head_prediction|text=both_have_text", "resolved_level": "level2", "selected_alpha": 0.2, "selected_lambda": 0.1, "text_state": "both_have_text"}, "relation=59|side=head_prediction|text=missing_text": {"accepted": false, "reason": "missing_text_locked_to_bv1", "resolved_group": "missing_text_lock_fallback", "resolved_level": "level4", "selected_alpha": 0.0, "selected_lambda": 0.25, "text_state": "missing_text"}, "relation=59|side=tail_prediction|text=both_have_text": {"accepted": true, "reason": "accepted", "resolved_group": "side=tail_prediction|text=both_have_text", "resolved_level": "level2", "selected_alpha": 0.3, "selected_lambda": 0.1, "text_state": "both_have_text"}, "relation=59|side=tail_prediction|text=missing_text": {"accepted": false, "reason": "missing_text_locked_to_bv1", "resolved_group": "missing_text_lock_fallback", "resolved_level": "level4", "selected_alpha": 0.0, "selected_lambda": 0.25, "text_state": "missing_text"}, "relation=5|side=head_prediction|text=both_have_text": {"accepted": true, "reason": "accepted", "resolved_group": "relation=5|side=head_prediction|text=both_have_text", "resolved_level": "level1", "selected_alpha": 0.0, "selected_lambda": 0.1, "text_state": "both_have_text"}, "relation=5|side=head_prediction|text=missing_text": {"accepted": false, "reason": "missing_text_locked_to_bv1", "resolved_group": "missing_text_lock_fallback", "resolved_level": "level4", "selected_alpha": 0.0, "selected_lambda": 0.25, "text_state": "missing_text"}, "relation=5|side=tail_prediction|text=both_have_text": {"accepted": true, "reason": "accepted", "resolved_group": "relation=5|side=tail_prediction|text=both_have_text", "resolved_level": "level1", "selected_alpha": 0.3, "selected_lambda": 0.1, "text_state": "both_have_text"}, "relation=5|side=tail_prediction|text=missing_text": {"accepted": false, "reason": "missing_text_locked_to_bv1", "resolved_group": "missing_text_lock_fallback", "resolved_level": "level4", "selected_alpha": 0.0, "selected_lambda": 0.25, "text_state": "missing_text"}, "relation=61|side=head_prediction|text=both_have_text": {"accepted": true, "reason": "accepted", "resolved_group": "side=head_prediction|text=both_have_text", "resolved_level": "level2", "selected_alpha": 0.2, "selected_lambda": 0.1, "text_state": "both_have_text"}, "relation=61|side=head_prediction|text=missing_text": {"accepted": false, "reason": "missing_text_locked_to_bv1", "resolved_group": "missing_text_lock_fallback", "resolved_level": "level4", "selected_alpha": 0.0, "selected_lambda": 0.25, "text_state": "missing_text"}, "relation=61|side=tail_prediction|text=both_have_text": {"accepted": true, "reason": "accepted", "resolved_group": "side=tail_prediction|text=both_have_text", "resolved_level": "level2", "selected_alpha": 0.3, "selected_lambda": 0.1, "text_state": "both_have_text"}, "relation=61|side=tail_prediction|text=missing_text": {"accepted": false, "reason": "missing_text_locked_to_bv1", "resolved_group": "missing_text_lock_fallback", "resolved_level": "level4", "selected_alpha": 0.0, "selected_lambda": 0.25, "text_state": "missing_text"}, "relation=62|side=head_prediction|text=both_have_text": {"accepted": true, "reason": "accepted", "resolved_group": "side=head_prediction|text=both_have_text", "resolved_level": "level2", "selected_alpha": 0.2, "selected_lambda": 0.1, "text_state": "both_have_text"}, "relation=62|side=head_prediction|text=missing_text": {"accepted": false, "reason": "missing_text_locked_to_bv1", "resolved_group": "missing_text_lock_fallback", "resolved_level": "level4", "selected_alpha": 0.0, "selected_lambda": 0.25, "text_state": "missing_text"}, "relation=62|side=tail_prediction|text=both_have_text": {"accepted": true, "reason": "accepted", "resolved_group": "side=tail_prediction|text=both_have_text", "resolved_level": "level2", "selected_alpha": 0.3, "selected_lambda": 0.1, "text_state": "both_have_text"}, "relation=62|side=tail_prediction|text=missing_text": {"accepted": false, "reason": "missing_text_locked_to_bv1", "resolved_group": "missing_text_lock_fallback", "resolved_level": "level4", "selected_alpha": 0.0, "selected_lambda": 0.25, "text_state": "missing_text"}, "relation=64|side=head_prediction|text=both_have_text": {"accepted": true, "reason": "accepted", "resolved_group": "side=head_prediction|text=both_have_text", "resolved_level": "level2", "selected_alpha": 0.2, "selected_lambda": 0.1, "text_state": "both_have_text"}, "relation=64|side=head_prediction|text=missing_text": {"accepted": false, "reason": "missing_text_locked_to_bv1", "resolved_group": "missing_text_lock_fallback", "resolved_level": "level4", "selected_alpha": 0.0, "selected_lambda": 0.25, "text_state": "missing_text"}, "relation=64|side=tail_prediction|text=both_have_text": {"accepted": true, "reason": "accepted", "resolved_group": "side=tail_prediction|text=both_have_text", "resolved_level": "level2", "selected_alpha": 0.3, "selected_lambda": 0.1, "text_state": "both_have_text"}, "relation=64|side=tail_prediction|text=missing_text": {"accepted": false, "reason": "missing_text_locked_to_bv1", "resolved_group": "missing_text_lock_fallback", "resolved_level": "level4", "selected_alpha": 0.0, "selected_lambda": 0.25, "text_state": "missing_text"}, "relation=65|side=head_prediction|text=both_have_text": {"accepted": true, "reason": "accepted", "resolved_group": "side=head_prediction|text=both_have_text", "resolved_level": "level2", "selected_alpha": 0.2, "selected_lambda": 0.1, "text_state": "both_have_text"}, "relation=65|side=head_prediction|text=missing_text": {"accepted": false, "reason": "missing_text_locked_to_bv1", "resolved_group": "missing_text_lock_fallback", "resolved_level": "level4", "selected_alpha": 0.0, "selected_lambda": 0.25, "text_state": "missing_text"}, "relation=65|side=tail_prediction|text=both_have_text": {"accepted": true, "reason": "accepted", "resolved_group": "side=tail_prediction|text=both_have_text", "resolved_level": "level2", "selected_alpha": 0.3, "selected_lambda": 0.1, "text_state": "both_have_text"}, "relation=65|side=tail_prediction|text=missing_text": {"accepted": false, "reason": "missing_text_locked_to_bv1", "resolved_group": "missing_text_lock_fallback", "resolved_level": "level4", "selected_alpha": 0.0, "selected_lambda": 0.25, "text_state": "missing_text"}, "relation=66|side=head_prediction|text=both_have_text": {"accepted": true, "reason": "accepted", "resolved_group": "side=head_prediction|text=both_have_text", "resolved_level": "level2", "selected_alpha": 0.2, "selected_lambda": 0.1, "text_state": "both_have_text"}, "relation=66|side=head_prediction|text=missing_text": {"accepted": false, "reason": "missing_text_locked_to_bv1", "resolved_group": "missing_text_lock_fallback", "resolved_level": "level4", "selected_alpha": 0.0, "selected_lambda": 0.25, "text_state": "missing_text"}, "relation=66|side=tail_prediction|text=both_have_text": {"accepted": true, "reason": "accepted", "resolved_group": "side=tail_prediction|text=both_have_text", "resolved_level": "level2", "selected_alpha": 0.3, "selected_lambda": 0.1, "text_state": "both_have_text"}, "relation=66|side=tail_prediction|text=missing_text": {"accepted": false, "reason": "missing_text_locked_to_bv1", "resolved_group": "missing_text_lock_fallback", "resolved_level": "level4", "selected_alpha": 0.0, "selected_lambda": 0.25, "text_state": "missing_text"}, "relation=67|side=head_prediction|text=both_have_text": {"accepted": true, "reason": "accepted", "resolved_group": "side=head_prediction|text=both_have_text", "resolved_level": "level2", "selected_alpha": 0.2, "selected_lambda": 0.1, "text_state": "both_have_text"}, "relation=67|side=head_prediction|text=missing_text": {"accepted": false, "reason": "missing_text_locked_to_bv1", "resolved_group": "missing_text_lock_fallback", "resolved_level": "level4", "selected_alpha": 0.0, "selected_lambda": 0.25, "text_state": "missing_text"}, "relation=67|side=tail_prediction|text=both_have_text": {"accepted": true, "reason": "accepted", "resolved_group": "side=tail_prediction|text=both_have_text", "resolved_level": "level2", "selected_alpha": 0.3, "selected_lambda": 0.1, "text_state": "both_have_text"}, "relation=67|side=tail_prediction|text=missing_text": {"accepted": false, "reason": "missing_text_locked_to_bv1", "resolved_group": "missing_text_lock_fallback", "resolved_level": "level4", "selected_alpha": 0.0, "selected_lambda": 0.25, "text_state": "missing_text"}, "relation=68|side=head_prediction|text=both_have_text": {"accepted": true, "reason": "accepted", "resolved_group": "side=head_prediction|text=both_have_text", "resolved_level": "level2", "selected_alpha": 0.2, "selected_lambda": 0.1, "text_state": "both_have_text"}, "relation=68|side=tail_prediction|text=both_have_text": {"accepted": true, "reason": "accepted", "resolved_group": "side=tail_prediction|text=both_have_text", "resolved_level": "level2", "selected_alpha": 0.3, "selected_lambda": 0.1, "text_state": "both_have_text"}, "relation=69|side=head_prediction|text=both_have_text": {"accepted": true, "reason": "accepted", "resolved_group": "side=head_prediction|text=both_have_text", "resolved_level": "level2", "selected_alpha": 0.2, "selected_lambda": 0.1, "text_state": "both_have_text"}, "relation=69|side=tail_prediction|text=both_have_text": {"accepted": true, "reason": "accepted", "resolved_group": "side=tail_prediction|text=both_have_text", "resolved_level": "level2", "selected_alpha": 0.3, "selected_lambda": 0.1, "text_state": "both_have_text"}, "relation=6|side=head_prediction|text=both_have_text": {"accepted": true, "reason": "accepted", "resolved_group": "relation=6|side=head_prediction|text=both_have_text", "resolved_level": "level1", "selected_alpha": 0.2, "selected_lambda": 0.1, "text_state": "both_have_text"}, "relation=6|side=head_prediction|text=missing_text": {"accepted": false, "reason": "missing_text_locked_to_bv1", "resolved_group": "missing_text_lock_fallback", "resolved_level": "level4", "selected_alpha": 0.0, "selected_lambda": 0.25, "text_state": "missing_text"}, "relation=6|side=tail_prediction|text=both_have_text": {"accepted": true, "reason": "accepted", "resolved_group": "relation=6|side=tail_prediction|text=both_have_text", "resolved_level": "level1", "selected_alpha": 0.3, "selected_lambda": 0.1, "text_state": "both_have_text"}, "relation=6|side=tail_prediction|text=missing_text": {"accepted": false, "reason": "missing_text_locked_to_bv1", "resolved_group": "missing_text_lock_fallback", "resolved_level": "level4", "selected_alpha": 0.0, "selected_lambda": 0.25, "text_state": "missing_text"}, "relation=71|side=head_prediction|text=both_have_text": {"accepted": true, "reason": "accepted", "resolved_group": "side=head_prediction|text=both_have_text", "resolved_level": "level2", "selected_alpha": 0.2, "selected_lambda": 0.1, "text_state": "both_have_text"}, "relation=71|side=tail_prediction|text=both_have_text": {"accepted": true, "reason": "accepted", "resolved_group": "side=tail_prediction|text=both_have_text", "resolved_level": "level2", "selected_alpha": 0.3, "selected_lambda": 0.1, "text_state": "both_have_text"}, "relation=72|side=head_prediction|text=both_have_text": {"accepted": true, "reason": "accepted", "resolved_group": "side=head_prediction|text=both_have_text", "resolved_level": "level2", "selected_alpha": 0.2, "selected_lambda": 0.1, "text_state": "both_have_text"}, "relation=72|side=head_prediction|text=missing_text": {"accepted": false, "reason": "missing_text_locked_to_bv1", "resolved_group": "missing_text_lock_fallback", "resolved_level": "level4", "selected_alpha": 0.0, "selected_lambda": 0.25, "text_state": "missing_text"}, "relation=72|side=tail_prediction|text=both_have_text": {"accepted": true, "reason": "accepted", "resolved_group": "side=tail_prediction|text=both_have_text", "resolved_level": "level2", "selected_alpha": 0.3, "selected_lambda": 0.1, "text_state": "both_have_text"}, "relation=72|side=tail_prediction|text=missing_text": {"accepted": false, "reason": "missing_text_locked_to_bv1", "resolved_group": "missing_text_lock_fallback", "resolved_level": "level4", "selected_alpha": 0.0, "selected_lambda": 0.25, "text_state": "missing_text"}, "relation=73|side=head_prediction|text=missing_text": {"accepted": false, "reason": "missing_text_locked_to_bv1", "resolved_group": "missing_text_lock_fallback", "resolved_level": "level4", "selected_alpha": 0.0, "selected_lambda": 0.25, "text_state": "missing_text"}, "relation=73|side=tail_prediction|text=missing_text": {"accepted": false, "reason": "missing_text_locked_to_bv1", "resolved_group": "missing_text_lock_fallback", "resolved_level": "level4", "selected_alpha": 0.0, "selected_lambda": 0.25, "text_state": "missing_text"}, "relation=74|side=head_prediction|text=missing_text": {"accepted": false, "reason": "missing_text_locked_to_bv1", "resolved_group": "missing_text_lock_fallback", "resolved_level": "level4", "selected_alpha": 0.0, "selected_lambda": 0.25, "text_state": "missing_text"}, "relation=74|side=tail_prediction|text=missing_text": {"accepted": false, "reason": "missing_text_locked_to_bv1", "resolved_group": "missing_text_lock_fallback", "resolved_level": "level4", "selected_alpha": 0.0, "selected_lambda": 0.25, "text_state": "missing_text"}, "relation=75|side=head_prediction|text=both_have_text": {"accepted": true, "reason": "accepted", "resolved_group": "side=head_prediction|text=both_have_text", "resolved_level": "level2", "selected_alpha": 0.2, "selected_lambda": 0.1, "text_state": "both_have_text"}, "relation=75|side=tail_prediction|text=both_have_text": {"accepted": true, "reason": "accepted", "resolved_group": "side=tail_prediction|text=both_have_text", "resolved_level": "level2", "selected_alpha": 0.3, "selected_lambda": 0.1, "text_state": "both_have_text"}, "relation=77|side=head_prediction|text=both_have_text": {"accepted": true, "reason": "accepted", "resolved_group": "side=head_prediction|text=both_have_text", "resolved_level": "level2", "selected_alpha": 0.2, "selected_lambda": 0.1, "text_state": "both_have_text"}, "relation=77|side=head_prediction|text=missing_text": {"accepted": false, "reason": "missing_text_locked_to_bv1", "resolved_group": "missing_text_lock_fallback", "resolved_level": "level4", "selected_alpha": 0.0, "selected_lambda": 0.25, "text_state": "missing_text"}, "relation=77|side=tail_prediction|text=both_have_text": {"accepted": true, "reason": "accepted", "resolved_group": "side=tail_prediction|text=both_have_text", "resolved_level": "level2", "selected_alpha": 0.3, "selected_lambda": 0.1, "text_state": "both_have_text"}, "relation=77|side=tail_prediction|text=missing_text": {"accepted": false, "reason": "missing_text_locked_to_bv1", "resolved_group": "missing_text_lock_fallback", "resolved_level": "level4", "selected_alpha": 0.0, "selected_lambda": 0.25, "text_state": "missing_text"}, "relation=79|side=head_prediction|text=both_have_text": {"accepted": true, "reason": "accepted", "resolved_group": "side=head_prediction|text=both_have_text", "resolved_level": "level2", "selected_alpha": 0.2, "selected_lambda": 0.1, "text_state": "both_have_text"}, "relation=79|side=tail_prediction|text=both_have_text": {"accepted": true, "reason": "accepted", "resolved_group": "side=tail_prediction|text=both_have_text", "resolved_level": "level2", "selected_alpha": 0.3, "selected_lambda": 0.1, "text_state": "both_have_text"}, "relation=7|side=head_prediction|text=both_have_text": {"accepted": true, "reason": "accepted", "resolved_group": "relation=7|side=head_prediction|text=both_have_text", "resolved_level": "level1", "selected_alpha": 0.3, "selected_lambda": 0.1, "text_state": "both_have_text"}, "relation=7|side=head_prediction|text=missing_text": {"accepted": false, "reason": "missing_text_locked_to_bv1", "resolved_group": "missing_text_lock_fallback", "resolved_level": "level4", "selected_alpha": 0.0, "selected_lambda": 0.25, "text_state": "missing_text"}, "relation=7|side=tail_prediction|text=both_have_text": {"accepted": true, "reason": "accepted", "resolved_group": "relation=7|side=tail_prediction|text=both_have_text", "resolved_level": "level1", "selected_alpha": 0.3, "selected_lambda": 0.1, "text_state": "both_have_text"}, "relation=7|side=tail_prediction|text=missing_text": {"accepted": false, "reason": "missing_text_locked_to_bv1", "resolved_group": "missing_text_lock_fallback", "resolved_level": "level4", "selected_alpha": 0.0, "selected_lambda": 0.25, "text_state": "missing_text"}, "relation=80|side=head_prediction|text=both_have_text": {"accepted": true, "reason": "accepted", "resolved_group": "side=head_prediction|text=both_have_text", "resolved_level": "level2", "selected_alpha": 0.2, "selected_lambda": 0.1, "text_state": "both_have_text"}, "relation=80|side=tail_prediction|text=both_have_text": {"accepted": true, "reason": "accepted", "resolved_group": "side=tail_prediction|text=both_have_text", "resolved_level": "level2", "selected_alpha": 0.3, "selected_lambda": 0.1, "text_state": "both_have_text"}, "relation=81|side=head_prediction|text=both_have_text": {"accepted": true, "reason": "accepted", "resolved_group": "side=head_prediction|text=both_have_text", "resolved_level": "level2", "selected_alpha": 0.2, "selected_lambda": 0.1, "text_state": "both_have_text"}, "relation=81|side=tail_prediction|text=both_have_text": {"accepted": true, "reason": "accepted", "resolved_group": "side=tail_prediction|text=both_have_text", "resolved_level": "level2", "selected_alpha": 0.3, "selected_lambda": 0.1, "text_state": "both_have_text"}, "relation=82|side=head_prediction|text=both_have_text": {"accepted": true, "reason": "accepted", "resolved_group": "side=head_prediction|text=both_have_text", "resolved_level": "level2", "selected_alpha": 0.2, "selected_lambda": 0.1, "text_state": "both_have_text"}, "relation=82|side=tail_prediction|text=both_have_text": {"accepted": true, "reason": "accepted", "resolved_group": "side=tail_prediction|text=both_have_text", "resolved_level": "level2", "selected_alpha": 0.3, "selected_lambda": 0.1, "text_state": "both_have_text"}, "relation=84|side=head_prediction|text=both_have_text": {"accepted": true, "reason": "accepted", "resolved_group": "side=head_prediction|text=both_have_text", "resolved_level": "level2", "selected_alpha": 0.2, "selected_lambda": 0.1, "text_state": "both_have_text"}, "relation=84|side=tail_prediction|text=both_have_text": {"accepted": true, "reason": "accepted", "resolved_group": "side=tail_prediction|text=both_have_text", "resolved_level": "level2", "selected_alpha": 0.3, "selected_lambda": 0.1, "text_state": "both_have_text"}, "relation=86|side=head_prediction|text=both_have_text": {"accepted": true, "reason": "accepted", "resolved_group": "side=head_prediction|text=both_have_text", "resolved_level": "level2", "selected_alpha": 0.2, "selected_lambda": 0.1, "text_state": "both_have_text"}, "relation=86|side=head_prediction|text=missing_text": {"accepted": false, "reason": "missing_text_locked_to_bv1", "resolved_group": "missing_text_lock_fallback", "resolved_level": "level4", "selected_alpha": 0.0, "selected_lambda": 0.25, "text_state": "missing_text"}, "relation=86|side=tail_prediction|text=both_have_text": {"accepted": true, "reason": "accepted", "resolved_group": "side=tail_prediction|text=both_have_text", "resolved_level": "level2", "selected_alpha": 0.3, "selected_lambda": 0.1, "text_state": "both_have_text"}, "relation=86|side=tail_prediction|text=missing_text": {"accepted": false, "reason": "missing_text_locked_to_bv1", "resolved_group": "missing_text_lock_fallback", "resolved_level": "level4", "selected_alpha": 0.0, "selected_lambda": 0.25, "text_state": "missing_text"}, "relation=87|side=head_prediction|text=both_have_text": {"accepted": true, "reason": "accepted", "resolved_group": "side=head_prediction|text=both_have_text", "resolved_level": "level2", "selected_alpha": 0.2, "selected_lambda": 0.1, "text_state": "both_have_text"}, "relation=87|side=head_prediction|text=missing_text": {"accepted": false, "reason": "missing_text_locked_to_bv1", "resolved_group": "missing_text_lock_fallback", "resolved_level": "level4", "selected_alpha": 0.0, "selected_lambda": 0.25, "text_state": "missing_text"}, "relation=87|side=tail_prediction|text=both_have_text": {"accepted": true, "reason": "accepted", "resolved_group": "side=tail_prediction|text=both_have_text", "resolved_level": "level2", "selected_alpha": 0.3, "selected_lambda": 0.1, "text_state": "both_have_text"}, "relation=87|side=tail_prediction|text=missing_text": {"accepted": false, "reason": "missing_text_locked_to_bv1", "resolved_group": "missing_text_lock_fallback", "resolved_level": "level4", "selected_alpha": 0.0, "selected_lambda": 0.25, "text_state": "missing_text"}, "relation=88|side=head_prediction|text=both_have_text": {"accepted": true, "reason": "accepted", "resolved_group": "side=head_prediction|text=both_have_text", "resolved_level": "level2", "selected_alpha": 0.2, "selected_lambda": 0.1, "text_state": "both_have_text"}, "relation=88|side=tail_prediction|text=both_have_text": {"accepted": true, "reason": "accepted", "resolved_group": "side=tail_prediction|text=both_have_text", "resolved_level": "level2", "selected_alpha": 0.3, "selected_lambda": 0.1, "text_state": "both_have_text"}, "relation=89|side=head_prediction|text=both_have_text": {"accepted": true, "reason": "accepted", "resolved_group": "side=head_prediction|text=both_have_text", "resolved_level": "level2", "selected_alpha": 0.2, "selected_lambda": 0.1, "text_state": "both_have_text"}, "relation=89|side=head_prediction|text=missing_text": {"accepted": false, "reason": "missing_text_locked_to_bv1", "resolved_group": "missing_text_lock_fallback", "resolved_level": "level4", "selected_alpha": 0.0, "selected_lambda": 0.25, "text_state": "missing_text"}, "relation=89|side=tail_prediction|text=both_have_text": {"accepted": true, "reason": "accepted", "resolved_group": "side=tail_prediction|text=both_have_text", "resolved_level": "level2", "selected_alpha": 0.3, "selected_lambda": 0.1, "text_state": "both_have_text"}, "relation=89|side=tail_prediction|text=missing_text": {"accepted": false, "reason": "missing_text_locked_to_bv1", "resolved_group": "missing_text_lock_fallback", "resolved_level": "level4", "selected_alpha": 0.0, "selected_lambda": 0.25, "text_state": "missing_text"}, "relation=8|side=head_prediction|text=both_have_text": {"accepted": true, "reason": "accepted", "resolved_group": "relation=8|side=head_prediction|text=both_have_text", "resolved_level": "level1", "selected_alpha": 0.0, "selected_lambda": 0.1, "text_state": "both_have_text"}, "relation=8|side=head_prediction|text=missing_text": {"accepted": false, "reason": "missing_text_locked_to_bv1", "resolved_group": "missing_text_lock_fallback", "resolved_level": "level4", "selected_alpha": 0.0, "selected_lambda": 0.25, "text_state": "missing_text"}, "relation=8|side=tail_prediction|text=both_have_text": {"accepted": true, "reason": "accepted", "resolved_group": "relation=8|side=tail_prediction|text=both_have_text", "resolved_level": "level1", "selected_alpha": 0.0, "selected_lambda": 0.1, "text_state": "both_have_text"}, "relation=8|side=tail_prediction|text=missing_text": {"accepted": false, "reason": "missing_text_locked_to_bv1", "resolved_group": "missing_text_lock_fallback", "resolved_level": "level4", "selected_alpha": 0.0, "selected_lambda": 0.25, "text_state": "missing_text"}, "relation=93|side=head_prediction|text=both_have_text": {"accepted": true, "reason": "accepted", "resolved_group": "side=head_prediction|text=both_have_text", "resolved_level": "level2", "selected_alpha": 0.2, "selected_lambda": 0.1, "text_state": "both_have_text"}, "relation=93|side=head_prediction|text=missing_text": {"accepted": false, "reason": "missing_text_locked_to_bv1", "resolved_group": "missing_text_lock_fallback", "resolved_level": "level4", "selected_alpha": 0.0, "selected_lambda": 0.25, "text_state": "missing_text"}, "relation=93|side=tail_prediction|text=both_have_text": {"accepted": true, "reason": "accepted", "resolved_group": "side=tail_prediction|text=both_have_text", "resolved_level": "level2", "selected_alpha": 0.3, "selected_lambda": 0.1, "text_state": "both_have_text"}, "relation=93|side=tail_prediction|text=missing_text": {"accepted": false, "reason": "missing_text_locked_to_bv1", "resolved_group": "missing_text_lock_fallback", "resolved_level": "level4", "selected_alpha": 0.0, "selected_lambda": 0.25, "text_state": "missing_text"}, "relation=94|side=head_prediction|text=both_have_text": {"accepted": true, "reason": "accepted", "resolved_group": "side=head_prediction|text=both_have_text", "resolved_level": "level2", "selected_alpha": 0.2, "selected_lambda": 0.1, "text_state": "both_have_text"}, "relation=94|side=tail_prediction|text=both_have_text": {"accepted": true, "reason": "accepted", "resolved_group": "side=tail_prediction|text=both_have_text", "resolved_level": "level2", "selected_alpha": 0.3, "selected_lambda": 0.1, "text_state": "both_have_text"}, "relation=9|side=head_prediction|text=both_have_text": {"accepted": true, "reason": "accepted", "resolved_group": "relation=9|side=head_prediction|text=both_have_text", "resolved_level": "level1", "selected_alpha": 0.2, "selected_lambda": 0.1, "text_state": "both_have_text"}, "relation=9|side=head_prediction|text=missing_text": {"accepted": false, "reason": "missing_text_locked_to_bv1", "resolved_group": "missing_text_lock_fallback", "resolved_level": "level4", "selected_alpha": 0.0, "selected_lambda": 0.25, "text_state": "missing_text"}, "relation=9|side=tail_prediction|text=both_have_text": {"accepted": false, "reason": "pareto_safe_rejected", "resolved_group": "relation=9|side=tail_prediction|text=both_have_text", "resolved_level": "level1", "selected_alpha": 0.0, "selected_lambda": 0.25, "text_state": "both_have_text"}, "relation=9|side=tail_prediction|text=missing_text": {"accepted": false, "reason": "missing_text_locked_to_bv1", "resolved_group": "missing_text_lock_fallback", "resolved_level": "level4", "selected_alpha": 0.0, "selected_lambda": 0.25, "text_state": "missing_text"}}, "entity_count": 15000, "fallback_alpha": 0.0, "fallback_lambda": 0.25, "global_selected_config": null, "group_records": {"level1": {"relation=0|side=head_prediction|text=both_have_text": {"accepted": true, "fallback_alpha": 0.0, "fallback_lambda": 0.25, "fallback_valid_metrics": {"hit1": 0.03927986906710311, "hit10": 0.13747954173486088, "hit3": 0.08346972176759411, "mr": 1198.3666121112929, "mrr": 0.07422444517525272, "query_count": 611}, "group": "relation=0|side=head_prediction|text=both_have_text", "level": "level1", "query_count": 611, "reason": "accepted", "selected_alpha": 0.1, "selected_lambda": 0.1, "selected_valid_metrics": {"hit1": 0.04746317512274959, "hit10": 0.14566284779050737, "hit3": 0.09165302782324058, "mr": 1153.7430441898528, "mrr": 0.08025001410574709, "query_count": 611}, "text_state": "both_have_text", "valid_mrr_delta_vs_bv1": 0.006025568930494371}, "relation=0|side=head_prediction|text=missing_text": {"accepted": false, "fallback_alpha": 0.0, "fallback_lambda": 0.25, "fallback_valid_metrics": {"hit1": 0.03211009174311927, "hit10": 0.0871559633027523, "hit3": 0.05963302752293578, "mr": 968.6788990825688, "mrr": 0.05672929346853521, "query_count": 218}, "group": "relation=0|side=head_prediction|text=missing_text", "level": "level1", "lock_missing_text": true, "query_count": 218, "reason": "missing_text_locked_to_bv1", "selected_alpha": 0.0, "selected_lambda": 0.25, "selected_valid_metrics": {"hit1": 0.03211009174311927, "hit10": 0.0871559633027523, "hit3": 0.05963302752293578, "mr": 968.6788990825688, "mrr": 0.05672929346853521, "query_count": 218}, "text_state": "missing_text", "valid_mrr_delta_vs_bv1": 0.0}, "relation=0|side=tail_prediction|text=both_have_text": {"accepted": true, "fallback_alpha": 0.0, "fallback_lambda": 0.25, "fallback_valid_metrics": {"hit1": 0.07855973813420622, "hit10": 0.24222585924713586, "hit3": 0.14893617021276595, "mr": 334.3240589198036, "mrr": 0.13649050578272195, "query_count": 611}, "group": "relation=0|side=tail_prediction|text=both_have_text", "level": "level1", "query_count": 611, "reason": "accepted", "selected_alpha": 0.2, "selected_lambda": 0.1, "selected_valid_metrics": {"hit1": 0.08346972176759411, "hit10": 0.24877250409165302, "hit3": 0.14729950900163666, "mr": 317.494271685761, "mrr": 0.1409593809078547, "query_count": 611}, "text_state": "both_have_text", "valid_mrr_delta_vs_bv1": 0.0044688751251327485}, "relation=0|side=tail_prediction|text=missing_text": {"accepted": false, "fallback_alpha": 0.0, "fallback_lambda": 0.25, "fallback_valid_metrics": {"hit1": 0.07339449541284404, "hit10": 0.23394495412844038, "hit3": 0.12844036697247707, "mr": 261.89908256880733, "mrr": 0.13051640123511307, "query_count": 218}, "group": "relation=0|side=tail_prediction|text=missing_text", "level": "level1", "lock_missing_text": true, "query_count": 218, "reason": "missing_text_locked_to_bv1", "selected_alpha": 0.0, "selected_lambda": 0.25, "selected_valid_metrics": {"hit1": 0.07339449541284404, "hit10": 0.23394495412844038, "hit3": 0.12844036697247707, "mr": 261.89908256880733, "mrr": 0.13051640123511307, "query_count": 218}, "text_state": "missing_text", "valid_mrr_delta_vs_bv1": 0.0}, "relation=100|side=head_prediction|text=missing_text": {"accepted": false, "fallback_alpha": 0.0, "fallback_lambda": 0.25, "fallback_valid_metrics": {"hit1": 0.0, "hit10": 0.0, "hit3": 0.0, "mr": 29.0, "mrr": 0.034482758620689655, "query_count": 1}, "group": "relation=100|side=head_prediction|text=missing_text", "level": "level1", "lock_missing_text": true, "query_count": 1, "reason": "missing_text_locked_to_bv1", "selected_alpha": 0.0, "selected_lambda": 0.25, "selected_valid_metrics": {"hit1": 0.0, "hit10": 0.0, "hit3": 0.0, "mr": 29.0, "mrr": 0.034482758620689655, "query_count": 1}, "text_state": "missing_text", "valid_mrr_delta_vs_bv1": 0.0}, "relation=100|side=tail_prediction|text=missing_text": {"accepted": false, "fallback_alpha": 0.0, "fallback_lambda": 0.25, "fallback_valid_metrics": {"hit1": 0.0, "hit10": 1.0, "hit3": 1.0, "mr": 3.0, "mrr": 0.3333333333333333, "query_count": 1}, "group": "relation=100|side=tail_prediction|text=missing_text", "level": "level1", "lock_missing_text": true, "query_count": 1, "reason": "missing_text_locked_to_bv1", "selected_alpha": 0.0, "selected_lambda": 0.25, "selected_valid_metrics": {"hit1": 0.0, "hit10": 1.0, "hit3": 1.0, "mr": 3.0, "mrr": 0.3333333333333333, "query_count": 1}, "text_state": "missing_text", "valid_mrr_delta_vs_bv1": 0.0}, "relation=101|side=head_prediction|text=missing_text": {"accepted": false, "fallback_alpha": 0.0, "fallback_lambda": 0.25, "fallback_valid_metrics": {"hit1": 1.0, "hit10": 1.0, "hit3": 1.0, "mr": 1.0, "mrr": 1.0, "query_count": 1}, "group": "relation=101|side=head_prediction|text=missing_text", "level": "level1", "lock_missing_text": true, "query_count": 1, "reason": "missing_text_locked_to_bv1", "selected_alpha": 0.0, "selected_lambda": 0.25, "selected_valid_metrics": {"hit1": 1.0, "hit10": 1.0, "hit3": 1.0, "mr": 1.0, "mrr": 1.0, "query_count": 1}, "text_state": "missing_text", "valid_mrr_delta_vs_bv1": 0.0}, "relation=101|side=tail_prediction|text=missing_text": {"accepted": false, "fallback_alpha": 0.0, "fallback_lambda": 0.25, "fallback_valid_metrics": {"hit1": 0.0, "hit10": 0.0, "hit3": 0.0, "mr": 15.0, "mrr": 0.06666666666666667, "query_count": 1}, "group": "relation=101|side=tail_prediction|text=missing_text", "level": "level1", "lock_missing_text": true, "query_count": 1, "reason": "missing_text_locked_to_bv1", "selected_alpha": 0.0, "selected_lambda": 0.25, "selected_valid_metrics": {"hit1": 0.0, "hit10": 0.0, "hit3": 0.0, "mr": 15.0, "mrr": 0.06666666666666667, "query_count": 1}, "text_state": "missing_text", "valid_mrr_delta_vs_bv1": 0.0}, "relation=104|side=head_prediction|text=both_have_text": {"accepted": false, "fallback_alpha": 0.0, "fallback_lambda": 0.25, "fallback_valid_metrics": {"hit1": 0.0, "hit10": 0.8333333333333334, "hit3": 0.8333333333333334, "mr": 2437.8333333333335, "mrr": 0.3889002919175333, "query_count": 6}, "group": "relation=104|side=head_prediction|text=both_have_text", "level": "level1", "query_count": 6, "reason": "insufficient_validation_queries", "selected_alpha": null, "selected_lambda": null, "text_state": "both_have_text"}, "relation=104|side=head_prediction|text=missing_text": {"accepted": false, "fallback_alpha": 0.0, "fallback_lambda": 0.25, "fallback_valid_metrics": {"hit1": 0.0, "hit10": 0.0, "hit3": 0.0, "mr": 1660.0, "mrr": 0.0006024096385542169, "query_count": 1}, "group": "relation=104|side=head_prediction|text=missing_text", "level": "level1", "lock_missing_text": true, "query_count": 1, "reason": "missing_text_locked_to_bv1", "selected_alpha": 0.0, "selected_lambda": 0.25, "selected_valid_metrics": {"hit1": 0.0, "hit10": 0.0, "hit3": 0.0, "mr": 1660.0, "mrr": 0.0006024096385542169, "query_count": 1}, "text_state": "missing_text", "valid_mrr_delta_vs_bv1": 0.0}, "relation=104|side=tail_prediction|text=both_have_text": {"accepted": false, "fallback_alpha": 0.0, "fallback_lambda": 0.25, "fallback_valid_metrics": {"hit1": 0.0, "hit10": 0.8333333333333334, "hit3": 0.6666666666666666, "mr": 833.1666666666666, "mrr": 0.37503342022592073, "query_count": 6}, "group": "relation=104|side=tail_prediction|text=both_have_text", "level": "level1", "query_count": 6, "reason": "insufficient_validation_queries", "selected_alpha": null, "selected_lambda": null, "text_state": "both_have_text"}, "relation=104|side=tail_prediction|text=missing_text": {"accepted": false, "fallback_alpha": 0.0, "fallback_lambda": 0.25, "fallback_valid_metrics": {"hit1": 0.0, "hit10": 0.0, "hit3": 0.0, "mr": 2365.0, "mrr": 0.00042283298097251583, "query_count": 1}, "group": "relation=104|side=tail_prediction|text=missing_text", "level": "level1", "lock_missing_text": true, "query_count": 1, "reason": "missing_text_locked_to_bv1", "selected_alpha": 0.0, "selected_lambda": 0.25, "selected_valid_metrics": {"hit1": 0.0, "hit10": 0.0, "hit3": 0.0, "mr": 2365.0, "mrr": 0.00042283298097251583, "query_count": 1}, "text_state": "missing_text", "valid_mrr_delta_vs_bv1": 0.0}, "relation=105|side=head_prediction|text=both_have_text": {"accepted": false, "fallback_alpha": 0.0, "fallback_lambda": 0.25, "fallback_valid_metrics": {"hit1": 0.0, "hit10": 0.0, "hit3": 0.0, "mr": 14512.0, "mrr": 6.89084895259096e-05, "query_count": 1}, "group": "relation=105|side=head_prediction|text=both_have_text", "level": "level1", "query_count": 1, "reason": "insufficient_validation_queries", "selected_alpha": null, "selected_lambda": null, "text_state": "both_have_text"}, "relation=105|side=tail_prediction|text=both_have_text": {"accepted": false, "fallback_alpha": 0.0, "fallback_lambda": 0.25, "fallback_valid_metrics": {"hit1": 1.0, "hit10": 1.0, "hit3": 1.0, "mr": 1.0, "mrr": 1.0, "query_count": 1}, "group": "relation=105|side=tail_prediction|text=both_have_text", "level": "level1", "query_count": 1, "reason": "insufficient_validation_queries", "selected_alpha": null, "selected_lambda": null, "text_state": "both_have_text"}, "relation=107|side=head_prediction|text=both_have_text": {"accepted": false, "fallback_alpha": 0.0, "fallback_lambda": 0.25, "fallback_valid_metrics": {"hit1": 0.0, "hit10": 0.0, "hit3": 0.0, "mr": 700.5, "mrr": 0.0014430088743500797, "query_count": 2}, "group": "relation=107|side=head_prediction|text=both_have_text", "level": "level1", "query_count": 2, "reason": "insufficient_validation_queries", "selected_alpha": null, "selected_lambda": null, "text_state": "both_have_text"}, "relation=107|side=head_prediction|text=missing_text": {"accepted": false, "fallback_alpha": 0.0, "fallback_lambda": 0.25, "fallback_valid_metrics": {"hit1": 0.0, "hit10": 0.0, "hit3": 0.0, "mr": 741.0, "mrr": 0.001349527665317139, "query_count": 1}, "group": "relation=107|side=head_prediction|text=missing_text", "level": "level1", "lock_missing_text": true, "query_count": 1, "reason": "missing_text_locked_to_bv1", "selected_alpha": 0.0, "selected_lambda": 0.25, "selected_valid_metrics": {"hit1": 0.0, "hit10": 0.0, "hit3": 0.0, "mr": 741.0, "mrr": 0.001349527665317139, "query_count": 1}, "text_state": "missing_text", "valid_mrr_delta_vs_bv1": 0.0}, "relation=107|side=tail_prediction|text=both_have_text": {"accepted": false, "fallback_alpha": 0.0, "fallback_lambda": 0.25, "fallback_valid_metrics": {"hit1": 0.0, "hit10": 0.0, "hit3": 0.0, "mr": 133.0, "mrr": 0.010890035208384509, "query_count": 2}, "group": "relation=107|side=tail_prediction|text=both_have_text", "level": "level1", "query_count": 2, "reason": "insufficient_validation_queries", "selected_alpha": null, "selected_lambda": null, "text_state": "both_have_text"}, "relation=107|side=tail_prediction|text=missing_text": {"accepted": false, "fallback_alpha": 0.0, "fallback_lambda": 0.25, "fallback_valid_metrics": {"hit1": 0.0, "hit10": 0.0, "hit3": 0.0, "mr": 212.0, "mrr": 0.0047169811320754715, "query_count": 1}, "group": "relation=107|side=tail_prediction|text=missing_text", "level": "level1", "lock_missing_text": true, "query_count": 1, "reason": "missing_text_locked_to_bv1", "selected_alpha": 0.0, "selected_lambda": 0.25, "selected_valid_metrics": {"hit1": 0.0, "hit10": 0.0, "hit3": 0.0, "mr": 212.0, "mrr": 0.0047169811320754715, "query_count": 1}, "text_state": "missing_text", "valid_mrr_delta_vs_bv1": 0.0}, "relation=109|side=head_prediction|text=missing_text": {"accepted": false, "fallback_alpha": 0.0, "fallback_lambda": 0.25, "fallback_valid_metrics": {"hit1": 0.0, "hit10": 0.0, "hit3": 0.0, "mr": 13941.0, "mrr": 7.17308657915501e-05, "query_count": 1}, "group": "relation=109|side=head_prediction|text=missing_text", "level": "level1", "lock_missing_text": true, "query_count": 1, "reason": "missing_text_locked_to_bv1", "selected_alpha": 0.0, "selected_lambda": 0.25, "selected_valid_metrics": {"hit1": 0.0, "hit10": 0.0, "hit3": 0.0, "mr": 13941.0, "mrr": 7.17308657915501e-05, "query_count": 1}, "text_state": "missing_text", "valid_mrr_delta_vs_bv1": 0.0}, "relation=109|side=tail_prediction|text=missing_text": {"accepted": false, "fallback_alpha": 0.0, "fallback_lambda": 0.25, "fallback_valid_metrics": {"hit1": 0.0, "hit10": 0.0, "hit3": 0.0, "mr": 259.0, "mrr": 0.003861003861003861, "query_count": 1}, "group": "relation=109|side=tail_prediction|text=missing_text", "level": "level1", "lock_missing_text": true, "query_count": 1, "reason": "missing_text_locked_to_bv1", "selected_alpha": 0.0, "selected_lambda": 0.25, "selected_valid_metrics": {"hit1": 0.0, "hit10": 0.0, "hit3": 0.0, "mr": 259.0, "mrr": 0.003861003861003861, "query_count": 1}, "text_state": "missing_text", "valid_mrr_delta_vs_bv1": 0.0}, "relation=10|side=head_prediction|text=both_have_text": {"accepted": false, "fallback_alpha": 0.0, "fallback_lambda": 0.25, "fallback_valid_metrics": {"hit1": 0.0, "hit10": 0.09523809523809523, "hit3": 0.047619047619047616, "mr": 1582.6666666666667, "mrr": 0.031374599011321766, "query_count": 21}, "group": "relation=10|side=head_prediction|text=both_have_text", "level": "level1", "query_count": 21, "reason": "insufficient_validation_queries", "selected_alpha": null, "selected_lambda": null, "text_state": "both_have_text"}, "relation=10|side=head_prediction|text=missing_text": {"accepted": false, "fallback_alpha": 0.0, "fallback_lambda": 0.25, "fallback_valid_metrics": {"hit1": 0.047619047619047616, "hit10": 0.3333333333333333, "hit3": 0.19047619047619047, "mr": 689.7142857142857, "mrr": 0.14144628706986193, "query_count": 21}, "group": "relation=10|side=head_prediction|text=missing_text", "level": "level1", "lock_missing_text": true, "query_count": 21, "reason": "missing_text_locked_to_bv1", "selected_alpha": 0.0, "selected_lambda": 0.25, "selected_valid_metrics": {"hit1": 0.047619047619047616, "hit10": 0.3333333333333333, "hit3": 0.19047619047619047, "mr": 689.7142857142857, "mrr": 0.14144628706986193, "query_count": 21}, "text_state": "missing_text", "valid_mrr_delta_vs_bv1": 0.0}, "relation=10|side=tail_prediction|text=both_have_text": {"accepted": false, "fallback_alpha": 0.0, "fallback_lambda": 0.25, "fallback_valid_metrics": {"hit1": 0.3333333333333333, "hit10": 0.7142857142857143, "hit3": 0.47619047619047616, "mr": 18.952380952380953, "mrr": 0.4349861714786643, "query_count": 21}, "group": "relation=10|side=tail_prediction|text=both_have_text", "level": "level1", "query_count": 21, "reason": "insufficient_validation_queries", "selected_alpha": null, "selected_lambda": null, "text_state": "both_have_text"}, "relation=10|side=tail_prediction|text=missing_text": {"accepted": false, "fallback_alpha": 0.0, "fallback_lambda": 0.25, "fallback_valid_metrics": {"hit1": 0.6190476190476191, "hit10": 0.8571428571428571, "hit3": 0.8571428571428571, "mr": 4.857142857142857, "mrr": 0.72800319073611, "query_count": 21}, "group": "relation=10|side=tail_prediction|text=missing_text", "level": "level1", "lock_missing_text": true, "query_count": 21, "reason": "missing_text_locked_to_bv1", "selected_alpha": 0.0, "selected_lambda": 0.25, "selected_valid_metrics": {"hit1": 0.6190476190476191, "hit10": 0.8571428571428571, "hit3": 0.8571428571428571, "mr": 4.857142857142857, "mrr": 0.72800319073611, "query_count": 21}, "text_state": "missing_text", "valid_mrr_delta_vs_bv1": 0.0}, "relation=112|side=head_prediction|text=both_have_text": {"accepted": false, "fallback_alpha": 0.0, "fallback_lambda": 0.25, "fallback_valid_metrics": {"hit1": 0.0, "hit10": 0.0, "hit3": 0.0, "mr": 24.0, "mrr": 0.041666666666666664, "query_count": 1}, "group": "relation=112|side=head_prediction|text=both_have_text", "level": "level1", "query_count": 1, "reason": "insufficient_validation_queries", "selected_alpha": null, "selected_lambda": null, "text_state": "both_have_text"}, "relation=112|side=tail_prediction|text=both_have_text": {"accepted": false, "fallback_alpha": 0.0, "fallback_lambda": 0.25, "fallback_valid_metrics": {"hit1": 1.0, "hit10": 1.0, "hit3": 1.0, "mr": 1.0, "mrr": 1.0, "query_count": 1}, "group": "relation=112|side=tail_prediction|text=both_have_text", "level": "level1", "query_count": 1, "reason": "insufficient_validation_queries", "selected_alpha": null, "selected_lambda": null, "text_state": "both_have_text"}, "relation=114|side=head_prediction|text=both_have_text": {"accepted": false, "fallback_alpha": 0.0, "fallback_lambda": 0.25, "fallback_valid_metrics": {"hit1": 0.0, "hit10": 0.0, "hit3": 0.0, "mr": 27.0, "mrr": 0.037037037037037035, "query_count": 1}, "group": "relation=114|side=head_prediction|text=both_have_text", "level": "level1", "query_count": 1, "reason": "insufficient_validation_queries", "selected_alpha": null, "selected_lambda": null, "text_state": "both_have_text"}, "relation=114|side=tail_prediction|text=both_have_text": {"accepted": false, "fallback_alpha": 0.0, "fallback_lambda": 0.25, "fallback_valid_metrics": {"hit1": 0.0, "hit10": 0.0, "hit3": 0.0, "mr": 39.0, "mrr": 0.02564102564102564, "query_count": 1}, "group": "relation=114|side=tail_prediction|text=both_have_text", "level": "level1", "query_count": 1, "reason": "insufficient_validation_queries", "selected_alpha": null, "selected_lambda": null, "text_state": "both_have_text"}, "relation=116|side=head_prediction|text=both_have_text": {"accepted": false, "fallback_alpha": 0.0, "fallback_lambda": 0.25, "fallback_valid_metrics": {"hit1": 0.0, "hit10": 0.0, "hit3": 0.0, "mr": 4291.0, "mrr": 0.00023304591004427873, "query_count": 1}, "group": "relation=116|side=head_prediction|text=both_have_text", "level": "level1", "query_count": 1, "reason": "insufficient_validation_queries", "selected_alpha": null, "selected_lambda": null, "text_state": "both_have_text"}, "relation=116|side=tail_prediction|text=both_have_text": {"accepted": false, "fallback_alpha": 0.0, "fallback_lambda": 0.25, "fallback_valid_metrics": {"hit1": 0.0, "hit10": 0.0, "hit3": 0.0, "mr": 848.0, "mrr": 0.0011792452830188679, "query_count": 1}, "group": "relation=116|side=tail_prediction|text=both_have_text", "level": "level1", "query_count": 1, "reason": "insufficient_validation_queries", "selected_alpha": null, "selected_lambda": null, "text_state": "both_have_text"}, "relation=117|side=head_prediction|text=both_have_text": {"accepted": false, "fallback_alpha": 0.0, "fallback_lambda": 0.25, "fallback_valid_metrics": {"hit1": 0.0, "hit10": 0.0, "hit3": 0.0, "mr": 60.0, "mrr": 0.016666666666666666, "query_count": 1}, "group": "relation=117|side=head_prediction|text=both_have_text", "level": "level1", "query_count": 1, "reason": "insufficient_validation_queries", "selected_alpha": null, "selected_lambda": null, "text_state": "both_have_text"}, "relation=117|side=tail_prediction|text=both_have_text": {"accepted": false, "fallback_alpha": 0.0, "fallback_lambda": 0.25, "fallback_valid_metrics": {"hit1": 0.0, "hit10": 0.0, "hit3": 0.0, "mr": 12453.0, "mrr": 8.030193527664017e-05, "query_count": 1}, "group": "relation=117|side=tail_prediction|text=both_have_text", "level": "level1", "query_count": 1, "reason": "insufficient_validation_queries", "selected_alpha": null, "selected_lambda": null, "text_state": "both_have_text"}, "relation=11|side=head_prediction|text=both_have_text": {"accepted": true, "fallback_alpha": 0.0, "fallback_lambda": 0.25, "fallback_valid_metrics": {"hit1": 0.04878048780487805, "hit10": 0.14634146341463414, "hit3": 0.056910569105691054, "mr": 996.1382113821138, "mrr": 0.07538208422263658, "query_count": 123}, "group": "relation=11|side=head_prediction|text=both_have_text", "level": "level1", "query_count": 123, "reason": "accepted", "selected_alpha": 0.1, "selected_lambda": 0.1, "selected_valid_metrics": {"hit1": 0.04878048780487805, "hit10": 0.15447154471544716, "hit3": 0.06504065040650407, "mr": 961.0731707317074, "mrr": 0.07897973015383514, "query_count": 123}, "text_state": "both_have_text", "valid_mrr_delta_vs_bv1": 0.0035976459311985592}, "relation=11|side=head_prediction|text=missing_text": {"accepted": false, "fallback_alpha": 0.0, "fallback_lambda": 0.25, "fallback_valid_metrics": {"hit1": 0.03636363636363636, "hit10": 0.18181818181818182, "hit3": 0.10909090909090909, "mr": 1123.3636363636363, "mrr": 0.08961912377194037, "query_count": 55}, "group": "relation=11|side=head_prediction|text=missing_text", "level": "level1", "lock_missing_text": true, "query_count": 55, "reason": "missing_text_locked_to_bv1", "selected_alpha": 0.0, "selected_lambda": 0.25, "selected_valid_metrics": {"hit1": 0.03636363636363636, "hit10": 0.18181818181818182, "hit3": 0.10909090909090909, "mr": 1123.3636363636363, "mrr": 0.08961912377194037, "query_count": 55}, "text_state": "missing_text", "valid_mrr_delta_vs_bv1": 0.0}, "relation=11|side=tail_prediction|text=both_have_text": {"accepted": true, "fallback_alpha": 0.0, "fallback_lambda": 0.25, "fallback_valid_metrics": {"hit1": 0.21951219512195122, "hit10": 0.5365853658536586, "hit3": 0.3252032520325203, "mr": 75.90243902439025, "mrr": 0.3205575269040467, "query_count": 123}, "group": "relation=11|side=tail_prediction|text=both_have_text", "level": "level1", "query_count": 123, "reason": "accepted", "selected_alpha": 0.0, "selected_lambda": 0.1, "selected_valid_metrics": {"hit1": 0.21951219512195122, "hit10": 0.5853658536585366, "hit3": 0.3333333333333333, "mr": 72.6910569105691, "mrr": 0.32853128502146056, "query_count": 123}, "text_state": "both_have_text", "valid_mrr_delta_vs_bv1": 0.007973758117413854}, "relation=11|side=tail_prediction|text=missing_text": {"accepted": false, "fallback_alpha": 0.0, "fallback_lambda": 0.25, "fallback_valid_metrics": {"hit1": 0.2727272727272727, "hit10": 0.5454545454545454, "hit3": 0.41818181818181815, "mr": 517.1636363636363, "mrr": 0.36317068323095425, "query_count": 55}, "group": "relation=11|side=tail_prediction|text=missing_text", "level": "level1", "lock_missing_text": true, "query_count": 55, "reason": "missing_text_locked_to_bv1", "selected_alpha": 0.0, "selected_lambda": 0.25, "selected_valid_metrics": {"hit1": 0.2727272727272727, "hit10": 0.5454545454545454, "hit3": 0.41818181818181815, "mr": 517.1636363636363, "mrr": 0.36317068323095425, "query_count": 55}, "text_state": "missing_text", "valid_mrr_delta_vs_bv1": 0.0}, "relation=123|side=head_prediction|text=both_have_text": {"accepted": false, "fallback_alpha": 0.0, "fallback_lambda": 0.25, "fallback_valid_metrics": {"hit1": 0.0, "hit10": 0.0, "hit3": 0.0, "mr": 14892.0, "mrr": 6.715014773032501e-05, "query_count": 1}, "group": "relation=123|side=head_prediction|text=both_have_text", "level": "level1", "query_count": 1, "reason": "insufficient_validation_queries", "selected_alpha": null, "selected_lambda": null, "text_state": "both_have_text"}, "relation=123|side=tail_prediction|text=both_have_text": {"accepted": false, "fallback_alpha": 0.0, "fallback_lambda": 0.25, "fallback_valid_metrics": {"hit1": 0.0, "hit10": 0.0, "hit3": 0.0, "mr": 7290.0, "mrr": 0.00013717421124828533, "query_count": 1}, "group": "relation=123|side=tail_prediction|text=both_have_text", "level": "level1", "query_count": 1, "reason": "insufficient_validation_queries", "selected_alpha": null, "selected_lambda": null, "text_state": "both_have_text"}, "relation=127|side=head_prediction|text=both_have_text": {"accepted": false, "fallback_alpha": 0.0, "fallback_lambda": 0.25, "fallback_valid_metrics": {"hit1": 0.5, "hit10": 0.5, "hit3": 0.5, "mr": 3191.0, "mrr": 0.5000783576241968, "query_count": 2}, "group": "relation=127|side=head_prediction|text=both_have_text", "level": "level1", "query_count": 2, "reason": "insufficient_validation_queries", "selected_alpha": null, "selected_lambda": null, "text_state": "both_have_text"}, "relation=127|side=tail_prediction|text=both_have_text": {"accepted": false, "fallback_alpha": 0.0, "fallback_lambda": 0.25, "fallback_valid_metrics": {"hit1": 1.0, "hit10": 1.0, "hit3": 1.0, "mr": 1.0, "mrr": 1.0, "query_count": 2}, "group": "relation=127|side=tail_prediction|text=both_have_text", "level": "level1", "query_count": 2, "reason": "insufficient_validation_queries", "selected_alpha": null, "selected_lambda": null, "text_state": "both_have_text"}, "relation=12|side=head_prediction|text=both_have_text": {"accepted": false, "fallback_alpha": 0.0, "fallback_lambda": 0.25, "fallback_valid_metrics": {"hit1": 0.0, "hit10": 0.0625, "hit3": 0.0625, "mr": 3765.125, "mrr": 0.027731068606139598, "query_count": 16}, "group": "relation=12|side=head_prediction|text=both_have_text", "level": "level1", "query_count": 16, "reason": "insufficient_validation_queries", "selected_alpha": null, "selected_lambda": null, "text_state": "both_have_text"}, "relation=12|side=head_prediction|text=missing_text": {"accepted": false, "fallback_alpha": 0.0, "fallback_lambda": 0.25, "fallback_valid_metrics": {"hit1": 0.0, "hit10": 0.0, "hit3": 0.0, "mr": 1797.5, "mrr": 0.0006500433964993491, "query_count": 2}, "group": "relation=12|side=head_prediction|text=missing_text", "level": "level1", "lock_missing_text": true, "query_count": 2, "reason": "missing_text_locked_to_bv1", "selected_alpha": 0.0, "selected_lambda": 0.25, "selected_valid_metrics": {"hit1": 0.0, "hit10": 0.0, "hit3": 0.0, "mr": 1797.5, "mrr": 0.0006500433964993491, "query_count": 2}, "text_state": "missing_text", "valid_mrr_delta_vs_bv1": 0.0}, "relation=12|side=tail_prediction|text=both_have_text": {"accepted": false, "fallback_alpha": 0.0, "fallback_lambda": 0.25, "fallback_valid_metrics": {"hit1": 0.125, "hit10": 0.8125, "hit3": 0.4375, "mr": 33.9375, "mrr": 0.32407298665832673, "query_count": 16}, "group": "relation=12|side=tail_prediction|text=both_have_text", "level": "level1", "query_count": 16, "reason": "insufficient_validation_queries", "selected_alpha": null, "selected_lambda": null, "text_state": "both_have_text"}, "relation=12|side=tail_prediction|text=missing_text": {"accepted": false, "fallback_alpha": 0.0, "fallback_lambda": 0.25, "fallback_valid_metrics": {"hit1": 0.5, "hit10": 0.5, "hit3": 0.5, "mr": 15.5, "mrr": 0.5166666666666667, "query_count": 2}, "group": "relation=12|side=tail_prediction|text=missing_text", "level": "level1", "lock_missing_text": true, "query_count": 2, "reason": "missing_text_locked_to_bv1", "selected_alpha": 0.0, "selected_lambda": 0.25, "selected_valid_metrics": {"hit1": 0.5, "hit10": 0.5, "hit3": 0.5, "mr": 15.5, "mrr": 0.5166666666666667, "query_count": 2}, "text_state": "missing_text", "valid_mrr_delta_vs_bv1": 0.0}, "relation=130|side=head_prediction|text=missing_text": {"accepted": false, "fallback_alpha": 0.0, "fallback_lambda": 0.25, "fallback_valid_metrics": {"hit1": 0.0, "hit10": 0.0, "hit3": 0.0, "mr": 53.0, "mrr": 0.018867924528301886, "query_count": 1}, "group": "relation=130|side=head_prediction|text=missing_text", "level": "level1", "lock_missing_text": true, "query_count": 1, "reason": "missing_text_locked_to_bv1", "selected_alpha": 0.0, "selected_lambda": 0.25, "selected_valid_metrics": {"hit1": 0.0, "hit10": 0.0, "hit3": 0.0, "mr": 53.0, "mrr": 0.018867924528301886, "query_count": 1}, "text_state": "missing_text", "valid_mrr_delta_vs_bv1": 0.0}, "relation=130|side=tail_prediction|text=missing_text": {"accepted": false, "fallback_alpha": 0.0, "fallback_lambda": 0.25, "fallback_valid_metrics": {"hit1": 0.0, "hit10": 0.0, "hit3": 0.0, "mr": 410.0, "mrr": 0.0024390243902439024, "query_count": 1}, "group": "relation=130|side=tail_prediction|text=missing_text", "level": "level1", "lock_missing_text": true, "query_count": 1, "reason": "missing_text_locked_to_bv1", "selected_alpha": 0.0, "selected_lambda": 0.25, "selected_valid_metrics": {"hit1": 0.0, "hit10": 0.0, "hit3": 0.0, "mr": 410.0, "mrr": 0.0024390243902439024, "query_count": 1}, "text_state": "missing_text", "valid_mrr_delta_vs_bv1": 0.0}, "relation=136|side=head_prediction|text=both_have_text": {"accepted": false, "fallback_alpha": 0.0, "fallback_lambda": 0.25, "fallback_valid_metrics": {"hit1": 0.0, "hit10": 0.0, "hit3": 0.0, "mr": 319.0, "mrr": 0.003134796238244514, "query_count": 1}, "group": "relation=136|side=head_prediction|text=both_have_text", "level": "level1", "query_count": 1, "reason": "insufficient_validation_queries", "selected_alpha": null, "selected_lambda": null, "text_state": "both_have_text"}, "relation=136|side=tail_prediction|text=both_have_text": {"accepted": false, "fallback_alpha": 0.0, "fallback_lambda": 0.25, "fallback_valid_metrics": {"hit1": 0.0, "hit10": 0.0, "hit3": 0.0, "mr": 633.0, "mrr": 0.001579778830963665, "query_count": 1}, "group": "relation=136|side=tail_prediction|text=both_have_text", "level": "level1", "query_count": 1, "reason": "insufficient_validation_queries", "selected_alpha": null, "selected_lambda": null, "text_state": "both_have_text"}, "relation=138|side=head_prediction|text=missing_text": {"accepted": false, "fallback_alpha": 0.0, "fallback_lambda": 0.25, "fallback_valid_metrics": {"hit1": 0.0, "hit10": 0.0, "hit3": 0.0, "mr": 203.0, "mrr": 0.0049261083743842365, "query_count": 1}, "group": "relation=138|side=head_prediction|text=missing_text", "level": "level1", "lock_missing_text": true, "query_count": 1, "reason": "missing_text_locked_to_bv1", "selected_alpha": 0.0, "selected_lambda": 0.25, "selected_valid_metrics": {"hit1": 0.0, "hit10": 0.0, "hit3": 0.0, "mr": 203.0, "mrr": 0.0049261083743842365, "query_count": 1}, "text_state": "missing_text", "valid_mrr_delta_vs_bv1": 0.0}, "relation=138|side=tail_prediction|text=missing_text": {"accepted": false, "fallback_alpha": 0.0, "fallback_lambda": 0.25, "fallback_valid_metrics": {"hit1": 0.0, "hit10": 0.0, "hit3": 0.0, "mr": 55.0, "mrr": 0.01818181818181818, "query_count": 1}, "group": "relation=138|side=tail_prediction|text=missing_text", "level": "level1", "lock_missing_text": true, "query_count": 1, "reason": "missing_text_locked_to_bv1", "selected_alpha": 0.0, "selected_lambda": 0.25, "selected_valid_metrics": {"hit1": 0.0, "hit10": 0.0, "hit3": 0.0, "mr": 55.0, "mrr": 0.01818181818181818, "query_count": 1}, "text_state": "missing_text", "valid_mrr_delta_vs_bv1": 0.0}, "relation=13|side=head_prediction|text=both_have_text": {"accepted": true, "fallback_alpha": 0.0, "fallback_lambda": 0.25, "fallback_valid_metrics": {"hit1": 0.0026246719160104987, "hit10": 0.03674540682414698, "hit3": 0.007874015748031496, "mr": 817.2624671916011, "mrr": 0.01942172572775984, "query_count": 381}, "group": "relation=13|side=head_prediction|text=both_have_text", "level": "level1", "query_count": 381, "reason": "accepted", "selected_alpha": 0.1, "selected_lambda": 0.1, "selected_valid_metrics": {"hit1": 0.005249343832020997, "hit10": 0.04461942257217848, "hit3": 0.007874015748031496, "mr": 789.9002624671916, "mrr": 0.02304967933922468, "query_count": 381}, "text_state": "both_have_text", "valid_mrr_delta_vs_bv1": 0.0036279536114648403}, "relation=13|side=head_prediction|text=missing_text": {"accepted": false, "fallback_alpha": 0.0, "fallback_lambda": 0.25, "fallback_valid_metrics": {"hit1": 0.0, "hit10": 0.04938271604938271, "hit3": 0.024691358024691357, "mr": 1031.8271604938273, "mrr": 0.025606162363539308, "query_count": 81}, "group": "relation=13|side=head_prediction|text=missing_text", "level": "level1", "lock_missing_text": true, "query_count": 81, "reason": "missing_text_locked_to_bv1", "selected_alpha": 0.0, "selected_lambda": 0.25, "selected_valid_metrics": {"hit1": 0.0, "hit10": 0.04938271604938271, "hit3": 0.024691358024691357, "mr": 1031.8271604938273, "mrr": 0.025606162363539308, "query_count": 81}, "text_state": "missing_text", "valid_mrr_delta_vs_bv1": 0.0}, "relation=13|side=tail_prediction|text=both_have_text": {"accepted": true, "fallback_alpha": 0.0, "fallback_lambda": 0.25, "fallback_valid_metrics": {"hit1": 0.8530183727034121, "hit10": 0.984251968503937, "hit3": 0.9553805774278216, "mr": 39.876640419947506, "mrr": 0.9068594720267199, "query_count": 381}, "group": "relation=13|side=tail_prediction|text=both_have_text", "level": "level1", "query_count": 381, "reason": "accepted", "selected_alpha": 0.3, "selected_lambda": 0.4, "selected_valid_metrics": {"hit1": 0.8766404199475065, "hit10": 0.9868766404199475, "hit3": 0.968503937007874, "mr": 36.0498687664042, "mrr": 0.9223218635290286, "query_count": 381}, "text_state": "both_have_text", "valid_mrr_delta_vs_bv1": 0.015462391502308659}, "relation=13|side=tail_prediction|text=missing_text": {"accepted": false, "fallback_alpha": 0.0, "fallback_lambda": 0.25, "fallback_valid_metrics": {"hit1": 0.7530864197530864, "hit10": 0.9629629629629629, "hit3": 0.8888888888888888, "mr": 12.777777777777779, "mrr": 0.8358053784509933, "query_count": 81}, "group": "relation=13|side=tail_prediction|text=missing_text", "level": "level1", "lock_missing_text": true, "query_count": 81, "reason": "missing_text_locked_to_bv1", "selected_alpha": 0.0, "selected_lambda": 0.25, "selected_valid_metrics": {"hit1": 0.7530864197530864, "hit10": 0.9629629629629629, "hit3": 0.8888888888888888, "mr": 12.777777777777779, "mrr": 0.8358053784509933, "query_count": 81}, "text_state": "missing_text", "valid_mrr_delta_vs_bv1": 0.0}, "relation=141|side=head_prediction|text=both_have_text": {"accepted": false, "fallback_alpha": 0.0, "fallback_lambda": 0.25, "fallback_valid_metrics": {"hit1": 1.0, "hit10": 1.0, "hit3": 1.0, "mr": 1.0, "mrr": 1.0, "query_count": 1}, "group": "relation=141|side=head_prediction|text=both_have_text", "level": "level1", "query_count": 1, "reason": "insufficient_validation_queries", "selected_alpha": null, "selected_lambda": null, "text_state": "both_have_text"}, "relation=141|side=tail_prediction|text=both_have_text": {"accepted": false, "fallback_alpha": 0.0, "fallback_lambda": 0.25, "fallback_valid_metrics": {"hit1": 1.0, "hit10": 1.0, "hit3": 1.0, "mr": 1.0, "mrr": 1.0, "query_count": 1}, "group": "relation=141|side=tail_prediction|text=both_have_text", "level": "level1", "query_count": 1, "reason": "insufficient_validation_queries", "selected_alpha": null, "selected_lambda": null, "text_state": "both_have_text"}, "relation=144|side=head_prediction|text=both_have_text": {"accepted": false, "fallback_alpha": 0.0, "fallback_lambda": 0.25, "fallback_valid_metrics": {"hit1": 0.0, "hit10": 0.0, "hit3": 0.0, "mr": 1913.0, "mrr": 0.0005227391531625719, "query_count": 1}, "group": "relation=144|side=head_prediction|text=both_have_text", "level": "level1", "query_count": 1, "reason": "insufficient_validation_queries", "selected_alpha": null, "selected_lambda": null, "text_state": "both_have_text"}, "relation=144|side=tail_prediction|text=both_have_text": {"accepted": false, "fallback_alpha": 0.0, "fallback_lambda": 0.25, "fallback_valid_metrics": {"hit1": 1.0, "hit10": 1.0, "hit3": 1.0, "mr": 1.0, "mrr": 1.0, "query_count": 1}, "group": "relation=144|side=tail_prediction|text=both_have_text", "level": "level1", "query_count": 1, "reason": "insufficient_validation_queries", "selected_alpha": null, "selected_lambda": null, "text_state": "both_have_text"}, "relation=147|side=head_prediction|text=missing_text": {"accepted": false, "fallback_alpha": 0.0, "fallback_lambda": 0.25, "fallback_valid_metrics": {"hit1": 0.0, "hit10": 0.0, "hit3": 0.0, "mr": 1033.0, "mrr": 0.000968054211035818, "query_count": 1}, "group": "relation=147|side=head_prediction|text=missing_text", "level": "level1", "lock_missing_text": true, "query_count": 1, "reason": "missing_text_locked_to_bv1", "selected_alpha": 0.0, "selected_lambda": 0.25, "selected_valid_metrics": {"hit1": 0.0, "hit10": 0.0, "hit3": 0.0, "mr": 1033.0, "mrr": 0.000968054211035818, "query_count": 1}, "text_state": "missing_text", "valid_mrr_delta_vs_bv1": 0.0}, "relation=147|side=tail_prediction|text=missing_text": {"accepted": false, "fallback_alpha": 0.0, "fallback_lambda": 0.25, "fallback_valid_metrics": {"hit1": 0.0, "hit10": 0.0, "hit3": 0.0, "mr": 33.0, "mrr": 0.030303030303030304, "query_count": 1}, "group": "relation=147|side=tail_prediction|text=missing_text", "level": "level1", "lock_missing_text": true, "query_count": 1, "reason": "missing_text_locked_to_bv1", "selected_alpha": 0.0, "selected_lambda": 0.25, "selected_valid_metrics": {"hit1": 0.0, "hit10": 0.0, "hit3": 0.0, "mr": 33.0, "mrr": 0.030303030303030304, "query_count": 1}, "text_state": "missing_text", "valid_mrr_delta_vs_bv1": 0.0}, "relation=14|side=head_prediction|text=both_have_text": {"accepted": true, "fallback_alpha": 0.0, "fallback_lambda": 0.25, "fallback_valid_metrics": {"hit1": 0.5689655172413793, "hit10": 0.896551724137931, "hit3": 0.8275862068965517, "mr": 490.5689655172414, "mrr": 0.6998767967192583, "query_count": 58}, "group": "relation=14|side=head_prediction|text=both_have_text", "level": "level1", "query_count": 58, "reason": "accepted", "selected_alpha": 0.0, "selected_lambda": 0.1, "selected_valid_metrics": {"hit1": 0.5689655172413793, "hit10": 0.896551724137931, "hit3": 0.8275862068965517, "mr": 481.0, "mrr": 0.7027551358556987, "query_count": 58}, "text_state": "both_have_text", "valid_mrr_delta_vs_bv1": 0.002878339136440422}, "relation=14|side=head_prediction|text=missing_text": {"accepted": false, "fallback_alpha": 0.0, "fallback_lambda": 0.25, "fallback_valid_metrics": {"hit1": 0.6111111111111112, "hit10": 0.9444444444444444, "hit3": 0.8333333333333334, "mr": 469.1666666666667, "mrr": 0.7333399360853605, "query_count": 18}, "group": "relation=14|side=head_prediction|text=missing_text", "level": "level1", "lock_missing_text": true, "query_count": 18, "reason": "missing_text_locked_to_bv1", "selected_alpha": 0.0, "selected_lambda": 0.25, "selected_valid_metrics": {"hit1": 0.6111111111111112, "hit10": 0.9444444444444444, "hit3": 0.8333333333333334, "mr": 469.1666666666667, "mrr": 0.7333399360853605, "query_count": 18}, "text_state": "missing_text", "valid_mrr_delta_vs_bv1": 0.0}, "relation=14|side=tail_prediction|text=both_have_text": {"accepted": true, "fallback_alpha": 0.0, "fallback_lambda": 0.25, "fallback_valid_metrics": {"hit1": 0.5689655172413793, "hit10": 0.8793103448275862, "hit3": 0.8103448275862069, "mr": 904.2241379310345, "mrr": 0.6977127897560339, "query_count": 58}, "group": "relation=14|side=tail_prediction|text=both_have_text", "level": "level1", "query_count": 58, "reason": "accepted", "selected_alpha": 0.1, "selected_lambda": 0.1, "selected_valid_metrics": {"hit1": 0.5689655172413793, "hit10": 0.8793103448275862, "hit3": 0.8275862068965517, "mr": 896.0, "mrr": 0.6992180989434275, "query_count": 58}, "text_state": "both_have_text", "valid_mrr_delta_vs_bv1": 0.0015053091873935553}, "relation=14|side=tail_prediction|text=missing_text": {"accepted": false, "fallback_alpha": 0.0, "fallback_lambda": 0.25, "fallback_valid_metrics": {"hit1": 0.6111111111111112, "hit10": 0.9444444444444444, "hit3": 0.8888888888888888, "mr": 658.5, "mrr": 0.7546343269793849, "query_count": 18}, "group": "relation=14|side=tail_prediction|text=missing_text", "level": "level1", "lock_missing_text": true, "query_count": 18, "reason": "missing_text_locked_to_bv1", "selected_alpha": 0.0, "selected_lambda": 0.25, "selected_valid_metrics": {"hit1": 0.6111111111111112, "hit10": 0.9444444444444444, "hit3": 0.8888888888888888, "mr": 658.5, "mrr": 0.7546343269793849, "query_count": 18}, "text_state": "missing_text", "valid_mrr_delta_vs_bv1": 0.0}, "relation=152|side=head_prediction|text=both_have_text": {"accepted": false, "fallback_alpha": 0.0, "fallback_lambda": 0.25, "fallback_valid_metrics": {"hit1": 0.0, "hit10": 1.0, "hit3": 0.0, "mr": 5.0, "mrr": 0.2, "query_count": 1}, "group": "relation=152|side=head_prediction|text=both_have_text", "level": "level1", "query_count": 1, "reason": "insufficient_validation_queries", "selected_alpha": null, "selected_lambda": null, "text_state": "both_have_text"}, "relation=152|side=head_prediction|text=missing_text": {"accepted": false, "fallback_alpha": 0.0, "fallback_lambda": 0.25, "fallback_valid_metrics": {"hit1": 0.0, "hit10": 0.0, "hit3": 0.0, "mr": 394.0, "mrr": 0.0025380710659898475, "query_count": 1}, "group": "relation=152|side=head_prediction|text=missing_text", "level": "level1", "lock_missing_text": true, "query_count": 1, "reason": "missing_text_locked_to_bv1", "selected_alpha": 0.0, "selected_lambda": 0.25, "selected_valid_metrics": {"hit1": 0.0, "hit10": 0.0, "hit3": 0.0, "mr": 394.0, "mrr": 0.0025380710659898475, "query_count": 1}, "text_state": "missing_text", "valid_mrr_delta_vs_bv1": 0.0}, "relation=152|side=tail_prediction|text=both_have_text": {"accepted": false, "fallback_alpha": 0.0, "fallback_lambda": 0.25, "fallback_valid_metrics": {"hit1": 1.0, "hit10": 1.0, "hit3": 1.0, "mr": 1.0, "mrr": 1.0, "query_count": 1}, "group": "relation=152|side=tail_prediction|text=both_have_text", "level": "level1", "query_count": 1, "reason": "insufficient_validation_queries", "selected_alpha": null, "selected_lambda": null, "text_state": "both_have_text"}, "relation=152|side=tail_prediction|text=missing_text": {"accepted": false, "fallback_alpha": 0.0, "fallback_lambda": 0.25, "fallback_valid_metrics": {"hit1": 0.0, "hit10": 1.0, "hit3": 1.0, "mr": 2.0, "mrr": 0.5, "query_count": 1}, "group": "relation=152|side=tail_prediction|text=missing_text", "level": "level1", "lock_missing_text": true, "query_count": 1, "reason": "missing_text_locked_to_bv1", "selected_alpha": 0.0, "selected_lambda": 0.25, "selected_valid_metrics": {"hit1": 0.0, "hit10": 1.0, "hit3": 1.0, "mr": 2.0, "mrr": 0.5, "query_count": 1}, "text_state": "missing_text", "valid_mrr_delta_vs_bv1": 0.0}, "relation=155|side=head_prediction|text=missing_text": {"accepted": false, "fallback_alpha": 0.0, "fallback_lambda": 0.25, "fallback_valid_metrics": {"hit1": 0.0, "hit10": 0.0, "hit3": 0.0, "mr": 12982.0, "mrr": 7.702973347712218e-05, "query_count": 1}, "group": "relation=155|side=head_prediction|text=missing_text", "level": "level1", "lock_missing_text": true, "query_count": 1, "reason": "missing_text_locked_to_bv1", "selected_alpha": 0.0, "selected_lambda": 0.25, "selected_valid_metrics": {"hit1": 0.0, "hit10": 0.0, "hit3": 0.0, "mr": 12982.0, "mrr": 7.702973347712218e-05, "query_count": 1}, "text_state": "missing_text", "valid_mrr_delta_vs_bv1": 0.0}, "relation=155|side=tail_prediction|text=missing_text": {"accepted": false, "fallback_alpha": 0.0, "fallback_lambda": 0.25, "fallback_valid_metrics": {"hit1": 0.0, "hit10": 0.0, "hit3": 0.0, "mr": 134.0, "mrr": 0.007462686567164179, "query_count": 1}, "group": "relation=155|side=tail_prediction|text=missing_text", "level": "level1", "lock_missing_text": true, "query_count": 1, "reason": "missing_text_locked_to_bv1", "selected_alpha": 0.0, "selected_lambda": 0.25, "selected_valid_metrics": {"hit1": 0.0, "hit10": 0.0, "hit3": 0.0, "mr": 134.0, "mrr": 0.007462686567164179, "query_count": 1}, "text_state": "missing_text", "valid_mrr_delta_vs_bv1": 0.0}, "relation=15|side=head_prediction|text=both_have_text": {"accepted": false, "fallback_alpha": 0.0, "fallback_lambda": 0.25, "fallback_valid_metrics": {"hit1": 0.034482758620689655, "hit10": 0.2413793103448276, "hit3": 0.13793103448275862, "mr": 1945.0344827586207, "mrr": 0.10581356559223609, "query_count": 29}, "group": "relation=15|side=head_prediction|text=both_have_text", "level": "level1", "query_count": 29, "reason": "insufficient_validation_queries", "selected_alpha": null, "selected_lambda": null, "text_state": "both_have_text"}, "relation=15|side=head_prediction|text=missing_text": {"accepted": false, "fallback_alpha": 0.0, "fallback_lambda": 0.25, "fallback_valid_metrics": {"hit1": 0.0, "hit10": 0.25, "hit3": 0.08333333333333333, "mr": 1269.5833333333333, "mrr": 0.07078208023591014, "query_count": 12}, "group": "relation=15|side=head_prediction|text=missing_text", "level": "level1", "lock_missing_text": true, "query_count": 12, "reason": "missing_text_locked_to_bv1", "selected_alpha": 0.0, "selected_lambda": 0.25, "selected_valid_metrics": {"hit1": 0.0, "hit10": 0.25, "hit3": 0.08333333333333333, "mr": 1269.5833333333333, "mrr": 0.07078208023591014, "query_count": 12}, "text_state": "missing_text", "valid_mrr_delta_vs_bv1": 0.0}, "relation=15|side=tail_prediction|text=both_have_text": {"accepted": false, "fallback_alpha": 0.0, "fallback_lambda": 0.25, "fallback_valid_metrics": {"hit1": 0.7586206896551724, "hit10": 1.0, "hit3": 0.9310344827586207, "mr": 1.4827586206896552, "mrr": 0.853448275862069, "query_count": 29}, "group": "relation=15|side=tail_prediction|text=both_have_text", "level": "level1", "query_count": 29, "reason": "insufficient_validation_queries", "selected_alpha": null, "selected_lambda": null, "text_state": "both_have_text"}, "relation=15|side=tail_prediction|text=missing_text": {"accepted": false, "fallback_alpha": 0.0, "fallback_lambda": 0.25, "fallback_valid_metrics": {"hit1": 0.75, "hit10": 0.9166666666666666, "hit3": 0.8333333333333334, "mr": 3.25, "mrr": 0.7956349206349206, "query_count": 12}, "group": "relation=15|side=tail_prediction|text=missing_text", "level": "level1", "lock_missing_text": true, "query_count": 12, "reason": "missing_text_locked_to_bv1", "selected_alpha": 0.0, "selected_lambda": 0.25, "selected_valid_metrics": {"hit1": 0.75, "hit10": 0.9166666666666666, "hit3": 0.8333333333333334, "mr": 3.25, "mrr": 0.7956349206349206, "query_count": 12}, "text_state": "missing_text", "valid_mrr_delta_vs_bv1": 0.0}, "relation=160|side=head_prediction|text=both_have_text": {"accepted": false, "fallback_alpha": 0.0, "fallback_lambda": 0.25, "fallback_valid_metrics": {"hit1": 0.0, "hit10": 0.0, "hit3": 0.0, "mr": 1213.0, "mrr": 0.0008244023083264633, "query_count": 1}, "group": "relation=160|side=head_prediction|text=both_have_text", "level": "level1", "query_count": 1, "reason": "insufficient_validation_queries", "selected_alpha": null, "selected_lambda": null, "text_state": "both_have_text"}, "relation=160|side=tail_prediction|text=both_have_text": {"accepted": false, "fallback_alpha": 0.0, "fallback_lambda": 0.25, "fallback_valid_metrics": {"hit1": 1.0, "hit10": 1.0, "hit3": 1.0, "mr": 1.0, "mrr": 1.0, "query_count": 1}, "group": "relation=160|side=tail_prediction|text=both_have_text", "level": "level1", "query_count": 1, "reason": "insufficient_validation_queries", "selected_alpha": null, "selected_lambda": null, "text_state": "both_have_text"}, "relation=168|side=head_prediction|text=missing_text": {"accepted": false, "fallback_alpha": 0.0, "fallback_lambda": 0.25, "fallback_valid_metrics": {"hit1": 0.0, "hit10": 0.0, "hit3": 0.0, "mr": 4039.0, "mrr": 0.0002475860361475613, "query_count": 1}, "group": "relation=168|side=head_prediction|text=missing_text", "level": "level1", "lock_missing_text": true, "query_count": 1, "reason": "missing_text_locked_to_bv1", "selected_alpha": 0.0, "selected_lambda": 0.25, "selected_valid_metrics": {"hit1": 0.0, "hit10": 0.0, "hit3": 0.0, "mr": 4039.0, "mrr": 0.0002475860361475613, "query_count": 1}, "text_state": "missing_text", "valid_mrr_delta_vs_bv1": 0.0}, "relation=168|side=tail_prediction|text=missing_text": {"accepted": false, "fallback_alpha": 0.0, "fallback_lambda": 0.25, "fallback_valid_metrics": {"hit1": 0.0, "hit10": 0.0, "hit3": 0.0, "mr": 9011.0, "mrr": 0.00011097547442015315, "query_count": 1}, "group": "relation=168|side=tail_prediction|text=missing_text", "level": "level1", "lock_missing_text": true, "query_count": 1, "reason": "missing_text_locked_to_bv1", "selected_alpha": 0.0, "selected_lambda": 0.25, "selected_valid_metrics": {"hit1": 0.0, "hit10": 0.0, "hit3": 0.0, "mr": 9011.0, "mrr": 0.00011097547442015315, "query_count": 1}, "text_state": "missing_text", "valid_mrr_delta_vs_bv1": 0.0}, "relation=16|side=head_prediction|text=both_have_text": {"accepted": true, "fallback_alpha": 0.0, "fallback_lambda": 0.25, "fallback_valid_metrics": {"hit1": 0.20192307692307693, "hit10": 0.36538461538461536, "hit3": 0.27884615384615385, "mr": 4112.673076923077, "mrr": 0.2596174069937974, "query_count": 104}, "group": "relation=16|side=head_prediction|text=both_have_text", "level": "level1", "query_count": 104, "reason": "accepted", "selected_alpha": 0.1, "selected_lambda": 0.1, "selected_valid_metrics": {"hit1": 0.20192307692307693, "hit10": 0.38461538461538464, "hit3": 0.27884615384615385, "mr": 4079.7884615384614, "mrr": 0.26451854378455486, "query_count": 104}, "text_state": "both_have_text", "valid_mrr_delta_vs_bv1": 0.004901136790757488}, "relation=16|side=head_prediction|text=missing_text": {"accepted": false, "fallback_alpha": 0.0, "fallback_lambda": 0.25, "fallback_valid_metrics": {"hit1": 0.2, "hit10": 0.36, "hit3": 0.2, "mr": 3746.92, "mrr": 0.23477464990142152, "query_count": 25}, "group": "relation=16|side=head_prediction|text=missing_text", "level": "level1", "lock_missing_text": true, "query_count": 25, "reason": "missing_text_locked_to_bv1", "selected_alpha": 0.0, "selected_lambda": 0.25, "selected_valid_metrics": {"hit1": 0.2, "hit10": 0.36, "hit3": 0.2, "mr": 3746.92, "mrr": 0.23477464990142152, "query_count": 25}, "text_state": "missing_text", "valid_mrr_delta_vs_bv1": 0.0}, "relation=16|side=tail_prediction|text=both_have_text": {"accepted": true, "fallback_alpha": 0.0, "fallback_lambda": 0.25, "fallback_valid_metrics": {"hit1": 0.3557692307692308, "hit10": 0.5096153846153846, "hit3": 0.4807692307692308, "mr": 809.0673076923077, "mrr": 0.42101034451287245, "query_count": 104}, "group": "relation=16|side=tail_prediction|text=both_have_text", "level": "level1", "query_count": 104, "reason": "accepted", "selected_alpha": 0.2, "selected_lambda": 0.1, "selected_valid_metrics": {"hit1": 0.3557692307692308, "hit10": 0.5192307692307693, "hit3": 0.4807692307692308, "mr": 746.4711538461538, "mrr": 0.42324289302937185, "query_count": 104}, "text_state": "both_have_text", "valid_mrr_delta_vs_bv1": 0.0022325485164993997}, "relation=16|side=tail_prediction|text=missing_text": {"accepted": false, "fallback_alpha": 0.0, "fallback_lambda": 0.25, "fallback_valid_metrics": {"hit1": 0.28, "hit10": 0.52, "hit3": 0.4, "mr": 1093.0, "mrr": 0.36603912813907963, "query_count": 25}, "group": "relation=16|side=tail_prediction|text=missing_text", "level": "level1", "lock_missing_text": true, "query_count": 25, "reason": "missing_text_locked_to_bv1", "selected_alpha": 0.0, "selected_lambda": 0.25, "selected_valid_metrics": {"hit1": 0.28, "hit10": 0.52, "hit3": 0.4, "mr": 1093.0, "mrr": 0.36603912813907963, "query_count": 25}, "text_state": "missing_text", "valid_mrr_delta_vs_bv1": 0.0}, "relation=18|side=head_prediction|text=both_have_text": {"accepted": true, "fallback_alpha": 0.0, "fallback_lambda": 0.25, "fallback_valid_metrics": {"hit1": 0.03333333333333333, "hit10": 0.15833333333333333, "hit3": 0.06666666666666667, "mr": 467.7, "mrr": 0.08080508690168979, "query_count": 120}, "group": "relation=18|side=head_prediction|text=both_have_text", "level": "level1", "query_count": 120, "reason": "accepted", "selected_alpha": 0.3, "selected_lambda": 0.1, "selected_valid_metrics": {"hit1": 0.03333333333333333, "hit10": 0.15833333333333333, "hit3": 0.08333333333333333, "mr": 465.925, "mrr": 0.08861588135952768, "query_count": 120}, "text_state": "both_have_text", "valid_mrr_delta_vs_bv1": 0.0078107944578378885}, "relation=18|side=head_prediction|text=missing_text": {"accepted": false, "fallback_alpha": 0.0, "fallback_lambda": 0.25, "fallback_valid_metrics": {"hit1": 0.020833333333333332, "hit10": 0.16666666666666666, "hit3": 0.041666666666666664, "mr": 571.8541666666666, "mrr": 0.06683164347314403, "query_count": 48}, "group": "relation=18|side=head_prediction|text=missing_text", "level": "level1", "lock_missing_text": true, "query_count": 48, "reason": "missing_text_locked_to_bv1", "selected_alpha": 0.0, "selected_lambda": 0.25, "selected_valid_metrics": {"hit1": 0.020833333333333332, "hit10": 0.16666666666666666, "hit3": 0.041666666666666664, "mr": 571.8541666666666, "mrr": 0.06683164347314403, "query_count": 48}, "text_state": "missing_text", "valid_mrr_delta_vs_bv1": 0.0}, "relation=18|side=tail_prediction|text=both_have_text": {"accepted": true, "fallback_alpha": 0.0, "fallback_lambda": 0.25, "fallback_valid_metrics": {"hit1": 0.10833333333333334, "hit10": 0.48333333333333334, "hit3": 0.225, "mr": 23.533333333333335, "mrr": 0.22972940599946845, "query_count": 120}, "group": "relation=18|side=tail_prediction|text=both_have_text", "level": "level1", "query_count": 120, "reason": "accepted", "selected_alpha": 0.3, "selected_lambda": 0.1, "selected_valid_metrics": {"hit1": 0.125, "hit10": 0.5, "hit3": 0.21666666666666667, "mr": 22.591666666666665, "mrr": 0.24374576878060303, "query_count": 120}, "text_state": "both_have_text", "valid_mrr_delta_vs_bv1": 0.014016362781134578}, "relation=18|side=tail_prediction|text=missing_text": {"accepted": false, "fallback_alpha": 0.0, "fallback_lambda": 0.25, "fallback_valid_metrics": {"hit1": 0.0625, "hit10": 0.5416666666666666, "hit3": 0.125, "mr": 398.4583333333333, "mrr": 0.17558417540929183, "query_count": 48}, "group": "relation=18|side=tail_prediction|text=missing_text", "level": "level1", "lock_missing_text": true, "query_count": 48, "reason": "missing_text_locked_to_bv1", "selected_alpha": 0.0, "selected_lambda": 0.25, "selected_valid_metrics": {"hit1": 0.0625, "hit10": 0.5416666666666666, "hit3": 0.125, "mr": 398.4583333333333, "mrr": 0.17558417540929183, "query_count": 48}, "text_state": "missing_text", "valid_mrr_delta_vs_bv1": 0.0}, "relation=19|side=head_prediction|text=both_have_text": {"accepted": false, "fallback_alpha": 0.0, "fallback_lambda": 0.25, "fallback_valid_metrics": {"hit1": 0.15789473684210525, "hit10": 0.2631578947368421, "hit3": 0.21052631578947367, "mr": 3593.4736842105262, "mrr": 0.18324961861635583, "query_count": 19}, "group": "relation=19|side=head_prediction|text=both_have_text", "level": "level1", "query_count": 19, "reason": "insufficient_validation_queries", "selected_alpha": null, "selected_lambda": null, "text_state": "both_have_text"}, "relation=19|side=head_prediction|text=missing_text": {"accepted": false, "fallback_alpha": 0.0, "fallback_lambda": 0.25, "fallback_valid_metrics": {"hit1": 0.0, "hit10": 0.25, "hit3": 0.25, "mr": 3317.25, "mrr": 0.1264315057690045, "query_count": 4}, "group": "relation=19|side=head_prediction|text=missing_text", "level": "level1", "lock_missing_text": true, "query_count": 4, "reason": "missing_text_locked_to_bv1", "selected_alpha": 0.0, "selected_lambda": 0.25, "selected_valid_metrics": {"hit1": 0.0, "hit10": 0.25, "hit3": 0.25, "mr": 3317.25, "mrr": 0.1264315057690045, "query_count": 4}, "text_state": "missing_text", "valid_mrr_delta_vs_bv1": 0.0}, "relation=19|side=tail_prediction|text=both_have_text": {"accepted": false, "fallback_alpha": 0.0, "fallback_lambda": 0.25, "fallback_valid_metrics": {"hit1": 0.42105263157894735, "hit10": 0.5789473684210527, "hit3": 0.42105263157894735, "mr": 55.1578947368421, "mrr": 0.45599318758953483, "query_count": 19}, "group": "relation=19|side=tail_prediction|text=both_have_text", "level": "level1", "query_count": 19, "reason": "insufficient_validation_queries", "selected_alpha": null, "selected_lambda": null, "text_state": "both_have_text"}, "relation=19|side=tail_prediction|text=missing_text": {"accepted": false, "fallback_alpha": 0.0, "fallback_lambda": 0.25, "fallback_valid_metrics": {"hit1": 0.25, "hit10": 0.25, "hit3": 0.25, "mr": 3359.75, "mrr": 0.2752379982231741, "query_count": 4}, "group": "relation=19|side=tail_prediction|text=missing_text", "level": "level1", "lock_missing_text": true, "query_count": 4, "reason": "missing_text_locked_to_bv1", "selected_alpha": 0.0, "selected_lambda": 0.25, "selected_valid_metrics": {"hit1": 0.25, "hit10": 0.25, "hit3": 0.25, "mr": 3359.75, "mrr": 0.2752379982231741, "query_count": 4}, "text_state": "missing_text", "valid_mrr_delta_vs_bv1": 0.0}, "relation=1|side=head_prediction|text=both_have_text": {"accepted": true, "fallback_alpha": 0.0, "fallback_lambda": 0.25, "fallback_valid_metrics": {"hit1": 0.37373737373737376, "hit10": 0.6666666666666666, "hit3": 0.5757575757575758, "mr": 635.6262626262626, "mrr": 0.4819803393420835, "query_count": 99}, "group": "relation=1|side=head_prediction|text=both_have_text", "level": "level1", "query_count": 99, "reason": "accepted", "selected_alpha": 0.2, "selected_lambda": 0.1, "selected_valid_metrics": {"hit1": 0.41414141414141414, "hit10": 0.6868686868686869, "hit3": 0.5757575757575758, "mr": 618.9191919191919, "mrr": 0.5053701094295651, "query_count": 99}, "text_state": "both_have_text", "valid_mrr_delta_vs_bv1": 0.023389770087481554}, "relation=1|side=head_prediction|text=missing_text": {"accepted": false, "fallback_alpha": 0.0, "fallback_lambda": 0.25, "fallback_valid_metrics": {"hit1": 0.37142857142857144, "hit10": 0.6285714285714286, "hit3": 0.5142857142857142, "mr": 812.6, "mrr": 0.45314278678700043, "query_count": 35}, "group": "relation=1|side=head_prediction|text=missing_text", "level": "level1", "lock_missing_text": true, "query_count": 35, "reason": "missing_text_locked_to_bv1", "selected_alpha": 0.0, "selected_lambda": 0.25, "selected_valid_metrics": {"hit1": 0.37142857142857144, "hit10": 0.6285714285714286, "hit3": 0.5142857142857142, "mr": 812.6, "mrr": 0.45314278678700043, "query_count": 35}, "text_state": "missing_text", "valid_mrr_delta_vs_bv1": 0.0}, "relation=1|side=tail_prediction|text=both_have_text": {"accepted": true, "fallback_alpha": 0.0, "fallback_lambda": 0.25, "fallback_valid_metrics": {"hit1": 0.5656565656565656, "hit10": 0.7474747474747475, "hit3": 0.6767676767676768, "mr": 410.54545454545456, "mrr": 0.6335956794446171, "query_count": 99}, "group": "relation=1|side=tail_prediction|text=both_have_text", "level": "level1", "query_count": 99, "reason": "accepted", "selected_alpha": 0.1, "selected_lambda": 0.1, "selected_valid_metrics": {"hit1": 0.5757575757575758, "hit10": 0.7575757575757576, "hit3": 0.6767676767676768, "mr": 403.52525252525254, "mrr": 0.6410228766182362, "query_count": 99}, "text_state": "both_have_text", "valid_mrr_delta_vs_bv1": 0.00742719717361906}, "relation=1|side=tail_prediction|text=missing_text": {"accepted": false, "fallback_alpha": 0.0, "fallback_lambda": 0.25, "fallback_valid_metrics": {"hit1": 0.6, "hit10": 0.7142857142857143, "hit3": 0.6571428571428571, "mr": 312.85714285714283, "mrr": 0.6371288379574218, "query_count": 35}, "group": "relation=1|side=tail_prediction|text=missing_text", "level": "level1", "lock_missing_text": true, "query_count": 35, "reason": "missing_text_locked_to_bv1", "selected_alpha": 0.0, "selected_lambda": 0.25, "selected_valid_metrics": {"hit1": 0.6, "hit10": 0.7142857142857143, "hit3": 0.6571428571428571, "mr": 312.85714285714283, "mrr": 0.6371288379574218, "query_count": 35}, "text_state": "missing_text", "valid_mrr_delta_vs_bv1": 0.0}, "relation=20|side=head_prediction|text=both_have_text": {"accepted": false, "fallback_alpha": 0.0, "fallback_lambda": 0.25, "fallback_valid_metrics": {"hit1": 0.0, "hit10": 0.25, "hit3": 0.25, "mr": 149.75, "mrr": 0.1558959451401312, "query_count": 4}, "group": "relation=20|side=head_prediction|text=both_have_text", "level": "level1", "query_count": 4, "reason": "insufficient_validation_queries", "selected_alpha": null, "selected_lambda": null, "text_state": "both_have_text"}, "relation=20|side=head_prediction|text=missing_text": {"accepted": false, "fallback_alpha": 0.0, "fallback_lambda": 0.25, "fallback_valid_metrics": {"hit1": 0.0, "hit10": 0.0, "hit3": 0.0, "mr": 231.5, "mrr": 0.004683201165237094, "query_count": 2}, "group": "relation=20|side=head_prediction|text=missing_text", "level": "level1", "lock_missing_text": true, "query_count": 2, "reason": "missing_text_locked_to_bv1", "selected_alpha": 0.0, "selected_lambda": 0.25, "selected_valid_metrics": {"hit1": 0.0, "hit10": 0.0, "hit3": 0.0, "mr": 231.5, "mrr": 0.004683201165237094, "query_count": 2}, "text_state": "missing_text", "valid_mrr_delta_vs_bv1": 0.0}, "relation=20|side=tail_prediction|text=both_have_text": {"accepted": false, "fallback_alpha": 0.0, "fallback_lambda": 0.25, "fallback_valid_metrics": {"hit1": 0.5, "hit10": 1.0, "hit3": 0.75, "mr": 2.5, "mrr": 0.6666666666666666, "query_count": 4}, "group": "relation=20|side=tail_prediction|text=both_have_text", "level": "level1", "query_count": 4, "reason": "insufficient_validation_queries", "selected_alpha": null, "selected_lambda": null, "text_state": "both_have_text"}, "relation=20|side=tail_prediction|text=missing_text": {"accepted": false, "fallback_alpha": 0.0, "fallback_lambda": 0.25, "fallback_valid_metrics": {"hit1": 0.0, "hit10": 1.0, "hit3": 1.0, "mr": 2.5, "mrr": 0.41666666666666663, "query_count": 2}, "group": "relation=20|side=tail_prediction|text=missing_text", "level": "level1", "lock_missing_text": true, "query_count": 2, "reason": "missing_text_locked_to_bv1", "selected_alpha": 0.0, "selected_lambda": 0.25, "selected_valid_metrics": {"hit1": 0.0, "hit10": 1.0, "hit3": 1.0, "mr": 2.5, "mrr": 0.41666666666666663, "query_count": 2}, "text_state": "missing_text", "valid_mrr_delta_vs_bv1": 0.0}, "relation=21|side=head_prediction|text=both_have_text": {"accepted": true, "fallback_alpha": 0.0, "fallback_lambda": 0.25, "fallback_valid_metrics": {"hit1": 0.12844036697247707, "hit10": 0.23853211009174313, "hit3": 0.1926605504587156, "mr": 732.3394495412844, "mrr": 0.17148720279182797, "query_count": 109}, "group": "relation=21|side=head_prediction|text=both_have_text", "level": "level1", "query_count": 109, "reason": "accepted", "selected_alpha": 0.3, "selected_lambda": 0.4, "selected_valid_metrics": {"hit1": 0.1559633027522936, "hit10": 0.23853211009174313, "hit3": 0.1926605504587156, "mr": 698.559633027523, "mrr": 0.1898284425395026, "query_count": 109}, "text_state": "both_have_text", "valid_mrr_delta_vs_bv1": 0.018341239747674626}, "relation=21|side=head_prediction|text=missing_text": {"accepted": false, "fallback_alpha": 0.0, "fallback_lambda": 0.25, "fallback_valid_metrics": {"hit1": 0.11764705882352941, "hit10": 0.29411764705882354, "hit3": 0.23529411764705882, "mr": 738.0, "mrr": 0.186478231797502, "query_count": 17}, "group": "relation=21|side=head_prediction|text=missing_text", "level": "level1", "lock_missing_text": true, "query_count": 17, "reason": "missing_text_locked_to_bv1", "selected_alpha": 0.0, "selected_lambda": 0.25, "selected_valid_metrics": {"hit1": 0.11764705882352941, "hit10": 0.29411764705882354, "hit3": 0.23529411764705882, "mr": 738.0, "mrr": 0.186478231797502, "query_count": 17}, "text_state": "missing_text", "valid_mrr_delta_vs_bv1": 0.0}, "relation=21|side=tail_prediction|text=both_have_text": {"accepted": true, "fallback_alpha": 0.0, "fallback_lambda": 0.25, "fallback_valid_metrics": {"hit1": 0.7981651376146789, "hit10": 0.9724770642201835, "hit3": 0.9357798165137615, "mr": 4.944954128440367, "mrr": 0.8672327093687865, "query_count": 109}, "group": "relation=21|side=tail_prediction|text=both_have_text", "level": "level1", "query_count": 109, "reason": "accepted", "selected_alpha": 0.0, "selected_lambda": 0.1, "selected_valid_metrics": {"hit1": 0.7981651376146789, "hit10": 0.9724770642201835, "hit3": 0.9357798165137615, "mr": 4.935779816513762, "mrr": 0.8674984029633276, "query_count": 109}, "text_state": "both_have_text", "valid_mrr_delta_vs_bv1": 0.0002656935945410943}, "relation=21|side=tail_prediction|text=missing_text": {"accepted": false, "fallback_alpha": 0.0, "fallback_lambda": 0.25, "fallback_valid_metrics": {"hit1": 0.8823529411764706, "hit10": 0.9411764705882353, "hit3": 0.9411764705882353, "mr": 6.176470588235294, "mrr": 0.9124331550802139, "query_count": 17}, "group": "relation=21|side=tail_prediction|text=missing_text", "level": "level1", "lock_missing_text": true, "query_count": 17, "reason": "missing_text_locked_to_bv1", "selected_alpha": 0.0, "selected_lambda": 0.25, "selected_valid_metrics": {"hit1": 0.8823529411764706, "hit10": 0.9411764705882353, "hit3": 0.9411764705882353, "mr": 6.176470588235294, "mrr": 0.9124331550802139, "query_count": 17}, "text_state": "missing_text", "valid_mrr_delta_vs_bv1": 0.0}, "relation=22|side=head_prediction|text=both_have_text": {"accepted": true, "fallback_alpha": 0.0, "fallback_lambda": 0.25, "fallback_valid_metrics": {"hit1": 0.29457364341085274, "hit10": 0.5271317829457365, "hit3": 0.4496124031007752, "mr": 1064.9457364341085, "mrr": 0.3819311993743226, "query_count": 129}, "group": "relation=22|side=head_prediction|text=both_have_text", "level": "level1", "query_count": 129, "reason": "accepted", "selected_alpha": 0.3, "selected_lambda": 0.1, "selected_valid_metrics": {"hit1": 0.31007751937984496, "hit10": 0.5348837209302325, "hit3": 0.46511627906976744, "mr": 1029.4883720930231, "mrr": 0.3963653335708903, "query_count": 129}, "text_state": "both_have_text", "valid_mrr_delta_vs_bv1": 0.014434134196567694}, "relation=22|side=head_prediction|text=missing_text": {"accepted": false, "fallback_alpha": 0.0, "fallback_lambda": 0.25, "fallback_valid_metrics": {"hit1": 0.3389830508474576, "hit10": 0.6101694915254238, "hit3": 0.4745762711864407, "mr": 1250.5762711864406, "mrr": 0.427362775672212, "query_count": 59}, "group": "relation=22|side=head_prediction|text=missing_text", "level": "level1", "lock_missing_text": true, "query_count": 59, "reason": "missing_text_locked_to_bv1", "selected_alpha": 0.0, "selected_lambda": 0.25, "selected_valid_metrics": {"hit1": 0.3389830508474576, "hit10": 0.6101694915254238, "hit3": 0.4745762711864407, "mr": 1250.5762711864406, "mrr": 0.427362775672212, "query_count": 59}, "text_state": "missing_text", "valid_mrr_delta_vs_bv1": 0.0}, "relation=22|side=tail_prediction|text=both_have_text": {"accepted": true, "fallback_alpha": 0.0, "fallback_lambda": 0.25, "fallback_valid_metrics": {"hit1": 0.5193798449612403, "hit10": 0.689922480620155, "hit3": 0.6046511627906976, "mr": 121.76744186046511, "mrr": 0.5776742492131146, "query_count": 129}, "group": "relation=22|side=tail_prediction|text=both_have_text", "level": "level1", "query_count": 129, "reason": "accepted", "selected_alpha": 0.3, "selected_lambda": 0.1, "selected_valid_metrics": {"hit1": 0.5193798449612403, "hit10": 0.689922480620155, "hit3": 0.627906976744186, "mr": 113.33333333333333, "mrr": 0.580136588698206, "query_count": 129}, "text_state": "both_have_text", "valid_mrr_delta_vs_bv1": 0.002462339485091336}, "relation=22|side=tail_prediction|text=missing_text": {"accepted": false, "fallback_alpha": 0.0, "fallback_lambda": 0.25, "fallback_valid_metrics": {"hit1": 0.559322033898305, "hit10": 0.711864406779661, "hit3": 0.6779661016949152, "mr": 358.728813559322, "mrr": 0.6259828147813854, "query_count": 59}, "group": "relation=22|side=tail_prediction|text=missing_text", "level": "level1", "lock_missing_text": true, "query_count": 59, "reason": "missing_text_locked_to_bv1", "selected_alpha": 0.0, "selected_lambda": 0.25, "selected_valid_metrics": {"hit1": 0.559322033898305, "hit10": 0.711864406779661, "hit3": 0.6779661016949152, "mr": 358.728813559322, "mrr": 0.6259828147813854, "query_count": 59}, "text_state": "missing_text", "valid_mrr_delta_vs_bv1": 0.0}, "relation=23|side=head_prediction|text=both_have_text": {"accepted": false, "fallback_alpha": 0.0, "fallback_lambda": 0.25, "fallback_valid_metrics": {"hit1": 0.6666666666666666, "hit10": 1.0, "hit3": 1.0, "mr": 1.3333333333333333, "mrr": 0.8333333333333334, "query_count": 6}, "group": "relation=23|side=head_prediction|text=both_have_text", "level": "level1", "query_count": 6, "reason": "insufficient_validation_queries", "selected_alpha": null, "selected_lambda": null, "text_state": "both_have_text"}, "relation=23|side=tail_prediction|text=both_have_text": {"accepted": false, "fallback_alpha": 0.0, "fallback_lambda": 0.25, "fallback_valid_metrics": {"hit1": 0.16666666666666666, "hit10": 1.0, "hit3": 0.6666666666666666, "mr": 2.8333333333333335, "mrr": 0.46388888888888885, "query_count": 6}, "group": "relation=23|side=tail_prediction|text=both_have_text", "level": "level1", "query_count": 6, "reason": "insufficient_validation_queries", "selected_alpha": null, "selected_lambda": null, "text_state": "both_have_text"}, "relation=24|side=head_prediction|text=both_have_text": {"accepted": false, "fallback_alpha": 0.0, "fallback_lambda": 0.25, "fallback_valid_metrics": {"hit1": 0.0, "hit10": 1.0, "hit3": 1.0, "mr": 2.0, "mrr": 0.5, "query_count": 3}, "group": "relation=24|side=head_prediction|text=both_have_text", "level": "level1", "query_count": 3, "reason": "insufficient_validation_queries", "selected_alpha": null, "selected_lambda": null, "text_state": "both_have_text"}, "relation=24|side=head_prediction|text=missing_text": {"accepted": false, "fallback_alpha": 0.0, "fallback_lambda": 0.25, "fallback_valid_metrics": {"hit1": 0.0, "hit10": 1.0, "hit3": 1.0, "mr": 2.0, "mrr": 0.5, "query_count": 1}, "group": "relation=24|side=head_prediction|text=missing_text", "level": "level1", "lock_missing_text": true, "query_count": 1, "reason": "missing_text_locked_to_bv1", "selected_alpha": 0.0, "selected_lambda": 0.25, "selected_valid_metrics": {"hit1": 0.0, "hit10": 1.0, "hit3": 1.0, "mr": 2.0, "mrr": 0.5, "query_count": 1}, "text_state": "missing_text", "valid_mrr_delta_vs_bv1": 0.0}, "relation=24|side=tail_prediction|text=both_have_text": {"accepted": false, "fallback_alpha": 0.0, "fallback_lambda": 0.25, "fallback_valid_metrics": {"hit1": 0.0, "hit10": 1.0, "hit3": 1.0, "mr": 2.6666666666666665, "mrr": 0.38888888888888884, "query_count": 3}, "group": "relation=24|side=tail_prediction|text=both_have_text", "level": "level1", "query_count": 3, "reason": "insufficient_validation_queries", "selected_alpha": null, "selected_lambda": null, "text_state": "both_have_text"}, "relation=24|side=tail_prediction|text=missing_text": {"accepted": false, "fallback_alpha": 0.0, "fallback_lambda": 0.25, "fallback_valid_metrics": {"hit1": 0.0, "hit10": 1.0, "hit3": 1.0, "mr": 2.0, "mrr": 0.5, "query_count": 1}, "group": "relation=24|side=tail_prediction|text=missing_text", "level": "level1", "lock_missing_text": true, "query_count": 1, "reason": "missing_text_locked_to_bv1", "selected_alpha": 0.0, "selected_lambda": 0.25, "selected_valid_metrics": {"hit1": 0.0, "hit10": 1.0, "hit3": 1.0, "mr": 2.0, "mrr": 0.5, "query_count": 1}, "text_state": "missing_text", "valid_mrr_delta_vs_bv1": 0.0}, "relation=25|side=head_prediction|text=missing_text": {"accepted": false, "fallback_alpha": 0.0, "fallback_lambda": 0.25, "fallback_valid_metrics": {"hit1": 0.0, "hit10": 0.0, "hit3": 0.0, "mr": 4208.25, "mrr": 0.002116151734144628, "query_count": 4}, "group": "relation=25|side=head_prediction|text=missing_text", "level": "level1", "lock_missing_text": true, "query_count": 4, "reason": "missing_text_locked_to_bv1", "selected_alpha": 0.0, "selected_lambda": 0.25, "selected_valid_metrics": {"hit1": 0.0, "hit10": 0.0, "hit3": 0.0, "mr": 4208.25, "mrr": 0.002116151734144628, "query_count": 4}, "text_state": "missing_text", "valid_mrr_delta_vs_bv1": 0.0}, "relation=25|side=tail_prediction|text=missing_text": {"accepted": false, "fallback_alpha": 0.0, "fallback_lambda": 0.25, "fallback_valid_metrics": {"hit1": 0.5, "hit10": 1.0, "hit3": 1.0, "mr": 1.5, "mrr": 0.75, "query_count": 4}, "group": "relation=25|side=tail_prediction|text=missing_text", "level": "level1", "lock_missing_text": true, "query_count": 4, "reason": "missing_text_locked_to_bv1", "selected_alpha": 0.0, "selected_lambda": 0.25, "selected_valid_metrics": {"hit1": 0.5, "hit10": 1.0, "hit3": 1.0, "mr": 1.5, "mrr": 0.75, "query_count": 4}, "text_state": "missing_text", "valid_mrr_delta_vs_bv1": 0.0}, "relation=26|side=head_prediction|text=both_have_text": {"accepted": false, "fallback_alpha": 0.0, "fallback_lambda": 0.25, "fallback_valid_metrics": {"hit1": 0.42857142857142855, "hit10": 1.0, "hit3": 1.0, "mr": 1.5714285714285714, "mrr": 0.7142857142857143, "query_count": 7}, "group": "relation=26|side=head_prediction|text=both_have_text", "level": "level1", "query_count": 7, "reason": "insufficient_validation_queries", "selected_alpha": null, "selected_lambda": null, "text_state": "both_have_text"}, "relation=26|side=head_prediction|text=missing_text": {"accepted": false, "fallback_alpha": 0.0, "fallback_lambda": 0.25, "fallback_valid_metrics": {"hit1": 1.0, "hit10": 1.0, "hit3": 1.0, "mr": 1.0, "mrr": 1.0, "query_count": 1}, "group": "relation=26|side=head_prediction|text=missing_text", "level": "level1", "lock_missing_text": true, "query_count": 1, "reason": "missing_text_locked_to_bv1", "selected_alpha": 0.0, "selected_lambda": 0.25, "selected_valid_metrics": {"hit1": 1.0, "hit10": 1.0, "hit3": 1.0, "mr": 1.0, "mrr": 1.0, "query_count": 1}, "text_state": "missing_text", "valid_mrr_delta_vs_bv1": 0.0}, "relation=26|side=tail_prediction|text=both_have_text": {"accepted": false, "fallback_alpha": 0.0, "fallback_lambda": 0.25, "fallback_valid_metrics": {"hit1": 0.42857142857142855, "hit10": 1.0, "hit3": 0.8571428571428571, "mr": 2.0, "mrr": 0.6547619047619049, "query_count": 7}, "group": "relation=26|side=tail_prediction|text=both_have_text", "level": "level1", "query_count": 7, "reason": "insufficient_validation_queries", "selected_alpha": null, "selected_lambda": null, "text_state": "both_have_text"}, "relation=26|side=tail_prediction|text=missing_text": {"accepted": false, "fallback_alpha": 0.0, "fallback_lambda": 0.25, "fallback_valid_metrics": {"hit1": 1.0, "hit10": 1.0, "hit3": 1.0, "mr": 1.0, "mrr": 1.0, "query_count": 1}, "group": "relation=26|side=tail_prediction|text=missing_text", "level": "level1", "lock_missing_text": true, "query_count": 1, "reason": "missing_text_locked_to_bv1", "selected_alpha": 0.0, "selected_lambda": 0.25, "selected_valid_metrics": {"hit1": 1.0, "hit10": 1.0, "hit3": 1.0, "mr": 1.0, "mrr": 1.0, "query_count": 1}, "text_state": "missing_text", "valid_mrr_delta_vs_bv1": 0.0}, "relation=27|side=head_prediction|text=both_have_text": {"accepted": false, "fallback_alpha": 0.0, "fallback_lambda": 0.25, "fallback_valid_metrics": {"hit1": 0.0, "hit10": 0.0, "hit3": 0.0, "mr": 2103.0, "mrr": 0.0008037067502558738, "query_count": 10}, "group": "relation=27|side=head_prediction|text=both_have_text", "level": "level1", "query_count": 10, "reason": "insufficient_validation_queries", "selected_alpha": null, "selected_lambda": null, "text_state": "both_have_text"}, "relation=27|side=head_prediction|text=missing_text": {"accepted": false, "fallback_alpha": 0.0, "fallback_lambda": 0.25, "fallback_valid_metrics": {"hit1": 0.0, "hit10": 0.0, "hit3": 0.0, "mr": 497.0, "mrr": 0.0026635370670875526, "query_count": 3}, "group": "relation=27|side=head_prediction|text=missing_text", "level": "level1", "lock_missing_text": true, "query_count": 3, "reason": "missing_text_locked_to_bv1", "selected_alpha": 0.0, "selected_lambda": 0.25, "selected_valid_metrics": {"hit1": 0.0, "hit10": 0.0, "hit3": 0.0, "mr": 497.0, "mrr": 0.0026635370670875526, "query_count": 3}, "text_state": "missing_text", "valid_mrr_delta_vs_bv1": 0.0}, "relation=27|side=tail_prediction|text=both_have_text": {"accepted": false, "fallback_alpha": 0.0, "fallback_lambda": 0.25, "fallback_valid_metrics": {"hit1": 0.2, "hit10": 0.8, "hit3": 0.6, "mr": 756.3, "mrr": 0.45215613735534055, "query_count": 10}, "group": "relation=27|side=tail_prediction|text=both_have_text", "level": "level1", "query_count": 10, "reason": "insufficient_validation_queries", "selected_alpha": null, "selected_lambda": null, "text_state": "both_have_text"}, "relation=27|side=tail_prediction|text=missing_text": {"accepted": false, "fallback_alpha": 0.0, "fallback_lambda": 0.25, "fallback_valid_metrics": {"hit1": 0.0, "hit10": 0.6666666666666666, "hit3": 0.3333333333333333, "mr": 7.333333333333333, "mrr": 0.21666666666666665, "query_count": 3}, "group": "relation=27|side=tail_prediction|text=missing_text", "level": "level1", "lock_missing_text": true, "query_count": 3, "reason": "missing_text_locked_to_bv1", "selected_alpha": 0.0, "selected_lambda": 0.25, "selected_valid_metrics": {"hit1": 0.0, "hit10": 0.6666666666666666, "hit3": 0.3333333333333333, "mr": 7.333333333333333, "mrr": 0.21666666666666665, "query_count": 3}, "text_state": "missing_text", "valid_mrr_delta_vs_bv1": 0.0}, "relation=28|side=head_prediction|text=both_have_text": {"accepted": false, "fallback_alpha": 0.0, "fallback_lambda": 0.25, "fallback_valid_metrics": {"hit1": 0.0, "hit10": 0.0, "hit3": 0.0, "mr": 13.0, "mrr": 0.07692307692307693, "query_count": 1}, "group": "relation=28|side=head_prediction|text=both_have_text", "level": "level1", "query_count": 1, "reason": "insufficient_validation_queries", "selected_alpha": null, "selected_lambda": null, "text_state": "both_have_text"}, "relation=28|side=tail_prediction|text=both_have_text": {"accepted": false, "fallback_alpha": 0.0, "fallback_lambda": 0.25, "fallback_valid_metrics": {"hit1": 0.0, "hit10": 1.0, "hit3": 1.0, "mr": 2.0, "mrr": 0.5, "query_count": 1}, "group": "relation=28|side=tail_prediction|text=both_have_text", "level": "level1", "query_count": 1, "reason": "insufficient_validation_queries", "selected_alpha": null, "selected_lambda": null, "text_state": "both_have_text"}, "relation=29|side=head_prediction|text=both_have_text": {"accepted": true, "fallback_alpha": 0.0, "fallback_lambda": 0.25, "fallback_valid_metrics": {"hit1": 0.017241379310344827, "hit10": 0.7413793103448276, "hit3": 0.5517241379310345, "mr": 77.56896551724138, "mrr": 0.31206116883995433, "query_count": 58}, "group": "relation=29|side=head_prediction|text=both_have_text", "level": "level1", "query_count": 58, "reason": "accepted", "selected_alpha": 0.0, "selected_lambda": 0.1, "selected_valid_metrics": {"hit1": 0.017241379310344827, "hit10": 0.7413793103448276, "hit3": 0.5517241379310345, "mr": 75.91379310344827, "mrr": 0.31403175967892083, "query_count": 58}, "text_state": "both_have_text", "valid_mrr_delta_vs_bv1": 0.0019705908389665017}, "relation=29|side=head_prediction|text=missing_text": {"accepted": false, "fallback_alpha": 0.0, "fallback_lambda": 0.25, "fallback_valid_metrics": {"hit1": 0.0, "hit10": 0.8823529411764706, "hit3": 0.8235294117647058, "mr": 25.176470588235293, "mrr": 0.39294724075197085, "query_count": 17}, "group": "relation=29|side=head_prediction|text=missing_text", "level": "level1", "lock_missing_text": true, "query_count": 17, "reason": "missing_text_locked_to_bv1", "selected_alpha": 0.0, "selected_lambda": 0.25, "selected_valid_metrics": {"hit1": 0.0, "hit10": 0.8823529411764706, "hit3": 0.8235294117647058, "mr": 25.176470588235293, "mrr": 0.39294724075197085, "query_count": 17}, "text_state": "missing_text", "valid_mrr_delta_vs_bv1": 0.0}, "relation=29|side=tail_prediction|text=both_have_text": {"accepted": true, "fallback_alpha": 0.0, "fallback_lambda": 0.25, "fallback_valid_metrics": {"hit1": 0.0, "hit10": 0.6724137931034483, "hit3": 0.5, "mr": 79.74137931034483, "mrr": 0.2910487262321506, "query_count": 58}, "group": "relation=29|side=tail_prediction|text=both_have_text", "level": "level1", "query_count": 58, "reason": "accepted", "selected_alpha": 0.3, "selected_lambda": 0.1, "selected_valid_metrics": {"hit1": 0.0, "hit10": 0.6896551724137931, "hit3": 0.5344827586206896, "mr": 77.44827586206897, "mrr": 0.3008060737999684, "query_count": 58}, "text_state": "both_have_text", "valid_mrr_delta_vs_bv1": 0.009757347567817765}, "relation=29|side=tail_prediction|text=missing_text": {"accepted": false, "fallback_alpha": 0.0, "fallback_lambda": 0.25, "fallback_valid_metrics": {"hit1": 0.0, "hit10": 0.8235294117647058, "hit3": 0.7647058823529411, "mr": 30.294117647058822, "mrr": 0.3393787529803137, "query_count": 17}, "group": "relation=29|side=tail_prediction|text=missing_text", "level": "level1", "lock_missing_text": true, "query_count": 17, "reason": "missing_text_locked_to_bv1", "selected_alpha": 0.0, "selected_lambda": 0.25, "selected_valid_metrics": {"hit1": 0.0, "hit10": 0.8235294117647058, "hit3": 0.7647058823529411, "mr": 30.294117647058822, "mrr": 0.3393787529803137, "query_count": 17}, "text_state": "missing_text", "valid_mrr_delta_vs_bv1": 0.0}, "relation=2|side=head_prediction|text=both_have_text": {"accepted": true, "fallback_alpha": 0.0, "fallback_lambda": 0.25, "fallback_valid_metrics": {"hit1": 0.01, "hit10": 0.07, "hit3": 0.02, "mr": 1686.36, "mrr": 0.0287101172938937, "query_count": 100}, "group": "relation=2|side=head_prediction|text=both_have_text", "level": "level1", "query_count": 100, "reason": "accepted", "selected_alpha": 0.3, "selected_lambda": 0.1, "selected_valid_metrics": {"hit1": 0.01, "hit10": 0.08, "hit3": 0.02, "mr": 1633.91, "mrr": 0.03144806155061027, "query_count": 100}, "text_state": "both_have_text", "valid_mrr_delta_vs_bv1": 0.0027379442567165707}, "relation=2|side=head_prediction|text=missing_text": {"accepted": false, "fallback_alpha": 0.0, "fallback_lambda": 0.25, "fallback_valid_metrics": {"hit1": 0.0, "hit10": 0.08333333333333333, "hit3": 0.08333333333333333, "mr": 1265.2222222222222, "mrr": 0.042944578242076176, "query_count": 36}, "group": "relation=2|side=head_prediction|text=missing_text", "level": "level1", "lock_missing_text": true, "query_count": 36, "reason": "missing_text_locked_to_bv1", "selected_alpha": 0.0, "selected_lambda": 0.25, "selected_valid_metrics": {"hit1": 0.0, "hit10": 0.08333333333333333, "hit3": 0.08333333333333333, "mr": 1265.2222222222222, "mrr": 0.042944578242076176, "query_count": 36}, "text_state": "missing_text", "valid_mrr_delta_vs_bv1": 0.0}, "relation=2|side=tail_prediction|text=both_have_text": {"accepted": true, "fallback_alpha": 0.0, "fallback_lambda": 0.25, "fallback_valid_metrics": {"hit1": 0.5, "hit10": 0.83, "hit3": 0.7, "mr": 107.45, "mrr": 0.6193190979094614, "query_count": 100}, "group": "relation=2|side=tail_prediction|text=both_have_text", "level": "level1", "query_count": 100, "reason": "accepted", "selected_alpha": 0.2, "selected_lambda": 0.4, "selected_valid_metrics": {"hit1": 0.55, "hit10": 0.83, "hit3": 0.71, "mr": 103.68, "mrr": 0.6480010708084761, "query_count": 100}, "text_state": "both_have_text", "valid_mrr_delta_vs_bv1": 0.02868197289901475}, "relation=2|side=tail_prediction|text=missing_text": {"accepted": false, "fallback_alpha": 0.0, "fallback_lambda": 0.25, "fallback_valid_metrics": {"hit1": 0.3888888888888889, "hit10": 0.8055555555555556, "hit3": 0.6944444444444444, "mr": 17.944444444444443, "mrr": 0.5398186895548149, "query_count": 36}, "group": "relation=2|side=tail_prediction|text=missing_text", "level": "level1", "lock_missing_text": true, "query_count": 36, "reason": "missing_text_locked_to_bv1", "selected_alpha": 0.0, "selected_lambda": 0.25, "selected_valid_metrics": {"hit1": 0.3888888888888889, "hit10": 0.8055555555555556, "hit3": 0.6944444444444444, "mr": 17.944444444444443, "mrr": 0.5398186895548149, "query_count": 36}, "text_state": "missing_text", "valid_mrr_delta_vs_bv1": 0.0}, "relation=30|side=head_prediction|text=both_have_text": {"accepted": true, "fallback_alpha": 0.0, "fallback_lambda": 0.25, "fallback_valid_metrics": {"hit1": 0.09, "hit10": 0.16, "hit3": 0.13, "mr": 3666.22, "mrr": 0.11670535026409584, "query_count": 100}, "group": "relation=30|side=head_prediction|text=both_have_text", "level": "level1", "query_count": 100, "reason": "accepted", "selected_alpha": 0.3, "selected_lambda": 0.1, "selected_valid_metrics": {"hit1": 0.09, "hit10": 0.16, "hit3": 0.14, "mr": 3623.15, "mrr": 0.12335162223572445, "query_count": 100}, "text_state": "both_have_text", "valid_mrr_delta_vs_bv1": 0.006646271971628606}, "relation=30|side=head_prediction|text=missing_text": {"accepted": false, "fallback_alpha": 0.0, "fallback_lambda": 0.25, "fallback_valid_metrics": {"hit1": 0.0, "hit10": 0.04, "hit3": 0.04, "mr": 3199.2, "mrr": 0.03339537605772937, "query_count": 25}, "group": "relation=30|side=head_prediction|text=missing_text", "level": "level1", "lock_missing_text": true, "query_count": 25, "reason": "missing_text_locked_to_bv1", "selected_alpha": 0.0, "selected_lambda": 0.25, "selected_valid_metrics": {"hit1": 0.0, "hit10": 0.04, "hit3": 0.04, "mr": 3199.2, "mrr": 0.03339537605772937, "query_count": 25}, "text_state": "missing_text", "valid_mrr_delta_vs_bv1": 0.0}, "relation=30|side=tail_prediction|text=both_have_text": {"accepted": true, "fallback_alpha": 0.0, "fallback_lambda": 0.25, "fallback_valid_metrics": {"hit1": 0.17, "hit10": 0.37, "hit3": 0.27, "mr": 586.97, "mrr": 0.23294391681677515, "query_count": 100}, "group": "relation=30|side=tail_prediction|text=both_have_text", "level": "level1", "query_count": 100, "reason": "accepted", "selected_alpha": 0.1, "selected_lambda": 0.4, "selected_valid_metrics": {"hit1": 0.19, "hit10": 0.37, "hit3": 0.27, "mr": 595.64, "mrr": 0.24512206085766178, "query_count": 100}, "text_state": "both_have_text", "valid_mrr_delta_vs_bv1": 0.01217814404088663}, "relation=30|side=tail_prediction|text=missing_text": {"accepted": false, "fallback_alpha": 0.0, "fallback_lambda": 0.25, "fallback_valid_metrics": {"hit1": 0.16, "hit10": 0.32, "hit3": 0.16, "mr": 560.0, "mrr": 0.1992137356591324, "query_count": 25}, "group": "relation=30|side=tail_prediction|text=missing_text", "level": "level1", "lock_missing_text": true, "query_count": 25, "reason": "missing_text_locked_to_bv1", "selected_alpha": 0.0, "selected_lambda": 0.25, "selected_valid_metrics": {"hit1": 0.16, "hit10": 0.32, "hit3": 0.16, "mr": 560.0, "mrr": 0.1992137356591324, "query_count": 25}, "text_state": "missing_text", "valid_mrr_delta_vs_bv1": 0.0}, "relation=31|side=head_prediction|text=both_have_text": {"accepted": true, "fallback_alpha": 0.0, "fallback_lambda": 0.25, "fallback_valid_metrics": {"hit1": 0.06896551724137931, "hit10": 0.15517241379310345, "hit3": 0.10344827586206896, "mr": 2566.810344827586, "mrr": 0.09843245202527322, "query_count": 58}, "group": "relation=31|side=head_prediction|text=both_have_text", "level": "level1", "query_count": 58, "reason": "accepted", "selected_alpha": 0.2, "selected_lambda": 0.1, "selected_valid_metrics": {"hit1": 0.08620689655172414, "hit10": 0.15517241379310345, "hit3": 0.10344827586206896, "mr": 2550.5172413793102, "mrr": 0.11082388237843085, "query_count": 58}, "text_state": "both_have_text", "valid_mrr_delta_vs_bv1": 0.012391430353157637}, "relation=31|side=head_prediction|text=missing_text": {"accepted": false, "fallback_alpha": 0.0, "fallback_lambda": 0.25, "fallback_valid_metrics": {"hit1": 0.0, "hit10": 0.0, "hit3": 0.0, "mr": 982.3529411764706, "mrr": 0.01058483958630783, "query_count": 17}, "group": "relation=31|side=head_prediction|text=missing_text", "level": "level1", "lock_missing_text": true, "query_count": 17, "reason": "missing_text_locked_to_bv1", "selected_alpha": 0.0, "selected_lambda": 0.25, "selected_valid_metrics": {"hit1": 0.0, "hit10": 0.0, "hit3": 0.0, "mr": 982.3529411764706, "mrr": 0.01058483958630783, "query_count": 17}, "text_state": "missing_text", "valid_mrr_delta_vs_bv1": 0.0}, "relation=31|side=tail_prediction|text=both_have_text": {"accepted": true, "fallback_alpha": 0.0, "fallback_lambda": 0.25, "fallback_valid_metrics": {"hit1": 0.1724137931034483, "hit10": 0.3793103448275862, "hit3": 0.2413793103448276, "mr": 349.2586206896552, "mrr": 0.23575749161135368, "query_count": 58}, "group": "relation=31|side=tail_prediction|text=both_have_text", "level": "level1", "query_count": 58, "reason": "accepted", "selected_alpha": 0.3, "selected_lambda": 0.1, "selected_valid_metrics": {"hit1": 0.1724137931034483, "hit10": 0.39655172413793105, "hit3": 0.2413793103448276, "mr": 325.9655172413793, "mrr": 0.2386609189746926, "query_count": 58}, "text_state": "both_have_text", "valid_mrr_delta_vs_bv1": 0.0029034273633389285}, "relation=31|side=tail_prediction|text=missing_text": {"accepted": false, "fallback_alpha": 0.0, "fallback_lambda": 0.25, "fallback_valid_metrics": {"hit1": 0.17647058823529413, "hit10": 0.23529411764705882, "hit3": 0.23529411764705882, "mr": 139.23529411764707, "mrr": 0.22198811420667908, "query_count": 17}, "group": "relation=31|side=tail_prediction|text=missing_text", "level": "level1", "lock_missing_text": true, "query_count": 17, "reason": "missing_text_locked_to_bv1", "selected_alpha": 0.0, "selected_lambda": 0.25, "selected_valid_metrics": {"hit1": 0.17647058823529413, "hit10": 0.23529411764705882, "hit3": 0.23529411764705882, "mr": 139.23529411764707, "mrr": 0.22198811420667908, "query_count": 17}, "text_state": "missing_text", "valid_mrr_delta_vs_bv1": 0.0}, "relation=32|side=head_prediction|text=both_have_text": {"accepted": true, "fallback_alpha": 0.0, "fallback_lambda": 0.25, "fallback_valid_metrics": {"hit1": 0.047619047619047616, "hit10": 0.12698412698412698, "hit3": 0.12698412698412698, "mr": 2270.3650793650795, "mrr": 0.08700390479998817, "query_count": 63}, "group": "relation=32|side=head_prediction|text=both_have_text", "level": "level1", "query_count": 63, "reason": "accepted", "selected_alpha": 0.3, "selected_lambda": 0.1, "selected_valid_metrics": {"hit1": 0.047619047619047616, "hit10": 0.12698412698412698, "hit3": 0.12698412698412698, "mr": 2251.2698412698414, "mrr": 0.09049453994765595, "query_count": 63}, "text_state": "both_have_text", "valid_mrr_delta_vs_bv1": 0.0034906351476677866}, "relation=32|side=head_prediction|text=missing_text": {"accepted": false, "fallback_alpha": 0.0, "fallback_lambda": 0.25, "fallback_valid_metrics": {"hit1": 0.0, "hit10": 0.1111111111111111, "hit3": 0.0, "mr": 1946.611111111111, "mrr": 0.026715664476028814, "query_count": 18}, "group": "relation=32|side=head_prediction|text=missing_text", "level": "level1", "lock_missing_text": true, "query_count": 18, "reason": "missing_text_locked_to_bv1", "selected_alpha": 0.0, "selected_lambda": 0.25, "selected_valid_metrics": {"hit1": 0.0, "hit10": 0.1111111111111111, "hit3": 0.0, "mr": 1946.611111111111, "mrr": 0.026715664476028814, "query_count": 18}, "text_state": "missing_text", "valid_mrr_delta_vs_bv1": 0.0}, "relation=32|side=tail_prediction|text=both_have_text": {"accepted": true, "fallback_alpha": 0.0, "fallback_lambda": 0.25, "fallback_valid_metrics": {"hit1": 0.47619047619047616, "hit10": 0.8571428571428571, "hit3": 0.6666666666666666, "mr": 147.03174603174602, "mrr": 0.5964826900809681, "query_count": 63}, "group": "relation=32|side=tail_prediction|text=both_have_text", "level": "level1", "query_count": 63, "reason": "accepted", "selected_alpha": 0.3, "selected_lambda": 0.1, "selected_valid_metrics": {"hit1": 0.5079365079365079, "hit10": 0.8571428571428571, "hit3": 0.6984126984126984, "mr": 146.0793650793651, "mrr": 0.6194938494605333, "query_count": 63}, "text_state": "both_have_text", "valid_mrr_delta_vs_bv1": 0.023011159379565216}, "relation=32|side=tail_prediction|text=missing_text": {"accepted": false, "fallback_alpha": 0.0, "fallback_lambda": 0.25, "fallback_valid_metrics": {"hit1": 0.2777777777777778, "hit10": 0.6666666666666666, "hit3": 0.5555555555555556, "mr": 159.66666666666666, "mrr": 0.4372333497809966, "query_count": 18}, "group": "relation=32|side=tail_prediction|text=missing_text", "level": "level1", "lock_missing_text": true, "query_count": 18, "reason": "missing_text_locked_to_bv1", "selected_alpha": 0.0, "selected_lambda": 0.25, "selected_valid_metrics": {"hit1": 0.2777777777777778, "hit10": 0.6666666666666666, "hit3": 0.5555555555555556, "mr": 159.66666666666666, "mrr": 0.4372333497809966, "query_count": 18}, "text_state": "missing_text", "valid_mrr_delta_vs_bv1": 0.0}, "relation=33|side=head_prediction|text=both_have_text": {"accepted": false, "fallback_alpha": 0.0, "fallback_lambda": 0.25, "fallback_valid_metrics": {"hit1": 0.0, "hit10": 0.16666666666666666, "hit3": 0.0, "mr": 963.8333333333334, "mrr": 0.04715181705524104, "query_count": 12}, "group": "relation=33|side=head_prediction|text=both_have_text", "level": "level1", "query_count": 12, "reason": "insufficient_validation_queries", "selected_alpha": null, "selected_lambda": null, "text_state": "both_have_text"}, "relation=33|side=head_prediction|text=missing_text": {"accepted": false, "fallback_alpha": 0.0, "fallback_lambda": 0.25, "fallback_valid_metrics": {"hit1": 0.0, "hit10": 0.0, "hit3": 0.0, "mr": 146.5, "mrr": 0.026831501831501833, "query_count": 2}, "group": "relation=33|side=head_prediction|text=missing_text", "level": "level1", "lock_missing_text": true, "query_count": 2, "reason": "missing_text_locked_to_bv1", "selected_alpha": 0.0, "selected_lambda": 0.25, "selected_valid_metrics": {"hit1": 0.0, "hit10": 0.0, "hit3": 0.0, "mr": 146.5, "mrr": 0.026831501831501833, "query_count": 2}, "text_state": "missing_text", "valid_mrr_delta_vs_bv1": 0.0}, "relation=33|side=tail_prediction|text=both_have_text": {"accepted": false, "fallback_alpha": 0.0, "fallback_lambda": 0.25, "fallback_valid_metrics": {"hit1": 0.0, "hit10": 0.75, "hit3": 0.5, "mr": 171.41666666666666, "mrr": 0.29735123759743126, "query_count": 12}, "group": "relation=33|side=tail_prediction|text=both_have_text", "level": "level1", "query_count": 12, "reason": "insufficient_validation_queries", "selected_alpha": null, "selected_lambda": null, "text_state": "both_have_text"}, "relation=33|side=tail_prediction|text=missing_text": {"accepted": false, "fallback_alpha": 0.0, "fallback_lambda": 0.25, "fallback_valid_metrics": {"hit1": 0.0, "hit10": 0.5, "hit3": 0.0, "mr": 8.5, "mrr": 0.12878787878787878, "query_count": 2}, "group": "relation=33|side=tail_prediction|text=missing_text", "level": "level1", "lock_missing_text": true, "query_count": 2, "reason": "missing_text_locked_to_bv1", "selected_alpha": 0.0, "selected_lambda": 0.25, "selected_valid_metrics": {"hit1": 0.0, "hit10": 0.5, "hit3": 0.0, "mr": 8.5, "mrr": 0.12878787878787878, "query_count": 2}, "text_state": "missing_text", "valid_mrr_delta_vs_bv1": 0.0}, "relation=34|side=head_prediction|text=both_have_text": {"accepted": true, "fallback_alpha": 0.0, "fallback_lambda": 0.25, "fallback_valid_metrics": {"hit1": 0.1625, "hit10": 0.275, "hit3": 0.2, "mr": 1872.775, "mrr": 0.2008296971689895, "query_count": 80}, "group": "relation=34|side=head_prediction|text=both_have_text", "level": "level1", "query_count": 80, "reason": "accepted", "selected_alpha": 0.1, "selected_lambda": 0.1, "selected_valid_metrics": {"hit1": 0.1625, "hit10": 0.275, "hit3": 0.2, "mr": 1846.65, "mrr": 0.20704027182239954, "query_count": 80}, "text_state": "both_have_text", "valid_mrr_delta_vs_bv1": 0.006210574653410045}, "relation=34|side=head_prediction|text=missing_text": {"accepted": false, "fallback_alpha": 0.0, "fallback_lambda": 0.25, "fallback_valid_metrics": {"hit1": 0.16666666666666666, "hit10": 0.3333333333333333, "hit3": 0.25, "mr": 503.25, "mrr": 0.2352320641930226, "query_count": 12}, "group": "relation=34|side=head_prediction|text=missing_text", "level": "level1", "lock_missing_text": true, "query_count": 12, "reason": "missing_text_locked_to_bv1", "selected_alpha": 0.0, "selected_lambda": 0.25, "selected_valid_metrics": {"hit1": 0.16666666666666666, "hit10": 0.3333333333333333, "hit3": 0.25, "mr": 503.25, "mrr": 0.2352320641930226, "query_count": 12}, "text_state": "missing_text", "valid_mrr_delta_vs_bv1": 0.0}, "relation=34|side=tail_prediction|text=both_have_text": {"accepted": true, "fallback_alpha": 0.0, "fallback_lambda": 0.25, "fallback_valid_metrics": {"hit1": 0.625, "hit10": 0.8125, "hit3": 0.7875, "mr": 69.675, "mrr": 0.7127560182019612, "query_count": 80}, "group": "relation=34|side=tail_prediction|text=both_have_text", "level": "level1", "query_count": 80, "reason": "accepted", "selected_alpha": 0.3, "selected_lambda": 0.4, "selected_valid_metrics": {"hit1": 0.6375, "hit10": 0.825, "hit3": 0.7875, "mr": 67.6625, "mrr": 0.7194855703414451, "query_count": 80}, "text_state": "both_have_text", "valid_mrr_delta_vs_bv1": 0.006729552139483896}, "relation=34|side=tail_prediction|text=missing_text": {"accepted": false, "fallback_alpha": 0.0, "fallback_lambda": 0.25, "fallback_valid_metrics": {"hit1": 0.6666666666666666, "hit10": 0.8333333333333334, "hit3": 0.8333333333333334, "mr": 5.916666666666667, "mrr": 0.7423316173316173, "query_count": 12}, "group": "relation=34|side=tail_prediction|text=missing_text", "level": "level1", "lock_missing_text": true, "query_count": 12, "reason": "missing_text_locked_to_bv1", "selected_alpha": 0.0, "selected_lambda": 0.25, "selected_valid_metrics": {"hit1": 0.6666666666666666, "hit10": 0.8333333333333334, "hit3": 0.8333333333333334, "mr": 5.916666666666667, "mrr": 0.7423316173316173, "query_count": 12}, "text_state": "missing_text", "valid_mrr_delta_vs_bv1": 0.0}, "relation=35|side=head_prediction|text=both_have_text": {"accepted": false, "fallback_alpha": 0.0, "fallback_lambda": 0.25, "fallback_valid_metrics": {"hit1": 0.0, "hit10": 0.2, "hit3": 0.2, "mr": 6484.8, "mrr": 0.10063740855226118, "query_count": 5}, "group": "relation=35|side=head_prediction|text=both_have_text", "level": "level1", "query_count": 5, "reason": "insufficient_validation_queries", "selected_alpha": null, "selected_lambda": null, "text_state": "both_have_text"}, "relation=35|side=tail_prediction|text=both_have_text": {"accepted": false, "fallback_alpha": 0.0, "fallback_lambda": 0.25, "fallback_valid_metrics": {"hit1": 0.2, "hit10": 1.0, "hit3": 0.8, "mr": 2.8, "mrr": 0.5000000000000001, "query_count": 5}, "group": "relation=35|side=tail_prediction|text=both_have_text", "level": "level1", "query_count": 5, "reason": "insufficient_validation_queries", "selected_alpha": null, "selected_lambda": null, "text_state": "both_have_text"}, "relation=36|side=head_prediction|text=both_have_text": {"accepted": false, "fallback_alpha": 0.0, "fallback_lambda": 0.25, "fallback_valid_metrics": {"hit1": 0.0, "hit10": 1.0, "hit3": 0.5, "mr": 3.0, "mrr": 0.375, "query_count": 2}, "group": "relation=36|side=head_prediction|text=both_have_text", "level": "level1", "query_count": 2, "reason": "insufficient_validation_queries", "selected_alpha": null, "selected_lambda": null, "text_state": "both_have_text"}, "relation=36|side=head_prediction|text=missing_text": {"accepted": false, "fallback_alpha": 0.0, "fallback_lambda": 0.25, "fallback_valid_metrics": {"hit1": 0.0, "hit10": 0.0, "hit3": 0.0, "mr": 309.0, "mrr": 0.003236245954692557, "query_count": 1}, "group": "relation=36|side=head_prediction|text=missing_text", "level": "level1", "lock_missing_text": true, "query_count": 1, "reason": "missing_text_locked_to_bv1", "selected_alpha": 0.0, "selected_lambda": 0.25, "selected_valid_metrics": {"hit1": 0.0, "hit10": 0.0, "hit3": 0.0, "mr": 309.0, "mrr": 0.003236245954692557, "query_count": 1}, "text_state": "missing_text", "valid_mrr_delta_vs_bv1": 0.0}, "relation=36|side=tail_prediction|text=both_have_text": {"accepted": false, "fallback_alpha": 0.0, "fallback_lambda": 0.25, "fallback_valid_metrics": {"hit1": 1.0, "hit10": 1.0, "hit3": 1.0, "mr": 1.0, "mrr": 1.0, "query_count": 2}, "group": "relation=36|side=tail_prediction|text=both_have_text", "level": "level1", "query_count": 2, "reason": "insufficient_validation_queries", "selected_alpha": null, "selected_lambda": null, "text_state": "both_have_text"}, "relation=36|side=tail_prediction|text=missing_text": {"accepted": false, "fallback_alpha": 0.0, "fallback_lambda": 0.25, "fallback_valid_metrics": {"hit1": 0.0, "hit10": 1.0, "hit3": 0.0, "mr": 4.0, "mrr": 0.25, "query_count": 1}, "group": "relation=36|side=tail_prediction|text=missing_text", "level": "level1", "lock_missing_text": true, "query_count": 1, "reason": "missing_text_locked_to_bv1", "selected_alpha": 0.0, "selected_lambda": 0.25, "selected_valid_metrics": {"hit1": 0.0, "hit10": 1.0, "hit3": 0.0, "mr": 4.0, "mrr": 0.25, "query_count": 1}, "text_state": "missing_text", "valid_mrr_delta_vs_bv1": 0.0}, "relation=37|side=head_prediction|text=both_have_text": {"accepted": false, "fallback_alpha": 0.0, "fallback_lambda": 0.25, "fallback_valid_metrics": {"hit1": 0.14814814814814814, "hit10": 0.3333333333333333, "hit3": 0.18518518518518517, "mr": 438.7037037037037, "mrr": 0.20072736789157636, "query_count": 27}, "group": "relation=37|side=head_prediction|text=both_have_text", "level": "level1", "query_count": 27, "reason": "insufficient_validation_queries", "selected_alpha": null, "selected_lambda": null, "text_state": "both_have_text"}, "relation=37|side=head_prediction|text=missing_text": {"accepted": false, "fallback_alpha": 0.0, "fallback_lambda": 0.25, "fallback_valid_metrics": {"hit1": 0.14285714285714285, "hit10": 0.21428571428571427, "hit3": 0.14285714285714285, "mr": 652.6428571428571, "mrr": 0.1759835928103166, "query_count": 14}, "group": "relation=37|side=head_prediction|text=missing_text", "level": "level1", "lock_missing_text": true, "query_count": 14, "reason": "missing_text_locked_to_bv1", "selected_alpha": 0.0, "selected_lambda": 0.25, "selected_valid_metrics": {"hit1": 0.14285714285714285, "hit10": 0.21428571428571427, "hit3": 0.14285714285714285, "mr": 652.6428571428571, "mrr": 0.1759835928103166, "query_count": 14}, "text_state": "missing_text", "valid_mrr_delta_vs_bv1": 0.0}, "relation=37|side=tail_prediction|text=both_have_text": {"accepted": false, "fallback_alpha": 0.0, "fallback_lambda": 0.25, "fallback_valid_metrics": {"hit1": 0.6296296296296297, "hit10": 0.9259259259259259, "hit3": 0.8148148148148148, "mr": 3.6666666666666665, "mrr": 0.7392687559354226, "query_count": 27}, "group": "relation=37|side=tail_prediction|text=both_have_text", "level": "level1", "query_count": 27, "reason": "insufficient_validation_queries", "selected_alpha": null, "selected_lambda": null, "text_state": "both_have_text"}, "relation=37|side=tail_prediction|text=missing_text": {"accepted": false, "fallback_alpha": 0.0, "fallback_lambda": 0.25, "fallback_valid_metrics": {"hit1": 0.5, "hit10": 0.7142857142857143, "hit3": 0.5714285714285714, "mr": 9.857142857142858, "mrr": 0.5652371368941137, "query_count": 14}, "group": "relation=37|side=tail_prediction|text=missing_text", "level": "level1", "lock_missing_text": true, "query_count": 14, "reason": "missing_text_locked_to_bv1", "selected_alpha": 0.0, "selected_lambda": 0.25, "selected_valid_metrics": {"hit1": 0.5, "hit10": 0.7142857142857143, "hit3": 0.5714285714285714, "mr": 9.857142857142858, "mrr": 0.5652371368941137, "query_count": 14}, "text_state": "missing_text", "valid_mrr_delta_vs_bv1": 0.0}, "relation=38|side=head_prediction|text=both_have_text": {"accepted": false, "fallback_alpha": 0.0, "fallback_lambda": 0.25, "fallback_valid_metrics": {"hit1": 0.0, "hit10": 0.2, "hit3": 0.2, "mr": 5848.8, "mrr": 0.1091590378651542, "query_count": 5}, "group": "relation=38|side=head_prediction|text=both_have_text", "level": "level1", "query_count": 5, "reason": "insufficient_validation_queries", "selected_alpha": null, "selected_lambda": null, "text_state": "both_have_text"}, "relation=38|side=head_prediction|text=missing_text": {"accepted": false, "fallback_alpha": 0.0, "fallback_lambda": 0.25, "fallback_valid_metrics": {"hit1": 0.0, "hit10": 0.5, "hit3": 0.5, "mr": 14.5, "mrr": 0.1858974358974359, "query_count": 2}, "group": "relation=38|side=head_prediction|text=missing_text", "level": "level1", "lock_missing_text": true, "query_count": 2, "reason": "missing_text_locked_to_bv1", "selected_alpha": 0.0, "selected_lambda": 0.25, "selected_valid_metrics": {"hit1": 0.0, "hit10": 0.5, "hit3": 0.5, "mr": 14.5, "mrr": 0.1858974358974359, "query_count": 2}, "text_state": "missing_text", "valid_mrr_delta_vs_bv1": 0.0}, "relation=38|side=tail_prediction|text=both_have_text": {"accepted": false, "fallback_alpha": 0.0, "fallback_lambda": 0.25, "fallback_valid_metrics": {"hit1": 0.0, "hit10": 0.4, "hit3": 0.4, "mr": 640.8, "mrr": 0.17111829968972825, "query_count": 5}, "group": "relation=38|side=tail_prediction|text=both_have_text", "level": "level1", "query_count": 5, "reason": "insufficient_validation_queries", "selected_alpha": null, "selected_lambda": null, "text_state": "both_have_text"}, "relation=38|side=tail_prediction|text=missing_text": {"accepted": false, "fallback_alpha": 0.0, "fallback_lambda": 0.25, "fallback_valid_metrics": {"hit1": 0.0, "hit10": 0.5, "hit3": 0.5, "mr": 8.0, "mrr": 0.2857142857142857, "query_count": 2}, "group": "relation=38|side=tail_prediction|text=missing_text", "level": "level1", "lock_missing_text": true, "query_count": 2, "reason": "missing_text_locked_to_bv1", "selected_alpha": 0.0, "selected_lambda": 0.25, "selected_valid_metrics": {"hit1": 0.0, "hit10": 0.5, "hit3": 0.5, "mr": 8.0, "mrr": 0.2857142857142857, "query_count": 2}, "text_state": "missing_text", "valid_mrr_delta_vs_bv1": 0.0}, "relation=39|side=head_prediction|text=both_have_text": {"accepted": false, "fallback_alpha": 0.0, "fallback_lambda": 0.25, "fallback_valid_metrics": {"hit1": 0.0, "hit10": 0.9090909090909091, "hit3": 0.8181818181818182, "mr": 3.8181818181818183, "mrr": 0.39545454545454545, "query_count": 11}, "group": "relation=39|side=head_prediction|text=both_have_text", "level": "level1", "query_count": 11, "reason": "insufficient_validation_queries", "selected_alpha": null, "selected_lambda": null, "text_state": "both_have_text"}, "relation=39|side=head_prediction|text=missing_text": {"accepted": false, "fallback_alpha": 0.0, "fallback_lambda": 0.25, "fallback_valid_metrics": {"hit1": 0.0, "hit10": 1.0, "hit3": 1.0, "mr": 2.0, "mrr": 0.5, "query_count": 3}, "group": "relation=39|side=head_prediction|text=missing_text", "level": "level1", "lock_missing_text": true, "query_count": 3, "reason": "missing_text_locked_to_bv1", "selected_alpha": 0.0, "selected_lambda": 0.25, "selected_valid_metrics": {"hit1": 0.0, "hit10": 1.0, "hit3": 1.0, "mr": 2.0, "mrr": 0.5, "query_count": 3}, "text_state": "missing_text", "valid_mrr_delta_vs_bv1": 0.0}, "relation=39|side=tail_prediction|text=both_have_text": {"accepted": false, "fallback_alpha": 0.0, "fallback_lambda": 0.25, "fallback_valid_metrics": {"hit1": 0.0, "hit10": 0.9090909090909091, "hit3": 0.8181818181818182, "mr": 3.5454545454545454, "mrr": 0.42744755244755245, "query_count": 11}, "group": "relation=39|side=tail_prediction|text=both_have_text", "level": "level1", "query_count": 11, "reason": "insufficient_validation_queries", "selected_alpha": null, "selected_lambda": null, "text_state": "both_have_text"}, "relation=39|side=tail_prediction|text=missing_text": {"accepted": false, "fallback_alpha": 0.0, "fallback_lambda": 0.25, "fallback_valid_metrics": {"hit1": 0.0, "hit10": 1.0, "hit3": 1.0, "mr": 2.0, "mrr": 0.5, "query_count": 3}, "group": "relation=39|side=tail_prediction|text=missing_text", "level": "level1", "lock_missing_text": true, "query_count": 3, "reason": "missing_text_locked_to_bv1", "selected_alpha": 0.0, "selected_lambda": 0.25, "selected_valid_metrics": {"hit1": 0.0, "hit10": 1.0, "hit3": 1.0, "mr": 2.0, "mrr": 0.5, "query_count": 3}, "text_state": "missing_text", "valid_mrr_delta_vs_bv1": 0.0}, "relation=3|side=head_prediction|text=both_have_text": {"accepted": true, "fallback_alpha": 0.0, "fallback_lambda": 0.25, "fallback_valid_metrics": {"hit1": 0.3047619047619048, "hit10": 0.5047619047619047, "hit3": 0.42857142857142855, "mr": 3861.5714285714284, "mrr": 0.375989473495869, "query_count": 105}, "group": "relation=3|side=head_prediction|text=both_have_text", "level": "level1", "query_count": 105, "reason": "accepted", "selected_alpha": 0.3, "selected_lambda": 0.1, "selected_valid_metrics": {"hit1": 0.3142857142857143, "hit10": 0.5047619047619047, "hit3": 0.4380952380952381, "mr": 3811.8380952380953, "mrr": 0.3864134231807024, "query_count": 105}, "text_state": "both_have_text", "valid_mrr_delta_vs_bv1": 0.0104239496848334}, "relation=3|side=head_prediction|text=missing_text": {"accepted": false, "fallback_alpha": 0.0, "fallback_lambda": 0.25, "fallback_valid_metrics": {"hit1": 0.16216216216216217, "hit10": 0.3783783783783784, "hit3": 0.21621621621621623, "mr": 3058.5675675675675, "mrr": 0.22649149821327058, "query_count": 37}, "group": "relation=3|side=head_prediction|text=missing_text", "level": "level1", "lock_missing_text": true, "query_count": 37, "reason": "missing_text_locked_to_bv1", "selected_alpha": 0.0, "selected_lambda": 0.25, "selected_valid_metrics": {"hit1": 0.16216216216216217, "hit10": 0.3783783783783784, "hit3": 0.21621621621621623, "mr": 3058.5675675675675, "mrr": 0.22649149821327058, "query_count": 37}, "text_state": "missing_text", "valid_mrr_delta_vs_bv1": 0.0}, "relation=3|side=tail_prediction|text=both_have_text": {"accepted": true, "fallback_alpha": 0.0, "fallback_lambda": 0.25, "fallback_valid_metrics": {"hit1": 0.4380952380952381, "hit10": 0.638095238095238, "hit3": 0.5523809523809524, "mr": 1106.4761904761904, "mrr": 0.505659620748511, "query_count": 105}, "group": "relation=3|side=tail_prediction|text=both_have_text", "level": "level1", "query_count": 105, "reason": "accepted", "selected_alpha": 0.3, "selected_lambda": 0.1, "selected_valid_metrics": {"hit1": 0.4666666666666667, "hit10": 0.6476190476190476, "hit3": 0.5619047619047619, "mr": 1060.3142857142857, "mrr": 0.5238999065264258, "query_count": 105}, "text_state": "both_have_text", "valid_mrr_delta_vs_bv1": 0.01824028577791481}, "relation=3|side=tail_prediction|text=missing_text": {"accepted": false, "fallback_alpha": 0.0, "fallback_lambda": 0.25, "fallback_valid_metrics": {"hit1": 0.32432432432432434, "hit10": 0.5135135135135135, "hit3": 0.4594594594594595, "mr": 1136.5135135135135, "mrr": 0.39618502320954907, "query_count": 37}, "group": "relation=3|side=tail_prediction|text=missing_text", "level": "level1", "lock_missing_text": true, "query_count": 37, "reason": "missing_text_locked_to_bv1", "selected_alpha": 0.0, "selected_lambda": 0.25, "selected_valid_metrics": {"hit1": 0.32432432432432434, "hit10": 0.5135135135135135, "hit3": 0.4594594594594595, "mr": 1136.5135135135135, "mrr": 0.39618502320954907, "query_count": 37}, "text_state": "missing_text", "valid_mrr_delta_vs_bv1": 0.0}, "relation=40|side=head_prediction|text=both_have_text": {"accepted": false, "fallback_alpha": 0.0, "fallback_lambda": 0.25, "fallback_valid_metrics": {"hit1": 0.16666666666666666, "hit10": 0.4166666666666667, "hit3": 0.25, "mr": 124.41666666666667, "mrr": 0.2325660720400878, "query_count": 12}, "group": "relation=40|side=head_prediction|text=both_have_text", "level": "level1", "query_count": 12, "reason": "insufficient_validation_queries", "selected_alpha": null, "selected_lambda": null, "text_state": "both_have_text"}, "relation=40|side=head_prediction|text=missing_text": {"accepted": false, "fallback_alpha": 0.0, "fallback_lambda": 0.25, "fallback_valid_metrics": {"hit1": 0.0, "hit10": 0.3333333333333333, "hit3": 0.3333333333333333, "mr": 31.666666666666668, "mrr": 0.14552936775158998, "query_count": 3}, "group": "relation=40|side=head_prediction|text=missing_text", "level": "level1", "lock_missing_text": true, "query_count": 3, "reason": "missing_text_locked_to_bv1", "selected_alpha": 0.0, "selected_lambda": 0.25, "selected_valid_metrics": {"hit1": 0.0, "hit10": 0.3333333333333333, "hit3": 0.3333333333333333, "mr": 31.666666666666668, "mrr": 0.14552936775158998, "query_count": 3}, "text_state": "missing_text", "valid_mrr_delta_vs_bv1": 0.0}, "relation=40|side=tail_prediction|text=both_have_text": {"accepted": false, "fallback_alpha": 0.0, "fallback_lambda": 0.25, "fallback_valid_metrics": {"hit1": 0.25, "hit10": 0.6666666666666666, "hit3": 0.5, "mr": 417.0, "mrr": 0.40824563382990214, "query_count": 12}, "group": "relation=40|side=tail_prediction|text=both_have_text", "level": "level1", "query_count": 12, "reason": "insufficient_validation_queries", "selected_alpha": null, "selected_lambda": null, "text_state": "both_have_text"}, "relation=40|side=tail_prediction|text=missing_text": {"accepted": false, "fallback_alpha": 0.0, "fallback_lambda": 0.25, "fallback_valid_metrics": {"hit1": 0.6666666666666666, "hit10": 0.6666666666666666, "hit3": 0.6666666666666666, "mr": 36.333333333333336, "mrr": 0.6697819314641743, "query_count": 3}, "group": "relation=40|side=tail_prediction|text=missing_text", "level": "level1", "lock_missing_text": true, "query_count": 3, "reason": "missing_text_locked_to_bv1", "selected_alpha": 0.0, "selected_lambda": 0.25, "selected_valid_metrics": {"hit1": 0.6666666666666666, "hit10": 0.6666666666666666, "hit3": 0.6666666666666666, "mr": 36.333333333333336, "mrr": 0.6697819314641743, "query_count": 3}, "text_state": "missing_text", "valid_mrr_delta_vs_bv1": 0.0}, "relation=41|side=head_prediction|text=both_have_text": {"accepted": false, "fallback_alpha": 0.0, "fallback_lambda": 0.25, "fallback_valid_metrics": {"hit1": 0.25, "hit10": 0.5, "hit3": 0.375, "mr": 77.375, "mrr": 0.35496889914699037, "query_count": 8}, "group": "relation=41|side=head_prediction|text=both_have_text", "level": "level1", "query_count": 8, "reason": "insufficient_validation_queries", "selected_alpha": null, "selected_lambda": null, "text_state": "both_have_text"}, "relation=41|side=head_prediction|text=missing_text": {"accepted": false, "fallback_alpha": 0.0, "fallback_lambda": 0.25, "fallback_valid_metrics": {"hit1": 0.0, "hit10": 0.6666666666666666, "hit3": 0.3333333333333333, "mr": 8.0, "mrr": 0.17592592592592593, "query_count": 3}, "group": "relation=41|side=head_prediction|text=missing_text", "level": "level1", "lock_missing_text": true, "query_count": 3, "reason": "missing_text_locked_to_bv1", "selected_alpha": 0.0, "selected_lambda": 0.25, "selected_valid_metrics": {"hit1": 0.0, "hit10": 0.6666666666666666, "hit3": 0.3333333333333333, "mr": 8.0, "mrr": 0.17592592592592593, "query_count": 3}, "text_state": "missing_text", "valid_mrr_delta_vs_bv1": 0.0}, "relation=41|side=tail_prediction|text=both_have_text": {"accepted": false, "fallback_alpha": 0.0, "fallback_lambda": 0.25, "fallback_valid_metrics": {"hit1": 1.0, "hit10": 1.0, "hit3": 1.0, "mr": 1.0, "mrr": 1.0, "query_count": 8}, "group": "relation=41|side=tail_prediction|text=both_have_text", "level": "level1", "query_count": 8, "reason": "insufficient_validation_queries", "selected_alpha": null, "selected_lambda": null, "text_state": "both_have_text"}, "relation=41|side=tail_prediction|text=missing_text": {"accepted": false, "fallback_alpha": 0.0, "fallback_lambda": 0.25, "fallback_valid_metrics": {"hit1": 0.6666666666666666, "hit10": 1.0, "hit3": 1.0, "mr": 1.3333333333333333, "mrr": 0.8333333333333334, "query_count": 3}, "group": "relation=41|side=tail_prediction|text=missing_text", "level": "level1", "lock_missing_text": true, "query_count": 3, "reason": "missing_text_locked_to_bv1", "selected_alpha": 0.0, "selected_lambda": 0.25, "selected_valid_metrics": {"hit1": 0.6666666666666666, "hit10": 1.0, "hit3": 1.0, "mr": 1.3333333333333333, "mrr": 0.8333333333333334, "query_count": 3}, "text_state": "missing_text", "valid_mrr_delta_vs_bv1": 0.0}, "relation=43|side=head_prediction|text=both_have_text": {"accepted": false, "fallback_alpha": 0.0, "fallback_lambda": 0.25, "fallback_valid_metrics": {"hit1": 0.0, "hit10": 0.0, "hit3": 0.0, "mr": 14686.0, "mrr": 6.809206046574969e-05, "query_count": 1}, "group": "relation=43|side=head_prediction|text=both_have_text", "level": "level1", "query_count": 1, "reason": "insufficient_validation_queries", "selected_alpha": null, "selected_lambda": null, "text_state": "both_have_text"}, "relation=43|side=tail_prediction|text=both_have_text": {"accepted": false, "fallback_alpha": 0.0, "fallback_lambda": 0.25, "fallback_valid_metrics": {"hit1": 0.0, "hit10": 0.0, "hit3": 0.0, "mr": 13639.0, "mrr": 7.331915829606276e-05, "query_count": 1}, "group": "relation=43|side=tail_prediction|text=both_have_text", "level": "level1", "query_count": 1, "reason": "insufficient_validation_queries", "selected_alpha": null, "selected_lambda": null, "text_state": "both_have_text"}, "relation=44|side=head_prediction|text=both_have_text": {"accepted": false, "fallback_alpha": 0.0, "fallback_lambda": 0.25, "fallback_valid_metrics": {"hit1": 0.0, "hit10": 0.0, "hit3": 0.0, "mr": 4651.6, "mrr": 0.0006423488854106341, "query_count": 10}, "group": "relation=44|side=head_prediction|text=both_have_text", "level": "level1", "query_count": 10, "reason": "insufficient_validation_queries", "selected_alpha": null, "selected_lambda": null, "text_state": "both_have_text"}, "relation=44|side=head_prediction|text=missing_text": {"accepted": false, "fallback_alpha": 0.0, "fallback_lambda": 0.25, "fallback_valid_metrics": {"hit1": 0.0, "hit10": 0.0, "hit3": 0.0, "mr": 360.0, "mrr": 0.013371740931981896, "query_count": 3}, "group": "relation=44|side=head_prediction|text=missing_text", "level": "level1", "lock_missing_text": true, "query_count": 3, "reason": "missing_text_locked_to_bv1", "selected_alpha": 0.0, "selected_lambda": 0.25, "selected_valid_metrics": {"hit1": 0.0, "hit10": 0.0, "hit3": 0.0, "mr": 360.0, "mrr": 0.013371740931981896, "query_count": 3}, "text_state": "missing_text", "valid_mrr_delta_vs_bv1": 0.0}, "relation=44|side=tail_prediction|text=both_have_text": {"accepted": false, "fallback_alpha": 0.0, "fallback_lambda": 0.25, "fallback_valid_metrics": {"hit1": 0.1, "hit10": 1.0, "hit3": 0.7, "mr": 2.9, "mrr": 0.41999999999999993, "query_count": 10}, "group": "relation=44|side=tail_prediction|text=both_have_text", "level": "level1", "query_count": 10, "reason": "insufficient_validation_queries", "selected_alpha": null, "selected_lambda": null, "text_state": "both_have_text"}, "relation=44|side=tail_prediction|text=missing_text": {"accepted": false, "fallback_alpha": 0.0, "fallback_lambda": 0.25, "fallback_valid_metrics": {"hit1": 0.3333333333333333, "hit10": 0.6666666666666666, "hit3": 0.6666666666666666, "mr": 5.333333333333333, "mrr": 0.5256410256410257, "query_count": 3}, "group": "relation=44|side=tail_prediction|text=missing_text", "level": "level1", "lock_missing_text": true, "query_count": 3, "reason": "missing_text_locked_to_bv1", "selected_alpha": 0.0, "selected_lambda": 0.25, "selected_valid_metrics": {"hit1": 0.3333333333333333, "hit10": 0.6666666666666666, "hit3": 0.6666666666666666, "mr": 5.333333333333333, "mrr": 0.5256410256410257, "query_count": 3}, "text_state": "missing_text", "valid_mrr_delta_vs_bv1": 0.0}, "relation=45|side=head_prediction|text=both_have_text": {"accepted": false, "fallback_alpha": 0.0, "fallback_lambda": 0.25, "fallback_valid_metrics": {"hit1": 0.0, "hit10": 0.25, "hit3": 0.25, "mr": 56.5, "mrr": 0.13599780701754388, "query_count": 4}, "group": "relation=45|side=head_prediction|text=both_have_text", "level": "level1", "query_count": 4, "reason": "insufficient_validation_queries", "selected_alpha": null, "selected_lambda": null, "text_state": "both_have_text"}, "relation=45|side=head_prediction|text=missing_text": {"accepted": false, "fallback_alpha": 0.0, "fallback_lambda": 0.25, "fallback_valid_metrics": {"hit1": 0.0, "hit10": 0.4, "hit3": 0.4, "mr": 38.2, "mrr": 0.2152909215750664, "query_count": 5}, "group": "relation=45|side=head_prediction|text=missing_text", "level": "level1", "lock_missing_text": true, "query_count": 5, "reason": "missing_text_locked_to_bv1", "selected_alpha": 0.0, "selected_lambda": 0.25, "selected_valid_metrics": {"hit1": 0.0, "hit10": 0.4, "hit3": 0.4, "mr": 38.2, "mrr": 0.2152909215750664, "query_count": 5}, "text_state": "missing_text", "valid_mrr_delta_vs_bv1": 0.0}, "relation=45|side=tail_prediction|text=both_have_text": {"accepted": false, "fallback_alpha": 0.0, "fallback_lambda": 0.25, "fallback_valid_metrics": {"hit1": 1.0, "hit10": 1.0, "hit3": 1.0, "mr": 1.0, "mrr": 1.0, "query_count": 4}, "group": "relation=45|side=tail_prediction|text=both_have_text", "level": "level1", "query_count": 4, "reason": "insufficient_validation_queries", "selected_alpha": null, "selected_lambda": null, "text_state": "both_have_text"}, "relation=45|side=tail_prediction|text=missing_text": {"accepted": false, "fallback_alpha": 0.0, "fallback_lambda": 0.25, "fallback_valid_metrics": {"hit1": 0.8, "hit10": 1.0, "hit3": 1.0, "mr": 1.4, "mrr": 0.8666666666666668, "query_count": 5}, "group": "relation=45|side=tail_prediction|text=missing_text", "level": "level1", "lock_missing_text": true, "query_count": 5, "reason": "missing_text_locked_to_bv1", "selected_alpha": 0.0, "selected_lambda": 0.25, "selected_valid_metrics": {"hit1": 0.8, "hit10": 1.0, "hit3": 1.0, "mr": 1.4, "mrr": 0.8666666666666668, "query_count": 5}, "text_state": "missing_text", "valid_mrr_delta_vs_bv1": 0.0}, "relation=46|side=head_prediction|text=both_have_text": {"accepted": false, "fallback_alpha": 0.0, "fallback_lambda": 0.25, "fallback_valid_metrics": {"hit1": 0.7777777777777778, "hit10": 0.7777777777777778, "hit3": 0.7777777777777778, "mr": 77.0, "mrr": 0.7816508581752485, "query_count": 9}, "group": "relation=46|side=head_prediction|text=both_have_text", "level": "level1", "query_count": 9, "reason": "insufficient_validation_queries", "selected_alpha": null, "selected_lambda": null, "text_state": "both_have_text"}, "relation=46|side=head_prediction|text=missing_text": {"accepted": false, "fallback_alpha": 0.0, "fallback_lambda": 0.25, "fallback_valid_metrics": {"hit1": 0.5, "hit10": 1.0, "hit3": 1.0, "mr": 1.5, "mrr": 0.75, "query_count": 2}, "group": "relation=46|side=head_prediction|text=missing_text", "level": "level1", "lock_missing_text": true, "query_count": 2, "reason": "missing_text_locked_to_bv1", "selected_alpha": 0.0, "selected_lambda": 0.25, "selected_valid_metrics": {"hit1": 0.5, "hit10": 1.0, "hit3": 1.0, "mr": 1.5, "mrr": 0.75, "query_count": 2}, "text_state": "missing_text", "valid_mrr_delta_vs_bv1": 0.0}, "relation=46|side=tail_prediction|text=both_have_text": {"accepted": false, "fallback_alpha": 0.0, "fallback_lambda": 0.25, "fallback_valid_metrics": {"hit1": 0.8888888888888888, "hit10": 0.8888888888888888, "hit3": 0.8888888888888888, "mr": 39.666666666666664, "mrr": 0.8892072588347659, "query_count": 9}, "group": "relation=46|side=tail_prediction|text=both_have_text", "level": "level1", "query_count": 9, "reason": "insufficient_validation_queries", "selected_alpha": null, "selected_lambda": null, "text_state": "both_have_text"}, "relation=46|side=tail_prediction|text=missing_text": {"accepted": false, "fallback_alpha": 0.0, "fallback_lambda": 0.25, "fallback_valid_metrics": {"hit1": 1.0, "hit10": 1.0, "hit3": 1.0, "mr": 1.0, "mrr": 1.0, "query_count": 2}, "group": "relation=46|side=tail_prediction|text=missing_text", "level": "level1", "lock_missing_text": true, "query_count": 2, "reason": "missing_text_locked_to_bv1", "selected_alpha": 0.0, "selected_lambda": 0.25, "selected_valid_metrics": {"hit1": 1.0, "hit10": 1.0, "hit3": 1.0, "mr": 1.0, "mrr": 1.0, "query_count": 2}, "text_state": "missing_text", "valid_mrr_delta_vs_bv1": 0.0}, "relation=48|side=head_prediction|text=both_have_text": {"accepted": false, "fallback_alpha": 0.0, "fallback_lambda": 0.25, "fallback_valid_metrics": {"hit1": 0.2, "hit10": 0.36, "hit3": 0.28, "mr": 6042.72, "mrr": 0.25712626453969223, "query_count": 25}, "group": "relation=48|side=head_prediction|text=both_have_text", "level": "level1", "query_count": 25, "reason": "insufficient_validation_queries", "selected_alpha": null, "selected_lambda": null, "text_state": "both_have_text"}, "relation=48|side=head_prediction|text=missing_text": {"accepted": false, "fallback_alpha": 0.0, "fallback_lambda": 0.25, "fallback_valid_metrics": {"hit1": 0.0, "hit10": 0.42857142857142855, "hit3": 0.14285714285714285, "mr": 1442.142857142857, "mrr": 0.08824667385215432, "query_count": 7}, "group": "relation=48|side=head_prediction|text=missing_text", "level": "level1", "lock_missing_text": true, "query_count": 7, "reason": "missing_text_locked_to_bv1", "selected_alpha": 0.0, "selected_lambda": 0.25, "selected_valid_metrics": {"hit1": 0.0, "hit10": 0.42857142857142855, "hit3": 0.14285714285714285, "mr": 1442.142857142857, "mrr": 0.08824667385215432, "query_count": 7}, "text_state": "missing_text", "valid_mrr_delta_vs_bv1": 0.0}, "relation=48|side=tail_prediction|text=both_have_text": {"accepted": false, "fallback_alpha": 0.0, "fallback_lambda": 0.25, "fallback_valid_metrics": {"hit1": 0.24, "hit10": 0.36, "hit3": 0.36, "mr": 2318.68, "mrr": 0.2954819396115242, "query_count": 25}, "group": "relation=48|side=tail_prediction|text=both_have_text", "level": "level1", "query_count": 25, "reason": "insufficient_validation_queries", "selected_alpha": null, "selected_lambda": null, "text_state": "both_have_text"}, "relation=48|side=tail_prediction|text=missing_text": {"accepted": false, "fallback_alpha": 0.0, "fallback_lambda": 0.25, "fallback_valid_metrics": {"hit1": 0.0, "hit10": 0.42857142857142855, "hit3": 0.42857142857142855, "mr": 318.0, "mrr": 0.22161490073407183, "query_count": 7}, "group": "relation=48|side=tail_prediction|text=missing_text", "level": "level1", "lock_missing_text": true, "query_count": 7, "reason": "missing_text_locked_to_bv1", "selected_alpha": 0.0, "selected_lambda": 0.25, "selected_valid_metrics": {"hit1": 0.0, "hit10": 0.42857142857142855, "hit3": 0.42857142857142855, "mr": 318.0, "mrr": 0.22161490073407183, "query_count": 7}, "text_state": "missing_text", "valid_mrr_delta_vs_bv1": 0.0}, "relation=49|side=head_prediction|text=both_have_text": {"accepted": false, "fallback_alpha": 0.0, "fallback_lambda": 0.25, "fallback_valid_metrics": {"hit1": 0.0, "hit10": 0.1111111111111111, "hit3": 0.0, "mr": 1801.6666666666667, "mrr": 0.029490114461886666, "query_count": 9}, "group": "relation=49|side=head_prediction|text=both_have_text", "level": "level1", "query_count": 9, "reason": "insufficient_validation_queries", "selected_alpha": null, "selected_lambda": null, "text_state": "both_have_text"}, "relation=49|side=head_prediction|text=missing_text": {"accepted": false, "fallback_alpha": 0.0, "fallback_lambda": 0.25, "fallback_valid_metrics": {"hit1": 0.0, "hit10": 0.0, "hit3": 0.0, "mr": 3183.5, "mrr": 0.035368143832124506, "query_count": 4}, "group": "relation=49|side=head_prediction|text=missing_text", "level": "level1", "lock_missing_text": true, "query_count": 4, "reason": "missing_text_locked_to_bv1", "selected_alpha": 0.0, "selected_lambda": 0.25, "selected_valid_metrics": {"hit1": 0.0, "hit10": 0.0, "hit3": 0.0, "mr": 3183.5, "mrr": 0.035368143832124506, "query_count": 4}, "text_state": "missing_text", "valid_mrr_delta_vs_bv1": 0.0}, "relation=49|side=tail_prediction|text=both_have_text": {"accepted": false, "fallback_alpha": 0.0, "fallback_lambda": 0.25, "fallback_valid_metrics": {"hit1": 0.7777777777777778, "hit10": 0.8888888888888888, "hit3": 0.7777777777777778, "mr": 4.444444444444445, "mrr": 0.7937198067632851, "query_count": 9}, "group": "relation=49|side=tail_prediction|text=both_have_text", "level": "level1", "query_count": 9, "reason": "insufficient_validation_queries", "selected_alpha": null, "selected_lambda": null, "text_state": "both_have_text"}, "relation=49|side=tail_prediction|text=missing_text": {"accepted": false, "fallback_alpha": 0.0, "fallback_lambda": 0.25, "fallback_valid_metrics": {"hit1": 0.75, "hit10": 0.75, "hit3": 0.75, "mr": 23.0, "mrr": 0.7528089887640449, "query_count": 4}, "group": "relation=49|side=tail_prediction|text=missing_text", "level": "level1", "lock_missing_text": true, "query_count": 4, "reason": "missing_text_locked_to_bv1", "selected_alpha": 0.0, "selected_lambda": 0.25, "selected_valid_metrics": {"hit1": 0.75, "hit10": 0.75, "hit3": 0.75, "mr": 23.0, "mrr": 0.7528089887640449, "query_count": 4}, "text_state": "missing_text", "valid_mrr_delta_vs_bv1": 0.0}, "relation=4|side=head_prediction|text=both_have_text": {"accepted": false, "fallback_alpha": 0.0, "fallback_lambda": 0.25, "fallback_valid_metrics": {"hit1": 0.0, "hit10": 0.045454545454545456, "hit3": 0.0, "mr": 1124.8636363636363, "mrr": 0.016997659844703996, "query_count": 22}, "group": "relation=4|side=head_prediction|text=both_have_text", "level": "level1", "query_count": 22, "reason": "insufficient_validation_queries", "selected_alpha": null, "selected_lambda": null, "text_state": "both_have_text"}, "relation=4|side=head_prediction|text=missing_text": {"accepted": false, "fallback_alpha": 0.0, "fallback_lambda": 0.25, "fallback_valid_metrics": {"hit1": 0.0, "hit10": 0.0, "hit3": 0.0, "mr": 844.7272727272727, "mrr": 0.004133628335318942, "query_count": 11}, "group": "relation=4|side=head_prediction|text=missing_text", "level": "level1", "lock_missing_text": true, "query_count": 11, "reason": "missing_text_locked_to_bv1", "selected_alpha": 0.0, "selected_lambda": 0.25, "selected_valid_metrics": {"hit1": 0.0, "hit10": 0.0, "hit3": 0.0, "mr": 844.7272727272727, "mrr": 0.004133628335318942, "query_count": 11}, "text_state": "missing_text", "valid_mrr_delta_vs_bv1": 0.0}, "relation=4|side=tail_prediction|text=both_have_text": {"accepted": false, "fallback_alpha": 0.0, "fallback_lambda": 0.25, "fallback_valid_metrics": {"hit1": 0.45454545454545453, "hit10": 0.7272727272727273, "hit3": 0.5454545454545454, "mr": 29.772727272727273, "mrr": 0.5317235221560791, "query_count": 22}, "group": "relation=4|side=tail_prediction|text=both_have_text", "level": "level1", "query_count": 22, "reason": "insufficient_validation_queries", "selected_alpha": null, "selected_lambda": null, "text_state": "both_have_text"}, "relation=4|side=tail_prediction|text=missing_text": {"accepted": false, "fallback_alpha": 0.0, "fallback_lambda": 0.25, "fallback_valid_metrics": {"hit1": 0.2727272727272727, "hit10": 0.7272727272727273, "hit3": 0.5454545454545454, "mr": 18.454545454545453, "mrr": 0.4611876339149067, "query_count": 11}, "group": "relation=4|side=tail_prediction|text=missing_text", "level": "level1", "lock_missing_text": true, "query_count": 11, "reason": "missing_text_locked_to_bv1", "selected_alpha": 0.0, "selected_lambda": 0.25, "selected_valid_metrics": {"hit1": 0.2727272727272727, "hit10": 0.7272727272727273, "hit3": 0.5454545454545454, "mr": 18.454545454545453, "mrr": 0.4611876339149067, "query_count": 11}, "text_state": "missing_text", "valid_mrr_delta_vs_bv1": 0.0}, "relation=50|side=head_prediction|text=both_have_text": {"accepted": false, "fallback_alpha": 0.0, "fallback_lambda": 0.25, "fallback_valid_metrics": {"hit1": 0.2962962962962963, "hit10": 0.4074074074074074, "hit3": 0.37037037037037035, "mr": 5569.407407407408, "mrr": 0.34657749748490907, "query_count": 27}, "group": "relation=50|side=head_prediction|text=both_have_text", "level": "level1", "query_count": 27, "reason": "insufficient_validation_queries", "selected_alpha": null, "selected_lambda": null, "text_state": "both_have_text"}, "relation=50|side=head_prediction|text=missing_text": {"accepted": false, "fallback_alpha": 0.0, "fallback_lambda": 0.25, "fallback_valid_metrics": {"hit1": 0.4166666666666667, "hit10": 0.6666666666666666, "hit3": 0.5, "mr": 4226.5, "mrr": 0.49308529894809056, "query_count": 12}, "group": "relation=50|side=head_prediction|text=missing_text", "level": "level1", "lock_missing_text": true, "query_count": 12, "reason": "missing_text_locked_to_bv1", "selected_alpha": 0.0, "selected_lambda": 0.25, "selected_valid_metrics": {"hit1": 0.4166666666666667, "hit10": 0.6666666666666666, "hit3": 0.5, "mr": 4226.5, "mrr": 0.49308529894809056, "query_count": 12}, "text_state": "missing_text", "valid_mrr_delta_vs_bv1": 0.0}, "relation=50|side=tail_prediction|text=both_have_text": {"accepted": false, "fallback_alpha": 0.0, "fallback_lambda": 0.25, "fallback_valid_metrics": {"hit1": 0.4074074074074074, "hit10": 0.48148148148148145, "hit3": 0.48148148148148145, "mr": 1046.851851851852, "mrr": 0.439003012659477, "query_count": 27}, "group": "relation=50|side=tail_prediction|text=both_have_text", "level": "level1", "query_count": 27, "reason": "insufficient_validation_queries", "selected_alpha": null, "selected_lambda": null, "text_state": "both_have_text"}, "relation=50|side=tail_prediction|text=missing_text": {"accepted": false, "fallback_alpha": 0.0, "fallback_lambda": 0.25, "fallback_valid_metrics": {"hit1": 0.5833333333333334, "hit10": 0.5833333333333334, "hit3": 0.5833333333333334, "mr": 1342.0833333333333, "mrr": 0.5838419002699698, "query_count": 12}, "group": "relation=50|side=tail_prediction|text=missing_text", "level": "level1", "lock_missing_text": true, "query_count": 12, "reason": "missing_text_locked_to_bv1", "selected_alpha": 0.0, "selected_lambda": 0.25, "selected_valid_metrics": {"hit1": 0.5833333333333334, "hit10": 0.5833333333333334, "hit3": 0.5833333333333334, "mr": 1342.0833333333333, "mrr": 0.5838419002699698, "query_count": 12}, "text_state": "missing_text", "valid_mrr_delta_vs_bv1": 0.0}, "relation=51|side=head_prediction|text=both_have_text": {"accepted": false, "fallback_alpha": 0.0, "fallback_lambda": 0.25, "fallback_valid_metrics": {"hit1": 0.0, "hit10": 0.0, "hit3": 0.0, "mr": 7331.25, "mrr": 0.024061609462724454, "query_count": 4}, "group": "relation=51|side=head_prediction|text=both_have_text", "level": "level1", "query_count": 4, "reason": "insufficient_validation_queries", "selected_alpha": null, "selected_lambda": null, "text_state": "both_have_text"}, "relation=51|side=head_prediction|text=missing_text": {"accepted": false, "fallback_alpha": 0.0, "fallback_lambda": 0.25, "fallback_valid_metrics": {"hit1": 0.0, "hit10": 0.0, "hit3": 0.0, "mr": 23.0, "mrr": 0.043478260869565216, "query_count": 1}, "group": "relation=51|side=head_prediction|text=missing_text", "level": "level1", "lock_missing_text": true, "query_count": 1, "reason": "missing_text_locked_to_bv1", "selected_alpha": 0.0, "selected_lambda": 0.25, "selected_valid_metrics": {"hit1": 0.0, "hit10": 0.0, "hit3": 0.0, "mr": 23.0, "mrr": 0.043478260869565216, "query_count": 1}, "text_state": "missing_text", "valid_mrr_delta_vs_bv1": 0.0}, "relation=51|side=tail_prediction|text=both_have_text": {"accepted": false, "fallback_alpha": 0.0, "fallback_lambda": 0.25, "fallback_valid_metrics": {"hit1": 0.25, "hit10": 0.75, "hit3": 0.5, "mr": 67.75, "mrr": 0.40096899224806204, "query_count": 4}, "group": "relation=51|side=tail_prediction|text=both_have_text", "level": "level1", "query_count": 4, "reason": "insufficient_validation_queries", "selected_alpha": null, "selected_lambda": null, "text_state": "both_have_text"}, "relation=51|side=tail_prediction|text=missing_text": {"accepted": false, "fallback_alpha": 0.0, "fallback_lambda": 0.25, "fallback_valid_metrics": {"hit1": 0.0, "hit10": 1.0, "hit3": 0.0, "mr": 5.0, "mrr": 0.2, "query_count": 1}, "group": "relation=51|side=tail_prediction|text=missing_text", "level": "level1", "lock_missing_text": true, "query_count": 1, "reason": "missing_text_locked_to_bv1", "selected_alpha": 0.0, "selected_lambda": 0.25, "selected_valid_metrics": {"hit1": 0.0, "hit10": 1.0, "hit3": 0.0, "mr": 5.0, "mrr": 0.2, "query_count": 1}, "text_state": "missing_text", "valid_mrr_delta_vs_bv1": 0.0}, "relation=52|side=head_prediction|text=both_have_text": {"accepted": false, "fallback_alpha": 0.0, "fallback_lambda": 0.25, "fallback_valid_metrics": {"hit1": 0.3333333333333333, "hit10": 0.6666666666666666, "hit3": 0.3333333333333333, "mr": 93.66666666666667, "mrr": 0.4012121212121212, "query_count": 3}, "group": "relation=52|side=head_prediction|text=both_have_text", "level": "level1", "query_count": 3, "reason": "insufficient_validation_queries", "selected_alpha": null, "selected_lambda": null, "text_state": "both_have_text"}, "relation=52|side=head_prediction|text=missing_text": {"accepted": false, "fallback_alpha": 0.0, "fallback_lambda": 0.25, "fallback_valid_metrics": {"hit1": 0.0, "hit10": 0.0, "hit3": 0.0, "mr": 2012.0, "mrr": 0.0004970178926441351, "query_count": 1}, "group": "relation=52|side=head_prediction|text=missing_text", "level": "level1", "lock_missing_text": true, "query_count": 1, "reason": "missing_text_locked_to_bv1", "selected_alpha": 0.0, "selected_lambda": 0.25, "selected_valid_metrics": {"hit1": 0.0, "hit10": 0.0, "hit3": 0.0, "mr": 2012.0, "mrr": 0.0004970178926441351, "query_count": 1}, "text_state": "missing_text", "valid_mrr_delta_vs_bv1": 0.0}, "relation=52|side=tail_prediction|text=both_have_text": {"accepted": false, "fallback_alpha": 0.0, "fallback_lambda": 0.25, "fallback_valid_metrics": {"hit1": 0.3333333333333333, "hit10": 0.6666666666666666, "hit3": 0.6666666666666666, "mr": 4861.666666666667, "mrr": 0.44446730524502964, "query_count": 3}, "group": "relation=52|side=tail_prediction|text=both_have_text", "level": "level1", "query_count": 3, "reason": "insufficient_validation_queries", "selected_alpha": null, "selected_lambda": null, "text_state": "both_have_text"}, "relation=52|side=tail_prediction|text=missing_text": {"accepted": false, "fallback_alpha": 0.0, "fallback_lambda": 0.25, "fallback_valid_metrics": {"hit1": 0.0, "hit10": 1.0, "hit3": 0.0, "mr": 6.0, "mrr": 0.16666666666666666, "query_count": 1}, "group": "relation=52|side=tail_prediction|text=missing_text", "level": "level1", "lock_missing_text": true, "query_count": 1, "reason": "missing_text_locked_to_bv1", "selected_alpha": 0.0, "selected_lambda": 0.25, "selected_valid_metrics": {"hit1": 0.0, "hit10": 1.0, "hit3": 0.0, "mr": 6.0, "mrr": 0.16666666666666666, "query_count": 1}, "text_state": "missing_text", "valid_mrr_delta_vs_bv1": 0.0}, "relation=53|side=head_prediction|text=both_have_text": {"accepted": false, "fallback_alpha": 0.0, "fallback_lambda": 0.25, "fallback_valid_metrics": {"hit1": 0.0, "hit10": 0.45454545454545453, "hit3": 0.36363636363636365, "mr": 52.72727272727273, "mrr": 0.15570765876408507, "query_count": 11}, "group": "relation=53|side=head_prediction|text=both_have_text", "level": "level1", "query_count": 11, "reason": "insufficient_validation_queries", "selected_alpha": null, "selected_lambda": null, "text_state": "both_have_text"}, "relation=53|side=head_prediction|text=missing_text": {"accepted": false, "fallback_alpha": 0.0, "fallback_lambda": 0.25, "fallback_valid_metrics": {"hit1": 0.16666666666666666, "hit10": 0.16666666666666666, "hit3": 0.16666666666666666, "mr": 2137.6666666666665, "mrr": 0.20399658311738075, "query_count": 6}, "group": "relation=53|side=head_prediction|text=missing_text", "level": "level1", "lock_missing_text": true, "query_count": 6, "reason": "missing_text_locked_to_bv1", "selected_alpha": 0.0, "selected_lambda": 0.25, "selected_valid_metrics": {"hit1": 0.16666666666666666, "hit10": 0.16666666666666666, "hit3": 0.16666666666666666, "mr": 2137.6666666666665, "mrr": 0.20399658311738075, "query_count": 6}, "text_state": "missing_text", "valid_mrr_delta_vs_bv1": 0.0}, "relation=53|side=tail_prediction|text=both_have_text": {"accepted": false, "fallback_alpha": 0.0, "fallback_lambda": 0.25, "fallback_valid_metrics": {"hit1": 0.9090909090909091, "hit10": 1.0, "hit3": 1.0, "mr": 1.0909090909090908, "mrr": 0.9545454545454546, "query_count": 11}, "group": "relation=53|side=tail_prediction|text=both_have_text", "level": "level1", "query_count": 11, "reason": "insufficient_validation_queries", "selected_alpha": null, "selected_lambda": null, "text_state": "both_have_text"}, "relation=53|side=tail_prediction|text=missing_text": {"accepted": false, "fallback_alpha": 0.0, "fallback_lambda": 0.25, "fallback_valid_metrics": {"hit1": 0.6666666666666666, "hit10": 0.8333333333333334, "hit3": 0.8333333333333334, "mr": 60.0, "mrr": 0.7504708097928438, "query_count": 6}, "group": "relation=53|side=tail_prediction|text=missing_text", "level": "level1", "lock_missing_text": true, "query_count": 6, "reason": "missing_text_locked_to_bv1", "selected_alpha": 0.0, "selected_lambda": 0.25, "selected_valid_metrics": {"hit1": 0.6666666666666666, "hit10": 0.8333333333333334, "hit3": 0.8333333333333334, "mr": 60.0, "mrr": 0.7504708097928438, "query_count": 6}, "text_state": "missing_text", "valid_mrr_delta_vs_bv1": 0.0}, "relation=54|side=head_prediction|text=both_have_text": {"accepted": false, "fallback_alpha": 0.0, "fallback_lambda": 0.25, "fallback_valid_metrics": {"hit1": 0.0, "hit10": 0.0, "hit3": 0.0, "mr": 14669.5, "mrr": 6.8169886672042e-05, "query_count": 2}, "group": "relation=54|side=head_prediction|text=both_have_text", "level": "level1", "query_count": 2, "reason": "insufficient_validation_queries", "selected_alpha": null, "selected_lambda": null, "text_state": "both_have_text"}, "relation=54|side=tail_prediction|text=both_have_text": {"accepted": false, "fallback_alpha": 0.0, "fallback_lambda": 0.25, "fallback_valid_metrics": {"hit1": 0.0, "hit10": 0.0, "hit3": 0.0, "mr": 11886.5, "mrr": 9.008145200281536e-05, "query_count": 2}, "group": "relation=54|side=tail_prediction|text=both_have_text", "level": "level1", "query_count": 2, "reason": "insufficient_validation_queries", "selected_alpha": null, "selected_lambda": null, "text_state": "both_have_text"}, "relation=55|side=head_prediction|text=both_have_text": {"accepted": false, "fallback_alpha": 0.0, "fallback_lambda": 0.25, "fallback_valid_metrics": {"hit1": 0.0, "hit10": 0.25, "hit3": 0.0, "mr": 10908.0, "mrr": 0.027829358689329602, "query_count": 4}, "group": "relation=55|side=head_prediction|text=both_have_text", "level": "level1", "query_count": 4, "reason": "insufficient_validation_queries", "selected_alpha": null, "selected_lambda": null, "text_state": "both_have_text"}, "relation=55|side=head_prediction|text=missing_text": {"accepted": false, "fallback_alpha": 0.0, "fallback_lambda": 0.25, "fallback_valid_metrics": {"hit1": 0.0, "hit10": 0.0, "hit3": 0.0, "mr": 14973.0, "mrr": 6.678688305616777e-05, "query_count": 1}, "group": "relation=55|side=head_prediction|text=missing_text", "level": "level1", "lock_missing_text": true, "query_count": 1, "reason": "missing_text_locked_to_bv1", "selected_alpha": 0.0, "selected_lambda": 0.25, "selected_valid_metrics": {"hit1": 0.0, "hit10": 0.0, "hit3": 0.0, "mr": 14973.0, "mrr": 6.678688305616777e-05, "query_count": 1}, "text_state": "missing_text", "valid_mrr_delta_vs_bv1": 0.0}, "relation=55|side=tail_prediction|text=both_have_text": {"accepted": false, "fallback_alpha": 0.0, "fallback_lambda": 0.25, "fallback_valid_metrics": {"hit1": 0.0, "hit10": 0.25, "hit3": 0.25, "mr": 4328.25, "mrr": 0.0845362323709843, "query_count": 4}, "group": "relation=55|side=tail_prediction|text=both_have_text", "level": "level1", "query_count": 4, "reason": "insufficient_validation_queries", "selected_alpha": null, "selected_lambda": null, "text_state": "both_have_text"}, "relation=55|side=tail_prediction|text=missing_text": {"accepted": false, "fallback_alpha": 0.0, "fallback_lambda": 0.25, "fallback_valid_metrics": {"hit1": 0.0, "hit10": 0.0, "hit3": 0.0, "mr": 13739.0, "mrr": 7.278550112817527e-05, "query_count": 1}, "group": "relation=55|side=tail_prediction|text=missing_text", "level": "level1", "lock_missing_text": true, "query_count": 1, "reason": "missing_text_locked_to_bv1", "selected_alpha": 0.0, "selected_lambda": 0.25, "selected_valid_metrics": {"hit1": 0.0, "hit10": 0.0, "hit3": 0.0, "mr": 13739.0, "mrr": 7.278550112817527e-05, "query_count": 1}, "text_state": "missing_text", "valid_mrr_delta_vs_bv1": 0.0}, "relation=56|side=head_prediction|text=both_have_text": {"accepted": false, "fallback_alpha": 0.0, "fallback_lambda": 0.25, "fallback_valid_metrics": {"hit1": 0.27586206896551724, "hit10": 0.3448275862068966, "hit3": 0.3103448275862069, "mr": 544.2413793103449, "mrr": 0.3090467745913545, "query_count": 29}, "group": "relation=56|side=head_prediction|text=both_have_text", "level": "level1", "query_count": 29, "reason": "insufficient_validation_queries", "selected_alpha": null, "selected_lambda": null, "text_state": "both_have_text"}, "relation=56|side=head_prediction|text=missing_text": {"accepted": false, "fallback_alpha": 0.0, "fallback_lambda": 0.25, "fallback_valid_metrics": {"hit1": 0.05263157894736842, "hit10": 0.42105263157894735, "hit3": 0.2631578947368421, "mr": 966.1578947368421, "mrr": 0.18988890710388737, "query_count": 19}, "group": "relation=56|side=head_prediction|text=missing_text", "level": "level1", "lock_missing_text": true, "query_count": 19, "reason": "missing_text_locked_to_bv1", "selected_alpha": 0.0, "selected_lambda": 0.25, "selected_valid_metrics": {"hit1": 0.05263157894736842, "hit10": 0.42105263157894735, "hit3": 0.2631578947368421, "mr": 966.1578947368421, "mrr": 0.18988890710388737, "query_count": 19}, "text_state": "missing_text", "valid_mrr_delta_vs_bv1": 0.0}, "relation=56|side=tail_prediction|text=both_have_text": {"accepted": false, "fallback_alpha": 0.0, "fallback_lambda": 0.25, "fallback_valid_metrics": {"hit1": 0.3448275862068966, "hit10": 0.7586206896551724, "hit3": 0.5517241379310345, "mr": 532.8275862068965, "mrr": 0.48751747414210894, "query_count": 29}, "group": "relation=56|side=tail_prediction|text=both_have_text", "level": "level1", "query_count": 29, "reason": "insufficient_validation_queries", "selected_alpha": null, "selected_lambda": null, "text_state": "both_have_text"}, "relation=56|side=tail_prediction|text=missing_text": {"accepted": false, "fallback_alpha": 0.0, "fallback_lambda": 0.25, "fallback_valid_metrics": {"hit1": 0.42105263157894735, "hit10": 0.9473684210526315, "hit3": 0.631578947368421, "mr": 5.368421052631579, "mrr": 0.5777739804055594, "query_count": 19}, "group": "relation=56|side=tail_prediction|text=missing_text", "level": "level1", "lock_missing_text": true, "query_count": 19, "reason": "missing_text_locked_to_bv1", "selected_alpha": 0.0, "selected_lambda": 0.25, "selected_valid_metrics": {"hit1": 0.42105263157894735, "hit10": 0.9473684210526315, "hit3": 0.631578947368421, "mr": 5.368421052631579, "mrr": 0.5777739804055594, "query_count": 19}, "text_state": "missing_text", "valid_mrr_delta_vs_bv1": 0.0}, "relation=57|side=head_prediction|text=both_have_text": {"accepted": false, "fallback_alpha": 0.0, "fallback_lambda": 0.25, "fallback_valid_metrics": {"hit1": 0.0, "hit10": 0.1111111111111111, "hit3": 0.0, "mr": 1861.3333333333333, "mrr": 0.04741971777444995, "query_count": 9}, "group": "relation=57|side=head_prediction|text=both_have_text", "level": "level1", "query_count": 9, "reason": "insufficient_validation_queries", "selected_alpha": null, "selected_lambda": null, "text_state": "both_have_text"}, "relation=57|side=head_prediction|text=missing_text": {"accepted": false, "fallback_alpha": 0.0, "fallback_lambda": 0.25, "fallback_valid_metrics": {"hit1": 0.0, "hit10": 0.6666666666666666, "hit3": 0.3333333333333333, "mr": 8.333333333333334, "mrr": 0.23055555555555554, "query_count": 3}, "group": "relation=57|side=head_prediction|text=missing_text", "level": "level1", "lock_missing_text": true, "query_count": 3, "reason": "missing_text_locked_to_bv1", "selected_alpha": 0.0, "selected_lambda": 0.25, "selected_valid_metrics": {"hit1": 0.0, "hit10": 0.6666666666666666, "hit3": 0.3333333333333333, "mr": 8.333333333333334, "mrr": 0.23055555555555554, "query_count": 3}, "text_state": "missing_text", "valid_mrr_delta_vs_bv1": 0.0}, "relation=57|side=tail_prediction|text=both_have_text": {"accepted": false, "fallback_alpha": 0.0, "fallback_lambda": 0.25, "fallback_valid_metrics": {"hit1": 0.3333333333333333, "hit10": 0.6666666666666666, "hit3": 0.4444444444444444, "mr": 12.222222222222221, "mrr": 0.4297225797225797, "query_count": 9}, "group": "relation=57|side=tail_prediction|text=both_have_text", "level": "level1", "query_count": 9, "reason": "insufficient_validation_queries", "selected_alpha": null, "selected_lambda": null, "text_state": "both_have_text"}, "relation=57|side=tail_prediction|text=missing_text": {"accepted": false, "fallback_alpha": 0.0, "fallback_lambda": 0.25, "fallback_valid_metrics": {"hit1": 0.6666666666666666, "hit10": 1.0, "hit3": 1.0, "mr": 1.3333333333333333, "mrr": 0.8333333333333334, "query_count": 3}, "group": "relation=57|side=tail_prediction|text=missing_text", "level": "level1", "lock_missing_text": true, "query_count": 3, "reason": "missing_text_locked_to_bv1", "selected_alpha": 0.0, "selected_lambda": 0.25, "selected_valid_metrics": {"hit1": 0.6666666666666666, "hit10": 1.0, "hit3": 1.0, "mr": 1.3333333333333333, "mrr": 0.8333333333333334, "query_count": 3}, "text_state": "missing_text", "valid_mrr_delta_vs_bv1": 0.0}, "relation=58|side=head_prediction|text=both_have_text": {"accepted": false, "fallback_alpha": 0.0, "fallback_lambda": 0.25, "fallback_valid_metrics": {"hit1": 0.05555555555555555, "hit10": 0.2222222222222222, "hit3": 0.1111111111111111, "mr": 8243.722222222223, "mrr": 0.10643158193217292, "query_count": 18}, "group": "relation=58|side=head_prediction|text=both_have_text", "level": "level1", "query_count": 18, "reason": "insufficient_validation_queries", "selected_alpha": null, "selected_lambda": null, "text_state": "both_have_text"}, "relation=58|side=head_prediction|text=missing_text": {"accepted": false, "fallback_alpha": 0.0, "fallback_lambda": 0.25, "fallback_valid_metrics": {"hit1": 0.4, "hit10": 0.4, "hit3": 0.4, "mr": 2079.8, "mrr": 0.40571256550818385, "query_count": 15}, "group": "relation=58|side=head_prediction|text=missing_text", "level": "level1", "lock_missing_text": true, "query_count": 15, "reason": "missing_text_locked_to_bv1", "selected_alpha": 0.0, "selected_lambda": 0.25, "selected_valid_metrics": {"hit1": 0.4, "hit10": 0.4, "hit3": 0.4, "mr": 2079.8, "mrr": 0.40571256550818385, "query_count": 15}, "text_state": "missing_text", "valid_mrr_delta_vs_bv1": 0.0}, "relation=58|side=tail_prediction|text=both_have_text": {"accepted": false, "fallback_alpha": 0.0, "fallback_lambda": 0.25, "fallback_valid_metrics": {"hit1": 0.2222222222222222, "hit10": 0.3333333333333333, "hit3": 0.2777777777777778, "mr": 2115.3888888888887, "mrr": 0.2667702204464566, "query_count": 18}, "group": "relation=58|side=tail_prediction|text=both_have_text", "level": "level1", "query_count": 18, "reason": "insufficient_validation_queries", "selected_alpha": null, "selected_lambda": null, "text_state": "both_have_text"}, "relation=58|side=tail_prediction|text=missing_text": {"accepted": false, "fallback_alpha": 0.0, "fallback_lambda": 0.25, "fallback_valid_metrics": {"hit1": 0.4666666666666667, "hit10": 0.5333333333333333, "hit3": 0.5333333333333333, "mr": 178.86666666666667, "mrr": 0.5158721277562521, "query_count": 15}, "group": "relation=58|side=tail_prediction|text=missing_text", "level": "level1", "lock_missing_text": true, "query_count": 15, "reason": "missing_text_locked_to_bv1", "selected_alpha": 0.0, "selected_lambda": 0.25, "selected_valid_metrics": {"hit1": 0.4666666666666667, "hit10": 0.5333333333333333, "hit3": 0.5333333333333333, "mr": 178.86666666666667, "mrr": 0.5158721277562521, "query_count": 15}, "text_state": "missing_text", "valid_mrr_delta_vs_bv1": 0.0}, "relation=59|side=head_prediction|text=both_have_text": {"accepted": false, "fallback_alpha": 0.0, "fallback_lambda": 0.25, "fallback_valid_metrics": {"hit1": 0.058823529411764705, "hit10": 0.4117647058823529, "hit3": 0.058823529411764705, "mr": 1777.9411764705883, "mrr": 0.13405599979153085, "query_count": 17}, "group": "relation=59|side=head_prediction|text=both_have_text", "level": "level1", "query_count": 17, "reason": "insufficient_validation_queries", "selected_alpha": null, "selected_lambda": null, "text_state": "both_have_text"}, "relation=59|side=head_prediction|text=missing_text": {"accepted": false, "fallback_alpha": 0.0, "fallback_lambda": 0.25, "fallback_valid_metrics": {"hit1": 0.2, "hit10": 0.5, "hit3": 0.3, "mr": 1647.5, "mrr": 0.26575708721127445, "query_count": 10}, "group": "relation=59|side=head_prediction|text=missing_text", "level": "level1", "lock_missing_text": true, "query_count": 10, "reason": "missing_text_locked_to_bv1", "selected_alpha": 0.0, "selected_lambda": 0.25, "selected_valid_metrics": {"hit1": 0.2, "hit10": 0.5, "hit3": 0.3, "mr": 1647.5, "mrr": 0.26575708721127445, "query_count": 10}, "text_state": "missing_text", "valid_mrr_delta_vs_bv1": 0.0}, "relation=59|side=tail_prediction|text=both_have_text": {"accepted": false, "fallback_alpha": 0.0, "fallback_lambda": 0.25, "fallback_valid_metrics": {"hit1": 0.23529411764705882, "hit10": 0.7058823529411765, "hit3": 0.35294117647058826, "mr": 13.647058823529411, "mrr": 0.35983453490685896, "query_count": 17}, "group": "relation=59|side=tail_prediction|text=both_have_text", "level": "level1", "query_count": 17, "reason": "insufficient_validation_queries", "selected_alpha": null, "selected_lambda": null, "text_state": "both_have_text"}, "relation=59|side=tail_prediction|text=missing_text": {"accepted": false, "fallback_alpha": 0.0, "fallback_lambda": 0.25, "fallback_valid_metrics": {"hit1": 0.3, "hit10": 0.5, "hit3": 0.4, "mr": 42.5, "mrr": 0.3764989010989011, "query_count": 10}, "group": "relation=59|side=tail_prediction|text=missing_text", "level": "level1", "lock_missing_text": true, "query_count": 10, "reason": "missing_text_locked_to_bv1", "selected_alpha": 0.0, "selected_lambda": 0.25, "selected_valid_metrics": {"hit1": 0.3, "hit10": 0.5, "hit3": 0.4, "mr": 42.5, "mrr": 0.3764989010989011, "query_count": 10}, "text_state": "missing_text", "valid_mrr_delta_vs_bv1": 0.0}, "relation=5|side=head_prediction|text=both_have_text": {"accepted": true, "fallback_alpha": 0.0, "fallback_lambda": 0.25, "fallback_valid_metrics": {"hit1": 0.17117117117117117, "hit10": 0.43243243243243246, "hit3": 0.2972972972972973, "mr": 947.2522522522522, "mrr": 0.2540315507623135, "query_count": 111}, "group": "relation=5|side=head_prediction|text=both_have_text", "level": "level1", "query_count": 111, "reason": "accepted", "selected_alpha": 0.0, "selected_lambda": 0.1, "selected_valid_metrics": {"hit1": 0.18018018018018017, "hit10": 0.44144144144144143, "hit3": 0.3153153153153153, "mr": 917.2162162162163, "mrr": 0.2662596628971501, "query_count": 111}, "text_state": "both_have_text", "valid_mrr_delta_vs_bv1": 0.0122281121348366}, "relation=5|side=head_prediction|text=missing_text": {"accepted": false, "fallback_alpha": 0.0, "fallback_lambda": 0.25, "fallback_valid_metrics": {"hit1": 0.16279069767441862, "hit10": 0.5116279069767442, "hit3": 0.32558139534883723, "mr": 837.7209302325581, "mrr": 0.26793289932600095, "query_count": 43}, "group": "relation=5|side=head_prediction|text=missing_text", "level": "level1", "lock_missing_text": true, "query_count": 43, "reason": "missing_text_locked_to_bv1", "selected_alpha": 0.0, "selected_lambda": 0.25, "selected_valid_metrics": {"hit1": 0.16279069767441862, "hit10": 0.5116279069767442, "hit3": 0.32558139534883723, "mr": 837.7209302325581, "mrr": 0.26793289932600095, "query_count": 43}, "text_state": "missing_text", "valid_mrr_delta_vs_bv1": 0.0}, "relation=5|side=tail_prediction|text=both_have_text": {"accepted": true, "fallback_alpha": 0.0, "fallback_lambda": 0.25, "fallback_valid_metrics": {"hit1": 0.36936936936936937, "hit10": 0.6666666666666666, "hit3": 0.5495495495495496, "mr": 264.64864864864865, "mrr": 0.47684135708569714, "query_count": 111}, "group": "relation=5|side=tail_prediction|text=both_have_text", "level": "level1", "query_count": 111, "reason": "accepted", "selected_alpha": 0.3, "selected_lambda": 0.1, "selected_valid_metrics": {"hit1": 0.38738738738738737, "hit10": 0.6846846846846847, "hit3": 0.5585585585585585, "mr": 257.01801801801804, "mrr": 0.4913617281832481, "query_count": 111}, "text_state": "both_have_text", "valid_mrr_delta_vs_bv1": 0.014520371097550944}, "relation=5|side=tail_prediction|text=missing_text": {"accepted": false, "fallback_alpha": 0.0, "fallback_lambda": 0.25, "fallback_valid_metrics": {"hit1": 0.3953488372093023, "hit10": 0.6046511627906976, "hit3": 0.5348837209302325, "mr": 490.86046511627904, "mrr": 0.4774540119160195, "query_count": 43}, "group": "relation=5|side=tail_prediction|text=missing_text", "level": "level1", "lock_missing_text": true, "query_count": 43, "reason": "missing_text_locked_to_bv1", "selected_alpha": 0.0, "selected_lambda": 0.25, "selected_valid_metrics": {"hit1": 0.3953488372093023, "hit10": 0.6046511627906976, "hit3": 0.5348837209302325, "mr": 490.86046511627904, "mrr": 0.4774540119160195, "query_count": 43}, "text_state": "missing_text", "valid_mrr_delta_vs_bv1": 0.0}, "relation=61|side=head_prediction|text=both_have_text": {"accepted": false, "fallback_alpha": 0.0, "fallback_lambda": 0.25, "fallback_valid_metrics": {"hit1": 0.0, "hit10": 0.0, "hit3": 0.0, "mr": 1685.0, "mrr": 0.015521078675497886, "query_count": 11}, "group": "relation=61|side=head_prediction|text=both_have_text", "level": "level1", "query_count": 11, "reason": "insufficient_validation_queries", "selected_alpha": null, "selected_lambda": null, "text_state": "both_have_text"}, "relation=61|side=head_prediction|text=missing_text": {"accepted": false, "fallback_alpha": 0.0, "fallback_lambda": 0.25, "fallback_valid_metrics": {"hit1": 0.0, "hit10": 0.0, "hit3": 0.0, "mr": 3427.6666666666665, "mrr": 0.0072511689908884335, "query_count": 6}, "group": "relation=61|side=head_prediction|text=missing_text", "level": "level1", "lock_missing_text": true, "query_count": 6, "reason": "missing_text_locked_to_bv1", "selected_alpha": 0.0, "selected_lambda": 0.25, "selected_valid_metrics": {"hit1": 0.0, "hit10": 0.0, "hit3": 0.0, "mr": 3427.6666666666665, "mrr": 0.0072511689908884335, "query_count": 6}, "text_state": "missing_text", "valid_mrr_delta_vs_bv1": 0.0}, "relation=61|side=tail_prediction|text=both_have_text": {"accepted": false, "fallback_alpha": 0.0, "fallback_lambda": 0.25, "fallback_valid_metrics": {"hit1": 0.09090909090909091, "hit10": 0.5454545454545454, "hit3": 0.18181818181818182, "mr": 53.54545454545455, "mrr": 0.24678111790182822, "query_count": 11}, "group": "relation=61|side=tail_prediction|text=both_have_text", "level": "level1", "query_count": 11, "reason": "insufficient_validation_queries", "selected_alpha": null, "selected_lambda": null, "text_state": "both_have_text"}, "relation=61|side=tail_prediction|text=missing_text": {"accepted": false, "fallback_alpha": 0.0, "fallback_lambda": 0.25, "fallback_valid_metrics": {"hit1": 0.16666666666666666, "hit10": 0.5, "hit3": 0.16666666666666666, "mr": 117.66666666666667, "mrr": 0.24677093059446, "query_count": 6}, "group": "relation=61|side=tail_prediction|text=missing_text", "level": "level1", "lock_missing_text": true, "query_count": 6, "reason": "missing_text_locked_to_bv1", "selected_alpha": 0.0, "selected_lambda": 0.25, "selected_valid_metrics": {"hit1": 0.16666666666666666, "hit10": 0.5, "hit3": 0.16666666666666666, "mr": 117.66666666666667, "mrr": 0.24677093059446, "query_count": 6}, "text_state": "missing_text", "valid_mrr_delta_vs_bv1": 0.0}, "relation=62|side=head_prediction|text=both_have_text": {"accepted": false, "fallback_alpha": 0.0, "fallback_lambda": 0.25, "fallback_valid_metrics": {"hit1": 0.0, "hit10": 0.3333333333333333, "hit3": 0.3333333333333333, "mr": 81.33333333333333, "mrr": 0.1747196432731024, "query_count": 3}, "group": "relation=62|side=head_prediction|text=both_have_text", "level": "level1", "query_count": 3, "reason": "insufficient_validation_queries", "selected_alpha": null, "selected_lambda": null, "text_state": "both_have_text"}, "relation=62|side=head_prediction|text=missing_text": {"accepted": false, "fallback_alpha": 0.0, "fallback_lambda": 0.25, "fallback_valid_metrics": {"hit1": 0.0, "hit10": 0.5, "hit3": 0.0, "mr": 26.5, "mrr": 0.07361111111111111, "query_count": 2}, "group": "relation=62|side=head_prediction|text=missing_text", "level": "level1", "lock_missing_text": true, "query_count": 2, "reason": "missing_text_locked_to_bv1", "selected_alpha": 0.0, "selected_lambda": 0.25, "selected_valid_metrics": {"hit1": 0.0, "hit10": 0.5, "hit3": 0.0, "mr": 26.5, "mrr": 0.07361111111111111, "query_count": 2}, "text_state": "missing_text", "valid_mrr_delta_vs_bv1": 0.0}, "relation=62|side=tail_prediction|text=both_have_text": {"accepted": false, "fallback_alpha": 0.0, "fallback_lambda": 0.25, "fallback_valid_metrics": {"hit1": 0.0, "hit10": 0.3333333333333333, "hit3": 0.3333333333333333, "mr": 5608.666666666667, "mrr": 0.11128048111349798, "query_count": 3}, "group": "relation=62|side=tail_prediction|text=both_have_text", "level": "level1", "query_count": 3, "reason": "insufficient_validation_queries", "selected_alpha": null, "selected_lambda": null, "text_state": "both_have_text"}, "relation=62|side=tail_prediction|text=missing_text": {"accepted": false, "fallback_alpha": 0.0, "fallback_lambda": 0.25, "fallback_valid_metrics": {"hit1": 0.0, "hit10": 0.0, "hit3": 0.0, "mr": 103.5, "mrr": 0.010235363924050632, "query_count": 2}, "group": "relation=62|side=tail_prediction|text=missing_text", "level": "level1", "lock_missing_text": true, "query_count": 2, "reason": "missing_text_locked_to_bv1", "selected_alpha": 0.0, "selected_lambda": 0.25, "selected_valid_metrics": {"hit1": 0.0, "hit10": 0.0, "hit3": 0.0, "mr": 103.5, "mrr": 0.010235363924050632, "query_count": 2}, "text_state": "missing_text", "valid_mrr_delta_vs_bv1": 0.0}, "relation=64|side=head_prediction|text=both_have_text": {"accepted": false, "fallback_alpha": 0.0, "fallback_lambda": 0.25, "fallback_valid_metrics": {"hit1": 0.3333333333333333, "hit10": 0.9166666666666666, "hit3": 0.5833333333333334, "mr": 69.75, "mrr": 0.5417694204685574, "query_count": 12}, "group": "relation=64|side=head_prediction|text=both_have_text", "level": "level1", "query_count": 12, "reason": "insufficient_validation_queries", "selected_alpha": null, "selected_lambda": null, "text_state": "both_have_text"}, "relation=64|side=head_prediction|text=missing_text": {"accepted": false, "fallback_alpha": 0.0, "fallback_lambda": 0.25, "fallback_valid_metrics": {"hit1": 0.25, "hit10": 0.25, "hit3": 0.25, "mr": 3733.5, "mrr": 0.26684391947368696, "query_count": 4}, "group": "relation=64|side=head_prediction|text=missing_text", "level": "level1", "lock_missing_text": true, "query_count": 4, "reason": "missing_text_locked_to_bv1", "selected_alpha": 0.0, "selected_lambda": 0.25, "selected_valid_metrics": {"hit1": 0.25, "hit10": 0.25, "hit3": 0.25, "mr": 3733.5, "mrr": 0.26684391947368696, "query_count": 4}, "text_state": "missing_text", "valid_mrr_delta_vs_bv1": 0.0}, "relation=64|side=tail_prediction|text=both_have_text": {"accepted": false, "fallback_alpha": 0.0, "fallback_lambda": 0.25, "fallback_valid_metrics": {"hit1": 0.8333333333333334, "hit10": 0.9166666666666666, "hit3": 0.8333333333333334, "mr": 282.6666666666667, "mrr": 0.8500246767347744, "query_count": 12}, "group": "relation=64|side=tail_prediction|text=both_have_text", "level": "level1", "query_count": 12, "reason": "insufficient_validation_queries", "selected_alpha": null, "selected_lambda": null, "text_state": "both_have_text"}, "relation=64|side=tail_prediction|text=missing_text": {"accepted": false, "fallback_alpha": 0.0, "fallback_lambda": 0.25, "fallback_valid_metrics": {"hit1": 0.25, "hit10": 0.5, "hit3": 0.5, "mr": 581.75, "mrr": 0.37646101773338564, "query_count": 4}, "group": "relation=64|side=tail_prediction|text=missing_text", "level": "level1", "lock_missing_text": true, "query_count": 4, "reason": "missing_text_locked_to_bv1", "selected_alpha": 0.0, "selected_lambda": 0.25, "selected_valid_metrics": {"hit1": 0.25, "hit10": 0.5, "hit3": 0.5, "mr": 581.75, "mrr": 0.37646101773338564, "query_count": 4}, "text_state": "missing_text", "valid_mrr_delta_vs_bv1": 0.0}, "relation=65|side=head_prediction|text=both_have_text": {"accepted": false, "fallback_alpha": 0.0, "fallback_lambda": 0.25, "fallback_valid_metrics": {"hit1": 0.0, "hit10": 0.0, "hit3": 0.0, "mr": 14668.0, "mrr": 6.817562039814562e-05, "query_count": 1}, "group": "relation=65|side=head_prediction|text=both_have_text", "level": "level1", "query_count": 1, "reason": "insufficient_validation_queries", "selected_alpha": null, "selected_lambda": null, "text_state": "both_have_text"}, "relation=65|side=head_prediction|text=missing_text": {"accepted": false, "fallback_alpha": 0.0, "fallback_lambda": 0.25, "fallback_valid_metrics": {"hit1": 0.0, "hit10": 0.0, "hit3": 0.0, "mr": 8388.0, "mrr": 0.00011921793037672866, "query_count": 1}, "group": "relation=65|side=head_prediction|text=missing_text", "level": "level1", "lock_missing_text": true, "query_count": 1, "reason": "missing_text_locked_to_bv1", "selected_alpha": 0.0, "selected_lambda": 0.25, "selected_valid_metrics": {"hit1": 0.0, "hit10": 0.0, "hit3": 0.0, "mr": 8388.0, "mrr": 0.00011921793037672866, "query_count": 1}, "text_state": "missing_text", "valid_mrr_delta_vs_bv1": 0.0}, "relation=65|side=tail_prediction|text=both_have_text": {"accepted": false, "fallback_alpha": 0.0, "fallback_lambda": 0.25, "fallback_valid_metrics": {"hit1": 0.0, "hit10": 0.0, "hit3": 0.0, "mr": 8540.0, "mrr": 0.000117096018735363, "query_count": 1}, "group": "relation=65|side=tail_prediction|text=both_have_text", "level": "level1", "query_count": 1, "reason": "insufficient_validation_queries", "selected_alpha": null, "selected_lambda": null, "text_state": "both_have_text"}, "relation=65|side=tail_prediction|text=missing_text": {"accepted": false, "fallback_alpha": 0.0, "fallback_lambda": 0.25, "fallback_valid_metrics": {"hit1": 0.0, "hit10": 0.0, "hit3": 0.0, "mr": 14817.0, "mrr": 6.74900452183303e-05, "query_count": 1}, "group": "relation=65|side=tail_prediction|text=missing_text", "level": "level1", "lock_missing_text": true, "query_count": 1, "reason": "missing_text_locked_to_bv1", "selected_alpha": 0.0, "selected_lambda": 0.25, "selected_valid_metrics": {"hit1": 0.0, "hit10": 0.0, "hit3": 0.0, "mr": 14817.0, "mrr": 6.74900452183303e-05, "query_count": 1}, "text_state": "missing_text", "valid_mrr_delta_vs_bv1": 0.0}, "relation=66|side=head_prediction|text=both_have_text": {"accepted": false, "fallback_alpha": 0.0, "fallback_lambda": 0.25, "fallback_valid_metrics": {"hit1": 0.0, "hit10": 1.0, "hit3": 1.0, "mr": 2.0, "mrr": 0.5, "query_count": 4}, "group": "relation=66|side=head_prediction|text=both_have_text", "level": "level1", "query_count": 4, "reason": "insufficient_validation_queries", "selected_alpha": null, "selected_lambda": null, "text_state": "both_have_text"}, "relation=66|side=head_prediction|text=missing_text": {"accepted": false, "fallback_alpha": 0.0, "fallback_lambda": 0.25, "fallback_valid_metrics": {"hit1": 0.0, "hit10": 1.0, "hit3": 1.0, "mr": 2.0, "mrr": 0.5, "query_count": 1}, "group": "relation=66|side=head_prediction|text=missing_text", "level": "level1", "lock_missing_text": true, "query_count": 1, "reason": "missing_text_locked_to_bv1", "selected_alpha": 0.0, "selected_lambda": 0.25, "selected_valid_metrics": {"hit1": 0.0, "hit10": 1.0, "hit3": 1.0, "mr": 2.0, "mrr": 0.5, "query_count": 1}, "text_state": "missing_text", "valid_mrr_delta_vs_bv1": 0.0}, "relation=66|side=tail_prediction|text=both_have_text": {"accepted": false, "fallback_alpha": 0.0, "fallback_lambda": 0.25, "fallback_valid_metrics": {"hit1": 0.0, "hit10": 1.0, "hit3": 1.0, "mr": 2.25, "mrr": 0.4583333333333333, "query_count": 4}, "group": "relation=66|side=tail_prediction|text=both_have_text", "level": "level1", "query_count": 4, "reason": "insufficient_validation_queries", "selected_alpha": null, "selected_lambda": null, "text_state": "both_have_text"}, "relation=66|side=tail_prediction|text=missing_text": {"accepted": false, "fallback_alpha": 0.0, "fallback_lambda": 0.25, "fallback_valid_metrics": {"hit1": 0.0, "hit10": 1.0, "hit3": 1.0, "mr": 2.0, "mrr": 0.5, "query_count": 1}, "group": "relation=66|side=tail_prediction|text=missing_text", "level": "level1", "lock_missing_text": true, "query_count": 1, "reason": "missing_text_locked_to_bv1", "selected_alpha": 0.0, "selected_lambda": 0.25, "selected_valid_metrics": {"hit1": 0.0, "hit10": 1.0, "hit3": 1.0, "mr": 2.0, "mrr": 0.5, "query_count": 1}, "text_state": "missing_text", "valid_mrr_delta_vs_bv1": 0.0}, "relation=67|side=head_prediction|text=both_have_text": {"accepted": false, "fallback_alpha": 0.0, "fallback_lambda": 0.25, "fallback_valid_metrics": {"hit1": 0.0, "hit10": 0.2857142857142857, "hit3": 0.14285714285714285, "mr": 3463.1428571428573, "mrr": 0.07005696773671406, "query_count": 7}, "group": "relation=67|side=head_prediction|text=both_have_text", "level": "level1", "query_count": 7, "reason": "insufficient_validation_queries", "selected_alpha": null, "selected_lambda": null, "text_state": "both_have_text"}, "relation=67|side=head_prediction|text=missing_text": {"accepted": false, "fallback_alpha": 0.0, "fallback_lambda": 0.25, "fallback_valid_metrics": {"hit1": 0.0, "hit10": 0.0, "hit3": 0.0, "mr": 136.0, "mrr": 0.007352941176470588, "query_count": 1}, "group": "relation=67|side=head_prediction|text=missing_text", "level": "level1", "lock_missing_text": true, "query_count": 1, "reason": "missing_text_locked_to_bv1", "selected_alpha": 0.0, "selected_lambda": 0.25, "selected_valid_metrics": {"hit1": 0.0, "hit10": 0.0, "hit3": 0.0, "mr": 136.0, "mrr": 0.007352941176470588, "query_count": 1}, "text_state": "missing_text", "valid_mrr_delta_vs_bv1": 0.0}, "relation=67|side=tail_prediction|text=both_have_text": {"accepted": false, "fallback_alpha": 0.0, "fallback_lambda": 0.25, "fallback_valid_metrics": {"hit1": 0.0, "hit10": 0.42857142857142855, "hit3": 0.0, "mr": 363.14285714285717, "mrr": 0.10720184027368172, "query_count": 7}, "group": "relation=67|side=tail_prediction|text=both_have_text", "level": "level1", "query_count": 7, "reason": "insufficient_validation_queries", "selected_alpha": null, "selected_lambda": null, "text_state": "both_have_text"}, "relation=67|side=tail_prediction|text=missing_text": {"accepted": false, "fallback_alpha": 0.0, "fallback_lambda": 0.25, "fallback_valid_metrics": {"hit1": 0.0, "hit10": 0.0, "hit3": 0.0, "mr": 146.0, "mrr": 0.00684931506849315, "query_count": 1}, "group": "relation=67|side=tail_prediction|text=missing_text", "level": "level1", "lock_missing_text": true, "query_count": 1, "reason": "missing_text_locked_to_bv1", "selected_alpha": 0.0, "selected_lambda": 0.25, "selected_valid_metrics": {"hit1": 0.0, "hit10": 0.0, "hit3": 0.0, "mr": 146.0, "mrr": 0.00684931506849315, "query_count": 1}, "text_state": "missing_text", "valid_mrr_delta_vs_bv1": 0.0}, "relation=68|side=head_prediction|text=both_have_text": {"accepted": false, "fallback_alpha": 0.0, "fallback_lambda": 0.25, "fallback_valid_metrics": {"hit1": 0.0, "hit10": 0.0, "hit3": 0.0, "mr": 732.0, "mrr": 0.001366120218579235, "query_count": 1}, "group": "relation=68|side=head_prediction|text=both_have_text", "level": "level1", "query_count": 1, "reason": "insufficient_validation_queries", "selected_alpha": null, "selected_lambda": null, "text_state": "both_have_text"}, "relation=68|side=tail_prediction|text=both_have_text": {"accepted": false, "fallback_alpha": 0.0, "fallback_lambda": 0.25, "fallback_valid_metrics": {"hit1": 0.0, "hit10": 0.0, "hit3": 0.0, "mr": 13.0, "mrr": 0.07692307692307693, "query_count": 1}, "group": "relation=68|side=tail_prediction|text=both_have_text", "level": "level1", "query_count": 1, "reason": "insufficient_validation_queries", "selected_alpha": null, "selected_lambda": null, "text_state": "both_have_text"}, "relation=69|side=head_prediction|text=both_have_text": {"accepted": false, "fallback_alpha": 0.0, "fallback_lambda": 0.25, "fallback_valid_metrics": {"hit1": 0.0, "hit10": 0.0, "hit3": 0.0, "mr": 8194.0, "mrr": 0.0003170051562664422, "query_count": 2}, "group": "relation=69|side=head_prediction|text=both_have_text", "level": "level1", "query_count": 2, "reason": "insufficient_validation_queries", "selected_alpha": null, "selected_lambda": null, "text_state": "both_have_text"}, "relation=69|side=tail_prediction|text=both_have_text": {"accepted": false, "fallback_alpha": 0.0, "fallback_lambda": 0.25, "fallback_valid_metrics": {"hit1": 0.0, "hit10": 0.5, "hit3": 0.5, "mr": 37.0, "mrr": 0.1737089201877934, "query_count": 2}, "group": "relation=69|side=tail_prediction|text=both_have_text", "level": "level1", "query_count": 2, "reason": "insufficient_validation_queries", "selected_alpha": null, "selected_lambda": null, "text_state": "both_have_text"}, "relation=6|side=head_prediction|text=both_have_text": {"accepted": true, "fallback_alpha": 0.0, "fallback_lambda": 0.25, "fallback_valid_metrics": {"hit1": 0.125, "hit10": 0.25, "hit3": 0.20833333333333334, "mr": 1889.8541666666667, "mrr": 0.1810943933415701, "query_count": 48}, "group": "relation=6|side=head_prediction|text=both_have_text", "level": "level1", "query_count": 48, "reason": "accepted", "selected_alpha": 0.2, "selected_lambda": 0.1, "selected_valid_metrics": {"hit1": 0.125, "hit10": 0.2708333333333333, "hit3": 0.20833333333333334, "mr": 1848.4583333333333, "mrr": 0.1857237612302236, "query_count": 48}, "text_state": "both_have_text", "valid_mrr_delta_vs_bv1": 0.004629367888653507}, "relation=6|side=head_prediction|text=missing_text": {"accepted": false, "fallback_alpha": 0.0, "fallback_lambda": 0.25, "fallback_valid_metrics": {"hit1": 0.0, "hit10": 0.3, "hit3": 0.2, "mr": 1876.3, "mrr": 0.10113345598368766, "query_count": 10}, "group": "relation=6|side=head_prediction|text=missing_text", "level": "level1", "lock_missing_text": true, "query_count": 10, "reason": "missing_text_locked_to_bv1", "selected_alpha": 0.0, "selected_lambda": 0.25, "selected_valid_metrics": {"hit1": 0.0, "hit10": 0.3, "hit3": 0.2, "mr": 1876.3, "mrr": 0.10113345598368766, "query_count": 10}, "text_state": "missing_text", "valid_mrr_delta_vs_bv1": 0.0}, "relation=6|side=tail_prediction|text=both_have_text": {"accepted": true, "fallback_alpha": 0.0, "fallback_lambda": 0.25, "fallback_valid_metrics": {"hit1": 0.5208333333333334, "hit10": 0.5833333333333334, "hit3": 0.5416666666666666, "mr": 492.75, "mrr": 0.5405892538548215, "query_count": 48}, "group": "relation=6|side=tail_prediction|text=both_have_text", "level": "level1", "query_count": 48, "reason": "accepted", "selected_alpha": 0.3, "selected_lambda": 0.1, "selected_valid_metrics": {"hit1": 0.5208333333333334, "hit10": 0.5833333333333334, "hit3": 0.5416666666666666, "mr": 498.375, "mrr": 0.5419640182405384, "query_count": 48}, "text_state": "both_have_text", "valid_mrr_delta_vs_bv1": 0.0013747643857169312}, "relation=6|side=tail_prediction|text=missing_text": {"accepted": false, "fallback_alpha": 0.0, "fallback_lambda": 0.25, "fallback_valid_metrics": {"hit1": 0.4, "hit10": 0.4, "hit3": 0.4, "mr": 80.8, "mrr": 0.4133874775682568, "query_count": 10}, "group": "relation=6|side=tail_prediction|text=missing_text", "level": "level1", "lock_missing_text": true, "query_count": 10, "reason": "missing_text_locked_to_bv1", "selected_alpha": 0.0, "selected_lambda": 0.25, "selected_valid_metrics": {"hit1": 0.4, "hit10": 0.4, "hit3": 0.4, "mr": 80.8, "mrr": 0.4133874775682568, "query_count": 10}, "text_state": "missing_text", "valid_mrr_delta_vs_bv1": 0.0}, "relation=71|side=head_prediction|text=both_have_text": {"accepted": false, "fallback_alpha": 0.0, "fallback_lambda": 0.25, "fallback_valid_metrics": {"hit1": 0.25, "hit10": 0.25, "hit3": 0.25, "mr": 3851.0, "mrr": 0.25315304968019775, "query_count": 4}, "group": "relation=71|side=head_prediction|text=both_have_text", "level": "level1", "query_count": 4, "reason": "insufficient_validation_queries", "selected_alpha": null, "selected_lambda": null, "text_state": "both_have_text"}, "relation=71|side=tail_prediction|text=both_have_text": {"accepted": false, "fallback_alpha": 0.0, "fallback_lambda": 0.25, "fallback_valid_metrics": {"hit1": 0.25, "hit10": 0.25, "hit3": 0.25, "mr": 43.0, "mrr": 0.2735404083980443, "query_count": 4}, "group": "relation=71|side=tail_prediction|text=both_have_text", "level": "level1", "query_count": 4, "reason": "insufficient_validation_queries", "selected_alpha": null, "selected_lambda": null, "text_state": "both_have_text"}, "relation=72|side=head_prediction|text=both_have_text": {"accepted": false, "fallback_alpha": 0.0, "fallback_lambda": 0.25, "fallback_valid_metrics": {"hit1": 0.05, "hit10": 0.1, "hit3": 0.1, "mr": 1153.8, "mrr": 0.08163542595543487, "query_count": 20}, "group": "relation=72|side=head_prediction|text=both_have_text", "level": "level1", "query_count": 20, "reason": "insufficient_validation_queries", "selected_alpha": null, "selected_lambda": null, "text_state": "both_have_text"}, "relation=72|side=head_prediction|text=missing_text": {"accepted": false, "fallback_alpha": 0.0, "fallback_lambda": 0.25, "fallback_valid_metrics": {"hit1": 0.14285714285714285, "hit10": 0.42857142857142855, "hit3": 0.2857142857142857, "mr": 32.714285714285715, "mrr": 0.261837564265432, "query_count": 7}, "group": "relation=72|side=head_prediction|text=missing_text", "level": "level1", "lock_missing_text": true, "query_count": 7, "reason": "missing_text_locked_to_bv1", "selected_alpha": 0.0, "selected_lambda": 0.25, "selected_valid_metrics": {"hit1": 0.14285714285714285, "hit10": 0.42857142857142855, "hit3": 0.2857142857142857, "mr": 32.714285714285715, "mrr": 0.261837564265432, "query_count": 7}, "text_state": "missing_text", "valid_mrr_delta_vs_bv1": 0.0}, "relation=72|side=tail_prediction|text=both_have_text": {"accepted": false, "fallback_alpha": 0.0, "fallback_lambda": 0.25, "fallback_valid_metrics": {"hit1": 0.1, "hit10": 0.6, "hit3": 0.4, "mr": 26.4, "mrr": 0.2657523077553758, "query_count": 20}, "group": "relation=72|side=tail_prediction|text=both_have_text", "level": "level1", "query_count": 20, "reason": "insufficient_validation_queries", "selected_alpha": null, "selected_lambda": null, "text_state": "both_have_text"}, "relation=72|side=tail_prediction|text=missing_text": {"accepted": false, "fallback_alpha": 0.0, "fallback_lambda": 0.25, "fallback_valid_metrics": {"hit1": 0.5714285714285714, "hit10": 0.8571428571428571, "hit3": 0.7142857142857143, "mr": 6.571428571428571, "mrr": 0.6651785714285714, "query_count": 7}, "group": "relation=72|side=tail_prediction|text=missing_text", "level": "level1", "lock_missing_text": true, "query_count": 7, "reason": "missing_text_locked_to_bv1", "selected_alpha": 0.0, "selected_lambda": 0.25, "selected_valid_metrics": {"hit1": 0.5714285714285714, "hit10": 0.8571428571428571, "hit3": 0.7142857142857143, "mr": 6.571428571428571, "mrr": 0.6651785714285714, "query_count": 7}, "text_state": "missing_text", "valid_mrr_delta_vs_bv1": 0.0}, "relation=73|side=head_prediction|text=missing_text": {"accepted": false, "fallback_alpha": 0.0, "fallback_lambda": 0.25, "fallback_valid_metrics": {"hit1": 0.0, "hit10": 0.0, "hit3": 0.0, "mr": 574.0, "mrr": 0.006284763281215784, "query_count": 2}, "group": "relation=73|side=head_prediction|text=missing_text", "level": "level1", "lock_missing_text": true, "query_count": 2, "reason": "missing_text_locked_to_bv1", "selected_alpha": 0.0, "selected_lambda": 0.25, "selected_valid_metrics": {"hit1": 0.0, "hit10": 0.0, "hit3": 0.0, "mr": 574.0, "mrr": 0.006284763281215784, "query_count": 2}, "text_state": "missing_text", "valid_mrr_delta_vs_bv1": 0.0}, "relation=73|side=tail_prediction|text=missing_text": {"accepted": false, "fallback_alpha": 0.0, "fallback_lambda": 0.25, "fallback_valid_metrics": {"hit1": 1.0, "hit10": 1.0, "hit3": 1.0, "mr": 1.0, "mrr": 1.0, "query_count": 2}, "group": "relation=73|side=tail_prediction|text=missing_text", "level": "level1", "lock_missing_text": true, "query_count": 2, "reason": "missing_text_locked_to_bv1", "selected_alpha": 0.0, "selected_lambda": 0.25, "selected_valid_metrics": {"hit1": 1.0, "hit10": 1.0, "hit3": 1.0, "mr": 1.0, "mrr": 1.0, "query_count": 2}, "text_state": "missing_text", "valid_mrr_delta_vs_bv1": 0.0}, "relation=74|side=head_prediction|text=missing_text": {"accepted": false, "fallback_alpha": 0.0, "fallback_lambda": 0.25, "fallback_valid_metrics": {"hit1": 0.0, "hit10": 1.0, "hit3": 1.0, "mr": 2.0, "mrr": 0.5, "query_count": 1}, "group": "relation=74|side=head_prediction|text=missing_text", "level": "level1", "lock_missing_text": true, "query_count": 1, "reason": "missing_text_locked_to_bv1", "selected_alpha": 0.0, "selected_lambda": 0.25, "selected_valid_metrics": {"hit1": 0.0, "hit10": 1.0, "hit3": 1.0, "mr": 2.0, "mrr": 0.5, "query_count": 1}, "text_state": "missing_text", "valid_mrr_delta_vs_bv1": 0.0}, "relation=74|side=tail_prediction|text=missing_text": {"accepted": false, "fallback_alpha": 0.0, "fallback_lambda": 0.25, "fallback_valid_metrics": {"hit1": 0.0, "hit10": 1.0, "hit3": 1.0, "mr": 2.0, "mrr": 0.5, "query_count": 1}, "group": "relation=74|side=tail_prediction|text=missing_text", "level": "level1", "lock_missing_text": true, "query_count": 1, "reason": "missing_text_locked_to_bv1", "selected_alpha": 0.0, "selected_lambda": 0.25, "selected_valid_metrics": {"hit1": 0.0, "hit10": 1.0, "hit3": 1.0, "mr": 2.0, "mrr": 0.5, "query_count": 1}, "text_state": "missing_text", "valid_mrr_delta_vs_bv1": 0.0}, "relation=75|side=head_prediction|text=both_have_text": {"accepted": false, "fallback_alpha": 0.0, "fallback_lambda": 0.25, "fallback_valid_metrics": {"hit1": 0.0, "hit10": 1.0, "hit3": 1.0, "mr": 2.0, "mrr": 0.5, "query_count": 2}, "group": "relation=75|side=head_prediction|text=both_have_text", "level": "level1", "query_count": 2, "reason": "insufficient_validation_queries", "selected_alpha": null, "selected_lambda": null, "text_state": "both_have_text"}, "relation=75|side=tail_prediction|text=both_have_text": {"accepted": false, "fallback_alpha": 0.0, "fallback_lambda": 0.25, "fallback_valid_metrics": {"hit1": 0.0, "hit10": 1.0, "hit3": 1.0, "mr": 2.0, "mrr": 0.5, "query_count": 2}, "group": "relation=75|side=tail_prediction|text=both_have_text", "level": "level1", "query_count": 2, "reason": "insufficient_validation_queries", "selected_alpha": null, "selected_lambda": null, "text_state": "both_have_text"}, "relation=77|side=head_prediction|text=both_have_text": {"accepted": false, "fallback_alpha": 0.0, "fallback_lambda": 0.25, "fallback_valid_metrics": {"hit1": 0.2, "hit10": 0.4, "hit3": 0.2, "mr": 695.0, "mrr": 0.2692304904059308, "query_count": 5}, "group": "relation=77|side=head_prediction|text=both_have_text", "level": "level1", "query_count": 5, "reason": "insufficient_validation_queries", "selected_alpha": null, "selected_lambda": null, "text_state": "both_have_text"}, "relation=77|side=head_prediction|text=missing_text": {"accepted": false, "fallback_alpha": 0.0, "fallback_lambda": 0.25, "fallback_valid_metrics": {"hit1": 0.0, "hit10": 0.7142857142857143, "hit3": 0.2857142857142857, "mr": 628.8571428571429, "mrr": 0.19461821046655084, "query_count": 7}, "group": "relation=77|side=head_prediction|text=missing_text", "level": "level1", "lock_missing_text": true, "query_count": 7, "reason": "missing_text_locked_to_bv1", "selected_alpha": 0.0, "selected_lambda": 0.25, "selected_valid_metrics": {"hit1": 0.0, "hit10": 0.7142857142857143, "hit3": 0.2857142857142857, "mr": 628.8571428571429, "mrr": 0.19461821046655084, "query_count": 7}, "text_state": "missing_text", "valid_mrr_delta_vs_bv1": 0.0}, "relation=77|side=tail_prediction|text=both_have_text": {"accepted": false, "fallback_alpha": 0.0, "fallback_lambda": 0.25, "fallback_valid_metrics": {"hit1": 0.4, "hit10": 0.6, "hit3": 0.6, "mr": 57.2, "mrr": 0.5125194228634851, "query_count": 5}, "group": "relation=77|side=tail_prediction|text=both_have_text", "level": "level1", "query_count": 5, "reason": "insufficient_validation_queries", "selected_alpha": null, "selected_lambda": null, "text_state": "both_have_text"}, "relation=77|side=tail_prediction|text=missing_text": {"accepted": false, "fallback_alpha": 0.0, "fallback_lambda": 0.25, "fallback_valid_metrics": {"hit1": 0.7142857142857143, "hit10": 0.7142857142857143, "hit3": 0.7142857142857143, "mr": 206.14285714285714, "mrr": 0.7147093482282791, "query_count": 7}, "group": "relation=77|side=tail_prediction|text=missing_text", "level": "level1", "lock_missing_text": true, "query_count": 7, "reason": "missing_text_locked_to_bv1", "selected_alpha": 0.0, "selected_lambda": 0.25, "selected_valid_metrics": {"hit1": 0.7142857142857143, "hit10": 0.7142857142857143, "hit3": 0.7142857142857143, "mr": 206.14285714285714, "mrr": 0.7147093482282791, "query_count": 7}, "text_state": "missing_text", "valid_mrr_delta_vs_bv1": 0.0}, "relation=79|side=head_prediction|text=both_have_text": {"accepted": false, "fallback_alpha": 0.0, "fallback_lambda": 0.25, "fallback_valid_metrics": {"hit1": 0.0, "hit10": 0.375, "hit3": 0.375, "mr": 230.625, "mrr": 0.1595708349885929, "query_count": 8}, "group": "relation=79|side=head_prediction|text=both_have_text", "level": "level1", "query_count": 8, "reason": "insufficient_validation_queries", "selected_alpha": null, "selected_lambda": null, "text_state": "both_have_text"}, "relation=79|side=tail_prediction|text=both_have_text": {"accepted": false, "fallback_alpha": 0.0, "fallback_lambda": 0.25, "fallback_valid_metrics": {"hit1": 0.625, "hit10": 0.875, "hit3": 0.875, "mr": 10.375, "mrr": 0.73087899543379, "query_count": 8}, "group": "relation=79|side=tail_prediction|text=both_have_text", "level": "level1", "query_count": 8, "reason": "insufficient_validation_queries", "selected_alpha": null, "selected_lambda": null, "text_state": "both_have_text"}, "relation=7|side=head_prediction|text=both_have_text": {"accepted": true, "fallback_alpha": 0.0, "fallback_lambda": 0.25, "fallback_valid_metrics": {"hit1": 0.046511627906976744, "hit10": 0.16279069767441862, "hit3": 0.09302325581395349, "mr": 1056.6279069767443, "mrr": 0.08432416685015762, "query_count": 86}, "group": "relation=7|side=head_prediction|text=both_have_text", "level": "level1", "query_count": 86, "reason": "accepted", "selected_alpha": 0.3, "selected_lambda": 0.1, "selected_valid_metrics": {"hit1": 0.046511627906976744, "hit10": 0.18604651162790697, "hit3": 0.10465116279069768, "mr": 1008.5348837209302, "mrr": 0.08779354656668642, "query_count": 86}, "text_state": "both_have_text", "valid_mrr_delta_vs_bv1": 0.003469379716528803}, "relation=7|side=head_prediction|text=missing_text": {"accepted": false, "fallback_alpha": 0.0, "fallback_lambda": 0.25, "fallback_valid_metrics": {"hit1": 0.058823529411764705, "hit10": 0.11764705882352941, "hit3": 0.058823529411764705, "mr": 867.6176470588235, "mrr": 0.0796745438471172, "query_count": 34}, "group": "relation=7|side=head_prediction|text=missing_text", "level": "level1", "lock_missing_text": true, "query_count": 34, "reason": "missing_text_locked_to_bv1", "selected_alpha": 0.0, "selected_lambda": 0.25, "selected_valid_metrics": {"hit1": 0.058823529411764705, "hit10": 0.11764705882352941, "hit3": 0.058823529411764705, "mr": 867.6176470588235, "mrr": 0.0796745438471172, "query_count": 34}, "text_state": "missing_text", "valid_mrr_delta_vs_bv1": 0.0}, "relation=7|side=tail_prediction|text=both_have_text": {"accepted": true, "fallback_alpha": 0.0, "fallback_lambda": 0.25, "fallback_valid_metrics": {"hit1": 0.22093023255813954, "hit10": 0.5232558139534884, "hit3": 0.313953488372093, "mr": 77.3953488372093, "mrr": 0.30720471761234025, "query_count": 86}, "group": "relation=7|side=tail_prediction|text=both_have_text", "level": "level1", "query_count": 86, "reason": "accepted", "selected_alpha": 0.3, "selected_lambda": 0.1, "selected_valid_metrics": {"hit1": 0.23255813953488372, "hit10": 0.5348837209302325, "hit3": 0.3372093023255814, "mr": 68.88372093023256, "mrr": 0.3196156889804768, "query_count": 86}, "text_state": "both_have_text", "valid_mrr_delta_vs_bv1": 0.01241097136813657}, "relation=7|side=tail_prediction|text=missing_text": {"accepted": false, "fallback_alpha": 0.0, "fallback_lambda": 0.25, "fallback_valid_metrics": {"hit1": 0.23529411764705882, "hit10": 0.5294117647058824, "hit3": 0.29411764705882354, "mr": 64.08823529411765, "mrr": 0.3140367670406161, "query_count": 34}, "group": "relation=7|side=tail_prediction|text=missing_text", "level": "level1", "lock_missing_text": true, "query_count": 34, "reason": "missing_text_locked_to_bv1", "selected_alpha": 0.0, "selected_lambda": 0.25, "selected_valid_metrics": {"hit1": 0.23529411764705882, "hit10": 0.5294117647058824, "hit3": 0.29411764705882354, "mr": 64.08823529411765, "mrr": 0.3140367670406161, "query_count": 34}, "text_state": "missing_text", "valid_mrr_delta_vs_bv1": 0.0}, "relation=80|side=head_prediction|text=both_have_text": {"accepted": false, "fallback_alpha": 0.0, "fallback_lambda": 0.25, "fallback_valid_metrics": {"hit1": 0.0, "hit10": 0.0, "hit3": 0.0, "mr": 207.8, "mrr": 0.02263425245792042, "query_count": 5}, "group": "relation=80|side=head_prediction|text=both_have_text", "level": "level1", "query_count": 5, "reason": "insufficient_validation_queries", "selected_alpha": null, "selected_lambda": null, "text_state": "both_have_text"}, "relation=80|side=tail_prediction|text=both_have_text": {"accepted": false, "fallback_alpha": 0.0, "fallback_lambda": 0.25, "fallback_valid_metrics": {"hit1": 0.0, "hit10": 0.6, "hit3": 0.6, "mr": 22.0, "mrr": 0.2855311355311355, "query_count": 5}, "group": "relation=80|side=tail_prediction|text=both_have_text", "level": "level1", "query_count": 5, "reason": "insufficient_validation_queries", "selected_alpha": null, "selected_lambda": null, "text_state": "both_have_text"}, "relation=81|side=head_prediction|text=both_have_text": {"accepted": false, "fallback_alpha": 0.0, "fallback_lambda": 0.25, "fallback_valid_metrics": {"hit1": 0.0, "hit10": 0.5, "hit3": 0.0, "mr": 10.5, "mrr": 0.13125, "query_count": 2}, "group": "relation=81|side=head_prediction|text=both_have_text", "level": "level1", "query_count": 2, "reason": "insufficient_validation_queries", "selected_alpha": null, "selected_lambda": null, "text_state": "both_have_text"}, "relation=81|side=tail_prediction|text=both_have_text": {"accepted": false, "fallback_alpha": 0.0, "fallback_lambda": 0.25, "fallback_valid_metrics": {"hit1": 0.0, "hit10": 1.0, "hit3": 0.5, "mr": 6.0, "mrr": 0.3, "query_count": 2}, "group": "relation=81|side=tail_prediction|text=both_have_text", "level": "level1", "query_count": 2, "reason": "insufficient_validation_queries", "selected_alpha": null, "selected_lambda": null, "text_state": "both_have_text"}, "relation=82|side=head_prediction|text=both_have_text": {"accepted": false, "fallback_alpha": 0.0, "fallback_lambda": 0.25, "fallback_valid_metrics": {"hit1": 1.0, "hit10": 1.0, "hit3": 1.0, "mr": 1.0, "mrr": 1.0, "query_count": 1}, "group": "relation=82|side=head_prediction|text=both_have_text", "level": "level1", "query_count": 1, "reason": "insufficient_validation_queries", "selected_alpha": null, "selected_lambda": null, "text_state": "both_have_text"}, "relation=82|side=tail_prediction|text=both_have_text": {"accepted": false, "fallback_alpha": 0.0, "fallback_lambda": 0.25, "fallback_valid_metrics": {"hit1": 1.0, "hit10": 1.0, "hit3": 1.0, "mr": 1.0, "mrr": 1.0, "query_count": 1}, "group": "relation=82|side=tail_prediction|text=both_have_text", "level": "level1", "query_count": 1, "reason": "insufficient_validation_queries", "selected_alpha": null, "selected_lambda": null, "text_state": "both_have_text"}, "relation=84|side=head_prediction|text=both_have_text": {"accepted": false, "fallback_alpha": 0.0, "fallback_lambda": 0.25, "fallback_valid_metrics": {"hit1": 0.6666666666666666, "hit10": 0.8333333333333334, "hit3": 0.6666666666666666, "mr": 3.3333333333333335, "mrr": 0.7222222222222222, "query_count": 6}, "group": "relation=84|side=head_prediction|text=both_have_text", "level": "level1", "query_count": 6, "reason": "insufficient_validation_queries", "selected_alpha": null, "selected_lambda": null, "text_state": "both_have_text"}, "relation=84|side=tail_prediction|text=both_have_text": {"accepted": false, "fallback_alpha": 0.0, "fallback_lambda": 0.25, "fallback_valid_metrics": {"hit1": 0.6666666666666666, "hit10": 0.8333333333333334, "hit3": 0.8333333333333334, "mr": 25.333333333333332, "mrr": 0.7511415525114155, "query_count": 6}, "group": "relation=84|side=tail_prediction|text=both_have_text", "level": "level1", "query_count": 6, "reason": "insufficient_validation_queries", "selected_alpha": null, "selected_lambda": null, "text_state": "both_have_text"}, "relation=86|side=head_prediction|text=both_have_text": {"accepted": false, "fallback_alpha": 0.0, "fallback_lambda": 0.25, "fallback_valid_metrics": {"hit1": 0.25, "hit10": 1.0, "hit3": 0.5, "mr": 4.5, "mrr": 0.45, "query_count": 4}, "group": "relation=86|side=head_prediction|text=both_have_text", "level": "level1", "query_count": 4, "reason": "insufficient_validation_queries", "selected_alpha": null, "selected_lambda": null, "text_state": "both_have_text"}, "relation=86|side=head_prediction|text=missing_text": {"accepted": false, "fallback_alpha": 0.0, "fallback_lambda": 0.25, "fallback_valid_metrics": {"hit1": 0.0, "hit10": 1.0, "hit3": 0.5, "mr": 3.5, "mrr": 0.35, "query_count": 2}, "group": "relation=86|side=head_prediction|text=missing_text", "level": "level1", "lock_missing_text": true, "query_count": 2, "reason": "missing_text_locked_to_bv1", "selected_alpha": 0.0, "selected_lambda": 0.25, "selected_valid_metrics": {"hit1": 0.0, "hit10": 1.0, "hit3": 0.5, "mr": 3.5, "mrr": 0.35, "query_count": 2}, "text_state": "missing_text", "valid_mrr_delta_vs_bv1": 0.0}, "relation=86|side=tail_prediction|text=both_have_text": {"accepted": false, "fallback_alpha": 0.0, "fallback_lambda": 0.25, "fallback_valid_metrics": {"hit1": 1.0, "hit10": 1.0, "hit3": 1.0, "mr": 1.0, "mrr": 1.0, "query_count": 4}, "group": "relation=86|side=tail_prediction|text=both_have_text", "level": "level1", "query_count": 4, "reason": "insufficient_validation_queries", "selected_alpha": null, "selected_lambda": null, "text_state": "both_have_text"}, "relation=86|side=tail_prediction|text=missing_text": {"accepted": false, "fallback_alpha": 0.0, "fallback_lambda": 0.25, "fallback_valid_metrics": {"hit1": 1.0, "hit10": 1.0, "hit3": 1.0, "mr": 1.0, "mrr": 1.0, "query_count": 2}, "group": "relation=86|side=tail_prediction|text=missing_text", "level": "level1", "lock_missing_text": true, "query_count": 2, "reason": "missing_text_locked_to_bv1", "selected_alpha": 0.0, "selected_lambda": 0.25, "selected_valid_metrics": {"hit1": 1.0, "hit10": 1.0, "hit3": 1.0, "mr": 1.0, "mrr": 1.0, "query_count": 2}, "text_state": "missing_text", "valid_mrr_delta_vs_bv1": 0.0}, "relation=87|side=head_prediction|text=both_have_text": {"accepted": false, "fallback_alpha": 0.0, "fallback_lambda": 0.25, "fallback_valid_metrics": {"hit1": 0.0, "hit10": 1.0, "hit3": 1.0, "mr": 2.0, "mrr": 0.5, "query_count": 1}, "group": "relation=87|side=head_prediction|text=both_have_text", "level": "level1", "query_count": 1, "reason": "insufficient_validation_queries", "selected_alpha": null, "selected_lambda": null, "text_state": "both_have_text"}, "relation=87|side=head_prediction|text=missing_text": {"accepted": false, "fallback_alpha": 0.0, "fallback_lambda": 0.25, "fallback_valid_metrics": {"hit1": 0.0, "hit10": 0.0, "hit3": 0.0, "mr": 2846.0, "mrr": 0.00035137034434293746, "query_count": 1}, "group": "relation=87|side=head_prediction|text=missing_text", "level": "level1", "lock_missing_text": true, "query_count": 1, "reason": "missing_text_locked_to_bv1", "selected_alpha": 0.0, "selected_lambda": 0.25, "selected_valid_metrics": {"hit1": 0.0, "hit10": 0.0, "hit3": 0.0, "mr": 2846.0, "mrr": 0.00035137034434293746, "query_count": 1}, "text_state": "missing_text", "valid_mrr_delta_vs_bv1": 0.0}, "relation=87|side=tail_prediction|text=both_have_text": {"accepted": false, "fallback_alpha": 0.0, "fallback_lambda": 0.25, "fallback_valid_metrics": {"hit1": 0.0, "hit10": 0.0, "hit3": 0.0, "mr": 25.0, "mrr": 0.04, "query_count": 1}, "group": "relation=87|side=tail_prediction|text=both_have_text", "level": "level1", "query_count": 1, "reason": "insufficient_validation_queries", "selected_alpha": null, "selected_lambda": null, "text_state": "both_have_text"}, "relation=87|side=tail_prediction|text=missing_text": {"accepted": false, "fallback_alpha": 0.0, "fallback_lambda": 0.25, "fallback_valid_metrics": {"hit1": 0.0, "hit10": 0.0, "hit3": 0.0, "mr": 14645.0, "mrr": 6.828269033799931e-05, "query_count": 1}, "group": "relation=87|side=tail_prediction|text=missing_text", "level": "level1", "lock_missing_text": true, "query_count": 1, "reason": "missing_text_locked_to_bv1", "selected_alpha": 0.0, "selected_lambda": 0.25, "selected_valid_metrics": {"hit1": 0.0, "hit10": 0.0, "hit3": 0.0, "mr": 14645.0, "mrr": 6.828269033799931e-05, "query_count": 1}, "text_state": "missing_text", "valid_mrr_delta_vs_bv1": 0.0}, "relation=88|side=head_prediction|text=both_have_text": {"accepted": false, "fallback_alpha": 0.0, "fallback_lambda": 0.25, "fallback_valid_metrics": {"hit1": 0.0, "hit10": 1.0, "hit3": 1.0, "mr": 2.0, "mrr": 0.5, "query_count": 1}, "group": "relation=88|side=head_prediction|text=both_have_text", "level": "level1", "query_count": 1, "reason": "insufficient_validation_queries", "selected_alpha": null, "selected_lambda": null, "text_state": "both_have_text"}, "relation=88|side=tail_prediction|text=both_have_text": {"accepted": false, "fallback_alpha": 0.0, "fallback_lambda": 0.25, "fallback_valid_metrics": {"hit1": 0.0, "hit10": 1.0, "hit3": 1.0, "mr": 2.0, "mrr": 0.5, "query_count": 1}, "group": "relation=88|side=tail_prediction|text=both_have_text", "level": "level1", "query_count": 1, "reason": "insufficient_validation_queries", "selected_alpha": null, "selected_lambda": null, "text_state": "both_have_text"}, "relation=89|side=head_prediction|text=both_have_text": {"accepted": false, "fallback_alpha": 0.0, "fallback_lambda": 0.25, "fallback_valid_metrics": {"hit1": 0.16666666666666666, "hit10": 0.3333333333333333, "hit3": 0.16666666666666666, "mr": 7363.0, "mrr": 0.21193873623903814, "query_count": 6}, "group": "relation=89|side=head_prediction|text=both_have_text", "level": "level1", "query_count": 6, "reason": "insufficient_validation_queries", "selected_alpha": null, "selected_lambda": null, "text_state": "both_have_text"}, "relation=89|side=head_prediction|text=missing_text": {"accepted": false, "fallback_alpha": 0.0, "fallback_lambda": 0.25, "fallback_valid_metrics": {"hit1": 0.5, "hit10": 1.0, "hit3": 1.0, "mr": 1.5, "mrr": 0.75, "query_count": 2}, "group": "relation=89|side=head_prediction|text=missing_text", "level": "level1", "lock_missing_text": true, "query_count": 2, "reason": "missing_text_locked_to_bv1", "selected_alpha": 0.0, "selected_lambda": 0.25, "selected_valid_metrics": {"hit1": 0.5, "hit10": 1.0, "hit3": 1.0, "mr": 1.5, "mrr": 0.75, "query_count": 2}, "text_state": "missing_text", "valid_mrr_delta_vs_bv1": 0.0}, "relation=89|side=tail_prediction|text=both_have_text": {"accepted": false, "fallback_alpha": 0.0, "fallback_lambda": 0.25, "fallback_valid_metrics": {"hit1": 0.16666666666666666, "hit10": 0.5, "hit3": 0.5, "mr": 304.0, "mrr": 0.33513961664554137, "query_count": 6}, "group": "relation=89|side=tail_prediction|text=both_have_text", "level": "level1", "query_count": 6, "reason": "insufficient_validation_queries", "selected_alpha": null, "selected_lambda": null, "text_state": "both_have_text"}, "relation=89|side=tail_prediction|text=missing_text": {"accepted": false, "fallback_alpha": 0.0, "fallback_lambda": 0.25, "fallback_valid_metrics": {"hit1": 1.0, "hit10": 1.0, "hit3": 1.0, "mr": 1.0, "mrr": 1.0, "query_count": 2}, "group": "relation=89|side=tail_prediction|text=missing_text", "level": "level1", "lock_missing_text": true, "query_count": 2, "reason": "missing_text_locked_to_bv1", "selected_alpha": 0.0, "selected_lambda": 0.25, "selected_valid_metrics": {"hit1": 1.0, "hit10": 1.0, "hit3": 1.0, "mr": 1.0, "mrr": 1.0, "query_count": 2}, "text_state": "missing_text", "valid_mrr_delta_vs_bv1": 0.0}, "relation=8|side=head_prediction|text=both_have_text": {"accepted": true, "fallback_alpha": 0.0, "fallback_lambda": 0.25, "fallback_valid_metrics": {"hit1": 0.5283018867924528, "hit10": 0.8679245283018868, "hit3": 0.8490566037735849, "mr": 1012.6981132075472, "mrr": 0.6855741919266263, "query_count": 53}, "group": "relation=8|side=head_prediction|text=both_have_text", "level": "level1", "query_count": 53, "reason": "accepted", "selected_alpha": 0.0, "selected_lambda": 0.1, "selected_valid_metrics": {"hit1": 0.5283018867924528, "hit10": 0.8679245283018868, "hit3": 0.8490566037735849, "mr": 1002.6415094339623, "mrr": 0.6862065619364902, "query_count": 53}, "text_state": "both_have_text", "valid_mrr_delta_vs_bv1": 0.0006323700098639362}, "relation=8|side=head_prediction|text=missing_text": {"accepted": false, "fallback_alpha": 0.0, "fallback_lambda": 0.25, "fallback_valid_metrics": {"hit1": 0.5238095238095238, "hit10": 0.9047619047619048, "hit3": 0.8095238095238095, "mr": 593.1666666666666, "mrr": 0.6763280088241087, "query_count": 42}, "group": "relation=8|side=head_prediction|text=missing_text", "level": "level1", "lock_missing_text": true, "query_count": 42, "reason": "missing_text_locked_to_bv1", "selected_alpha": 0.0, "selected_lambda": 0.25, "selected_valid_metrics": {"hit1": 0.5238095238095238, "hit10": 0.9047619047619048, "hit3": 0.8095238095238095, "mr": 593.1666666666666, "mrr": 0.6763280088241087, "query_count": 42}, "text_state": "missing_text", "valid_mrr_delta_vs_bv1": 0.0}, "relation=8|side=tail_prediction|text=both_have_text": {"accepted": true, "fallback_alpha": 0.0, "fallback_lambda": 0.25, "fallback_valid_metrics": {"hit1": 0.5094339622641509, "hit10": 0.8490566037735849, "hit3": 0.7924528301886793, "mr": 783.0188679245283, "mrr": 0.6589304623705584, "query_count": 53}, "group": "relation=8|side=tail_prediction|text=both_have_text", "level": "level1", "query_count": 53, "reason": "accepted", "selected_alpha": 0.0, "selected_lambda": 0.1, "selected_valid_metrics": {"hit1": 0.5094339622641509, "hit10": 0.8490566037735849, "hit3": 0.8113207547169812, "mr": 762.566037735849, "mrr": 0.6605079835878609, "query_count": 53}, "text_state": "both_have_text", "valid_mrr_delta_vs_bv1": 0.00157752121730248}, "relation=8|side=tail_prediction|text=missing_text": {"accepted": false, "fallback_alpha": 0.0, "fallback_lambda": 0.25, "fallback_valid_metrics": {"hit1": 0.5, "hit10": 0.9047619047619048, "hit3": 0.8571428571428571, "mr": 785.9761904761905, "mrr": 0.6890762298468208, "query_count": 42}, "group": "relation=8|side=tail_prediction|text=missing_text", "level": "level1", "lock_missing_text": true, "query_count": 42, "reason": "missing_text_locked_to_bv1", "selected_alpha": 0.0, "selected_lambda": 0.25, "selected_valid_metrics": {"hit1": 0.5, "hit10": 0.9047619047619048, "hit3": 0.8571428571428571, "mr": 785.9761904761905, "mrr": 0.6890762298468208, "query_count": 42}, "text_state": "missing_text", "valid_mrr_delta_vs_bv1": 0.0}, "relation=93|side=head_prediction|text=both_have_text": {"accepted": false, "fallback_alpha": 0.0, "fallback_lambda": 0.25, "fallback_valid_metrics": {"hit1": 0.0, "hit10": 0.0, "hit3": 0.0, "mr": 997.25, "mrr": 0.016884261543178382, "query_count": 4}, "group": "relation=93|side=head_prediction|text=both_have_text", "level": "level1", "query_count": 4, "reason": "insufficient_validation_queries", "selected_alpha": null, "selected_lambda": null, "text_state": "both_have_text"}, "relation=93|side=head_prediction|text=missing_text": {"accepted": false, "fallback_alpha": 0.0, "fallback_lambda": 0.25, "fallback_valid_metrics": {"hit1": 0.0, "hit10": 0.5, "hit3": 0.0, "mr": 85.5, "mrr": 0.10301204819277109, "query_count": 2}, "group": "relation=93|side=head_prediction|text=missing_text", "level": "level1", "lock_missing_text": true, "query_count": 2, "reason": "missing_text_locked_to_bv1", "selected_alpha": 0.0, "selected_lambda": 0.25, "selected_valid_metrics": {"hit1": 0.0, "hit10": 0.5, "hit3": 0.0, "mr": 85.5, "mrr": 0.10301204819277109, "query_count": 2}, "text_state": "missing_text", "valid_mrr_delta_vs_bv1": 0.0}, "relation=93|side=tail_prediction|text=both_have_text": {"accepted": false, "fallback_alpha": 0.0, "fallback_lambda": 0.25, "fallback_valid_metrics": {"hit1": 0.5, "hit10": 0.75, "hit3": 0.75, "mr": 26.75, "mrr": 0.6274271844660194, "query_count": 4}, "group": "relation=93|side=tail_prediction|text=both_have_text", "level": "level1", "query_count": 4, "reason": "insufficient_validation_queries", "selected_alpha": null, "selected_lambda": null, "text_state": "both_have_text"}, "relation=93|side=tail_prediction|text=missing_text": {"accepted": false, "fallback_alpha": 0.0, "fallback_lambda": 0.25, "fallback_valid_metrics": {"hit1": 1.0, "hit10": 1.0, "hit3": 1.0, "mr": 1.0, "mrr": 1.0, "query_count": 2}, "group": "relation=93|side=tail_prediction|text=missing_text", "level": "level1", "lock_missing_text": true, "query_count": 2, "reason": "missing_text_locked_to_bv1", "selected_alpha": 0.0, "selected_lambda": 0.25, "selected_valid_metrics": {"hit1": 1.0, "hit10": 1.0, "hit3": 1.0, "mr": 1.0, "mrr": 1.0, "query_count": 2}, "text_state": "missing_text", "valid_mrr_delta_vs_bv1": 0.0}, "relation=94|side=head_prediction|text=both_have_text": {"accepted": false, "fallback_alpha": 0.0, "fallback_lambda": 0.25, "fallback_valid_metrics": {"hit1": 0.0, "hit10": 0.0, "hit3": 0.0, "mr": 14685.0, "mrr": 6.809669731018046e-05, "query_count": 1}, "group": "relation=94|side=head_prediction|text=both_have_text", "level": "level1", "query_count": 1, "reason": "insufficient_validation_queries", "selected_alpha": null, "selected_lambda": null, "text_state": "both_have_text"}, "relation=94|side=tail_prediction|text=both_have_text": {"accepted": false, "fallback_alpha": 0.0, "fallback_lambda": 0.25, "fallback_valid_metrics": {"hit1": 1.0, "hit10": 1.0, "hit3": 1.0, "mr": 1.0, "mrr": 1.0, "query_count": 1}, "group": "relation=94|side=tail_prediction|text=both_have_text", "level": "level1", "query_count": 1, "reason": "insufficient_validation_queries", "selected_alpha": null, "selected_lambda": null, "text_state": "both_have_text"}, "relation=9|side=head_prediction|text=both_have_text": {"accepted": true, "fallback_alpha": 0.0, "fallback_lambda": 0.25, "fallback_valid_metrics": {"hit1": 0.3770491803278688, "hit10": 0.5409836065573771, "hit3": 0.4426229508196721, "mr": 3577.0, "mrr": 0.4195138974879511, "query_count": 61}, "group": "relation=9|side=head_prediction|text=both_have_text", "level": "level1", "query_count": 61, "reason": "accepted", "selected_alpha": 0.2, "selected_lambda": 0.1, "selected_valid_metrics": {"hit1": 0.39344262295081966, "hit10": 0.5409836065573771, "hit3": 0.4426229508196721, "mr": 3548.4262295081967, "mrr": 0.4305945131744684, "query_count": 61}, "text_state": "both_have_text", "valid_mrr_delta_vs_bv1": 0.011080615686517303}, "relation=9|side=head_prediction|text=missing_text": {"accepted": false, "fallback_alpha": 0.0, "fallback_lambda": 0.25, "fallback_valid_metrics": {"hit1": 0.0, "hit10": 0.2, "hit3": 0.0, "mr": 1480.2, "mrr": 0.06045944044085635, "query_count": 10}, "group": "relation=9|side=head_prediction|text=missing_text", "level": "level1", "lock_missing_text": true, "query_count": 10, "reason": "missing_text_locked_to_bv1", "selected_alpha": 0.0, "selected_lambda": 0.25, "selected_valid_metrics": {"hit1": 0.0, "hit10": 0.2, "hit3": 0.0, "mr": 1480.2, "mrr": 0.06045944044085635, "query_count": 10}, "text_state": "missing_text", "valid_mrr_delta_vs_bv1": 0.0}, "relation=9|side=tail_prediction|text=both_have_text": {"accepted": false, "fallback_alpha": 0.0, "fallback_lambda": 0.25, "fallback_valid_metrics": {"hit1": 0.26229508196721313, "hit10": 0.8032786885245902, "hit3": 0.6721311475409836, "mr": 63.47540983606557, "mrr": 0.4749587298492096, "query_count": 61}, "group": "relation=9|side=tail_prediction|text=both_have_text", "level": "level1", "query_count": 61, "reason": "pareto_safe_rejected", "selected_alpha": 0.0, "selected_lambda": 0.25, "selected_valid_metrics": {"hit1": 0.26229508196721313, "hit10": 0.8032786885245902, "hit3": 0.6721311475409836, "mr": 63.47540983606557, "mrr": 0.4749587298492096, "query_count": 61}, "text_state": "both_have_text", "valid_mrr_delta_vs_bv1": 0.0}, "relation=9|side=tail_prediction|text=missing_text": {"accepted": false, "fallback_alpha": 0.0, "fallback_lambda": 0.25, "fallback_valid_metrics": {"hit1": 0.0, "hit10": 0.9, "hit3": 0.6, "mr": 36.4, "mrr": 0.36529585798816566, "query_count": 10}, "group": "relation=9|side=tail_prediction|text=missing_text", "level": "level1", "lock_missing_text": true, "query_count": 10, "reason": "missing_text_locked_to_bv1", "selected_alpha": 0.0, "selected_lambda": 0.25, "selected_valid_metrics": {"hit1": 0.0, "hit10": 0.9, "hit3": 0.6, "mr": 36.4, "mrr": 0.36529585798816566, "query_count": 10}, "text_state": "missing_text", "valid_mrr_delta_vs_bv1": 0.0}}, "level2": {"side=head_prediction|text=both_have_text": {"accepted": true, "fallback_alpha": 0.0, "fallback_lambda": 0.25, "fallback_valid_metrics": {"hit1": 0.12127859605139454, "hit10": 0.2735819492322156, "hit3": 0.2062049514258853, "mr": 1627.406455656534, "mrr": 0.1783831233909102, "query_count": 3191}, "group": "side=head_prediction|text=both_have_text", "level": "level2", "query_count": 3191, "reason": "accepted", "selected_alpha": 0.2, "selected_lambda": 0.1, "selected_valid_metrics": {"hit1": 0.12660607959887182, "hit10": 0.28235662801629585, "hit3": 0.20965214666248824, "mr": 1597.4744594171107, "mrr": 0.18376019080144637, "query_count": 3191}, "text_state": "both_have_text", "valid_mrr_delta_vs_bv1": 0.005377067410536174}, "side=head_prediction|text=missing_text": {"accepted": false, "fallback_alpha": 0.0, "fallback_lambda": 0.25, "fallback_valid_metrics": {"hit1": 0.11428571428571428, "hit10": 0.2912442396313364, "hit3": 0.21013824884792626, "mr": 1258.0672811059908, "mrr": 0.17960460051931665, "query_count": 1085}, "group": "side=head_prediction|text=missing_text", "level": "level2", "lock_missing_text": true, "query_count": 1085, "reason": "missing_text_locked_to_bv1", "selected_alpha": 0.0, "selected_lambda": 0.25, "selected_valid_metrics": {"hit1": 0.11428571428571428, "hit10": 0.2912442396313364, "hit3": 0.21013824884792626, "mr": 1258.0672811059908, "mrr": 0.17960460051931665, "query_count": 1085}, "text_state": "missing_text", "valid_mrr_delta_vs_bv1": 0.0}, "side=tail_prediction|text=both_have_text": {"accepted": true, "fallback_alpha": 0.0, "fallback_lambda": 0.25, "fallback_valid_metrics": {"hit1": 0.38357881541836414, "hit10": 0.6305233469131933, "hit3": 0.5264807270448135, "mr": 328.4822939517393, "mrr": 0.47383126858731484, "query_count": 3191}, "group": "side=tail_prediction|text=both_have_text", "level": "level2", "query_count": 3191, "reason": "accepted", "selected_alpha": 0.3, "selected_lambda": 0.1, "selected_valid_metrics": {"hit1": 0.39204011281729867, "hit10": 0.637731118771545, "hit3": 0.5330617361328737, "mr": 315.6051394547164, "mrr": 0.48128479322814505, "query_count": 3191}, "text_state": "both_have_text", "valid_mrr_delta_vs_bv1": 0.007453524640830211}, "side=tail_prediction|text=missing_text": {"accepted": false, "fallback_alpha": 0.0, "fallback_lambda": 0.25, "fallback_valid_metrics": {"hit1": 0.3493087557603687, "hit10": 0.5990783410138248, "hit3": 0.4949308755760369, "mr": 362.99907834101384, "mrr": 0.4427293075524854, "query_count": 1085}, "group": "side=tail_prediction|text=missing_text", "level": "level2", "lock_missing_text": true, "query_count": 1085, "reason": "missing_text_locked_to_bv1", "selected_alpha": 0.0, "selected_lambda": 0.25, "selected_valid_metrics": {"hit1": 0.3493087557603687, "hit10": 0.5990783410138248, "hit3": 0.4949308755760369, "mr": 362.99907834101384, "mrr": 0.4427293075524854, "query_count": 1085}, "text_state": "missing_text", "valid_mrr_delta_vs_bv1": 0.0}}, "level3": {"text=both_have_text": {"accepted": true, "fallback_alpha": 0.0, "fallback_lambda": 0.25, "fallback_valid_metrics": {"hit1": 0.25242870573487936, "hit10": 0.45205264807270445, "hit3": 0.36634283923534944, "mr": 977.9443748041366, "mrr": 0.3261071959891125, "query_count": 6382}, "group": "text=both_have_text", "level": "level3", "query_count": 6382, "reason": "accepted", "selected_alpha": 0.3, "selected_lambda": 0.1, "selected_valid_metrics": {"hit1": 0.2590097148229395, "hit10": 0.4595738013162018, "hit3": 0.37182701347539954, "mr": 955.6637417737386, "mrr": 0.3324825097476519, "query_count": 6382}, "text_state": "both_have_text", "valid_mrr_delta_vs_bv1": 0.006375313758539447}, "text=missing_text": {"accepted": false, "fallback_alpha": 0.0, "fallback_lambda": 0.25, "fallback_valid_metrics": {"hit1": 0.23179723502304148, "hit10": 0.44516129032258067, "hit3": 0.35253456221198154, "mr": 810.5331797235023, "mrr": 0.311166954035901, "query_count": 2170}, "group": "text=missing_text", "level": "level3", "lock_missing_text": true, "query_count": 2170, "reason": "missing_text_locked_to_bv1", "selected_alpha": 0.0, "selected_lambda": 0.25, "selected_valid_metrics": {"hit1": 0.23179723502304148, "hit10": 0.44516129032258067, "hit3": 0.35253456221198154, "mr": 810.5331797235023, "mrr": 0.311166954035901, "query_count": 2170}, "text_state": "missing_text", "valid_mrr_delta_vs_bv1": 0.0}}}, "hpsac_stats": {"all_levels_accepted_ratio": 0.12716763005780346, "all_levels_accepted_specific_parameter_group_count": 44, "all_levels_fallback_default_group_count": 302, "all_levels_fallback_group_count": 302, "all_levels_fallback_ratio": 0.8728323699421965, "all_levels_specific_parameter_group_count": 44, "all_levels_total_group_count": 346, "effective_level1_policy": {"default_fallback_group_count": 155, "default_fallback_ratio": 0.45588235294117646, "reason_counts": {"accepted": 185, "missing_text_locked_to_bv1": 154, "pareto_safe_rejected": 1}, "resolved_level_counts": {"level1": 42, "level2": 144, "level4": 154}, "specific_parameter_group_count": 185, "specific_parameter_ratio": 0.5441176470588235, "total_group_count": 340}, "fallback_alpha": 0.0, "fallback_lambda": 0.25, "levels": {"level1": {"accepted_ratio": 0.12058823529411765, "accepted_specific_parameter_group_count": 41, "fallback_default_group_count": 299, "fallback_group_count": 299, "fallback_ratio": 0.8794117647058823, "insufficient_validation_queries_group_count": 144, "missing_text_locked_group_count": 154, "missing_text_mrr_below_bv1_group_count": 0, "no_candidate_group_count": 0, "pareto_safe_rejected_group_count": 1, "reason_counts": {"accepted": 41, "insufficient_validation_queries": 144, "missing_text_locked_to_bv1": 154, "pareto_safe_rejected": 1}, "specific_parameter_group_count": 41, "total_group_count": 340}, "level2": {"accepted_ratio": 0.5, "accepted_specific_parameter_group_count": 2, "fallback_default_group_count": 2, "fallback_group_count": 2, "fallback_ratio": 0.5, "insufficient_validation_queries_group_count": 0, "missing_text_locked_group_count": 2, "missing_text_mrr_below_bv1_group_count": 0, "no_candidate_group_count": 0, "pareto_safe_rejected_group_count": 0, "reason_counts": {"accepted": 2, "missing_text_locked_to_bv1": 2}, "specific_parameter_group_count": 2, "total_group_count": 4}, "level3": {"accepted_ratio": 0.5, "accepted_specific_parameter_group_count": 1, "fallback_default_group_count": 1, "fallback_group_count": 1, "fallback_ratio": 0.5, "insufficient_validation_queries_group_count": 0, "missing_text_locked_group_count": 1, "missing_text_mrr_below_bv1_group_count": 0, "no_candidate_group_count": 0, "pareto_safe_rejected_group_count": 0, "reason_counts": {"accepted": 1, "missing_text_locked_to_bv1": 1}, "specific_parameter_group_count": 1, "total_group_count": 2}}, "min_group_queries": 30, "min_group_queries_name": "N_min", "safe_delta": 0.0002, "safe_delta_name": "delta"}, "inject_text_missing_rate": 0.1, "injected_text_count": 1415, "injection_info": {"additional_masked_count": 1415, "available_text_before": 14149, "inject_rate_applied": 0.10000706763728885, "inject_rate_requested": 0.1, "loaded_mask_metadata": {"additional_masked_count": 1415, "available_text_before": 14149, "inject_rate_applied": 0.10000706763728885, "inject_rate_requested": 0.1, "loaded_mask_metadata": {}, "mask_checksum_sha256": "5a2925360da74cdfbdd1bc62c886774394746bba67e2c6d3efda3fea989545b8", "mask_path": null, "mask_scope": "entity_level_shared_across_train_valid_test", "mask_source": "generated", "mask_strategy": "random", "masked_entity_ids_preview": [4, 39, 43, 53, 70, 79, 81, 82, 85, 87, 91, 94, 114, 117, 122, 126, 144, 166, 170, 187], "missingness_unit": "entity", "save_mask_path": "/home/student04/my_data/DHNS-main/masks/mkgw_main_table/MKG-W_random_text10_seed0.pt", "seed": 0}, "mask_checksum_sha256": "5a2925360da74cdfbdd1bc62c886774394746bba67e2c6d3efda3fea989545b8", "mask_path": "/home/student04/my_data/DHNS-main/masks/mkgw_main_table/MKG-W_random_text10_seed0.pt", "mask_scope": "entity_level_shared_across_train_valid_test", "mask_source": "loaded_file", "mask_strategy": "random", "masked_entity_ids_preview": [4, 39, 43, 53, 70, 79, 81, 82, 85, 87, 91, 94, 114, 117, 122, 126, 144, 166, 170, 187], "missingness_unit": "entity", "save_mask_path": null, "seed": 0}, "lambda_grid": [0.1, 0.2, 0.25, 0.3, 0.4], "level1_group_count": 340, "lock_missing_text": true, "min_group_queries": 30, "missing_text_count": 2266, "non_fallback_both_have_text_group_count": 185, "non_fallback_effective_group_count": 185, "relation_count": 169, "retrieval_pool_size": 512, "retrieval_source": "entity_embedding_knn", "retrieval_topk": 5, "runtime_cost": {"eval_wall_time_sec": 671.647582449019}, "safe_delta": 0.0002, "save_text_missing_mask_path": null, "simulate_native_text_missing_rate": 0.0, "simulated_native_text_missing_count": 0, "simulated_native_text_missing_info": null, "test_bv1_overall_metrics": {"count": 8548, "count_type": "query", "hit1": 0.2529246607393542, "hit10": 0.4693495554515676, "hit3": 0.3710809546092653, "mr": 844.8977538605521, "mrr": 0.3314432730580731, "triple_count": 4274}, "test_bv1_subset_metrics": {"head_and_tail_have_text": {"count": 6606, "count_type": "query", "hit1": 0.26233726914925826, "hit10": 0.47789887980623674, "hit3": 0.38116863457462913, "mr": 833.9108386315471, "mrr": 0.340505275253566, "triple_count": 3303}, "head_missing_text": {"count": 1246, "count_type": "query", "hit1": 0.22552166934189405, "hit10": 0.4317817014446228, "hit3": 0.3330658105939005, "mr": 780.7833065810594, "mrr": 0.3002656973746594, "triple_count": 623}, "head_or_tail_both_have_text": {"count": 6606, "count_type": "query", "hit1": 0.26233726914925826, "hit10": 0.47789887980623674, "hit3": 0.38116863457462913, "mr": 833.9108386315471, "mrr": 0.340505275253566, "triple_count": 3303}, "head_or_tail_missing_text": {"count": 1942, "count_type": "query", "hit1": 0.22090628218331618, "hit10": 0.44026776519052524, "hit3": 0.3367662203913491, "mr": 882.2713697219361, "mrr": 0.30061753335497, "triple_count": 971}, "tail_missing_text": {"count": 864, "count_type": "query", "hit1": 0.21875, "hit10": 0.4583333333333333, "hit3": 0.3425925925925926, "mr": 1001.8993055555555, "mrr": 0.30415694221375106, "triple_count": 432}}, "test_delta_vs_bv1": {"head_and_tail_have_text": {"hit1": 0.005298213745080216, "hit10": 0.006206478958522554, "hit3": 0.005146836209506511, "mr": -19.617771722676366, "mrr": 0.005471658974935345}, "head_missing_text": {"hit1": 0.0, "hit10": 0.0, "hit3": 0.0, "mr": 0.0, "mrr": 0.0}, "head_or_tail_missing_text": {"hit1": 0.0, "hit10": 0.0, "hit3": 0.0, "mr": 0.0, "mrr": 0.0}, "overall": {"hit1": 0.004094525035095942, "hit10": 0.004796443612540946, "hit3": 0.0039775386055217465, "mr": -15.160856340664395, "mrr": 0.004228565651429872}, "tail_missing_text": {"hit1": 0.0, "hit10": 0.0, "hit3": 0.0, "mr": 0.0, "mrr": 0.0}}, "test_missing_text_equal_bv1": true, "test_overall_metrics": {"count": 8548, "count_type": "query", "hit1": 0.25701918577445015, "hit10": 0.47414599906410854, "hit3": 0.37505849321478707, "mr": 829.7368975198877, "mrr": 0.33567183870950296, "triple_count": 4274}, "test_policy_counts": {"level1|lambda=0.10|alpha=0.0": 569, "level1|lambda=0.10|alpha=0.1": 1516, "level1|lambda=0.10|alpha=0.2": 953, "level1|lambda=0.10|alpha=0.3": 1501, "level1|lambda=0.25|alpha=0.0": 43, "level1|lambda=0.40|alpha=0.1": 112, "level1|lambda=0.40|alpha=0.2": 111, "level1|lambda=0.40|alpha=0.3": 621, "level2|lambda=0.10|alpha=0.2": 590, "level2|lambda=0.10|alpha=0.3": 590, "level4|lambda=0.25|alpha=0.0": 1942}, "test_subset_metrics": {"head_and_tail_have_text": {"count": 6606, "count_type": "query", "hit1": 0.2676354828943385, "hit10": 0.4841053587647593, "hit3": 0.38631547078413564, "mr": 814.2930669088707, "mrr": 0.34597693422850134, "triple_count": 3303}, "head_missing_text": {"count": 1246, "count_type": "query", "hit1": 0.22552166934189405, "hit10": 0.4317817014446228, "hit3": 0.3330658105939005, "mr": 780.7833065810594, "mrr": 0.3002656973746594, "triple_count": 623}, "head_or_tail_both_have_text": {"count": 6606, "count_type": "query", "hit1": 0.2676354828943385, "hit10": 0.4841053587647593, "hit3": 0.38631547078413564, "mr": 814.2930669088707, "mrr": 0.34597693422850134, "triple_count": 3303}, "head_or_tail_missing_text": {"count": 1942, "count_type": "query", "hit1": 0.22090628218331618, "hit10": 0.44026776519052524, "hit3": 0.3367662203913491, "mr": 882.2713697219361, "mrr": 0.30061753335497, "triple_count": 971}, "tail_missing_text": {"count": 864, "count_type": "query", "hit1": 0.21875, "hit10": 0.4583333333333333, "hit3": 0.3425925925925926, "mr": 1001.8993055555555, "mrr": 0.30415694221375106, "triple_count": 432}}, "text_missing_mask_path": "/home/student04/my_data/DHNS-main/masks/mkgw_main_table/MKG-W_random_text10_seed0.pt", "text_missing_mask_seed": 0, "text_missing_mask_strategy": "random", "validation_bv1_overall_metrics": {"count": 8552, "count_type": "query", "hit1": 0.24719363891487373, "hit10": 0.4503040224508887, "hit3": 0.36283910196445274, "mr": 935.4651543498596, "mrr": 0.3223162318826498, "triple_count": 4276}, "validation_bv1_subset_metrics": {"head_and_tail_have_text": {"count": 6382, "count_type": "query", "hit1": 0.25242870573487936, "hit10": 0.45205264807270445, "hit3": 0.36634283923534944, "mr": 977.9443748041366, "mrr": 0.3261071959891125, "triple_count": 3191}, "head_missing_text": {"count": 1380, "count_type": "query", "hit1": 0.25869565217391305, "hit10": 0.45217391304347826, "hit3": 0.3753623188405797, "mr": 714.1528985507247, "mrr": 0.3327231676639459, "triple_count": 690}, "head_or_tail_both_have_text": {"count": 6382, "count_type": "query", "hit1": 0.25242870573487936, "hit10": 0.45205264807270445, "hit3": 0.36634283923534944, "mr": 977.9443748041366, "mrr": 0.3261071959891125, "triple_count": 3191}, "head_or_tail_missing_text": {"count": 2170, "count_type": "query", "hit1": 0.23179723502304148, "hit10": 0.44516129032258067, "hit3": 0.35253456221198154, "mr": 810.5331797235023, "mrr": 0.311166954035901, "triple_count": 1085}, "tail_missing_text": {"count": 926, "count_type": "query", "hit1": 0.20518358531317496, "hit10": 0.44168466522678185, "hit3": 0.3282937365010799, "mr": 933.1133909287257, "mrr": 0.2899810397060614, "triple_count": 463}}, "validation_delta_vs_bv1": {"head_and_tail_have_text": {"hit1": 0.008774678784080225, "hit10": 0.007677843936070239, "hit3": 0.006737699780632989, "mr": -21.273425258539646, "mrr": 0.007936431382023434}, "head_missing_text": {"hit1": 0.0, "hit10": 0.0, "hit3": 0.0, "mr": 0.0, "mrr": 0.0}, "head_or_tail_missing_text": {"hit1": 0.0, "hit10": 0.0, "hit3": 0.0, "mr": 0.0, "mrr": 0.0}, "overall": {"hit1": 0.006548175865294659, "hit10": 0.0057296538821328125, "hit3": 0.0050280636108512855, "mr": -15.875467726847432, "mrr": 0.005922626880270454}, "tail_missing_text": {"hit1": 0.0, "hit10": 0.0, "hit3": 0.0, "mr": 0.0, "mrr": 0.0}}, "validation_missing_text_equal_bv1": true, "validation_overall_metrics": {"count": 8552, "count_type": "query", "hit1": 0.2537418147801684, "hit10": 0.4560336763330215, "hit3": 0.367867165575304, "mr": 919.5896866230122, "mrr": 0.32823885876292025, "triple_count": 4276}, "validation_policy_counts": {"level1|lambda=0.10|alpha=0.0": 565, "level1|lambda=0.10|alpha=0.1": 1456, "level1|lambda=0.10|alpha=0.2": 981, "level1|lambda=0.10|alpha=0.3": 1481, "level1|lambda=0.25|alpha=0.0": 61, "level1|lambda=0.40|alpha=0.1": 100, "level1|lambda=0.40|alpha=0.2": 100, "level1|lambda=0.40|alpha=0.3": 570, "level2|lambda=0.10|alpha=0.2": 534, "level2|lambda=0.10|alpha=0.3": 534, "level4|lambda=0.25|alpha=0.0": 2170}, "validation_subset_metrics": {"head_and_tail_have_text": {"count": 6382, "count_type": "query", "hit1": 0.2612033845189596, "hit10": 0.4597304920087747, "hit3": 0.3730805390159824, "mr": 956.670949545597, "mrr": 0.3340436273711359, "triple_count": 3191}, "head_missing_text": {"count": 1380, "count_type": "query", "hit1": 0.25869565217391305, "hit10": 0.45217391304347826, "hit3": 0.3753623188405797, "mr": 714.1528985507247, "mrr": 0.3327231676639459, "triple_count": 690}, "head_or_tail_both_have_text": {"count": 6382, "count_type": "query", "hit1": 0.2612033845189596, "hit10": 0.4597304920087747, "hit3": 0.3730805390159824, "mr": 956.670949545597, "mrr": 0.3340436273711359, "triple_count": 3191}, "head_or_tail_missing_text": {"count": 2170, "count_type": "query", "hit1": 0.23179723502304148, "hit10": 0.44516129032258067, "hit3": 0.35253456221198154, "mr": 810.5331797235023, "mrr": 0.311166954035901, "triple_count": 1085}, "tail_missing_text": {"count": 926, "count_type": "query", "hit1": 0.20518358531317496, "hit10": 0.44168466522678185, "hit3": 0.3282937365010799, "mr": 933.1133909287257, "mrr": 0.2899810397060614, "triple_count": 463}}}
